Workbook
Name _25_de_agosto: 'RESUMEN TOTAL'!$A$7:$D$474
Name _25_de_agosto_3: 'RESUMEN TOTAL'!$A$7:$D$486
Name _30_mar: #REF!
Name BONOMOcam: Hoja1!$B$2
Name CANTIDAD_DE_CAMARAS: 'RESUMEN TOTAL'!$B$1
Name COSEIDIcam: Hoja1!$B$4

Sheet RESUMEN TOTAL
A1: CANTIDAD DE CAMARAS | B1: =COUNTA(B8:B716) -> 555 | D1: PORCIENTO DE CAIDAS | M1: =(M3)/(M2+M3) -> 0 | N1: =(N3)/(N2+N3) -> 0 | O1: =(O3)/(O2+O3) -> 0 | P1: =(P3)/(P2+P3) -> 0 | Q1: =(Q3)/(Q2+Q3) -> 0 | R1: =(R3)/(R2+R3) -> 0 | S1: =(S3)/(S2+S3) -> 0 | T1: =(T3)/(T2+T3) -> 0 | ... Y1: =(Y3)/(Y2+Y3) -> 0 | AA1: =(AA3)/(AA2+AA3) -> 0 | AB1: =(AB3)/(AB2+AB3) -> 0 | AC1: =(AC3)/(AC2+AC3) -> 0 | AD1: =(AD3)/(AD2+AD3) -> 0 | AE1: =(AE3)/(AE2+AE3) -> 0 | AF1: =(AF3)/(AF2+AF3) -> 0 | AG1: =(AG3)/(AG2+AG3) -> 0 | AH1: =(AH3)/(AH2+AH3) -> 0 | ... AP1: =(AP3)/(AP2+AP3) -> 0
D2: FUNCIONAN | M2: =CANTIDAD_DE_CAMARAS -> 555 | N2: =CANTIDAD_DE_CAMARAS -> 555 | O2: =CANTIDAD_DE_CAMARAS -> 555 | P2: =CANTIDAD_DE_CAMARAS -> 555 | Q2: =CANTIDAD_DE_CAMARAS -> 555 | R2: =CANTIDAD_DE_CAMARAS -> 555 | S2: =CANTIDAD_DE_CAMARAS -> 555 | T2: =CANTIDAD_DE_CAMARAS -> 555 | ... AP2: =CANTIDAD_DE_CAMARAS -> 555
D3: CAIDAS | M3: =COUNTIF(M7:M716, "apagado") -> 0 | N3: =COUNTIF(N7:N716, "apagado") -> 0 | O3: =COUNTIF(O7:O716, "apagado") -> 0 | P3: =COUNTIF(P7:P716, "apagado") -> 0 | Q3: =COUNTIF(Q7:Q716, "apagado") -> 0 | R3: =COUNTIF(R7:R716, "apagado") -> 0 | S3: =COUNTIF(S7:S716, "apagado") -> 0 | T3: =COUNTIF(T7:T716, "apagado") -> 0 | ... AP3: =COUNTIF(AP7:AP716, "apagado") -> 0
D4: APAGADOS FIBRA | M4: =COUNTIFS(M8:M670, "=APAGADO",F8:F670,"=Fibra Optica") -> 0 | N4: =COUNTIFS(N8:N670, "=APAGADO",F8:F670,"=Fibra Optica") -> 0 | O4: =COUNTIFS(O8:O670, "=APAGADO",F8:F670,"=Fibra Optica") -> 0 | P4: =COUNTIFS(P8:P670, "=APAGADO",F8:F670,"=Fibra Optica") -> 0 | Q4: =COUNTIFS(Q8:Q670, "=APAGADO",F8:F670,"=Fibra Optica") -> 0 | R4: =COUNTIFS(R8:R670, "=APAGADO",F8:F670,"=Fibra Optica") -> 0 | S4: =COUNTIFS(S8:S670, "=APAGADO",F8:F670,"=Fibra Optica") -> 0 | T4: =COUNTIFS(T8:T670, "=APAGADO",F8:F670,"=Fibra Optica") -> 0 | U4: =COUNTIFS(U8:U670, "=APAGADO",F8:F670,"=Fibra Optica") -> 0 | V4: =COUNTIFS(V8:V670, "=APAGADO",F8:F670,"=Fibra Optica") -> 0 | W4: =COUNTIFS(W8:W670, "=APAGADO",F8:F670,"=Fibra Optica") -> 0 | X4: =COUNTIFS(X8:X670, "=APAGADO",F8:F670,"=Fibra Optica") -> 0 | Y4: =COUNTIFS(Y8:Y670, "=APAGADO",F8:F670,"=Fibra Optica") -> 0 | Z4: =COUNTIFS(Z8:Z670, "=APAGADO",F8:F670,"=Fibra Optica") -> 0 | AA4: =COUNTIFS(AA8:AA670, "=APAGADO",F8:F670,"=Fibra Optica") -> 0 | AB4: =COUNTIFS(AB8:AB670, "=APAGADO",F8:F670,"=Fibra Optica") -> 0 | AC4: =COUNTIFS(AC8:AC670, "=APAGADO",F8:F670,"=Fibra Optica") -> 0 | AD4: =COUNTIFS(AD8:AD670, "=APAGADO",F8:F670,"=Fibra Optica") -> 0 | AE4: =COUNTIFS(AE8:AE670, "=APAGADO",F8:F670,"=Fibra Optica") -> 0 | AF4: =COUNTIFS(AF8:AF670, "=APAGADO",F8:F670,"=Fibra Optica") -> 0 | AG4: =COUNTIFS(AG8:AG670, "=APAGADO",F8:F670,"=Fibra Optica") -> 0 | AH4: =COUNTIFS(AH8:AH670, "=APAGADO",F8:F670,"=Fibra Optica") -> 0 | AI4: =COUNTIFS(AI8:AI670, "=APAGADO",F8:F670,"=Fibra Optica") -> 0 | AJ4: =COUNTIFS(AJ8:AJ670, "=APAGADO",F8:F670,"=Fibra Optica") -> 0 | AK4: =COUNTIFS(AK8:AK670, "=APAGADO",F8:F670,"=Fibra Optica") -> 0 | AL4: =COUNTIFS(AL8:AL670, "=APAGADO",F8:F670,"=Fibra Optica") -> 0 | AM4: =COUNTIFS(AM8:AM670, "=APAGADO",F8:F670,"=Fibra Optica") -> 0 | AN4: =COUNTIFS(AN8:AN670, "=APAGADO",F8:F670,"=Fibra Optica") -> 0 | AO4: =COUNTIFS(AO8:AO670, "=APAGADO",F8:F670,"=Fibra Optica") -> 0 | AP4: =COUNTIFS(AP8:AP670, "=APAGADO",F8:F670,"=Fibra Optica") -> 0
D5: APAGADOS RADIO | M5: =COUNTIFS(M8:M670, "=APAGADO",F8:F670,"=RADIO") -> 0 | N5: =COUNTIFS(N8:N670, "=APAGADO",F8:F670,"=RADIO") -> 0 | O5: =COUNTIFS(O8:O670, "=APAGADO",F8:F670,"=RADIO") -> 0 | P5: =COUNTIFS(P8:P670, "=APAGADO",F8:F670,"=RADIO") -> 0 | Q5: =COUNTIFS(Q8:Q670, "=APAGADO",F8:F670,"=RADIO") -> 0 | R5: =COUNTIFS(R8:R670, "=APAGADO",F8:F670,"=RADIO") -> 0 | S5: =COUNTIFS(S8:S670, "=APAGADO",F8:F670,"=RADIO") -> 0 | T5: =COUNTIFS(T8:T670, "=APAGADO",F8:F670,"=RADIO") -> 0 | U5: =COUNTIFS(U8:U670, "=APAGADO",F8:F670,"=RADIO") -> 0 | V5: =COUNTIFS(V8:V670, "=APAGADO",F8:F670,"=RADIO") -> 0 | W5: =COUNTIFS(W8:W670, "=APAGADO",F8:F670,"=RADIO") -> 0 | X5: =COUNTIFS(X8:X670, "=APAGADO",F8:F670,"=RADIO") -> 0 | Y5: =COUNTIFS(Y8:Y670, "=APAGADO",F8:F670,"=RADIO") -> 0 | Z5: =COUNTIFS(Z8:Z670, "=APAGADO",F8:F670,"=RADIO") -> 0 | AA5: =COUNTIFS(AA8:AA670, "=APAGADO",F8:F670,"=RADIO") -> 0 | AB5: =COUNTIFS(AB8:AB670, "=APAGADO",F8:F670,"=RADIO") -> 0 | AC5: =COUNTIFS(AC8:AC670, "=APAGADO",F8:F670,"=RADIO") -> 0 | AD5: =COUNTIFS(AD8:AD670, "=APAGADO",F8:F670,"=RADIO") -> 0 | AE5: =COUNTIFS(AE8:AE670, "=APAGADO",F8:F670,"=RADIO") -> 0 | AF5: =COUNTIFS(AF8:AF670, "=APAGADO",F8:F670,"=RADIO") -> 0 | AG5: =COUNTIFS(AG8:AG670, "=APAGADO",F8:F670,"=RADIO") -> 0 | AH5: =COUNTIFS(AH8:AH670, "=APAGADO",F8:F670,"=RADIO") -> 0 | AI5: =COUNTIFS(AI8:AI670, "=APAGADO",F8:F670,"=RADIO") -> 0 | AJ5: =COUNTIFS(AJ8:AJ670, "=APAGADO",F8:F670,"=RADIO") -> 0 | AK5: =COUNTIFS(AK8:AK670, "=APAGADO",F8:F670,"=RADIO") -> 0 | AL5: =COUNTIFS(AL8:AL670, "=APAGADO",F8:F670,"=RADIO") -> 0 | AM5: =COUNTIFS(AM8:AM670, "=APAGADO",F8:F670,"=RADIO") -> 0 | AN5: =COUNTIFS(AN8:AN670, "=APAGADO",F8:F670,"=RADIO") -> 0 | AO5: =COUNTIFS(AO8:AO670, "=APAGADO",F8:F670,"=RADIO") -> 0 | AP5: =COUNTIFS(AP8:AP670, "=APAGADO",F8:F670,"=RADIO") -> 0
D6: APAGADOS ANTENA | M6: =COUNTIFS(M8:M670, "=APAGADO",F8:F670,"=PTO A FO") -> 0 | N6: =COUNTIFS(N8:N670, "=APAGADO",F8:F670,"=PTO A FO") -> 0 | O6: =COUNTIFS(O8:O670, "=APAGADO",F8:F670,"=PTO A FO") -> 0 | P6: =COUNTIFS(P8:P670, "=APAGADO",F8:F670,"=PTO A FO") -> 0 | Q6: =COUNTIFS(Q8:Q670, "=APAGADO",F8:F670,"=PTO A FO") -> 0 | R6: =COUNTIFS(R8:R670, "=APAGADO",F8:F670,"=PTO A FO") -> 0 | S6: =COUNTIFS(S8:S670, "=APAGADO",F8:F670,"=PTO A FO") -> 0 | T6: =COUNTIFS(T8:T670, "=APAGADO",F8:F670,"=PTO A FO") -> 0 | U6: =COUNTIFS(U8:U670, "=APAGADO",F8:F670,"=PTO A FO") -> 0 | V6: =COUNTIFS(V8:V670, "=APAGADO",F8:F670,"=PTO A FO") -> 0 | W6: =COUNTIFS(W8:W670, "=APAGADO",F8:F670,"=PTO A FO") -> 0 | X6: =COUNTIFS(X8:X670, "=APAGADO",F8:F670,"=PTO A FO") -> 0 | Y6: =COUNTIFS(Y8:Y670, "=APAGADO",F8:F670,"=PTO A FO") -> 0 | Z6: =COUNTIFS(Z8:Z670, "=APAGADO",F8:F670,"=PTO A FO") -> 0 | AA6: =COUNTIFS(AA8:AA670, "=APAGADO",F8:F670,"=PTO A FO") -> 0 | AB6: =COUNTIFS(AB8:AB670, "=APAGADO",F8:F670,"=PTO A FO") -> 0 | AC6: =COUNTIFS(AC8:AC670, "=APAGADO",F8:F670,"=PTO A FO") -> 0 | AD6: =COUNTIFS(AD8:AD670, "=APAGADO",F8:F670,"=PTO A FO") -> 0 | AE6: =COUNTIFS(AE8:AE670, "=APAGADO",F8:F670,"=PTO A FO") -> 0 | AF6: =COUNTIFS(AF8:AF670, "=APAGADO",F8:F670,"=PTO A FO") -> 0 | AG6: =COUNTIFS(AG8:AG670, "=APAGADO",F8:F670,"=PTO A FO") -> 0 | AH6: =COUNTIFS(AH8:AH670, "=APAGADO",F8:F670,"=PTO A FO") -> 0 | AI6: =COUNTIFS(AI8:AI670, "=APAGADO",F8:F670,"=PTO A FO") -> 0 | AJ6: =COUNTIFS(AJ8:AJ670, "=APAGADO",F8:F670,"=PTO A FO") -> 0 | AK6: =COUNTIFS(AK8:AK670, "=APAGADO",F8:F670,"=PTO A FO") -> 0 | AL6: =COUNTIFS(AL8:AL670, "=APAGADO",F8:F670,"=PTO A FO") -> 0 | AM6: =COUNTIFS(AM8:AM670, "=APAGADO",F8:F670,"=PTO A FO") -> 0 | AN6: =COUNTIFS(AN8:AN670, "=APAGADO",F8:F670,"=PTO A FO") -> 0 | AO6: =COUNTIFS(AO8:AO670, "=APAGADO",F8:F670,"=PTO A FO") -> 0 | AP6: =COUNTIFS(AP8:AP670, "=APAGADO",F8:F670,"=PTO A FO") -> 0
A7: Barrio | B7: [Denominacion] | C7: [Empresa Mantenimiento] | D7: [Ubicacion] | E7: [Tipo de Camara] | F7: [Tipo de Conexion] | G7: Destino | I7: DIAS FUNCIONANDO | J7: MAC | K7: DIAS CAIDA | L7: EFECTIVIDAD | M7: 45962 | N7: 45963 | O7: 45964 | P7: 45965 | Q7: 45966 | R7: 45967 | S7: 45968 | T7: 45969 | U7: 45970 | V7: 45971 | W7: 45972 | X7: 45973 | Y7: 45974 | Z7: 45975 | AA7: 45976 | AB7: 45977 | AC7: 45978 | AD7: 45979 | AE7: 45980 | AF7: 45981 | AG7: 45982 | AH7: 45983 | AI7: 45984 | AJ7: 45985 | AK7: 45986 | AL7: 45987 | AM7: 45988 | AN7: 45989 | AO7: 45990 | AP7: 45991
A8: ALTAMIRA | B8: ALT01 | C8: BONOMO | D8: Calchaqui y Sgto. Cabral | E8: Domo | F8: Fibra Optica | H8: 172.20.10.6 | I8: =COUNTIF(M8:AN8,"") -> 28 | J8: 00-07-5F-87-83-56 | K8: =COUNTIF(M8:AN8,"APAGADO") -> 0 | L8: =(I8)/(K8+I8) -> 1
A9: ALTAMIRA | B9: ALT02 | C9: BONOMO | D9: Calchaqui y Lope de Vega | E9: Domo | F9: PTO A FO | G9: CABRAL Y CALCHAQUI | H9: 172.20.12.218 | I9: =COUNTIF(M9:AN9,"") -> 28 | J9: 00-04-63-50-42-A4 | K9: =COUNTIF(M9:AN9,"APAGADO") -> 0 | L9: =(I9)/(K9+I9) -> 1
A10: ALTAMIRA | B10: ALT 03 | C10: BONOMO | D10: Bombero Galarza y Necochea | E10: Domo | F10: GPON | H10: 172.20.12.54 | I10: =COUNTIF(M10:AN10,"") -> 28 | J10: 00-07-5F-87-9D-EF | K10: =COUNTIF(M10:AN10,"APAGADO") -> 0 | L10: =(I10)/(K10+I10) -> 1
A11: ALTAMIRA | B11: ALT 04 | C11: BONOMO | D11: Francia y Necochea | E11: Domo | F11: GPON | H11: 172.20.12.55 | I11: =COUNTIF(M11:AN11,"") -> 28 | J11: 00-04-63-59-22-57 | K11: =COUNTIF(M11:AN11,"APAGADO") -> 0 | L11: =(I11)/(K11+I11) -> 1
A12: ALTAMIRA | B12: ALT05 | C12: BONOMO | D12: Av. Calchaqui y Bombero Galarza | E12: Domo | F12: GPON | G12: NECOCHEA Y GALARZA | H12: 172.20.12.216 | I12: =COUNTIF(M12:AN12,"") -> 28 | J12: 00-07-5F-77-02-85 | K12: =COUNTIF(M12:AN12,"APAGADO") -> 0 | L12: =(I12)/(K12+I12) -> 1
A13: ALTAMIRA | B13: ALT 06 | C13: BONOMO | D13: LOPE DE VEGA Y NECOCHEA | E13: Domo | F13: GPON | G13: NECOCHEA Y GALARZA | H13: 172.20.12.12 | I13: =COUNTIF(M13:AN13,"") -> 28 | J13: 00-04-63-4F-DD-DB | K13: =COUNTIF(M13:AN13,"APAGADO") -> 0 | L13: =(I13)/(K13+I13) -> 1
A14: ALTAMIRA | B14: ALT07 | C14: BONOMO | D14: AV. CALCHAQUI Y AV. DEL TRABAJO | E14: DOMO | F14: PTO A FO | G14: CABRAL Y CALCHAQUI | H14: 172.20.10.57 | I14: =COUNTIF(M14:AN14,"") -> 28 | J14: 00-04-63-4F-DE-CA | K14: =COUNTIF(M14:AN14,"APAGADO") -> 0 | L14: =(I14)/(K14+I14) -> 1
A15: ALTAMIRA | B15: ALT 08 | C15: BONOMO | D15: HUMAITA Y NECOCHEA | E15: DOMO | F15: Fibra Optica | H15: 172.20.11.215 | I15: =COUNTIF(M15:AN15,"") -> 28 | J15: 00-07-5F-BE-59-2D | K15: =COUNTIF(M15:AN15,"APAGADO") -> 0 | L15: =(I15)/(K15+I15) -> 1
A16: ALTAMIRA | B16: ALT 09 | C16: BONOMO | D16: NECOCHEA Y CURUPAITY | E16: DOMO | F16: Fibra Optica | H16: 172.20.11.216 | I16: =COUNTIF(M16:AN16,"") -> 28 | J16: 00-07-5F-BE-59-27 | K16: =COUNTIF(M16:AN16,"APAGADO") -> 0 | L16: =(I16)/(K16+I16) -> 1
A17: ALTAMIRA | B17: ALT 10 | C17: BONOMO | D17: Calchaqui y Francia | E17: Domo | F17: GPON | H17: 172.20.12.156 | I17: =COUNTIF(M17:AN17,"") -> 28 | J17: 00-07-5F-AB-BB-41 | K17: =COUNTIF(M17:AN17,"APAGADO") -> 0 | L17: =(I17)/(K17+I17) -> 1
A18: ALTAMIRA | B18: ALT 11 | C18: BONOMO | D18: CALCHAQUÍ Y GALARZA FIJA | E18: Fija | F18: GPON | H18: 172.20.12.241 | I18: =COUNTIF(M18:AN18,"") -> 28 | J18: 3c-1b-f8-df-95-58 | K18: =COUNTIF(M18:AN18,"APAGADO") -> 0 | L18: =(I18)/(K18+I18) -> 1
A19: AGUSTIN RAMIREZ | B19: ARA 01 | C19: BONOMO | D19: Malambo y Tranquera | E19: Domo | F19: Fibra Optica | H19: 172.20.12.110 | I19: =COUNTIF(M19:AN19,"") -> 28 | J19: 00-04-63-4F-DB-B6 | K19: =COUNTIF(M19:AN19,"APAGADO") -> 0 | L19: =(I19)/(K19+I19) -> 1
A20: AGUSTIN RAMIREZ | B20: ARA 02 | C20: BONOMO | D20: El malambo y La Tranquera | E20: Fija | F20: GPON | H20: 172.20.12.235 | I20: =COUNTIF(M20:AN20,"") -> 28 | J20: C0:6D:ED:A3:E6:63 | K20: =COUNTIF(M20:AN20,"APAGADO") -> 0 | L20: =(I20)/(K20+I20) -> 1
A21: AGUSTIN RAMIREZ | B21: ARA 03 | C21: BONOMO | D21: 437 Y La Tranquera | E21: Fija | F21: GPON | H21: 172.20.10.232 | I21: =COUNTIF(M21:AN21,"") -> 28 | J21: C0:6D:ED:A3:66:6A | K21: =COUNTIF(M21:AN21,"APAGADO") -> 0 | L21: =(I21)/(K21+I21) -> 1
A22: BELGRANO | B22: BEL 01 | C22: BONOMO | D22: San Martin y Dardo Rocha | E22: DOMO | F22: Fibra Optica | H22: 172.20.12.64 | I22: =COUNTIF(M22:AN22,"") -> 28 | J22: 00-07-5F-81-B9-E9 | K22: =COUNTIF(M22:AN22,"APAGADO") -> 0 | L22: =(I22)/(K22+I22) -> 1
A23: BELGRANO | B23: BEL 02 | C23: BONOMO | D23: Guardia vieja y Fronteriz | E23: DOMO | F23: Fibra Optica | H23: 172.20.10.117 | I23: =COUNTIF(M23:AN23,"") -> 28 | J23: E4-30-22-4F-9E-62 | K23: =COUNTIF(M23:AN23,"APAGADO") -> 0 | L23: =(I23)/(K23+I23) -> 1
A24: BOSQUES CENTRO | B24: BOSQC 01 | C24: COSEIDI | D24: LUIS AGOTE E/DANUNCIO Y CAMPOAMOR | E24: Fija | F24: PTO A FO | H24: 172.20.11.15 | I24: =COUNTIF(M24:AN24,"") -> 28 | J24: 00-07-5F-B7-56-89 | K24: =COUNTIF(M24:AN24,"APAGADO") -> 0 | L24: =(I24)/(K24+I24) -> 1
A25: BOSQUES CENTRO | B25: BOSQC 02 | C25: COSEIDI | D25: LUIS AGOTE E/DANUNCIO Y CAMPOAMOR | E25: Fija | F25: PTO A FO | H25: 172.20.11.16 | I25: =COUNTIF(M25:AN25,"") -> 28 | J25: 00-07-5F-B4-17-A8 | K25: =COUNTIF(M25:AN25,"APAGADO") -> 0 | L25: =(I25)/(K25+I25) -> 1
A26: BOSQUES CENTRO | B26: BOSQC 03 | C26: COSEIDI | D26: BENAVENTE Y LUIS AGOTE | E26: Fija | F26: PTO A FO | H26: 172.20.11.13 | I26: =COUNTIF(M26:AN26,"") -> 28 | J26: 00-07-5F-B6-B8-A5 | K26: =COUNTIF(M26:AN26,"APAGADO") -> 0 | L26: =(I26)/(K26+I26) -> 1
... A48: CENTRO | B48: CEN 05 | C48: BONOMO | D48: Bocuzzi e/España y San Martin | E48: DOMO | F48: Fibra Optica | H48: 172.20.10.200 | I48: =COUNTIF(M48:AN48,"") -> 28 | J48: 00-07-5F-81-9C-7F | K48: =COUNTIF(M48:AN48,"APAGADO") -> 0 | L48: =(I48)/(K48+I48) -> 1
A49: CENTRO | B49: CEN06 | C49: BONOMO | D49: Monteagudo y A.del Valle | E49: Fija | F49: Fibra Optica | H49: 172.20.10.02 | I49: =COUNTIF(M49:AN49,"") -> 28 | K49: =COUNTIF(M49:AN49,"APAGADO") -> 0 | L49: =(I49)/(K49+I49) -> 1
A50: CENTRO | B50: CEN07 | C50: BONOMO | D50: San Martin y Guemes | E50: DOMO | F50: Fibra Optica | H50: 172.20.11.20 | I50: =COUNTIF(M50:AN50,"") -> 28 | J50: 00-07-5F-77-25-57 | K50: =COUNTIF(M50:AN50,"APAGADO") -> 0 | L50: =(I50)/(K50+I50) -> 1
A51: CENTRO | B51: CEN08 | C51: BONOMO | D51: San Martin y Pte.Peron | E51: Domo | F51: Fibra Optica | H51: 172.20.11.21 | I51: =COUNTIF(M51:AN51,"") -> 28 | J51: 00-07-5F-7A-71-56 | K51: =COUNTIF(M51:AN51,"APAGADO") -> 0 | L51: =(I51)/(K51+I51) -> 1
A52: CENTRO | B52: CEN09 | C52: BONOMO | D52: Chacabuco y 25 de Mayo | E52: Domo | F52: Fibra Optica | H52: 172.20.11.22 | I52: =COUNTIF(M52:AN52,"") -> 28 | J52: 00-07-5F-76-FB-07 | K52: =COUNTIF(M52:AN52,"APAGADO") -> 0 | L52: =(I52)/(K52+I52) -> 1
A53: CENTRO | B53: CEN10 | C53: BONOMO | D53: Monteagudo y Pte. Peron | E53: Domo | F53: Fibra Optica | H53: 172.20.11.23 | I53: =COUNTIF(M53:AN53,"") -> 28 | J53: 00-07-5F-76-FC-7B | K53: =COUNTIF(M53:AN53,"APAGADO") -> 0 | L53: =(I53)/(K53+I53) -> 1
A54: CENTRO | B54: CEN11 | C54: BONOMO | D54: Monteagudo y Bocuzzi | E54: Domo | F54: Fibra Optica | H54: 172.20.10.24 | I54: =COUNTIF(M54:AN54,"") -> 28 | J54: 00-07-5F-77-26-89 | K54: =COUNTIF(M54:AN54,"APAGADO") -> 0 | L54: =(I54)/(K54+I54) -> 1
A55: CENTRO | B55: CEN 12 | C55: BONOMO | D55: Monteagudo y Mitre | E55: Domo | F55: Fibra Optica | H55: 172.20.10.23 | I55: =COUNTIF(M55:AN55,"") -> 28 | J55: 00-07-5F-75-24-A1 | K55: =COUNTIF(M55:AN55,"APAGADO") -> 0 | L55: =(I55)/(K55+I55) -> 1
A56: CENTRO | B56: CEN 13 | C56: BONOMO | D56: 25 de Mayo y Maipu | E56: DOMO | F56: GPON | H56: 172.20.10.20 | I56: =COUNTIF(M56:AN56,"") -> 28 | J56: 00-07-5F-77-2B-1B | K56: =COUNTIF(M56:AN56,"APAGADO") -> 0 | L56: =(I56)/(K56+I56) -> 1
A57: CENTRO | B57: CEN14 | C57: BONOMO | D57: Pte.Peron e/Pringles y Brown | E57: Domo | F57: Fibra Optica | H57: 172.20.10.21 | I57: =COUNTIF(M57:AN57,"") -> 28 | J57: 00-04-63-50-44-82 | K57: =COUNTIF(M57:AN57,"APAGADO") -> 0 | L57: =(I57)/(K57+I57) -> 1
A58: CENTRO | B58: CEN15 | C58: BONOMO | D58: Alberdi y A.del Valle | E58: Domo | F58: GPON | H58: 172.20.10.35 | I58: =COUNTIF(M58:AN58,"") -> 28 | J58: 00-07-5F-75-23-66 | K58: =COUNTIF(M58:AN58,"APAGADO") -> 0 | L58: =(I58)/(K58+I58) -> 1
A59: CENTRO | B59: CEN16 | C59: BONOMO | D59: San Martin y Pte. Peron | E59: Fija | F59: Fibra Optica | H59: 172.20.12.36 | I59: =COUNTIF(M59:AN59,"") -> 28 | J59: 00-07-5F-95-ED-8E | K59: =COUNTIF(M59:AN59,"APAGADO") -> 0 | L59: =(I59)/(K59+I59) -> 1
A60: CENTRO | B60: CEN17 | C60: BONOMO | D60: San Martin y Mitre | E60: Domo | F60: PTO A FO | G60: SAN MARTIN Y SALLARES | H60: 172.20.12.200 | I60: =COUNTIF(M60:AN60,"") -> 28 | J60: 00-04-63-5A-E0-93 | K60: =COUNTIF(M60:AN60,"APAGADO") -> 0 | L60: =(I60)/(K60+I60) -> 1
A61: CENTRO | B61: CEN18 | C61: BONOMO | D61: Monteagudo e/Mitre y Sallares | E61: Fija | F61: Fibra Optica | H61: 172.20.10.26 | I61: =COUNTIF(M61:AN61,"") -> 28 | J61: 00-04-63-32-84-B7 | K61: =COUNTIF(M61:AN61,"APAGADO") -> 0 | L61: =(I61)/(K61+I61) -> 1
A62: CENTRO | B62: CEN19 | C62: BONOMO | D62: Chacabuco y 25 de Mayo | E62: Fija | F62: Fibra Optica | H62: 172.20.10.27 | I62: =COUNTIF(M62:AN62,"") -> 28 | J62: 00-07-5F-8B-45-70 | K62: =COUNTIF(M62:AN62,"APAGADO") -> 0 | L62: =(I62)/(K62+I62) -> 1
A63: LOMAS DE MONTEVERDE | B63: CEN20 | C63: BONOMO | D63: Pte. Illia y Las Heras | E63: Domo | F63: GPON | H63: 172.20.10.33 | I63: =COUNTIF(M63:AN63,"") -> 28 | J63: 00-04-63-32-A4-95 | K63: =COUNTIF(M63:AN63,"APAGADO") -> 0 | L63: =(I63)/(K63+I63) -> 1
A64: CENTRO | B64: CEN21 | C64: BONOMO | D64: Misiones y Urquiza | E64: Fija | F64: GPON | H64: 172.20.200.132 | I64: =COUNTIF(M64:AN64,"") -> 28 | K64: =COUNTIF(M64:AN64,"APAGADO") -> 0 | L64: =(I64)/(K64+I64) -> 1
A65: CENTRO | B65: CEN22 | C65: BONOMO | D65: Las Heras y Chacabuco | E65: Domo | F65: GPON | H65: 172.20.10.163 | I65: =COUNTIF(M65:AN65,"") -> 28 | J65: 00-07-5F-9B-B3-BC | K65: =COUNTIF(M65:AN65,"APAGADO") -> 0 | L65: =(I65)/(K65+I65) -> 1
A66: CENTRO | B66: CEN23 | C66: BONOMO | D66: Sallares y Monteagudo | E66: Domo | F66: Fibra Optica | H66: 172.20.12.05 | I66: =COUNTIF(M66:AN66,"") -> 28 | J66: 00-07-5F-77-2C-D8 | K66: =COUNTIF(M66:AN66,"APAGADO") -> 0 | L66: =(I66)/(K66+I66) -> 1
A67: CENTRO | B67: CEN24 | C67: BONOMO | D67: Sallares y España | E67: Domo | F67: Fibra Optica | H67: 172.20.11.04 | I67: =COUNTIF(M67:AN67,"") -> 28 | J67: 00-07-5F-76-F9-FD | K67: =COUNTIF(M67:AN67,"APAGADO") -> 0 | L67: =(I67)/(K67+I67) -> 1
A68: CENTRO | B68: CEN25 | C68: BONOMO | D68: SAN MARTIN Y 9 DE JULIO | E68: Domo | F68: Fibra Optica | H68: 172.20.12.02 | I68: =COUNTIF(M68:AN68,"") -> 28 | J68: 00-04-63-4F-C6-19 | K68: =COUNTIF(M68:AN68,"APAGADO") -> 0 | L68: =(I68)/(K68+I68) -> 1
A69: CENTRO | B69: CEN26 | C69: BONOMO | D69: Mitre y España | E69: Domo | F69: Fibra Optica | H69: 172.20.11.38 | I69: =COUNTIF(M69:AN69,"") -> 28 | J69: 00-07-5F-B7-8E-AF | K69: =COUNTIF(M69:AN69,"APAGADO") -> 0 | L69: =(I69)/(K69+I69) -> 1
A70: CENTRO | B70: CEN27 | C70: BONOMO | D70: San Juan y España | E70: Domo | F70: Fibra Optica | H70: 172.20.12.37 | I70: =COUNTIF(M70:AN70,"") -> 28 | J70: 00-04-63-50-5A-EE | K70: =COUNTIF(M70:AN70,"APAGADO") -> 0 | L70: =(I70)/(K70+I70) -> 1
A71: CENTRO | B71: CEN28 | C71: BONOMO | D71: Mitre y Alberdi | E71: Domo | F71: Fibra Optica | H71: 172.20.12.38 | I71: =COUNTIF(M71:AN71,"") -> 28 | J71: 00-04-63-4F-C3-25 | K71: =COUNTIF(M71:AN71,"APAGADO") -> 0 | L71: =(I71)/(K71+I71) -> 1
A72: CENTRO | B72: CEN29 | C72: BONOMO | D72: Alberdi y San Juan | E72: Domo | F72: Fibra Optica | H72: 172.20.12.40 | I72: =COUNTIF(M72:AN72,"") -> 28 | J72: 00-04-63-4F-C5-D7 | K72: =COUNTIF(M72:AN72,"APAGADO") -> 0 | L72: =(I72)/(K72+I72) -> 1
A73: CENTRO | B73: CEN30 | C73: BONOMO | D73: Mitre y Pringles | E73: Domo | F73: Fibra Optica | H73: 172.20.12.39 | I73: =COUNTIF(M73:AN73,"") -> 28 | J73: 00-04-63-50-55-A3 | K73: =COUNTIF(M73:AN73,"APAGADO") -> 0 | L73: =(I73)/(K73+I73) -> 1
A74: CENTRO | B74: CEN31 | C74: BONOMO | D74: Mitre e/Monteagudo y Alberdi | E74: Domo | F74: Fibra Optica | H74: 172.20.12.41 | I74: =COUNTIF(M74:AN74,"") -> 28 | J74: 00-04-63-4F-CC-7B | K74: =COUNTIF(M74:AN74,"APAGADO") -> 0 | L74: =(I74)/(K74+I74) -> 1
A75: CENTRO | B75: CEN32 | C75: BONOMO | D75: Aristobulo del Valle y España | E75: Domo | F75: Fibra Optica | H75: 172.20.12.42 | I75: =COUNTIF(M75:AN75,"") -> 28 | J75: 00-04-63-50-58-BA | K75: =COUNTIF(M75:AN75,"APAGADO") -> 0 | L75: =(I75)/(K75+I75) -> 1
A76: CENTRO | B76: CEN33 | C76: BONOMO | D76: Peron y Alberdi | E76: Domo | F76: Fibra Optica | H76: 172.20.12.47 | I76: =COUNTIF(M76:AN76,"") -> 28 | J76: 00-04-63-4F-D6-F2 | K76: =COUNTIF(M76:AN76,"APAGADO") -> 0 | L76: =(I76)/(K76+I76) -> 1
... A102: CENTRO | B102: CEN59 | C102: BONOMO | D102: CHACABUCO Y BOUREL | E102: DOMO | F102: GPON | H102: 172.20.10.161 | I102: =COUNTIF(M102:AN102,"") -> 28 | J102: 00-07-5F-81-9C-A0 | K102: =COUNTIF(M102:AN102,"APAGADO") -> 0 | L102: =(I102)/(K102+I102) -> 1
A103: CENTRO | B103: CEN 60 | C103: BONOMO | D103: RECONQUISTA Y ILLIA | E103: DOMO | F103: PTO A FO | G103: ILLIA Y LAS HERAS | H103: 172.20.12.67 | I103: =COUNTIF(M103:AN103,"") -> 28 | J103: 00-07-5F-81-9D-01 | K103: =COUNTIF(M103:AN103,"APAGADO") -> 0 | L103: =(I103)/(K103+I103) -> 1
A104: CENTRO | B104: CEN 61 | C104: BONOMO | D104: BOUREL Y MAIPU | E104: DOMO | F104: GPON | H104: 172.20.10.162 | I104: =COUNTIF(M104:AN104,"") -> 28 | J104: 00-04-63-4F-DF-95 | K104: =COUNTIF(M104:AN104,"APAGADO") -> 0 | L104: =(I104)/(K104+I104) -> 1
A105: CENTRO | B105: CEN62 | C105: BONOMO | D105: ESPAÑA Y ALEM | E105: DOMO | F105: PTO A FO | G105: SAN MARTIN Y ALEM | H105: 172.20.12.82 | I105: =COUNTIF(M105:AN105,"") -> 28 | J105: 00-07-5F-81-9C-86 | K105: =COUNTIF(M105:AN105,"APAGADO") -> 0 | L105: =(I105)/(K105+I105) -> 1
A106: CENTRO | B106: CEN63 | C106: BONOMO | D106: SAN MARTIN Y URQUIZA | E106: DOMO | F106: Fibra Optica | H106: 172.20.11.112 | I106: =COUNTIF(M106:AN106,"") -> 28 | J106: 00-07-5F-BE-58-54 | K106: =COUNTIF(M106:AN106,"APAGADO") -> 0 | L106: =(I106)/(K106+I106) -> 1
A107: CENTRO | B107: CEN64 | C107: BONOMO | D107: SAN MARTIN Y BOCCUZZI | E107: FIJA | F107: Fibra Optica | H107: 172.20.11.134 | I107: =COUNTIF(M107:AN107,"") -> 28 | J107: 00-07-5F-B6-B8-D2 | K107: =COUNTIF(M107:AN107,"APAGADO") -> 0 | L107: =(I107)/(K107+I107) -> 1
A108: CENTRO | B108: CEN 65 | C108: BONOMO | D108: SAN MARTIN Y JUAN PERON | E108: FIJA | F108: GPON | H108: 172.20.11.135 | I108: =COUNTIF(M108:AN108,"") -> 28 | J108: 00-07-5F-B7-85-A1 | K108: =COUNTIF(M108:AN108,"APAGADO") -> 0 | L108: =(I108)/(K108+I108) -> 1
A109: CENTRO | B109: CEN66 | C109: BONOMO | D109: SAN MARTIN Y JUAN PERON | E109: FIJA | F109: GPON | H109: 172.20.11.136 | I109: =COUNTIF(M109:AN109,"") -> 28 | J109: 00-07-5F-B7-85-A1 | K109: =COUNTIF(M109:AN109,"APAGADO") -> 0 | L109: =(I109)/(K109+I109) -> 1
A110: CENTRO | B110: CEN67 (fija 1) | C110: BONOMO | D110: 9 DE JULIO Y BROWN | E110: Fija | F110: GPON | H110: 172.20.11.188 | I110: =COUNTIF(M110:AN110,"") -> 28 | J110: 00-07-5F-B6-B9-B4 | K110: =COUNTIF(M110:AN110,"APAGADO") -> 0 | L110: =(I110)/(K110+I110) -> 1
A111: CENTRO | B111: CEN68 (fija 2) | C111: BONOMO | D111: 9 DE JULIO Y BROWN | E111: Fija | F111: GPON | H111: 172.20.11.189 | I111: =COUNTIF(M111:AN111,"") -> 28 | J111: 00-07-5F-B7-84-C0 | K111: =COUNTIF(M111:AN111,"APAGADO") -> 0 | L111: =(I111)/(K111+I111) -> 1
A112: CENTRO | B112: CEN69 | C112: BONOMO | D112: RIVADAVIA Y BOUREL | E112: DOMO | F112: Fibra Optica | H112: 172.20.11.222 | I112: =COUNTIF(M112:AN112,"") -> 28 | J112: 00-07-5F-BE-59-32 | K112: =COUNTIF(M112:AN112,"APAGADO") -> 0 | L112: =(I112)/(K112+I112) -> 1
A113: CENTRO | B113: CEN 70 | C113: BONOMO | D113: RIVADAVIA Y 25 MAYO | E113: Domo | F113: Fibra Optica | H113: 172.20.11.221 | I113: =COUNTIF(M113:AN113,"") -> 28 | J113: 00-07-5F-BE-59-31 | K113: =COUNTIF(M113:AN113,"APAGADO") -> 0 | L113: =(I113)/(K113+I113) -> 1
A114: CENTRO | B114: CEN 71 | C114: BONOMO | D114: MORENO Y BOUREL | E114: Domo | F114: GPON | H114: 172.20.11.220 | I114: =COUNTIF(M114:AN114,"") -> 28 | J114: 00-07-5F-AB-BA-BE | K114: =COUNTIF(M114:AN114,"APAGADO") -> 0 | L114: =(I114)/(K114+I114) -> 1
A115: CENTRO | B115: CEN 72 | C115: BONOMO | D115: MORENO Y 25 DE MAYO | E115: Domo | F115: Fibra Optica | H115: 172.20.11.219 | I115: =COUNTIF(M115:AN115,"") -> 28 | J115: 00-07-5F-AB-BB-44 | K115: =COUNTIF(M115:AN115,"APAGADO") -> 0 | L115: =(I115)/(K115+I115) -> 1
A116: CENTRO | B116: CEN73 | C116: BONOMO | D116: BOUREL Y DEFENSA | E116: DOMO | F116: Fibra Optica | H116: 172.20.11.223 | I116: =COUNTIF(M116:AN116,"") -> 28 | J116: 00-07-5F-76-EC-AC | K116: =COUNTIF(M116:AN116,"APAGADO") -> 0 | L116: =(I116)/(K116+I116) -> 1
A117: CENTRO | B117: CEN74 | C117: BONOMO | D117: Las Heras y Maipu | E117: Domo | F117: Fibra Optica | H117: 172.20.11.53 | I117: =COUNTIF(M117:AN117,"") -> 28 | J117: 00-07-5F-AB-BB-47 | K117: =COUNTIF(M117:AN117,"APAGADO") -> 0 | L117: =(I117)/(K117+I117) -> 1
... A141: SAN NICOLAS | B141: CHA01 | C141: BONOMO | D141: Novak y Pte Illia | E141: Domo | F141: PTO A FO | H141: 172.20.10.70 | I141: =COUNTIF(M141:AN141,"") -> 28 | J141: 00-04-63-50-44-84 | K141: =COUNTIF(M141:AN141,"APAGADO") -> 0 | L141: =(I141)/(K141+I141) -> 1
A142: CHACABUCO | B142: CHA02 | C142: BONOMO | D142: Pte. Illia y Posadas | E142: Domo | F142: PTO A FO | H142: 172.20.200.186 | I142: =COUNTIF(M142:AN142,"") -> 28 | K142: =COUNTIF(M142:AN142,"APAGADO") -> 0 | L142: =(I142)/(K142+I142) -> 1
A143: CHACABUCO | B143: CHA03 | C143: BONOMO | D143: MAIPU Y ALVAREZ THOMAS | E143: DOMO | F143: Fibra Optica | H143: 172.20.11.71 | I143: =COUNTIF(M143:AN143,"") -> 28 | J143: 00-07-5F-BE-58-0F | K143: =COUNTIF(M143:AN143,"APAGADO") -> 0 | L143: =(I143)/(K143+I143) -> 1
A144: CHACABUCO | B144: CHA04 | C144: BONOMO | D144: ESTADOS UNIDOS DE A. E ILLIA | E144: DOMO | F144: Fibra Optica | H144: 172.20.11.191 | I144: =COUNTIF(M144:AN144,"") -> 28 | J144: 00-07-5F-BE-58-5C | K144: =COUNTIF(M144:AN144,"APAGADO") -> 0 | L144: =(I144)/(K144+I144) -> 1
A145: VILLA MONICA NUEVA | B145: COL01 | C145: COSEIDI | D145: Eva Peron y Cariboni | E145: Domo | F145: Fibra Optica | H145: 172.20.11.129 | I145: =COUNTIF(M145:AN145,"") -> 28 | J145: 00-07-5F-77-01-B7 | K145: =COUNTIF(M145:AN145,"APAGADO") -> 0 | L145: =(I145)/(K145+I145) -> 1
A146: LA COLORADA ESTE | B146: COL02 | C146: COSEIDI | D146: Av. Eva Peron y Pompeya | E146: Domo | F146: PTO A FO | H146: 172.20.10.98 | I146: =COUNTIF(M146:AN146,"") -> 28 | J146: 00-07-5F-81-9C-9E | K146: =COUNTIF(M146:AN146,"APAGADO") -> 0 | L146: =(I146)/(K146+I146) -> 1
A147: LA COLORADA ESTE | B147: COL 03 | C147: COSEIDI | D147: CARIBONI Y LA ANCIANIDAD | E147: DOMO | F147: Radio | H147: 10.20.30.37 | I147: =COUNTIF(M147:AN147,"") -> 28 | K147: =COUNTIF(M147:AN147,"APAGADO") -> 0 | L147: =(I147)/(K147+I147) -> 1
A148: LA COLORADA ESTE | B148: COL 04 | C148: COSEIDI | D148: EVA PERON Y SAVIO | E148: Domo | F148: Fibra Optica | H148: 172.20.10.75 | I148: =COUNTIF(M148:AN148,"") -> 28 | J148: 00-07-5F-D2-4C-75 | K148: =COUNTIF(M148:AN148,"APAGADO") -> 0 | L148: =(I148)/(K148+I148) -> 1
A149: DON JOSE | B149: DJO01 | C149: BONOMO | D149: Monteverde y Donato Alvarez | E149: Domo | F149: GPON | H149: 172.20.200.120 | I149: =COUNTIF(M149:AN149,"") -> 28 | K149: =COUNTIF(M149:AN149,"APAGADO") -> 0 | L149: =(I149)/(K149+I149) -> 1
A150: DON JOSE | B150: DJO 02 (fija 1) | C150: BONOMO | D150: DONATO ALVAREZ Y EL APERO | E150: Fija | F150: PTO A FO | G150: TORRE VILLA ARGENTINA | H150: 172.20.12.97 | I150: =COUNTIF(M150:AN150,"") -> 28 | J150: 00-07-5F-C1-94-BF | K150: =COUNTIF(M150:AN150,"APAGADO") -> 0 | L150: =(I150)/(K150+I150) -> 1
A151: DON JOSE | B151: DJO 03 (fija 2) | C151: BONOMO | D151: DONATO ALVAREZ Y EL APERO | E151: Fija | F151: PTO A FO | G151: TORRE VILLA ARGENTINA | H151: 172.20.12.98 | I151: =COUNTIF(M151:AN151,"") -> 28 | J151: 00-07-5F-B6-A1-30 | K151: =COUNTIF(M151:AN151,"APAGADO") -> 0 | L151: =(I151)/(K151+I151) -> 1
A152: DON JOSE | B152: DJO 04 (Fija 1) | C152: BONOMO | D152: MONTEVERDE Y EL INDIO | E152: Fija | F152: GPON | G152: TORRE VILLA ARGENTINA | H152: 172.20.12.91 | I152: =COUNTIF(M152:AN152,"") -> 28 | K152: =COUNTIF(M152:AN152,"APAGADO") -> 0 | L152: =(I152)/(K152+I152) -> 1
A153: DON JOSE | B153: DJO 05 (Fija 2) | C153: BONOMO | D153: MONTEVERDE Y EL INDIO | E153: Fija | F153: GPON | G153: TORRE VILLA ARGENTINA | H153: 172.20.12.92 | I153: =COUNTIF(M153:AN153,"") -> 28 | K153: =COUNTIF(M153:AN153,"APAGADO") -> 0 | L153: =(I153)/(K153+I153) -> 1
A154: DON JOSE | B154: DJ O6 | C154: BONOMO | D154: Calle 414 y El Indio | E154: Fija | F154: PTO A FO | G154: TORRE VILLA ARGENTINA | H154: 172.20.12.121 | I154: =COUNTIF(M154:AN154,"") -> 28 | J154: 00-07-5F-B6-C4-43 | K154: =COUNTIF(M154:AN154,"APAGADO") -> 0 | L154: =(I154)/(K154+I154) -> 1
A155: DON JOSE | B155: DJ 07 | C155: BONOMO | D155: Calle 414 y El Indio | E155: Fija | F155: PTO A FO | G155: TORRE VILLA ARGENTINA | H155: 172.20.12.122 | I155: =COUNTIF(M155:AN155,"") -> 28 | J155: 00-07-5F-B6-B9-A6 | K155: =COUNTIF(M155:AN155,"APAGADO") -> 0 | L155: =(I155)/(K155+I155) -> 1
A156: DON JOSE | B156: DJ 08 | C156: BONOMO | D156: El Paisano y 441 | E156: FIJA | F156: GPON | H156: 172.20.10.231 | I156: =COUNTIF(M156:AN156,"") -> 28 | J156: c0:6d:ed:a3:e5:97 | K156: =COUNTIF(M156:AN156,"APAGADO") -> 0 | L156: =(I156)/(K156+I156) -> 1
A157: DON JOSE | B157: DJ 09 | C157: BONOMO | D157: El Malambo y la Aguada | E157: FIJA | F157: GPON | H157: 172.20.8.43 | I157: =COUNTIF(M157:AN157,"") -> 28 | K157: =COUNTIF(M157:AN157,"APAGADO") -> 0 | L157: =(I157)/(K157+I157) -> 1
A158: DON ORIONE | B158: DORIO1 | C158: COSEIDI | D158: AV Bosques Y Theran | E158: Domo | F158: GPON | H158: 172.20. | I158: =COUNTIF(M158:AN158,"") -> 28 | J158: E4-30-22-4F-9E-3F | K158: =COUNTIF(M158:AN158,"APAGADO") -> 0 | L158: =(I158)/(K158+I158) -> 1
A159: DON ORIONE | B159: DORI02 | C159: COSEIDI | D159: QUINQUELA MARTIN Y AV BOSQUES | E159: DOMO | F159: GPON | H159: 172.20.12.186 | I159: =COUNTIF(M159:AN159,"") -> 28 | J159: A0-FF-0C-D1-BD-91 | K159: =COUNTIF(M159:AN159,"APAGADO") -> 0 | L159: =(I159)/(K159+I159) -> 1
A160: EL PARQUE | B160: EPQ 01 | C160: COSEIDI | D160: 1282 Y GRIERSON | E160: DOMO | F160: Fibra Optica | H160: 172.20.11.170 | I160: =COUNTIF(M160:AN160,"") -> 28 | J160: 00-07-5F-BE-58-F6 | K160: =COUNTIF(M160:AN160,"APAGADO") -> 0 | L160: =(I160)/(K160+I160) -> 1
A161: EL PARQUE | B161: EPQ 02 | C161: COSEIDI | D161: 1282 Y MASSE | E161: DOMO | F161: Fibra Optica | H161: 172.20.11.172 | I161: =COUNTIF(M161:AN161,"") -> 28 | J161: 00-07-5F-BE-58-0B | K161: =COUNTIF(M161:AN161,"APAGADO") -> 0 | L161: =(I161)/(K161+I161) -> 1
A162: EL PARQUE | B162: EPQ 03 | C162: COSEIDI | D162: 1282 Y RP 36 | E162: Domo | F162: Fibra Optica | H162: 172.20.11.169 | I162: =COUNTIF(M162:AN162,"") -> 28 | J162: 00-07-5F-AB-B7-3E | K162: =COUNTIF(M162:AN162,"APAGADO") -> 0 | L162: =(I162)/(K162+I162) -> 1
A163: EL PARQUE | B163: EPQ 04 | C163: COSEIDI | D163: 1282 Y MORENO | E163: DOMO | F163: Fibra Optica | H163: 172.20.11.171 | I163: =COUNTIF(M163:AN163,"") -> 28 | J163: 00-07-5F-BE-59-03 | K163: =COUNTIF(M163:AN163,"APAGADO") -> 0 | L163: =(I163)/(K163+I163) -> 1
A164: EL PARQUE | B164: EPQ 05 | C164: COSEIDI | D164: 1282 Y 1201 | E164: FIJA | F164: Fibra Optica | H164: 172.20.10.230 | I164: =COUNTIF(M164:AN164,"") -> 28 | J164: C0:6D:ED:A3:E4:60 | K164: =COUNTIF(M164:AN164,"APAGADO") -> 0 | L164: =(I164)/(K164+I164) -> 1
A165: EL PARQUE | B165: EPQ 06 | C165: COSEIDI | D165: 1282 Y EZEIZA | E165: DOMO | F165: Fibra Optica | H165: 172.20.10.219 | I165: =COUNTIF(M165:AN165,"") -> 28 | J165: A4:18:94:05:4A:03 | K165: =COUNTIF(M165:AN165,"APAGADO") -> 0 | L165: =(I165)/(K165+I165) -> 1
A166: LA ESMERALDA | B166: ESM01 | C166: COSEIDI | D166: Cabello y Brasil | E166: Domo | F166: PTO A FO | H166: 172.20.11.49 | I166: =COUNTIF(M166:AN166,"") -> 28 | J166: 00-07-5F-81-B3-FC | K166: =COUNTIF(M166:AN166,"APAGADO") -> 0 | L166: =(I166)/(K166+I166) -> 1
A167: SAN JORGE | B167: ESM02 | C167: COSEIDI | D167: Novak y Cabello | E167: Domo | F167: PTO A FO | G167: NOVAK Y BELGICA | H167: 172.20.11.46 | I167: =COUNTIF(M167:AN167,"") -> 28 | J167: 00-07-5F-8F-2B-DA | K167: =COUNTIF(M167:AN167,"APAGADO") -> 0 | L167: =(I167)/(K167+I167) -> 1
A168: SAN JORGE | B168: ESM03 | C168: COSEIDI | D168: Novak y Humahuaca | E168: DOMO | F168: PTO A FO | G168: NOVAK Y BELGICA | H168: 172.20.11.42 | I168: =COUNTIF(M168:AN168,"") -> 28 | J168: 00-04-63-59-22-9C | K168: =COUNTIF(M168:AN168,"APAGADO") -> 0 | L168: =(I168)/(K168+I168) -> 1
A169: LA ESMERALDA | B169: ESM04 | C169: COSEIDI | D169: Basualdo y Bengochea | E169: Domo | F169: Fibra Optica | H169: 172.20.12.46 | I169: =COUNTIF(M169:AN169,"") -> 28 | J169: 00-04-63-59-22-93 | K169: =COUNTIF(M169:AN169,"APAGADO") -> 0 | L169: =(I169)/(K169+I169) -> 1
...

Sheet AUXILIAR

Sheet informe
C1: CANTIDAD | D1: APAGADAS | E1: %
B2: TOTAL | C2: =CANTIDAD_DE_CAMARAS -> 555 | F2: 45962
A3: L | B3: CAIDAS | C3: ='RESUMEN TOTAL'!M3 -> 0 | E3: =C3/C2 -> 0
B4: LLEGAMOS NOSOTROS | C4: 0 | D4: 0 | E4: =D4/C2 -> 0
B5: NO ESTA LA CAMARA | C5: 0 | D5: 0 | E5: =D5/C2 -> 0
A6: L | B6: RADIO | C6: 0 | D6: 0 | E6: =D6/C2 -> 0
C7: 0 | D7: 0 | E7: =D7/C2 -> 0
C8: CANTIDAD | D8: APAGADAS | E8: %
A9: F | B9: BONOMO | C9: =BONOMOcam -> 298
A10: F | B10: COSEIDI | C10: =COSEIDIcam -> 256 | D10: =Hoja1!F5 -> 0
C12: CANTIDAD | D12: APAGADAS | E12: %
B13: TOTAL | C13: =CANTIDAD_DE_CAMARAS -> 555 | F13: 45963
A14: M | B14: CAIDAS | C14: ='RESUMEN TOTAL'!N3 -> 0 | E14: =C14/C13 -> 0
B15: LLEGAMOS NOSOTROS | C15: 0 | D15: =C14-C15 -> 0 | E15: =D15/C13 -> 0
B16: NO ESTA LA CAMARA | C16: 0 | D16: =D15-C16 -> 0 | E16: =D16/C13 -> 0
A17: M | B17: RADIO | C17: ='RESUMEN TOTAL'!N5 -> 0 | D17: =D16-C17 -> 0 | E17: =D17/C13 -> 0
D18: 0 | E18: =D18/C13 -> 0
C19: CANTIDAD | D19: APAGADAS | E19: %
A20: G | B20: BONOMO | C20: =BONOMOcam -> 298 | D20: =Hoja1!G3 -> 0 | E20: =D20/C20 -> 0
A21: G | B21: COSEIDI | C21: =COSEIDIcam -> 256 | D21: =Hoja1!G5 -> 0 | E21: =D21/C21 -> 0
C23: CANTIDAD | D23: APAGADAS | E23: %
B24: TOTAL | C24: =CANTIDAD_DE_CAMARAS -> 555 | F24: 45964
A25: N | B25: CAIDAS | C25: ='RESUMEN TOTAL'!O3 -> 0 | E25: =C25/C24 -> 0
B26: LLEGAMOS NOSOTROS | C26: 0 | D26: =C25-C26 -> 0 | E26: =D26/C24 -> 0
B27: NO ESTA LA CAMARA | C27: 0 | D27: =D26-C27 -> 0 | E27: =D27/C24 -> 0
A28: N | B28: RADIO | C28: ='RESUMEN TOTAL'!O5 -> 0 | D28: =D27-C28 -> 0 | E28: =D28/C24 -> 0
C29: 0 | D29: =D28-C29 -> 0 | E29: =D29/C24 -> 0
C30: CANTIDAD | D30: APAGADAS | E30: %
B31: BONOMO | C31: =BONOMOcam -> 298 | D31: =Hoja1!H3 -> 0 | E31: =D31/C31 -> 0
B32: COSEIDI | C32: =COSEIDIcam -> 256 | D32: =Hoja1!H5 -> 0 | E32: =D32/C32 -> 0
C34: CANTIDAD | D34: APAGADAS | E34: %
B35: TOTAL | C35: =CANTIDAD_DE_CAMARAS -> 555 | F35: 45965
A36: O | B36: CAIDAS | C36: ='RESUMEN TOTAL'!P3 -> 0 | E36: =C36/C35 -> 0
B37: LLEGAMOS NOSOTROS | C37: 0 | D37: 0 | E37: =D37/C35 -> 0
B38: NO ESTA LA CAMARA | C38: 0 | D38: 0 | E38: =D38/C35 -> 0
A39: O | B39: RADIO | C39: ='RESUMEN TOTAL'!P5 -> 0 | D39: =D38-C39 -> 0 | E39: =D39/C35 -> 0
C40: 0 | D40: 0 | E40: =D40/C35 -> 0
C41: CANTIDAD | D41: APAGADAS | E41: %
B42: BONOMO | C42: =BONOMOcam -> 298 | D42: =Hoja1!I3 -> 0 | E42: =D42/C42 -> 0
B43: COSEIDI | C43: =COSEIDIcam -> 256 | D43: =Hoja1!I5 -> 0 | E43: 0
C45: CANTIDAD | D45: APAGADAS | E45: %
B46: TOTAL | C46: =CANTIDAD_DE_CAMARAS -> 555 | F46: 45966
A47: P | B47: CAIDAS | C47: ='RESUMEN TOTAL'!Q3 -> 0 | E47: =C47/C46 -> 0
B48: LLEGAMOS NOSOTROS | D48: 0 | E48: =D48/C46 -> 0
B49: NO ESTA LA CAMARA | D49: 0 | E49: =D49/C46 -> 0
A50: P | B50: RADIO | C50: ='RESUMEN TOTAL'!Q5 -> 0 | D50: 0 | E50: =D50/C46 -> 0
D51: 0 | E51: =D51/C46 -> 0
C52: CANTIDAD | D52: APAGADAS | E52: %
B53: BONOMO | C53: =BONOMOcam -> 298 | D53: =Hoja1!J3 -> 0 | E53: 0
B54: COSEIDI | C54: =COSEIDIcam -> 256 | D54: =Hoja1!J5 -> 0 | E54: 0
C56: CANTIDAD | D56: APAGADAS | E56: %
B57: TOTAL | C57: =CANTIDAD_DE_CAMARAS -> 555 | F57: 45967
A58: Q | B58: CAIDAS | C58: ='RESUMEN TOTAL'!R3 -> 0 | E58: =C58/C57 -> 0
B59: LLEGAMOS NOSOTROS | E59: =D59/C57 -> 0
B60: NO ESTA LA CAMARA | E60: =D60/C57 -> 0
A61: Q | B61: RADIO | C61: ='RESUMEN TOTAL'!R5 -> 0 | E61: =D61/C57 -> 0
E62: =D62/C57 -> 0
C63: CANTIDAD | D63: APAGADAS | E63: %
B64: BONOMO | C64: =BONOMOcam -> 298 | D64: =Hoja1!K3 -> 0 | E64: =D64/C64 -> 0
B65: COSEIDI | C65: =COSEIDIcam -> 256 | D65: =Hoja1!K5 -> 0 | E65: =D65/C65 -> 0
C67: CANTIDAD | D67: APAGADAS | E67: %
B68: TOTAL | C68: =CANTIDAD_DE_CAMARAS -> 555 | F68: 45968
A69: R | B69: CAIDAS | C69: ='RESUMEN TOTAL'!S3 -> 0 | E69: =C69/C68 -> 0
B70: LLEGAMOS NOSOTROS | C70: 0 | D70: =C69-C70 -> 0 | E70: =D70/C68 -> 0
B71: NO ESTA LA CAMARA | C71: 0 | D71: =D70-C71 -> 0 | E71: =D71/C68 -> 0
A72: R | B72: RADIO | C72: ='RESUMEN TOTAL'!S5 -> 0 | D72: =D71-C72 -> 0 | E72: =D72/C68 -> 0
C73: 0 | D73: =D72-C73 -> 0 | E73: =D73/C68 -> 0
C74: CANTIDAD | D74: APAGADAS | E74: %
B75: BONOMO | C75: =BONOMOcam -> 298 | D75: =Hoja1!L3 -> 0 | E75: 0
B76: COSEIDI | C76: =COSEIDIcam -> 256 | D76: =Hoja1!L5 -> 0 | E76: =D76/C76 -> 0
C78: CANTIDAD | D78: APAGADAS | E78: %
B79: TOTAL | C79: =CANTIDAD_DE_CAMARAS -> 555 | F79: 45665
A80: S | B80: CAIDAS | C80: ='RESUMEN TOTAL'!T3 -> 0 | E80: =C80/C79 -> 0
B81: LLEGAMOS NOSOTROS | D81: 0 | E81: =D81/C79 -> 0
B82: NO ESTA LA CAMARA | D82: 0 | E82: =D82/C79 -> 0
A83: S | B83: RADIO | C83: ='RESUMEN TOTAL'!T5 -> 0 | D83: 0 | E83: =D83/C79 -> 0
D84: 0 | E84: =D84/C79 -> 0
C85: CANTIDAD | D85: APAGADAS | E85: %
B86: BONOMO | C86: =BONOMOcam -> 298 | D86: =Hoja1!M3 -> 0 | E86: 0
B87: COSEIDI | C87: =COSEIDIcam -> 256 | D87: =Hoja1!M5 -> 0 | E87: 0
C89: CANTIDAD | D89: APAGADAS | E89: %
B90: TOTAL | C90: =CANTIDAD_DE_CAMARAS -> 555 | F90: 45970
A91: T | B91: CAIDAS | E91: =C91/C90 -> 0
B92: LLEGAMOS NOSOTROS | E92: =D92/C90 -> 0
B93: NO ESTA LA CAMARA | E93: =D93/C90 -> 0
A94: T | B94: RADIO | E94: =D94/C90 -> 0
E95: =D95/C90 -> 0
C96: CANTIDAD | D96: APAGADAS | E96: %
B97: BONOMO | C97: =BONOMOcam -> 298 | D97: =Hoja1!N3 -> 0 | E97: =D97/C97 -> 0
B98: COSEIDI | C98: =COSEIDIcam -> 256 | D98: =Hoja1!N5 -> 0
C100: CANTIDAD | D100: APAGADAS | E100: %
B101: TOTAL | C101: =CANTIDAD_DE_CAMARAS -> 555 | F101: 45971
A102: U | B102: CAIDAS | C102: ='RESUMEN TOTAL'!V3 -> 0 | E102: =C102/C101 -> 0
B103: LLEGAMOS NOSOTROS | C103: 0 | D103: =C102-C103 -> 0 | E103: =D103/C101 -> 0
B104: NO ESTA LA CAMARA | C104: 0 | D104: =D103-C104 -> 0 | E104: =D104/C101 -> 0
A105: U | B105: RADIO | C105: ='RESUMEN TOTAL'!V5 -> 0 | D105: =D104-C105 -> 0 | E105: =D105/C101 -> 0
C106: 0 | D106: 0 | E106: =D106/C101 -> 0
C107: CANTIDAD | D107: APAGADAS | E107: %
B108: BONOMO | C108: =BONOMOcam -> 298 | D108: =Hoja1!O3 -> 0 | E108: =D108/C108 -> 0
B109: COSEIDI | C109: =COSEIDIcam -> 256 | D109: =Hoja1!O5 -> 0 | E109: =D109/C109 -> 0
...

Sheet paradas
C1: TOTAL PARADAS | D1: =COUNTIFS(A5:A602,"=paradas seguras")/2 -> 0 | E1: TOTAL DE CAMARAS EN PARADAS | H1: =COUNTIFS(A5:A602,"=paradas seguras") -> 0 | I1: TOTAL DE CAMARAS | K1: =COUNTIFS(D5:D602,"=GFIJA") -> 0 | L1: TOTAL DE INTERCOMUNICADORES | O1: =COUNTIFS(D5:D602,"=INTERCOMUNICADOR") -> 0
E2: FIJAS | F2: =COUNTIFS(F4:F601, "=APAGADO",D4:D601,"=GFIJA") -> 0 | G2: =COUNTIFS(G4:G601, "=APAGADO",D4:D601,"=GFIJA") -> 0 | H2: =COUNTIFS(H4:H601, "=APAGADO",D4:D601,"=GFIJA") -> 0 | I2: =COUNTIFS(I4:I601, "=APAGADO",D4:D601,"=GFIJA") -> 0 | J2: =COUNTIFS(J4:J601, "=APAGADO",D4:D601,"=GFIJA") -> 0 | K2: =COUNTIFS(K4:K601, "=APAGADO",D4:D601,"=GFIJA") -> 0 | L2: =COUNTIFS(L4:L601, "=APAGADO",D4:D601,"=GFIJA") -> 0 | M2: =COUNTIFS(M4:M601, "=APAGADO",D4:D601,"=GFIJA") -> 0 | N2: =COUNTIFS(N4:N601, "=APAGADO",D4:D601,"=GFIJA") -> 0 | O2: =COUNTIFS(O4:O601, "=APAGADO",D4:D601,"=GFIJA") -> 0 | P2: =COUNTIFS(P4:P601, "=APAGADO",D4:D601,"=GFIJA") -> 0 | Q2: =COUNTIFS(Q4:Q601, "=APAGADO",D4:D601,"=GFIJA") -> 0 | R2: =COUNTIFS(R4:R601, "=APAGADO",D4:D601,"=GFIJA") -> 0 | S2: =COUNTIFS(S4:S601, "=APAGADO",D4:D601,"=GFIJA") -> 0 | T2: =COUNTIFS(T4:T601, "=APAGADO",D4:D601,"=GFIJA") -> 0 | U2: =COUNTIFS(U4:U601, "=APAGADO",D4:D601,"=GFIJA") -> 0 | V2: =COUNTIFS(V4:V601, "=APAGADO",D4:D601,"=GFIJA") -> 0 | W2: =COUNTIFS(W4:W601, "=APAGADO",D4:D601,"=GFIJA") -> 0 | X2: =COUNTIFS(X4:X601, "=APAGADO",D4:D601,"=GFIJA") -> 0 | Y2: =COUNTIFS(Y4:Y601, "=APAGADO",D4:D601,"=GFIJA") -> 0 | Z2: =COUNTIFS(Z4:Z601, "=APAGADO",D4:D601,"=GFIJA") -> 0 | AA2: =COUNTIFS(AA4:AA601, "=APAGADO",D4:D601,"=GFIJA") -> 0 | AB2: =COUNTIFS(AB4:AB601, "=APAGADO",D4:D601,"=GFIJA") -> 0 | AC2: =COUNTIFS(AC4:AC601, "=APAGADO",D4:D601,"=GFIJA") -> 0 | AD2: =COUNTIFS(AD4:AD601, "=APAGADO",D4:D601,"=GFIJA") -> 0 | AE2: =COUNTIFS(AE4:AE601, "=APAGADO",D4:D601,"=GFIJA") -> 0 | AF2: =COUNTIFS(AF4:AF601, "=APAGADO",D4:D601,"=GFIJA") -> 0 | AG2: =COUNTIFS(AG4:AG601, "=APAGADO",D4:D601,"=GFIJA") -> 0 | AH2: =COUNTIFS(AH4:AH601, "=APAGADO",D4:D601,"=GFIJA") -> 0 | AI2: =COUNTIFS(AI4:AI601, "=APAGADO",D4:D601,"=GFIJA") -> 0
E3: INTERCOMUNICADOR | F3: =COUNTIFS(F6:F603, "=APAGADO",D4:D601,"=INTERCOMUNICADOR") -> 0 | G3: =COUNTIFS(G6:G603, "=APAGADO",D4:D601,"=INTERCOMUNICADOR") -> 0 | H3: =COUNTIFS(H6:H603, "=APAGADO",D4:D601,"=INTERCOMUNICADOR") -> 0 | I3: =COUNTIFS(I6:I603, "=APAGADO",D4:D601,"=INTERCOMUNICADOR") -> 0 | J3: =COUNTIFS(J6:J603, "=APAGADO",D4:D601,"=INTERCOMUNICADOR") -> 0 | K3: =COUNTIFS(K6:K603, "=APAGADO",D4:D601,"=INTERCOMUNICADOR") -> 0 | L3: =COUNTIFS(L6:L603, "=APAGADO",D4:D601,"=INTERCOMUNICADOR") -> 0 | M3: =COUNTIFS(M6:M603, "=APAGADO",D4:D601,"=INTERCOMUNICADOR") -> 0 | N3: =COUNTIFS(N6:N603, "=APAGADO",D4:D601,"=INTERCOMUNICADOR") -> 0 | O3: =COUNTIFS(O6:O603, "=APAGADO",D4:D601,"=INTERCOMUNICADOR") -> 0 | P3: =COUNTIFS(P6:P603, "=APAGADO",D4:D601,"=INTERCOMUNICADOR") -> 0 | Q3: =COUNTIFS(Q6:Q603, "=APAGADO",D4:D601,"=INTERCOMUNICADOR") -> 0 | R3: =COUNTIFS(R6:R603, "=APAGADO",D4:D601,"=INTERCOMUNICADOR") -> 0 | S3: =COUNTIFS(S6:S603, "=APAGADO",D4:D601,"=INTERCOMUNICADOR") -> 0 | T3: =COUNTIFS(T6:T603, "=APAGADO",D4:D601,"=INTERCOMUNICADOR") -> 0 | U3: =COUNTIFS(U6:U603, "=APAGADO",D4:D601,"=INTERCOMUNICADOR") -> 0 | V3: =COUNTIFS(V6:V603, "=APAGADO",D4:D601,"=INTERCOMUNICADOR") -> 0 | W3: =COUNTIFS(W6:W603, "=APAGADO",D4:D601,"=INTERCOMUNICADOR") -> 0 | X3: =COUNTIFS(X6:X603, "=APAGADO",D4:D601,"=INTERCOMUNICADOR") -> 0 | Y3: =COUNTIFS(Y6:Y603, "=APAGADO",D4:D601,"=INTERCOMUNICADOR") -> 0 | Z3: =COUNTIFS(Z6:Z603, "=APAGADO",D4:D601,"=INTERCOMUNICADOR") -> 0 | AA3: =COUNTIFS(AA6:AA603, "=APAGADO",D4:D601,"=INTERCOMUNICADOR") -> 0 | AB3: =COUNTIFS(AB6:AB603, "=APAGADO",D4:D601,"=INTERCOMUNICADOR") -> 0 | AC3: =COUNTIFS(AC6:AC603, "=APAGADO",D4:D601,"=INTERCOMUNICADOR") -> 0 | AD3: =COUNTIFS(AD6:AD603, "=APAGADO",D4:D601,"=INTERCOMUNICADOR") -> 0 | AE3: =COUNTIFS(AE6:AE603, "=APAGADO",D4:D601,"=INTERCOMUNICADOR") -> 0 | AF3: =COUNTIFS(AF6:AF603, "=APAGADO",D4:D601,"=INTERCOMUNICADOR") -> 0 | AG3: =COUNTIFS(AG6:AG603, "=APAGADO",D4:D601,"=INTERCOMUNICADOR") -> 0 | AH3: =COUNTIFS(AH6:AH603, "=APAGADO",D4:D601,"=INTERCOMUNICADOR") -> 0 | AI3: =COUNTIFS(AI6:AI603, "=APAGADO",D4:D601,"=INTERCOMUNICADOR") -> 0
A4: ='RESUMEN TOTAL'!A7 -> Barrio | B4: ='RESUMEN TOTAL'!B7 -> [Denominacion] | C4: ='RESUMEN TOTAL'!D7 -> [Ubicacion] | D4: ='RESUMEN TOTAL'!E7 -> [Tipo de Camara] | E4: ='RESUMEN TOTAL'!F7 -> [Tipo de Conexion] | F4: ='RESUMEN TOTAL'!M7 -> 45962 | G4: ='RESUMEN TOTAL'!N7 -> 45963 | H4: ='RESUMEN TOTAL'!O7 -> 45964 | I4: ='RESUMEN TOTAL'!P7 -> 45965 | J4: ='RESUMEN TOTAL'!Q7 -> 45966 | K4: ='RESUMEN TOTAL'!R7 -> 45967 | L4: ='RESUMEN TOTAL'!S7 -> 45968 | M4: ='RESUMEN TOTAL'!T7 -> 45969 | ... AI4: ='RESUMEN TOTAL'!AP7 -> 45991 | XFB4: =SUM(F4:XFA4) -> 1379295
A5: ='RESUMEN TOTAL'!A8 -> ALTAMIRA | B5: ='RESUMEN TOTAL'!B8 -> ALT01 | C5: ='RESUMEN TOTAL'!D8 -> Calchaqui y Sgto. Cabral | D5: ='RESUMEN TOTAL'!E8 -> Domo | E5: ='RESUMEN TOTAL'!F8 -> Fibra Optica | F5: ='RESUMEN TOTAL'!M8 -> 0 | G5: ='RESUMEN TOTAL'!N8 -> 0 | H5: ='RESUMEN TOTAL'!O8 -> 0 | I5: ='RESUMEN TOTAL'!P8 -> 0 | J5: ='RESUMEN TOTAL'!Q8 -> 0 | K5: ='RESUMEN TOTAL'!R8 -> 0 | L5: ='RESUMEN TOTAL'!S8 -> 0 | M5: ='RESUMEN TOTAL'!T8 -> 0 | ... AI5: ='RESUMEN TOTAL'!AP8 -> 0
A6: ='RESUMEN TOTAL'!A9 -> ALTAMIRA | B6: ='RESUMEN TOTAL'!B9 -> ALT02 | C6: ='RESUMEN TOTAL'!D9 -> Calchaqui y Lope de Vega | D6: ='RESUMEN TOTAL'!E9 -> Domo | E6: ='RESUMEN TOTAL'!F9 -> PTO A FO | F6: ='RESUMEN TOTAL'!M9 -> 0 | G6: ='RESUMEN TOTAL'!N9 -> 0 | H6: ='RESUMEN TOTAL'!O9 -> 0 | I6: ='RESUMEN TOTAL'!P9 -> 0 | J6: ='RESUMEN TOTAL'!Q9 -> 0 | K6: ='RESUMEN TOTAL'!R9 -> 0 | L6: ='RESUMEN TOTAL'!S9 -> 0 | M6: ='RESUMEN TOTAL'!T9 -> 0 | ... AI6: ='RESUMEN TOTAL'!AP9 -> 0
A7: ='RESUMEN TOTAL'!A10 -> ALTAMIRA | B7: ='RESUMEN TOTAL'!B10 -> ALT 03 | C7: ='RESUMEN TOTAL'!D10 -> Bombero Galarza y Necochea | D7: ='RESUMEN TOTAL'!E10 -> Domo | E7: ='RESUMEN TOTAL'!F10 -> GPON | F7: ='RESUMEN TOTAL'!M10 -> 0 | G7: ='RESUMEN TOTAL'!N10 -> 0 | H7: ='RESUMEN TOTAL'!O10 -> 0 | I7: ='RESUMEN TOTAL'!P10 -> 0 | J7: ='RESUMEN TOTAL'!Q10 -> 0 | K7: ='RESUMEN TOTAL'!R10 -> 0 | L7: ='RESUMEN TOTAL'!S10 -> 0 | M7: ='RESUMEN TOTAL'!T10 -> 0 | ... AI7: ='RESUMEN TOTAL'!AP10 -> 0
A8: ='RESUMEN TOTAL'!A11 -> ALTAMIRA | B8: ='RESUMEN TOTAL'!B11 -> ALT 04 | C8: ='RESUMEN TOTAL'!D11 -> Francia y Necochea | D8: ='RESUMEN TOTAL'!E11 -> Domo | E8: ='RESUMEN TOTAL'!F11 -> GPON | F8: ='RESUMEN TOTAL'!M11 -> 0 | G8: ='RESUMEN TOTAL'!N11 -> 0 | H8: ='RESUMEN TOTAL'!O11 -> 0 | I8: ='RESUMEN TOTAL'!P11 -> 0 | J8: ='RESUMEN TOTAL'!Q11 -> 0 | K8: ='RESUMEN TOTAL'!R11 -> 0 | L8: ='RESUMEN TOTAL'!S11 -> 0 | M8: ='RESUMEN TOTAL'!T11 -> 0 | ... AI8: ='RESUMEN TOTAL'!AP11 -> 0
A9: ='RESUMEN TOTAL'!A12 -> ALTAMIRA | B9: ='RESUMEN TOTAL'!B12 -> ALT05 | C9: ='RESUMEN TOTAL'!D12 -> Av. Calchaqui y Bombero Galarza | D9: ='RESUMEN TOTAL'!E12 -> Domo | E9: ='RESUMEN TOTAL'!F12 -> GPON | F9: ='RESUMEN TOTAL'!M12 -> 0 | G9: ='RESUMEN TOTAL'!N12 -> 0 | H9: ='RESUMEN TOTAL'!O12 -> 0 | I9: ='RESUMEN TOTAL'!P12 -> 0 | J9: ='RESUMEN TOTAL'!Q12 -> 0 | K9: ='RESUMEN TOTAL'!R12 -> 0 | L9: ='RESUMEN TOTAL'!S12 -> 0 | M9: ='RESUMEN TOTAL'!T12 -> 0 | ... AI9: ='RESUMEN TOTAL'!AP12 -> 0
A10: ='RESUMEN TOTAL'!A13 -> ALTAMIRA | B10: ='RESUMEN TOTAL'!B13 -> ALT 06 | C10: ='RESUMEN TOTAL'!D13 -> LOPE DE VEGA Y NECOCHEA | D10: ='RESUMEN TOTAL'!E13 -> Domo | E10: ='RESUMEN TOTAL'!F13 -> GPON | F10: ='RESUMEN TOTAL'!M13 -> 0 | G10: ='RESUMEN TOTAL'!N13 -> 0 | H10: ='RESUMEN TOTAL'!O13 -> 0 | I10: ='RESUMEN TOTAL'!P13 -> 0 | J10: ='RESUMEN TOTAL'!Q13 -> 0 | K10: ='RESUMEN TOTAL'!R13 -> 0 | L10: ='RESUMEN TOTAL'!S13 -> 0 | M10: ='RESUMEN TOTAL'!T13 -> 0 | ... AI10: ='RESUMEN TOTAL'!AP13 -> 0
A11: ='RESUMEN TOTAL'!A14 -> ALTAMIRA | B11: ='RESUMEN TOTAL'!B14 -> ALT07 | C11: ='RESUMEN TOTAL'!D14 -> AV. CALCHAQUI Y AV. DEL TRABAJO | D11: ='RESUMEN TOTAL'!E14 -> DOMO | E11: ='RESUMEN TOTAL'!F14 -> PTO A FO | F11: ='RESUMEN TOTAL'!M14 -> 0 | G11: ='RESUMEN TOTAL'!N14 -> 0 | H11: ='RESUMEN TOTAL'!O14 -> 0 | I11: ='RESUMEN TOTAL'!P14 -> 0 | J11: ='RESUMEN TOTAL'!Q14 -> 0 | K11: ='RESUMEN TOTAL'!R14 -> 0 | L11: ='RESUMEN TOTAL'!S14 -> 0 | M11: ='RESUMEN TOTAL'!T14 -> 0 | ... AI11: ='RESUMEN TOTAL'!AP14 -> 0
A12: ='RESUMEN TOTAL'!A15 -> ALTAMIRA | B12: ='RESUMEN TOTAL'!B15 -> ALT 08 | C12: ='RESUMEN TOTAL'!D15 -> HUMAITA Y NECOCHEA | D12: ='RESUMEN TOTAL'!E15 -> DOMO | E12: ='RESUMEN TOTAL'!F15 -> Fibra Optica | F12: ='RESUMEN TOTAL'!M15 -> 0 | G12: ='RESUMEN TOTAL'!N15 -> 0 | H12: ='RESUMEN TOTAL'!O15 -> 0 | I12: ='RESUMEN TOTAL'!P15 -> 0 | J12: ='RESUMEN TOTAL'!Q15 -> 0 | K12: ='RESUMEN TOTAL'!R15 -> 0 | L12: ='RESUMEN TOTAL'!S15 -> 0 | M12: ='RESUMEN TOTAL'!T15 -> 0 | ... AI12: ='RESUMEN TOTAL'!AP15 -> 0
A13: ='RESUMEN TOTAL'!A16 -> ALTAMIRA | B13: ='RESUMEN TOTAL'!B16 -> ALT 09 | C13: ='RESUMEN TOTAL'!D16 -> NECOCHEA Y CURUPAITY | D13: ='RESUMEN TOTAL'!E16 -> DOMO | E13: ='RESUMEN TOTAL'!F16 -> Fibra Optica | F13: ='RESUMEN TOTAL'!M16 -> 0 | G13: ='RESUMEN TOTAL'!N16 -> 0 | H13: ='RESUMEN TOTAL'!O16 -> 0 | I13: ='RESUMEN TOTAL'!P16 -> 0 | J13: ='RESUMEN TOTAL'!Q16 -> 0 | K13: ='RESUMEN TOTAL'!R16 -> 0 | L13: ='RESUMEN TOTAL'!S16 -> 0 | M13: ='RESUMEN TOTAL'!T16 -> 0 | ... AI13: ='RESUMEN TOTAL'!AP16 -> 0
A14: ='RESUMEN TOTAL'!A17 -> ALTAMIRA | B14: ='RESUMEN TOTAL'!B17 -> ALT 10 | C14: ='RESUMEN TOTAL'!D17 -> Calchaqui y Francia | D14: ='RESUMEN TOTAL'!E17 -> Domo | E14: ='RESUMEN TOTAL'!F17 -> GPON | F14: ='RESUMEN TOTAL'!M17 -> 0 | G14: ='RESUMEN TOTAL'!N17 -> 0 | H14: ='RESUMEN TOTAL'!O17 -> 0 | I14: ='RESUMEN TOTAL'!P17 -> 0 | J14: ='RESUMEN TOTAL'!Q17 -> 0 | K14: ='RESUMEN TOTAL'!R17 -> 0 | L14: ='RESUMEN TOTAL'!S17 -> 0 | M14: ='RESUMEN TOTAL'!T17 -> 0 | ... AI14: ='RESUMEN TOTAL'!AP17 -> 0
A15: ='RESUMEN TOTAL'!A18 -> ALTAMIRA | B15: ='RESUMEN TOTAL'!B18 -> ALT 11 | C15: CALCHAQUÍ Y GALARZA FIJA | D15: ='RESUMEN TOTAL'!E18 -> Fija | F15: ='RESUMEN TOTAL'!M18 -> 0 | G15: ='RESUMEN TOTAL'!N18 -> 0 | H15: ='RESUMEN TOTAL'!O18 -> 0 | I15: ='RESUMEN TOTAL'!P18 -> 0 | J15: ='RESUMEN TOTAL'!Q18 -> 0 | K15: ='RESUMEN TOTAL'!R18 -> 0 | L15: ='RESUMEN TOTAL'!S18 -> 0 | M15: ='RESUMEN TOTAL'!T18 -> 0 | ... AI15: ='RESUMEN TOTAL'!AP18 -> 0
A16: ='RESUMEN TOTAL'!A19 -> AGUSTIN RAMIREZ | B16: ='RESUMEN TOTAL'!B19 -> ARA 01 | C16: ='RESUMEN TOTAL'!D19 -> Malambo y Tranquera | D16: ='RESUMEN TOTAL'!E19 -> Domo | E16: ='RESUMEN TOTAL'!F19 -> Fibra Optica | F16: ='RESUMEN TOTAL'!M19 -> 0 | G16: ='RESUMEN TOTAL'!N19 -> 0 | H16: ='RESUMEN TOTAL'!O19 -> 0 | I16: ='RESUMEN TOTAL'!P19 -> 0 | J16: ='RESUMEN TOTAL'!Q19 -> 0 | K16: ='RESUMEN TOTAL'!R19 -> 0 | L16: ='RESUMEN TOTAL'!S19 -> 0 | M16: ='RESUMEN TOTAL'!T19 -> 0 | ... AI16: ='RESUMEN TOTAL'!AP19 -> 0
A17: ='RESUMEN TOTAL'!A22 -> BELGRANO | B17: ='RESUMEN TOTAL'!B22 -> BEL 01 | C17: ='RESUMEN TOTAL'!D22 -> San Martin y Dardo Rocha | D17: ='RESUMEN TOTAL'!E22 -> DOMO | E17: ='RESUMEN TOTAL'!F22 -> Fibra Optica | F17: ='RESUMEN TOTAL'!M22 -> 0 | G17: ='RESUMEN TOTAL'!N22 -> 0 | H17: ='RESUMEN TOTAL'!O22 -> 0 | I17: ='RESUMEN TOTAL'!P22 -> 0 | J17: ='RESUMEN TOTAL'!Q22 -> 0 | K17: ='RESUMEN TOTAL'!R22 -> 0 | L17: ='RESUMEN TOTAL'!S22 -> 0 | M17: ='RESUMEN TOTAL'!T22 -> 0 | ... AI17: ='RESUMEN TOTAL'!AP22 -> 0
A18: ='RESUMEN TOTAL'!A23 -> BELGRANO | B18: ='RESUMEN TOTAL'!B23 -> BEL 02 | C18: ='RESUMEN TOTAL'!D23 -> Guardia vieja y Fronteriz | D18: ='RESUMEN TOTAL'!E23 -> DOMO | E18: ='RESUMEN TOTAL'!F23 -> Fibra Optica | F18: ='RESUMEN TOTAL'!M23 -> 0 | G18: ='RESUMEN TOTAL'!N23 -> 0 | H18: ='RESUMEN TOTAL'!O23 -> 0 | I18: ='RESUMEN TOTAL'!P23 -> 0 | J18: ='RESUMEN TOTAL'!Q23 -> 0 | K18: ='RESUMEN TOTAL'!R23 -> 0 | L18: ='RESUMEN TOTAL'!S23 -> 0 | M18: ='RESUMEN TOTAL'!T23 -> 0 | ... AI18: ='RESUMEN TOTAL'!AP23 -> 0
A19: ='RESUMEN TOTAL'!A24 -> BOSQUES CENTRO | B19: ='RESUMEN TOTAL'!B24 -> BOSQC 01 | C19: ='RESUMEN TOTAL'!D24 -> LUIS AGOTE E/DANUNCIO Y CAMPOAMOR | D19: ='RESUMEN TOTAL'!E24 -> Fija | E19: ='RESUMEN TOTAL'!F24 -> PTO A FO | F19: ='RESUMEN TOTAL'!M24 -> 0 | G19: ='RESUMEN TOTAL'!N24 -> 0 | H19: ='RESUMEN TOTAL'!O24 -> 0 | I19: ='RESUMEN TOTAL'!P24 -> 0 | J19: ='RESUMEN TOTAL'!Q24 -> 0 | K19: ='RESUMEN TOTAL'!R24 -> 0 | L19: ='RESUMEN TOTAL'!S24 -> 0 | M19: ='RESUMEN TOTAL'!T24 -> 0 | ... AI19: ='RESUMEN TOTAL'!AP24 -> 0
A20: ='RESUMEN TOTAL'!A25 -> BOSQUES CENTRO | B20: ='RESUMEN TOTAL'!B25 -> BOSQC 02 | C20: ='RESUMEN TOTAL'!D25 -> LUIS AGOTE E/DANUNCIO Y CAMPOAMOR | D20: ='RESUMEN TOTAL'!E25 -> Fija | E20: ='RESUMEN TOTAL'!F25 -> PTO A FO | F20: ='RESUMEN TOTAL'!M25 -> 0 | G20: ='RESUMEN TOTAL'!N25 -> 0 | H20: ='RESUMEN TOTAL'!O25 -> 0 | I20: ='RESUMEN TOTAL'!P25 -> 0 | J20: ='RESUMEN TOTAL'!Q25 -> 0 | K20: ='RESUMEN TOTAL'!R25 -> 0 | L20: ='RESUMEN TOTAL'!S25 -> 0 | M20: ='RESUMEN TOTAL'!T25 -> 0 | ... AI20: ='RESUMEN TOTAL'!AP25 -> 0
A21: ='RESUMEN TOTAL'!A26 -> BOSQUES CENTRO | B21: ='RESUMEN TOTAL'!B26 -> BOSQC 03 | C21: ='RESUMEN TOTAL'!D26 -> BENAVENTE Y LUIS AGOTE | D21: ='RESUMEN TOTAL'!E26 -> Fija | E21: ='RESUMEN TOTAL'!F26 -> PTO A FO | F21: ='RESUMEN TOTAL'!M26 -> 0 | G21: ='RESUMEN TOTAL'!N26 -> 0 | H21: ='RESUMEN TOTAL'!O26 -> 0 | I21: ='RESUMEN TOTAL'!P26 -> 0 | J21: ='RESUMEN TOTAL'!Q26 -> 0 | K21: ='RESUMEN TOTAL'!R26 -> 0 | L21: ='RESUMEN TOTAL'!S26 -> 0 | M21: ='RESUMEN TOTAL'!T26 -> 0 | ... AI21: ='RESUMEN TOTAL'!AP26 -> 0
A22: ='RESUMEN TOTAL'!A27 -> BOSQUES CENTRO | B22: ='RESUMEN TOTAL'!B27 -> BOSQC 04 | C22: ='RESUMEN TOTAL'!D27 -> BENAVENTE Y LUIS AGOTE | D22: ='RESUMEN TOTAL'!E27 -> Fija | E22: ='RESUMEN TOTAL'!F27 -> PTO A FO | F22: ='RESUMEN TOTAL'!M27 -> 0 | G22: ='RESUMEN TOTAL'!N27 -> 0 | H22: ='RESUMEN TOTAL'!O27 -> 0 | I22: ='RESUMEN TOTAL'!P27 -> 0 | J22: ='RESUMEN TOTAL'!Q27 -> 0 | K22: ='RESUMEN TOTAL'!R27 -> 0 | L22: ='RESUMEN TOTAL'!S27 -> 0 | M22: ='RESUMEN TOTAL'!T27 -> 0 | ... AI22: ='RESUMEN TOTAL'!AP27 -> 0
A23: ='RESUMEN TOTAL'!A28 -> BOSQUES CENTRO | B23: ='RESUMEN TOTAL'!B28 -> BOSQC 05 | C23: ='RESUMEN TOTAL'!D28 -> LUIS AGOTE Y RUTA 36 | D23: ='RESUMEN TOTAL'!E28 -> Fija | E23: ='RESUMEN TOTAL'!F28 -> PTO A FO | F23: ='RESUMEN TOTAL'!M28 -> 0 | G23: ='RESUMEN TOTAL'!N28 -> 0 | H23: ='RESUMEN TOTAL'!O28 -> 0 | I23: ='RESUMEN TOTAL'!P28 -> 0 | J23: ='RESUMEN TOTAL'!Q28 -> 0 | K23: ='RESUMEN TOTAL'!R28 -> 0 | L23: ='RESUMEN TOTAL'!S28 -> 0 | M23: ='RESUMEN TOTAL'!T28 -> 0 | ... AI23: ='RESUMEN TOTAL'!AP28 -> 0
A24: ='RESUMEN TOTAL'!A29 -> BOSQUES CENTRO | B24: ='RESUMEN TOTAL'!B29 -> BOSQC 06 | C24: ='RESUMEN TOTAL'!D29 -> LUIS AGOTE Y RUTA 36 | D24: ='RESUMEN TOTAL'!E29 -> Fija | E24: ='RESUMEN TOTAL'!F29 -> PTO A FO | F24: ='RESUMEN TOTAL'!M29 -> 0 | G24: ='RESUMEN TOTAL'!N29 -> 0 | H24: ='RESUMEN TOTAL'!O29 -> 0 | I24: ='RESUMEN TOTAL'!P29 -> 0 | J24: ='RESUMEN TOTAL'!Q29 -> 0 | K24: ='RESUMEN TOTAL'!R29 -> 0 | L24: ='RESUMEN TOTAL'!S29 -> 0 | M24: ='RESUMEN TOTAL'!T29 -> 0 | ... AI24: ='RESUMEN TOTAL'!AP29 -> 0
A25: ='RESUMEN TOTAL'!A44 -> CENTRO | B25: ='RESUMEN TOTAL'!B44 -> CEN01 | C25: ='RESUMEN TOTAL'!D44 -> San Martin y 9 de Julio | D25: ='RESUMEN TOTAL'!E44 -> Fija | E25: ='RESUMEN TOTAL'!F44 -> Fibra Optica | F25: ='RESUMEN TOTAL'!M44 -> 0 | G25: ='RESUMEN TOTAL'!N44 -> 0 | H25: ='RESUMEN TOTAL'!O44 -> 0 | I25: ='RESUMEN TOTAL'!P44 -> 0 | J25: ='RESUMEN TOTAL'!Q44 -> 0 | K25: ='RESUMEN TOTAL'!R44 -> 0 | L25: ='RESUMEN TOTAL'!S44 -> 0 | M25: ='RESUMEN TOTAL'!T44 -> 0 | ... AI25: ='RESUMEN TOTAL'!AP44 -> 0
A26: ='RESUMEN TOTAL'!A45 -> CENTRO | B26: ='RESUMEN TOTAL'!B45 -> CEN02 | C26: ='RESUMEN TOTAL'!D45 -> San Martin y Almafuerte | D26: ='RESUMEN TOTAL'!E45 -> Fija | E26: ='RESUMEN TOTAL'!F45 -> Fibra Optica | F26: ='RESUMEN TOTAL'!M45 -> 0 | G26: ='RESUMEN TOTAL'!N45 -> 0 | H26: ='RESUMEN TOTAL'!O45 -> 0 | I26: ='RESUMEN TOTAL'!P45 -> 0 | J26: ='RESUMEN TOTAL'!Q45 -> 0 | K26: ='RESUMEN TOTAL'!R45 -> 0 | L26: ='RESUMEN TOTAL'!S45 -> 0 | M26: ='RESUMEN TOTAL'!T45 -> 0 | ... AI26: ='RESUMEN TOTAL'!AP45 -> 0
A27: ='RESUMEN TOTAL'!A46 -> CENTRO | B27: ='RESUMEN TOTAL'!B46 -> CEN03 | C27: ='RESUMEN TOTAL'!D46 -> San Martin y Sallares | D27: ='RESUMEN TOTAL'!E46 -> Domo | E27: ='RESUMEN TOTAL'!F46 -> Fibra Optica | F27: ='RESUMEN TOTAL'!M46 -> 0 | G27: ='RESUMEN TOTAL'!N46 -> 0 | H27: ='RESUMEN TOTAL'!O46 -> 0 | I27: ='RESUMEN TOTAL'!P46 -> 0 | J27: ='RESUMEN TOTAL'!Q46 -> 0 | K27: ='RESUMEN TOTAL'!R46 -> 0 | L27: ='RESUMEN TOTAL'!S46 -> 0 | M27: ='RESUMEN TOTAL'!T46 -> 0 | ... AI27: ='RESUMEN TOTAL'!AP46 -> 0
A28: ='RESUMEN TOTAL'!A47 -> CENTRO | B28: ='RESUMEN TOTAL'!B47 -> CEN04 | C28: ='RESUMEN TOTAL'!D47 -> San Martin y Contreras | D28: ='RESUMEN TOTAL'!E47 -> Domo | E28: ='RESUMEN TOTAL'!F47 -> Fibra Optica | F28: ='RESUMEN TOTAL'!M47 -> 0 | G28: ='RESUMEN TOTAL'!N47 -> 0 | H28: ='RESUMEN TOTAL'!O47 -> 0 | I28: ='RESUMEN TOTAL'!P47 -> 0 | J28: ='RESUMEN TOTAL'!Q47 -> 0 | K28: ='RESUMEN TOTAL'!R47 -> 0 | L28: ='RESUMEN TOTAL'!S47 -> 0 | M28: ='RESUMEN TOTAL'!T47 -> 0 | ... AI28: ='RESUMEN TOTAL'!AP47 -> 0
A29: ='RESUMEN TOTAL'!A48 -> CENTRO | B29: ='RESUMEN TOTAL'!B48 -> CEN 05 | C29: ='RESUMEN TOTAL'!D48 -> Bocuzzi e/España y San Martin | D29: ='RESUMEN TOTAL'!E48 -> DOMO | E29: ='RESUMEN TOTAL'!F48 -> Fibra Optica | F29: ='RESUMEN TOTAL'!M48 -> 0 | G29: ='RESUMEN TOTAL'!N48 -> 0 | H29: ='RESUMEN TOTAL'!O48 -> 0 | I29: ='RESUMEN TOTAL'!P48 -> 0 | J29: ='RESUMEN TOTAL'!Q48 -> 0 | K29: ='RESUMEN TOTAL'!R48 -> 0 | L29: ='RESUMEN TOTAL'!S48 -> 0 | M29: ='RESUMEN TOTAL'!T48 -> 0 | ... AI29: ='RESUMEN TOTAL'!AP48 -> 0
A30: ='RESUMEN TOTAL'!A49 -> CENTRO | B30: ='RESUMEN TOTAL'!B49 -> CEN06 | C30: ='RESUMEN TOTAL'!D49 -> Monteagudo y A.del Valle | D30: ='RESUMEN TOTAL'!E49 -> Fija | E30: ='RESUMEN TOTAL'!F49 -> Fibra Optica | F30: ='RESUMEN TOTAL'!M49 -> 0 | G30: ='RESUMEN TOTAL'!N49 -> 0 | H30: ='RESUMEN TOTAL'!O49 -> 0 | I30: ='RESUMEN TOTAL'!P49 -> 0 | J30: ='RESUMEN TOTAL'!Q49 -> 0 | K30: ='RESUMEN TOTAL'!R49 -> 0 | L30: ='RESUMEN TOTAL'!S49 -> 0 | M30: ='RESUMEN TOTAL'!T49 -> 0 | ... AI30: ='RESUMEN TOTAL'!AP49 -> 0
A31: ='RESUMEN TOTAL'!A50 -> CENTRO | B31: ='RESUMEN TOTAL'!B50 -> CEN07 | C31: ='RESUMEN TOTAL'!D50 -> San Martin y Guemes | D31: ='RESUMEN TOTAL'!E50 -> DOMO | E31: ='RESUMEN TOTAL'!F50 -> Fibra Optica | F31: ='RESUMEN TOTAL'!M50 -> 0 | G31: ='RESUMEN TOTAL'!N50 -> 0 | H31: ='RESUMEN TOTAL'!O50 -> 0 | I31: ='RESUMEN TOTAL'!P50 -> 0 | J31: ='RESUMEN TOTAL'!Q50 -> 0 | K31: ='RESUMEN TOTAL'!R50 -> 0 | L31: ='RESUMEN TOTAL'!S50 -> 0 | M31: ='RESUMEN TOTAL'!T50 -> 0 | ... AI31: ='RESUMEN TOTAL'!AP50 -> 0
A32: ='RESUMEN TOTAL'!A51 -> CENTRO | B32: ='RESUMEN TOTAL'!B51 -> CEN08 | C32: ='RESUMEN TOTAL'!D51 -> San Martin y Pte.Peron | D32: ='RESUMEN TOTAL'!E51 -> Domo | E32: ='RESUMEN TOTAL'!F51 -> Fibra Optica | F32: ='RESUMEN TOTAL'!M51 -> 0 | G32: ='RESUMEN TOTAL'!N51 -> 0 | H32: ='RESUMEN TOTAL'!O51 -> 0 | I32: ='RESUMEN TOTAL'!P51 -> 0 | J32: ='RESUMEN TOTAL'!Q51 -> 0 | K32: ='RESUMEN TOTAL'!R51 -> 0 | L32: ='RESUMEN TOTAL'!S51 -> 0 | M32: ='RESUMEN TOTAL'!T51 -> 0 | ... AI32: ='RESUMEN TOTAL'!AP51 -> 0
A33: ='RESUMEN TOTAL'!A52 -> CENTRO | B33: ='RESUMEN TOTAL'!B52 -> CEN09 | C33: ='RESUMEN TOTAL'!D52 -> Chacabuco y 25 de Mayo | D33: ='RESUMEN TOTAL'!E52 -> Domo | E33: ='RESUMEN TOTAL'!F52 -> Fibra Optica | F33: ='RESUMEN TOTAL'!M52 -> 0 | G33: ='RESUMEN TOTAL'!N52 -> 0 | H33: ='RESUMEN TOTAL'!O52 -> 0 | I33: ='RESUMEN TOTAL'!P52 -> 0 | J33: ='RESUMEN TOTAL'!Q52 -> 0 | K33: ='RESUMEN TOTAL'!R52 -> 0 | L33: ='RESUMEN TOTAL'!S52 -> 0 | M33: ='RESUMEN TOTAL'!T52 -> 0 | ... AI33: ='RESUMEN TOTAL'!AP52 -> 0
A34: ='RESUMEN TOTAL'!A53 -> CENTRO | B34: ='RESUMEN TOTAL'!B53 -> CEN10 | C34: ='RESUMEN TOTAL'!D53 -> Monteagudo y Pte. Peron | D34: ='RESUMEN TOTAL'!E53 -> Domo | E34: ='RESUMEN TOTAL'!F53 -> Fibra Optica | F34: ='RESUMEN TOTAL'!M53 -> 0 | G34: ='RESUMEN TOTAL'!N53 -> 0 | H34: ='RESUMEN TOTAL'!O53 -> 0 | I34: ='RESUMEN TOTAL'!P53 -> 0 | J34: ='RESUMEN TOTAL'!Q53 -> 0 | K34: ='RESUMEN TOTAL'!R53 -> 0 | L34: ='RESUMEN TOTAL'!S53 -> 0 | M34: ='RESUMEN TOTAL'!T53 -> 0 | ... AI34: ='RESUMEN TOTAL'!AP53 -> 0
A35: ='RESUMEN TOTAL'!A54 -> CENTRO | B35: ='RESUMEN TOTAL'!B54 -> CEN11 | C35: ='RESUMEN TOTAL'!D54 -> Monteagudo y Bocuzzi | D35: ='RESUMEN TOTAL'!E54 -> Domo | E35: ='RESUMEN TOTAL'!F54 -> Fibra Optica | F35: ='RESUMEN TOTAL'!M54 -> 0 | G35: ='RESUMEN TOTAL'!N54 -> 0 | H35: ='RESUMEN TOTAL'!O54 -> 0 | I35: ='RESUMEN TOTAL'!P54 -> 0 | J35: ='RESUMEN TOTAL'!Q54 -> 0 | K35: ='RESUMEN TOTAL'!R54 -> 0 | L35: ='RESUMEN TOTAL'!S54 -> 0 | M35: ='RESUMEN TOTAL'!T54 -> 0 | ... AI35: ='RESUMEN TOTAL'!AP54 -> 0
A36: ='RESUMEN TOTAL'!A55 -> CENTRO | B36: ='RESUMEN TOTAL'!B55 -> CEN 12 | C36: ='RESUMEN TOTAL'!D55 -> Monteagudo y Mitre | D36: ='RESUMEN TOTAL'!E55 -> Domo | E36: ='RESUMEN TOTAL'!F55 -> Fibra Optica | F36: ='RESUMEN TOTAL'!M55 -> 0 | G36: ='RESUMEN TOTAL'!N55 -> 0 | H36: ='RESUMEN TOTAL'!O55 -> 0 | I36: ='RESUMEN TOTAL'!P55 -> 0 | J36: ='RESUMEN TOTAL'!Q55 -> 0 | K36: ='RESUMEN TOTAL'!R55 -> 0 | L36: ='RESUMEN TOTAL'!S55 -> 0 | M36: ='RESUMEN TOTAL'!T55 -> 0 | ... AI36: ='RESUMEN TOTAL'!AP55 -> 0
... A71: ='RESUMEN TOTAL'!A90 -> CENTRO | B71: ='RESUMEN TOTAL'!B90 -> CEN47 | C71: ='RESUMEN TOTAL'!D90 -> Sallares y Brown | D71: ='RESUMEN TOTAL'!E90 -> Domo | E71: ='RESUMEN TOTAL'!F90 -> Fibra Optica | F71: ='RESUMEN TOTAL'!M90 -> 0 | G71: ='RESUMEN TOTAL'!N90 -> 0 | H71: ='RESUMEN TOTAL'!O90 -> 0 | I71: ='RESUMEN TOTAL'!P90 -> 0 | J71: ='RESUMEN TOTAL'!Q90 -> 0 | K71: ='RESUMEN TOTAL'!R90 -> 0 | L71: ='RESUMEN TOTAL'!S90 -> 0 | M71: ='RESUMEN TOTAL'!T90 -> 0 | ... AI71: ='RESUMEN TOTAL'!AP90 -> 0
A72: ='RESUMEN TOTAL'!A91 -> CENTRO | B72: ='RESUMEN TOTAL'!B91 -> CEN48 | C72: ='RESUMEN TOTAL'!D91 -> Velez Sarsfield y Las Heras | D72: ='RESUMEN TOTAL'!E91 -> Domo | E72: ='RESUMEN TOTAL'!F91 -> GPON | F72: ='RESUMEN TOTAL'!M91 -> 0 | G72: ='RESUMEN TOTAL'!N91 -> 0 | H72: ='RESUMEN TOTAL'!O91 -> 0 | I72: ='RESUMEN TOTAL'!P91 -> 0 | J72: ='RESUMEN TOTAL'!Q91 -> 0 | K72: ='RESUMEN TOTAL'!R91 -> 0 | L72: ='RESUMEN TOTAL'!S91 -> 0 | M72: ='RESUMEN TOTAL'!T91 -> 0 | ... Z72: ='RESUMEN TOTAL'!AG91 -> 0 | AA72: ='RESUMEN TOTAL'!#REF! -> #REF! | AB72: ='RESUMEN TOTAL'!AI91 -> 0 | AC72: ='RESUMEN TOTAL'!AJ91 -> 0 | AD72: ='RESUMEN TOTAL'!AK91 -> 0 | AE72: ='RESUMEN TOTAL'!AL91 -> 0 | AF72: ='RESUMEN TOTAL'!AM91 -> 0 | AG72: ='RESUMEN TOTAL'!AN91 -> 0 | AH72: ='RESUMEN TOTAL'!AO91 -> 0 | AI72: ='RESUMEN TOTAL'!AP91 -> 0
A73: ='RESUMEN TOTAL'!A92 -> CENTRO | B73: ='RESUMEN TOTAL'!B92 -> CEN49 | C73: ='RESUMEN TOTAL'!D92 -> Av. San Martin y Florencio Sanchez | D73: ='RESUMEN TOTAL'!E92 -> Domo | E73: ='RESUMEN TOTAL'!F92 -> Fibra Optica | F73: ='RESUMEN TOTAL'!M92 -> 0 | G73: ='RESUMEN TOTAL'!N92 -> 0 | H73: ='RESUMEN TOTAL'!O92 -> 0 | I73: ='RESUMEN TOTAL'!P92 -> 0 | J73: ='RESUMEN TOTAL'!Q92 -> 0 | K73: ='RESUMEN TOTAL'!R92 -> 0 | L73: ='RESUMEN TOTAL'!S92 -> 0 | M73: ='RESUMEN TOTAL'!T92 -> 0 | ... AI73: ='RESUMEN TOTAL'!AP92 -> 0
A74: ='RESUMEN TOTAL'!A93 -> CENTRO | B74: ='RESUMEN TOTAL'!B93 -> CEN 50 | C74: ='RESUMEN TOTAL'!D93 -> Av. San Martin y Newbery | D74: ='RESUMEN TOTAL'!E93 -> Domo | E74: ='RESUMEN TOTAL'!F93 -> GPON | F74: ='RESUMEN TOTAL'!M93 -> 0 | G74: ='RESUMEN TOTAL'!N93 -> 0 | H74: ='RESUMEN TOTAL'!O93 -> 0 | I74: ='RESUMEN TOTAL'!P93 -> 0 | J74: ='RESUMEN TOTAL'!Q93 -> 0 | K74: ='RESUMEN TOTAL'!R93 -> 0 | L74: ='RESUMEN TOTAL'!S93 -> 0 | M74: ='RESUMEN TOTAL'!T93 -> 0 | ... AI74: ='RESUMEN TOTAL'!AP93 -> 0
A75: ='RESUMEN TOTAL'!A94 -> CENTRO | B75: ='RESUMEN TOTAL'!B94 -> CEN 51 | C75: ='RESUMEN TOTAL'!D94 -> ILLIA Y LAS HERAS | D75: ='RESUMEN TOTAL'!E94 -> FIJA | E75: ='RESUMEN TOTAL'!F94 -> GPON | F75: ='RESUMEN TOTAL'!M94 -> 0 | G75: ='RESUMEN TOTAL'!N94 -> 0 | H75: ='RESUMEN TOTAL'!O94 -> 0 | I75: ='RESUMEN TOTAL'!P94 -> 0 | J75: ='RESUMEN TOTAL'!Q94 -> 0 | K75: ='RESUMEN TOTAL'!R94 -> 0 | L75: ='RESUMEN TOTAL'!S94 -> 0 | M75: ='RESUMEN TOTAL'!T94 -> 0 | ... AI75: ='RESUMEN TOTAL'!AP94 -> 0
A76: ='RESUMEN TOTAL'!A95 -> CENTRO | B76: ='RESUMEN TOTAL'!B95 -> CEN52 | C76: ='RESUMEN TOTAL'!D95 -> San Martin y Almafuerte (ex San Martin y Dorrego) | D76: ='RESUMEN TOTAL'!E95 -> DOMO | E76: ='RESUMEN TOTAL'!F95 -> GPON | F76: ='RESUMEN TOTAL'!M95 -> 0 | G76: ='RESUMEN TOTAL'!N95 -> 0 | H76: ='RESUMEN TOTAL'!O95 -> 0 | I76: ='RESUMEN TOTAL'!P95 -> 0 | J76: ='RESUMEN TOTAL'!Q95 -> 0 | K76: ='RESUMEN TOTAL'!R95 -> 0 | L76: ='RESUMEN TOTAL'!S95 -> 0 | M76: ='RESUMEN TOTAL'!T95 -> 0 | ... AI76: ='RESUMEN TOTAL'!AP95 -> 0
A77: ='RESUMEN TOTAL'!A96 -> CENTRO | B77: ='RESUMEN TOTAL'!B96 -> CEN 53 | C77: ='RESUMEN TOTAL'!D96 -> GUTIERREZ Y BROWN | D77: ='RESUMEN TOTAL'!E96 -> Domo | E77: ='RESUMEN TOTAL'!F96 -> GPON | F77: ='RESUMEN TOTAL'!M96 -> 0 | G77: ='RESUMEN TOTAL'!N96 -> 0 | H77: ='RESUMEN TOTAL'!O96 -> 0 | I77: ='RESUMEN TOTAL'!P96 -> 0 | J77: ='RESUMEN TOTAL'!Q96 -> 0 | K77: ='RESUMEN TOTAL'!R96 -> 0 | L77: ='RESUMEN TOTAL'!S96 -> 0 | M77: ='RESUMEN TOTAL'!T96 -> 0 | ... AI77: ='RESUMEN TOTAL'!AP96 -> 0
A78: ='RESUMEN TOTAL'!A97 -> CENTRO | B78: ='RESUMEN TOTAL'!B97 -> CEN 54 | C78: ='RESUMEN TOTAL'!D97 -> GUTIERREZ Y PRINGLES | D78: ='RESUMEN TOTAL'!E97 -> Domo | E78: ='RESUMEN TOTAL'!F97 -> GPON | F78: ='RESUMEN TOTAL'!M97 -> 0 | G78: ='RESUMEN TOTAL'!N97 -> 0 | H78: ='RESUMEN TOTAL'!O97 -> 0 | I78: ='RESUMEN TOTAL'!P97 -> 0 | J78: ='RESUMEN TOTAL'!Q97 -> 0 | K78: ='RESUMEN TOTAL'!R97 -> 0 | L78: ='RESUMEN TOTAL'!S97 -> 0 | M78: ='RESUMEN TOTAL'!T97 -> 0 | ... AI78: ='RESUMEN TOTAL'!AP97 -> 0
A79: ='RESUMEN TOTAL'!A98 -> CENTRO | B79: ='RESUMEN TOTAL'!B98 -> CEN 55 | C79: ='RESUMEN TOTAL'!D98 -> BOUREL Y URQUIZA | D79: ='RESUMEN TOTAL'!E98 -> Domo | E79: ='RESUMEN TOTAL'!F98 -> GPON | F79: ='RESUMEN TOTAL'!M98 -> 0 | G79: ='RESUMEN TOTAL'!N98 -> 0 | H79: ='RESUMEN TOTAL'!O98 -> 0 | I79: ='RESUMEN TOTAL'!P98 -> 0 | J79: ='RESUMEN TOTAL'!Q98 -> 0 | K79: ='RESUMEN TOTAL'!R98 -> 0 | L79: ='RESUMEN TOTAL'!S98 -> 0 | M79: ='RESUMEN TOTAL'!T98 -> 0 | ... AI79: ='RESUMEN TOTAL'!AP98 -> 0
A80: ='RESUMEN TOTAL'!A99 -> CENTRO | B80: ='RESUMEN TOTAL'!B99 -> CEN 56 | C80: ='RESUMEN TOTAL'!D99 -> Newbery y Falucho | D80: ='RESUMEN TOTAL'!E99 -> DOMO | E80: ='RESUMEN TOTAL'!F99 -> GPON | F80: ='RESUMEN TOTAL'!M99 -> 0 | G80: ='RESUMEN TOTAL'!N99 -> 0 | H80: ='RESUMEN TOTAL'!O99 -> 0 | I80: ='RESUMEN TOTAL'!P99 -> 0 | J80: ='RESUMEN TOTAL'!Q99 -> 0 | K80: ='RESUMEN TOTAL'!R99 -> 0 | L80: ='RESUMEN TOTAL'!S99 -> 0 | M80: ='RESUMEN TOTAL'!T99 -> 0 | ... AI80: ='RESUMEN TOTAL'!AP99 -> 0
A81: ='RESUMEN TOTAL'!A100 -> CENTRO | B81: ='RESUMEN TOTAL'!B100 -> CEN 57 | C81: ='RESUMEN TOTAL'!D100 -> 25 DE MAYO Y DORREGO | D81: ='RESUMEN TOTAL'!E100 -> DOMO | E81: ='RESUMEN TOTAL'!F100 -> GPON | F81: ='RESUMEN TOTAL'!M100 -> 0 | G81: ='RESUMEN TOTAL'!N100 -> 0 | H81: ='RESUMEN TOTAL'!O100 -> 0 | I81: ='RESUMEN TOTAL'!P100 -> 0 | J81: ='RESUMEN TOTAL'!Q100 -> 0 | K81: ='RESUMEN TOTAL'!R100 -> 0 | L81: ='RESUMEN TOTAL'!S100 -> 0 | M81: ='RESUMEN TOTAL'!T100 -> 0 | ... AI81: ='RESUMEN TOTAL'!AP100 -> 0
A82: ='RESUMEN TOTAL'!A101 -> CENTRO | B82: ='RESUMEN TOTAL'!B101 -> CEN 58 | C82: ='RESUMEN TOTAL'!D101 -> EEUU Y MORENO | D82: ='RESUMEN TOTAL'!E101 -> DOMO | E82: ='RESUMEN TOTAL'!F101 -> Fibra Optica | F82: ='RESUMEN TOTAL'!M101 -> 0 | G82: ='RESUMEN TOTAL'!N101 -> 0 | H82: ='RESUMEN TOTAL'!O101 -> 0 | I82: ='RESUMEN TOTAL'!P101 -> 0 | J82: ='RESUMEN TOTAL'!Q101 -> 0 | K82: ='RESUMEN TOTAL'!R101 -> 0 | L82: ='RESUMEN TOTAL'!S101 -> 0 | M82: ='RESUMEN TOTAL'!T101 -> 0 | ... AI82: ='RESUMEN TOTAL'!AP101 -> 0
A83: ='RESUMEN TOTAL'!A102 -> CENTRO | B83: ='RESUMEN TOTAL'!B102 -> CEN59 | C83: ='RESUMEN TOTAL'!D102 -> CHACABUCO Y BOUREL | D83: ='RESUMEN TOTAL'!E102 -> DOMO | E83: ='RESUMEN TOTAL'!F102 -> GPON | F83: ='RESUMEN TOTAL'!M102 -> 0 | G83: ='RESUMEN TOTAL'!N102 -> 0 | H83: ='RESUMEN TOTAL'!O102 -> 0 | I83: ='RESUMEN TOTAL'!P102 -> 0 | J83: ='RESUMEN TOTAL'!Q102 -> 0 | K83: ='RESUMEN TOTAL'!R102 -> 0 | L83: ='RESUMEN TOTAL'!S102 -> 0 | M83: ='RESUMEN TOTAL'!T102 -> 0 | ... AI83: ='RESUMEN TOTAL'!AP102 -> 0
A84: ='RESUMEN TOTAL'!A103 -> CENTRO | B84: ='RESUMEN TOTAL'!B103 -> CEN 60 | C84: ='RESUMEN TOTAL'!D103 -> RECONQUISTA Y ILLIA | D84: ='RESUMEN TOTAL'!E103 -> DOMO | E84: ='RESUMEN TOTAL'!F103 -> PTO A FO | F84: ='RESUMEN TOTAL'!M103 -> 0 | G84: ='RESUMEN TOTAL'!N103 -> 0 | H84: ='RESUMEN TOTAL'!O103 -> 0 | I84: ='RESUMEN TOTAL'!P103 -> 0 | J84: ='RESUMEN TOTAL'!Q103 -> 0 | K84: ='RESUMEN TOTAL'!R103 -> 0 | L84: ='RESUMEN TOTAL'!S103 -> 0 | M84: ='RESUMEN TOTAL'!T103 -> 0 | ... AI84: ='RESUMEN TOTAL'!AP103 -> 0
... A110: ='RESUMEN TOTAL'!A129 -> CENTRO | B110: ='RESUMEN TOTAL'!B129 -> CEN 86 | C110: ='RESUMEN TOTAL'!D129 -> Monteagudo y Bocuzzi | D110: ='RESUMEN TOTAL'!E129 -> Fija | E110: ='RESUMEN TOTAL'!F129 -> Fibra Optica | F110: ='RESUMEN TOTAL'!M129 -> 0 | G110: ='RESUMEN TOTAL'!N129 -> 0 | H110: ='RESUMEN TOTAL'!O129 -> 0 | I110: ='RESUMEN TOTAL'!P129 -> 0 | J110: ='RESUMEN TOTAL'!Q129 -> 0 | K110: ='RESUMEN TOTAL'!R129 -> 0 | L110: ='RESUMEN TOTAL'!S129 -> 0 | M110: ='RESUMEN TOTAL'!T129 -> 0 | ... AI110: ='RESUMEN TOTAL'!AP129 -> 0
A111: ='RESUMEN TOTAL'!A141 -> SAN NICOLAS | B111: ='RESUMEN TOTAL'!B141 -> CHA01 | C111: ='RESUMEN TOTAL'!D141 -> Novak y Pte Illia | D111: ='RESUMEN TOTAL'!E141 -> Domo | E111: ='RESUMEN TOTAL'!F141 -> PTO A FO | F111: ='RESUMEN TOTAL'!M141 -> 0 | G111: ='RESUMEN TOTAL'!N141 -> 0 | H111: ='RESUMEN TOTAL'!O141 -> 0 | I111: ='RESUMEN TOTAL'!P141 -> 0 | J111: ='RESUMEN TOTAL'!Q141 -> 0 | K111: ='RESUMEN TOTAL'!R141 -> 0 | L111: ='RESUMEN TOTAL'!S141 -> 0 | M111: ='RESUMEN TOTAL'!T141 -> 0 | ... AI111: ='RESUMEN TOTAL'!AP141 -> 0
A112: ='RESUMEN TOTAL'!A142 -> CHACABUCO | B112: ='RESUMEN TOTAL'!B142 -> CHA02 | C112: ='RESUMEN TOTAL'!D142 -> Pte. Illia y Posadas | D112: ='RESUMEN TOTAL'!E142 -> Domo | E112: ='RESUMEN TOTAL'!F142 -> PTO A FO | F112: ='RESUMEN TOTAL'!M142 -> 0 | G112: ='RESUMEN TOTAL'!N142 -> 0 | H112: ='RESUMEN TOTAL'!O142 -> 0 | I112: ='RESUMEN TOTAL'!P142 -> 0 | J112: ='RESUMEN TOTAL'!Q142 -> 0 | K112: ='RESUMEN TOTAL'!R142 -> 0 | L112: ='RESUMEN TOTAL'!S142 -> 0 | M112: ='RESUMEN TOTAL'!T142 -> 0 | ... AI112: ='RESUMEN TOTAL'!AP142 -> 0
A113: ='RESUMEN TOTAL'!A143 -> CHACABUCO | B113: ='RESUMEN TOTAL'!B143 -> CHA03 | C113: ='RESUMEN TOTAL'!D143 -> MAIPU Y ALVAREZ THOMAS | D113: ='RESUMEN TOTAL'!E143 -> DOMO | E113: ='RESUMEN TOTAL'!F143 -> Fibra Optica | F113: ='RESUMEN TOTAL'!M143 -> 0 | G113: ='RESUMEN TOTAL'!N143 -> 0 | H113: ='RESUMEN TOTAL'!O143 -> 0 | I113: ='RESUMEN TOTAL'!P143 -> 0 | J113: ='RESUMEN TOTAL'!Q143 -> 0 | K113: ='RESUMEN TOTAL'!R143 -> 0 | L113: ='RESUMEN TOTAL'!S143 -> 0 | M113: ='RESUMEN TOTAL'!T143 -> 0 | ... AI113: ='RESUMEN TOTAL'!AP143 -> 0
A114: ='RESUMEN TOTAL'!A144 -> CHACABUCO | B114: ='RESUMEN TOTAL'!B144 -> CHA04 | C114: ='RESUMEN TOTAL'!D144 -> ESTADOS UNIDOS DE A. E ILLIA | D114: ='RESUMEN TOTAL'!E144 -> DOMO | E114: ='RESUMEN TOTAL'!F144 -> Fibra Optica | F114: ='RESUMEN TOTAL'!M144 -> 0 | G114: ='RESUMEN TOTAL'!N144 -> 0 | H114: ='RESUMEN TOTAL'!O144 -> 0 | I114: ='RESUMEN TOTAL'!P144 -> 0 | J114: ='RESUMEN TOTAL'!Q144 -> 0 | K114: ='RESUMEN TOTAL'!R144 -> 0 | L114: ='RESUMEN TOTAL'!S144 -> 0 | M114: ='RESUMEN TOTAL'!T144 -> 0 | ... AI114: ='RESUMEN TOTAL'!AP144 -> 0
A115: ='RESUMEN TOTAL'!A145 -> VILLA MONICA NUEVA | B115: ='RESUMEN TOTAL'!B145 -> COL01 | C115: ='RESUMEN TOTAL'!D145 -> Eva Peron y Cariboni | D115: ='RESUMEN TOTAL'!E145 -> Domo | E115: ='RESUMEN TOTAL'!F145 -> Fibra Optica | F115: ='RESUMEN TOTAL'!M145 -> 0 | G115: ='RESUMEN TOTAL'!N145 -> 0 | H115: ='RESUMEN TOTAL'!O145 -> 0 | I115: ='RESUMEN TOTAL'!P145 -> 0 | J115: ='RESUMEN TOTAL'!Q145 -> 0 | K115: ='RESUMEN TOTAL'!R145 -> 0 | L115: ='RESUMEN TOTAL'!S145 -> 0 | M115: ='RESUMEN TOTAL'!T145 -> 0 | ... AI115: ='RESUMEN TOTAL'!AP145 -> 0
A116: ='RESUMEN TOTAL'!A146 -> LA COLORADA ESTE | B116: ='RESUMEN TOTAL'!B146 -> COL02 | C116: ='RESUMEN TOTAL'!D146 -> Av. Eva Peron y Pompeya | D116: ='RESUMEN TOTAL'!E146 -> Domo | E116: ='RESUMEN TOTAL'!F146 -> PTO A FO | F116: ='RESUMEN TOTAL'!M146 -> 0 | G116: ='RESUMEN TOTAL'!N146 -> 0 | H116: ='RESUMEN TOTAL'!O146 -> 0 | I116: ='RESUMEN TOTAL'!P146 -> 0 | J116: ='RESUMEN TOTAL'!Q146 -> 0 | K116: ='RESUMEN TOTAL'!R146 -> 0 | L116: ='RESUMEN TOTAL'!S146 -> 0 | M116: ='RESUMEN TOTAL'!T146 -> 0 | ... AI116: ='RESUMEN TOTAL'!AP146 -> 0
A117: ='RESUMEN TOTAL'!A147 -> LA COLORADA ESTE | B117: ='RESUMEN TOTAL'!B147 -> COL 03 | C117: ='RESUMEN TOTAL'!D147 -> CARIBONI Y LA ANCIANIDAD | D117: ='RESUMEN TOTAL'!E147 -> DOMO | E117: ='RESUMEN TOTAL'!F147 -> Radio | F117: ='RESUMEN TOTAL'!M147 -> 0 | G117: ='RESUMEN TOTAL'!N147 -> 0 | H117: ='RESUMEN TOTAL'!O147 -> 0 | I117: ='RESUMEN TOTAL'!P147 -> 0 | J117: ='RESUMEN TOTAL'!Q147 -> 0 | K117: ='RESUMEN TOTAL'!R147 -> 0 | L117: ='RESUMEN TOTAL'!S147 -> 0 | M117: ='RESUMEN TOTAL'!T147 -> 0 | ... AI117: ='RESUMEN TOTAL'!AP147 -> 0
A118: ='RESUMEN TOTAL'!A148 -> LA COLORADA ESTE | B118: ='RESUMEN TOTAL'!B148 -> COL 04 | C118: ='RESUMEN TOTAL'!D148 -> EVA PERON Y SAVIO | D118: ='RESUMEN TOTAL'!E148 -> Domo | E118: ='RESUMEN TOTAL'!F148 -> Fibra Optica | F118: ='RESUMEN TOTAL'!M148 -> 0 | G118: ='RESUMEN TOTAL'!N148 -> 0 | H118: ='RESUMEN TOTAL'!O148 -> 0 | I118: ='RESUMEN TOTAL'!P148 -> 0 | J118: ='RESUMEN TOTAL'!Q148 -> 0 | K118: ='RESUMEN TOTAL'!R148 -> 0 | L118: ='RESUMEN TOTAL'!S148 -> 0 | M118: ='RESUMEN TOTAL'!T148 -> 0 | ... AI118: ='RESUMEN TOTAL'!AP148 -> 0
A119: ='RESUMEN TOTAL'!A149 -> DON JOSE | B119: ='RESUMEN TOTAL'!B149 -> DJO01 | C119: ='RESUMEN TOTAL'!D149 -> Monteverde y Donato Alvarez | D119: ='RESUMEN TOTAL'!E149 -> Domo | E119: ='RESUMEN TOTAL'!F149 -> GPON | F119: ='RESUMEN TOTAL'!M149 -> 0 | G119: ='RESUMEN TOTAL'!N149 -> 0 | H119: ='RESUMEN TOTAL'!O149 -> 0 | I119: ='RESUMEN TOTAL'!P149 -> 0 | J119: ='RESUMEN TOTAL'!Q149 -> 0 | K119: ='RESUMEN TOTAL'!R149 -> 0 | L119: ='RESUMEN TOTAL'!S149 -> 0 | M119: ='RESUMEN TOTAL'!T149 -> 0 | ... AI119: ='RESUMEN TOTAL'!AP149 -> 0
A120: ='RESUMEN TOTAL'!A150 -> DON JOSE | B120: ='RESUMEN TOTAL'!B150 -> DJO 02 (fija 1) | C120: ='RESUMEN TOTAL'!D150 -> DONATO ALVAREZ Y EL APERO | D120: ='RESUMEN TOTAL'!E150 -> Fija | E120: ='RESUMEN TOTAL'!F150 -> PTO A FO | F120: ='RESUMEN TOTAL'!M150 -> 0 | G120: ='RESUMEN TOTAL'!N150 -> 0 | H120: ='RESUMEN TOTAL'!O150 -> 0 | I120: ='RESUMEN TOTAL'!P150 -> 0 | J120: ='RESUMEN TOTAL'!Q150 -> 0 | K120: ='RESUMEN TOTAL'!R150 -> 0 | L120: ='RESUMEN TOTAL'!S150 -> 0 | M120: ='RESUMEN TOTAL'!T150 -> 0 | ... AI120: ='RESUMEN TOTAL'!AP150 -> 0
A121: ='RESUMEN TOTAL'!A151 -> DON JOSE | B121: ='RESUMEN TOTAL'!B151 -> DJO 03 (fija 2) | C121: ='RESUMEN TOTAL'!D151 -> DONATO ALVAREZ Y EL APERO | D121: ='RESUMEN TOTAL'!E151 -> Fija | E121: ='RESUMEN TOTAL'!F151 -> PTO A FO | F121: ='RESUMEN TOTAL'!M151 -> 0 | G121: ='RESUMEN TOTAL'!N151 -> 0 | H121: ='RESUMEN TOTAL'!O151 -> 0 | I121: ='RESUMEN TOTAL'!P151 -> 0 | J121: ='RESUMEN TOTAL'!Q151 -> 0 | K121: ='RESUMEN TOTAL'!R151 -> 0 | L121: ='RESUMEN TOTAL'!S151 -> 0 | M121: ='RESUMEN TOTAL'!T151 -> 0 | ... AI121: ='RESUMEN TOTAL'!AP151 -> 0
A122: ='RESUMEN TOTAL'!A152 -> DON JOSE | B122: ='RESUMEN TOTAL'!B152 -> DJO 04 (Fija 1) | C122: ='RESUMEN TOTAL'!D152 -> MONTEVERDE Y EL INDIO | D122: ='RESUMEN TOTAL'!E152 -> Fija | E122: ='RESUMEN TOTAL'!F152 -> GPON | F122: ='RESUMEN TOTAL'!M152 -> 0 | G122: ='RESUMEN TOTAL'!N152 -> 0 | H122: ='RESUMEN TOTAL'!O152 -> 0 | I122: ='RESUMEN TOTAL'!P152 -> 0 | J122: ='RESUMEN TOTAL'!Q152 -> 0 | K122: ='RESUMEN TOTAL'!R152 -> 0 | L122: ='RESUMEN TOTAL'!S152 -> 0 | M122: ='RESUMEN TOTAL'!T152 -> 0 | ... AI122: ='RESUMEN TOTAL'!AP152 -> 0
... A125: ='RESUMEN TOTAL'!A155 -> DON JOSE | B125: ='RESUMEN TOTAL'!B155 -> DJ 07 | C125: ='RESUMEN TOTAL'!D155 -> Calle 414 y El Indio | D125: ='RESUMEN TOTAL'!E155 -> Fija | E125: ='RESUMEN TOTAL'!F155 -> PTO A FO | F125: ='RESUMEN TOTAL'!M155 -> 0 | G125: ='RESUMEN TOTAL'!N155 -> 0 | H125: ='RESUMEN TOTAL'!O155 -> 0 | I125: ='RESUMEN TOTAL'!P155 -> 0 | J125: ='RESUMEN TOTAL'!Q155 -> 0 | K125: ='RESUMEN TOTAL'!R155 -> 0 | L125: ='RESUMEN TOTAL'!S155 -> 0 | M125: ='RESUMEN TOTAL'!T155 -> 0 | ... AI125: ='RESUMEN TOTAL'!AP155 -> 0
A126: ='RESUMEN TOTAL'!A160 -> EL PARQUE | B126: ='RESUMEN TOTAL'!B160 -> EPQ 01 | C126: ='RESUMEN TOTAL'!D160 -> 1282 Y GRIERSON | D126: ='RESUMEN TOTAL'!E160 -> DOMO | E126: ='RESUMEN TOTAL'!F160 -> Fibra Optica | F126: ='RESUMEN TOTAL'!M160 -> 0 | G126: ='RESUMEN TOTAL'!N160 -> 0 | H126: ='RESUMEN TOTAL'!O160 -> 0 | I126: ='RESUMEN TOTAL'!P160 -> 0 | J126: ='RESUMEN TOTAL'!Q160 -> 0 | K126: ='RESUMEN TOTAL'!R160 -> 0 | L126: ='RESUMEN TOTAL'!S160 -> 0 | M126: ='RESUMEN TOTAL'!T160 -> 0 | ... AI126: ='RESUMEN TOTAL'!AP160 -> 0
A127: ='RESUMEN TOTAL'!A161 -> EL PARQUE | B127: ='RESUMEN TOTAL'!B161 -> EPQ 02 | C127: ='RESUMEN TOTAL'!D161 -> 1282 Y MASSE | D127: ='RESUMEN TOTAL'!E161 -> DOMO | E127: ='RESUMEN TOTAL'!F161 -> Fibra Optica | F127: ='RESUMEN TOTAL'!M161 -> 0 | G127: ='RESUMEN TOTAL'!N161 -> 0 | H127: ='RESUMEN TOTAL'!O161 -> 0 | I127: ='RESUMEN TOTAL'!P161 -> 0 | J127: ='RESUMEN TOTAL'!Q161 -> 0 | K127: ='RESUMEN TOTAL'!R161 -> 0 | L127: ='RESUMEN TOTAL'!S161 -> 0 | M127: ='RESUMEN TOTAL'!T161 -> 0 | ... AI127: ='RESUMEN TOTAL'!AP161 -> 0
A128: ='RESUMEN TOTAL'!A162 -> EL PARQUE | B128: ='RESUMEN TOTAL'!B162 -> EPQ 03 | C128: ='RESUMEN TOTAL'!D162 -> 1282 Y RP 36 | D128: ='RESUMEN TOTAL'!E162 -> Domo | E128: ='RESUMEN TOTAL'!F162 -> Fibra Optica | F128: ='RESUMEN TOTAL'!M162 -> 0 | G128: ='RESUMEN TOTAL'!N162 -> 0 | H128: ='RESUMEN TOTAL'!O162 -> 0 | I128: ='RESUMEN TOTAL'!P162 -> 0 | J128: ='RESUMEN TOTAL'!Q162 -> 0 | K128: ='RESUMEN TOTAL'!R162 -> 0 | L128: ='RESUMEN TOTAL'!S162 -> 0 | M128: ='RESUMEN TOTAL'!T162 -> 0 | ... AI128: ='RESUMEN TOTAL'!AP162 -> 0
A129: ='RESUMEN TOTAL'!A163 -> EL PARQUE | B129: ='RESUMEN TOTAL'!B163 -> EPQ 04 | C129: ='RESUMEN TOTAL'!D163 -> 1282 Y MORENO | D129: ='RESUMEN TOTAL'!E163 -> DOMO | E129: ='RESUMEN TOTAL'!F163 -> Fibra Optica | F129: ='RESUMEN TOTAL'!M163 -> 0 | G129: ='RESUMEN TOTAL'!N163 -> 0 | H129: ='RESUMEN TOTAL'!O163 -> 0 | I129: ='RESUMEN TOTAL'!P163 -> 0 | J129: ='RESUMEN TOTAL'!Q163 -> 0 | K129: ='RESUMEN TOTAL'!R163 -> 0 | L129: ='RESUMEN TOTAL'!S163 -> 0 | M129: ='RESUMEN TOTAL'!T163 -> 0 | ... AI129: ='RESUMEN TOTAL'!AP163 -> 0
A130: ='RESUMEN TOTAL'!A166 -> LA ESMERALDA | B130: ='RESUMEN TOTAL'!B166 -> ESM01 | C130: ='RESUMEN TOTAL'!D166 -> Cabello y Brasil | D130: ='RESUMEN TOTAL'!E166 -> Domo | E130: ='RESUMEN TOTAL'!F166 -> PTO A FO | F130: ='RESUMEN TOTAL'!M166 -> 0 | G130: ='RESUMEN TOTAL'!N166 -> 0 | H130: ='RESUMEN TOTAL'!O166 -> 0 | I130: ='RESUMEN TOTAL'!P166 -> 0 | J130: ='RESUMEN TOTAL'!Q166 -> 0 | K130: ='RESUMEN TOTAL'!R166 -> 0 | L130: ='RESUMEN TOTAL'!S166 -> 0 | M130: ='RESUMEN TOTAL'!T166 -> 0 | ... AI130: ='RESUMEN TOTAL'!AP166 -> 0
A131: ='RESUMEN TOTAL'!A167 -> SAN JORGE | B131: ='RESUMEN TOTAL'!B167 -> ESM02 | C131: ='RESUMEN TOTAL'!D167 -> Novak y Cabello | D131: ='RESUMEN TOTAL'!E167 -> Domo | E131: ='RESUMEN TOTAL'!F167 -> PTO A FO | F131: ='RESUMEN TOTAL'!M167 -> 0 | G131: ='RESUMEN TOTAL'!N167 -> 0 | H131: ='RESUMEN TOTAL'!O167 -> 0 | I131: ='RESUMEN TOTAL'!P167 -> 0 | J131: ='RESUMEN TOTAL'!Q167 -> 0 | K131: ='RESUMEN TOTAL'!R167 -> 0 | L131: ='RESUMEN TOTAL'!S167 -> 0 | M131: ='RESUMEN TOTAL'!T167 -> 0 | ... AI131: ='RESUMEN TOTAL'!AP167 -> 0
A132: ='RESUMEN TOTAL'!A168 -> SAN JORGE | B132: ='RESUMEN TOTAL'!B168 -> ESM03 | C132: ='RESUMEN TOTAL'!D168 -> Novak y Humahuaca | D132: ='RESUMEN TOTAL'!E168 -> DOMO | E132: ='RESUMEN TOTAL'!F168 -> PTO A FO | F132: ='RESUMEN TOTAL'!M168 -> 0 | G132: ='RESUMEN TOTAL'!N168 -> 0 | H132: ='RESUMEN TOTAL'!O168 -> 0 | I132: ='RESUMEN TOTAL'!P168 -> 0 | J132: ='RESUMEN TOTAL'!Q168 -> 0 | K132: ='RESUMEN TOTAL'!R168 -> 0 | L132: ='RESUMEN TOTAL'!S168 -> 0 | M132: ='RESUMEN TOTAL'!T168 -> 0 | ... AI132: ='RESUMEN TOTAL'!AP168 -> 0
A133: ='RESUMEN TOTAL'!A169 -> LA ESMERALDA | B133: ='RESUMEN TOTAL'!B169 -> ESM04 | C133: ='RESUMEN TOTAL'!D169 -> Basualdo y Bengochea | D133: ='RESUMEN TOTAL'!E169 -> Domo | E133: ='RESUMEN TOTAL'!F169 -> Fibra Optica | F133: ='RESUMEN TOTAL'!M169 -> 0 | G133: ='RESUMEN TOTAL'!N169 -> 0 | H133: ='RESUMEN TOTAL'!O169 -> 0 | I133: ='RESUMEN TOTAL'!P169 -> 0 | J133: ='RESUMEN TOTAL'!Q169 -> 0 | K133: ='RESUMEN TOTAL'!R169 -> 0 | L133: ='RESUMEN TOTAL'!S169 -> 0 | M133: ='RESUMEN TOTAL'!T169 -> 0 | ... AI133: ='RESUMEN TOTAL'!AP169 -> 0
A134: ='RESUMEN TOTAL'!A170 -> LA ESMERALDA | B134: ='RESUMEN TOTAL'!B170 -> ESM05 | C134: ='RESUMEN TOTAL'!D170 -> Aniceto Diaz y Villar | D134: ='RESUMEN TOTAL'!E170 -> Domo | E134: ='RESUMEN TOTAL'!F170 -> Fibra Optica | F134: ='RESUMEN TOTAL'!M170 -> 0 | G134: ='RESUMEN TOTAL'!N170 -> 0 | H134: ='RESUMEN TOTAL'!O170 -> 0 | I134: ='RESUMEN TOTAL'!P170 -> 0 | J134: ='RESUMEN TOTAL'!Q170 -> 0 | K134: ='RESUMEN TOTAL'!R170 -> 0 | L134: ='RESUMEN TOTAL'!S170 -> 0 | M134: ='RESUMEN TOTAL'!T170 -> 0 | ... AI134: ='RESUMEN TOTAL'!AP170 -> 0
A135: ='RESUMEN TOTAL'!A171 -> LA ESMERALDA | B135: ='RESUMEN TOTAL'!B171 -> ESM06 | C135: ='RESUMEN TOTAL'!D171 -> Roselli y Cabello | D135: ='RESUMEN TOTAL'!E171 -> Domo | E135: ='RESUMEN TOTAL'!F171 -> GPON | F135: ='RESUMEN TOTAL'!M171 -> 0 | G135: ='RESUMEN TOTAL'!N171 -> 0 | H135: ='RESUMEN TOTAL'!O171 -> 0 | I135: ='RESUMEN TOTAL'!P171 -> 0 | J135: ='RESUMEN TOTAL'!Q171 -> 0 | K135: ='RESUMEN TOTAL'!R171 -> 0 | L135: ='RESUMEN TOTAL'!S171 -> 0 | M135: ='RESUMEN TOTAL'!T171 -> 0 | ... AI135: ='RESUMEN TOTAL'!AP171 -> 0
A136: ='RESUMEN TOTAL'!A172 -> LA ESMERALDA | B136: ='RESUMEN TOTAL'!B172 -> ESM07 | C136: ='RESUMEN TOTAL'!D172 -> AV. NOVAK Y SERRANO | D136: ='RESUMEN TOTAL'!E172 -> DOMO | E136: ='RESUMEN TOTAL'!F172 -> PTO A FO | F136: ='RESUMEN TOTAL'!M172 -> 0 | G136: ='RESUMEN TOTAL'!N172 -> 0 | H136: ='RESUMEN TOTAL'!O172 -> 0 | I136: ='RESUMEN TOTAL'!P172 -> 0 | J136: ='RESUMEN TOTAL'!Q172 -> 0 | K136: ='RESUMEN TOTAL'!R172 -> 0 | L136: ='RESUMEN TOTAL'!S172 -> 0 | M136: ='RESUMEN TOTAL'!T172 -> 0 | ... AI136: ='RESUMEN TOTAL'!AP172 -> 0
A137: ='RESUMEN TOTAL'!A173 -> LA ESMERALDA | B137: ='RESUMEN TOTAL'!B173 -> ESM 08 | C137: ='RESUMEN TOTAL'!D173 -> DAVINSON Y MORANCHEL | D137: ='RESUMEN TOTAL'!E173 -> FIJA | E137: ='RESUMEN TOTAL'!F173 -> Radio | F137: ='RESUMEN TOTAL'!M173 -> 0 | G137: ='RESUMEN TOTAL'!N173 -> 0 | H137: ='RESUMEN TOTAL'!O173 -> 0 | I137: ='RESUMEN TOTAL'!P173 -> 0 | J137: ='RESUMEN TOTAL'!Q173 -> 0 | K137: ='RESUMEN TOTAL'!R173 -> 0 | L137: ='RESUMEN TOTAL'!S173 -> 0 | M137: ='RESUMEN TOTAL'!T173 -> 0 | ... AI137: ='RESUMEN TOTAL'!AP173 -> 0
A138: ='RESUMEN TOTAL'!A174 -> LA ESMERALDA | B138: ='RESUMEN TOTAL'!B174 -> ESM09 (fija 1) | C138: ='RESUMEN TOTAL'!D174 -> EEUU Y CABELLO | D138: ='RESUMEN TOTAL'!E174 -> Fija | E138: ='RESUMEN TOTAL'!F174 -> Fibra Optica | F138: ='RESUMEN TOTAL'!M174 -> 0 | G138: ='RESUMEN TOTAL'!N174 -> 0 | H138: ='RESUMEN TOTAL'!O174 -> 0 | I138: ='RESUMEN TOTAL'!P174 -> 0 | J138: ='RESUMEN TOTAL'!Q174 -> 0 | K138: ='RESUMEN TOTAL'!R174 -> 0 | L138: ='RESUMEN TOTAL'!S174 -> 0 | M138: ='RESUMEN TOTAL'!T174 -> 0 | ... AI138: ='RESUMEN TOTAL'!AP174 -> 0
A139: ='RESUMEN TOTAL'!A175 -> LA ESMERALDA | B139: ='RESUMEN TOTAL'!B175 -> ESM10 (fija 2) | C139: ='RESUMEN TOTAL'!D175 -> EEUU Y CABELLO | D139: ='RESUMEN TOTAL'!E175 -> Fija | E139: ='RESUMEN TOTAL'!F175 -> Fibra Optica | F139: ='RESUMEN TOTAL'!M175 -> 0 | G139: ='RESUMEN TOTAL'!N175 -> 0 | H139: ='RESUMEN TOTAL'!O175 -> 0 | I139: ='RESUMEN TOTAL'!P175 -> 0 | J139: ='RESUMEN TOTAL'!Q175 -> 0 | K139: ='RESUMEN TOTAL'!R175 -> 0 | L139: ='RESUMEN TOTAL'!S175 -> 0 | M139: ='RESUMEN TOTAL'!T175 -> 0 | ... AI139: ='RESUMEN TOTAL'!AP175 -> 0
A140: ='RESUMEN TOTAL'!A176 -> LA ESMERALDA | B140: ='RESUMEN TOTAL'!B176 -> ESM11 (fija 1) | C140: ='RESUMEN TOTAL'!D176 -> NOVAK Y LAMBARDI | D140: ='RESUMEN TOTAL'!E176 -> Fija | E140: ='RESUMEN TOTAL'!F176 -> Fibra Optica | F140: ='RESUMEN TOTAL'!M176 -> 0 | G140: ='RESUMEN TOTAL'!N176 -> 0 | H140: ='RESUMEN TOTAL'!O176 -> 0 | I140: ='RESUMEN TOTAL'!P176 -> 0 | J140: ='RESUMEN TOTAL'!Q176 -> 0 | K140: ='RESUMEN TOTAL'!R176 -> 0 | L140: ='RESUMEN TOTAL'!S176 -> 0 | M140: ='RESUMEN TOTAL'!T176 -> 0 | ... AI140: ='RESUMEN TOTAL'!AP176 -> 0
A141: ='RESUMEN TOTAL'!A177 -> LA ESMERALDA | B141: ='RESUMEN TOTAL'!B177 -> ESM12 (fija 2) | C141: ='RESUMEN TOTAL'!D177 -> NOVAK Y LAMBARDI | D141: ='RESUMEN TOTAL'!E177 -> Fija | E141: ='RESUMEN TOTAL'!F177 -> Fibra Optica | F141: ='RESUMEN TOTAL'!M177 -> 0 | G141: ='RESUMEN TOTAL'!N177 -> 0 | H141: ='RESUMEN TOTAL'!O177 -> 0 | I141: ='RESUMEN TOTAL'!P177 -> 0 | J141: ='RESUMEN TOTAL'!Q177 -> 0 | K141: ='RESUMEN TOTAL'!R177 -> 0 | L141: ='RESUMEN TOTAL'!S177 -> 0 | M141: ='RESUMEN TOTAL'!T177 -> 0 | ... AI141: ='RESUMEN TOTAL'!AP177 -> 0
... A145: ='RESUMEN TOTAL'!A181 -> LA ESMERALDA | B145: ='RESUMEN TOTAL'!B181 -> ESM 16 | C145: ='RESUMEN TOTAL'!D181 -> Basualdo y Lieja | D145: ='RESUMEN TOTAL'!E181 -> Fija | E145: ='RESUMEN TOTAL'!F181 -> Fibra Optica | F145: ='RESUMEN TOTAL'!M181 -> 0 | G145: ='RESUMEN TOTAL'!N181 -> 0 | H145: ='RESUMEN TOTAL'!O181 -> 0 | I145: ='RESUMEN TOTAL'!P181 -> 0 | J145: ='RESUMEN TOTAL'!Q181 -> 0 | K145: ='RESUMEN TOTAL'!R181 -> 0 | L145: ='RESUMEN TOTAL'!S181 -> 0 | M145: ='RESUMEN TOTAL'!T181 -> 0 | ... AI145: ='RESUMEN TOTAL'!AP181 -> 0
A146: ='RESUMEN TOTAL'!A186 -> INGENIERO ALLAN | B146: ='RESUMEN TOTAL'!B186 -> INA 01 | C146: ='RESUMEN TOTAL'!D186 -> 1138 Y 1155 | D146: ='RESUMEN TOTAL'!E186 -> DOMO | E146: ='RESUMEN TOTAL'!F186 -> Fibra Optica | F146: ='RESUMEN TOTAL'!M186 -> 0 | G146: ='RESUMEN TOTAL'!N186 -> 0 | H146: ='RESUMEN TOTAL'!O186 -> 0 | I146: ='RESUMEN TOTAL'!P186 -> 0 | J146: ='RESUMEN TOTAL'!Q186 -> 0 | K146: ='RESUMEN TOTAL'!R186 -> 0 | L146: ='RESUMEN TOTAL'!S186 -> 0 | M146: ='RESUMEN TOTAL'!T186 -> 0 | ... AI146: ='RESUMEN TOTAL'!AP186 -> 0
A147: ='RESUMEN TOTAL'!A187 -> INGENIERO ALLAN | B147: ='RESUMEN TOTAL'!B187 -> INA 02 | C147: ='RESUMEN TOTAL'!D187 -> 1144 Y 1155 | D147: ='RESUMEN TOTAL'!E187 -> DOMO | E147: ='RESUMEN TOTAL'!F187 -> Fibra Optica | F147: ='RESUMEN TOTAL'!M187 -> 0 | G147: ='RESUMEN TOTAL'!N187 -> 0 | H147: ='RESUMEN TOTAL'!O187 -> 0 | I147: ='RESUMEN TOTAL'!P187 -> 0 | J147: ='RESUMEN TOTAL'!Q187 -> 0 | K147: ='RESUMEN TOTAL'!R187 -> 0 | L147: ='RESUMEN TOTAL'!S187 -> 0 | M147: ='RESUMEN TOTAL'!T187 -> 0 | ... AI147: ='RESUMEN TOTAL'!AP187 -> 0
A148: ='RESUMEN TOTAL'!A188 -> INFICO | B148: ='RESUMEN TOTAL'!B188 -> INF 01 | C148: ='RESUMEN TOTAL'!D188 -> AV. HUDSON Y CARIBONI | D148: ='RESUMEN TOTAL'!E188 -> Domo | E148: ='RESUMEN TOTAL'!F188 -> Fibra Optica | F148: ='RESUMEN TOTAL'!M188 -> 0 | G148: ='RESUMEN TOTAL'!N188 -> 0 | H148: ='RESUMEN TOTAL'!O188 -> 0 | I148: ='RESUMEN TOTAL'!P188 -> 0 | J148: ='RESUMEN TOTAL'!Q188 -> 0 | K148: ='RESUMEN TOTAL'!R188 -> 0 | L148: ='RESUMEN TOTAL'!S188 -> 0 | M148: ='RESUMEN TOTAL'!T188 -> 0 | ... AI148: ='RESUMEN TOTAL'!AP188 -> 0
A149: ='RESUMEN TOTAL'!A189 -> VILLA ARGENTINA | B149: ='RESUMEN TOTAL'!B189 -> KM01 | C149: ='RESUMEN TOTAL'!D189 -> Vias FFCC y La Pulperia | D149: ='RESUMEN TOTAL'!E189 -> DOMO | E149: ='RESUMEN TOTAL'!F189 -> GPON | F149: ='RESUMEN TOTAL'!M189 -> 0 | G149: ='RESUMEN TOTAL'!N189 -> 0 | H149: ='RESUMEN TOTAL'!O189 -> 0 | I149: ='RESUMEN TOTAL'!P189 -> 0 | J149: ='RESUMEN TOTAL'!Q189 -> 0 | K149: ='RESUMEN TOTAL'!R189 -> 0 | L149: ='RESUMEN TOTAL'!S189 -> 0 | M149: ='RESUMEN TOTAL'!T189 -> 0 | ... AI149: ='RESUMEN TOTAL'!AP189 -> 0
A150: ='RESUMEN TOTAL'!A190 -> CHACABUCO | B150: ='RESUMEN TOTAL'!B190 -> KM02 | C150: ='RESUMEN TOTAL'!D190 -> Novak e/El Overo y el Mangrullo | D150: ='RESUMEN TOTAL'!E190 -> Domo | E150: ='RESUMEN TOTAL'!F190 -> GPON | F150: ='RESUMEN TOTAL'!M190 -> 0 | G150: ='RESUMEN TOTAL'!N190 -> 0 | H150: ='RESUMEN TOTAL'!O190 -> 0 | I150: ='RESUMEN TOTAL'!P190 -> 0 | J150: ='RESUMEN TOTAL'!Q190 -> 0 | K150: ='RESUMEN TOTAL'!R190 -> 0 | L150: ='RESUMEN TOTAL'!S190 -> 0 | M150: ='RESUMEN TOTAL'!T190 -> 0 | ... AI150: ='RESUMEN TOTAL'!AP190 -> 0
A151: ='RESUMEN TOTAL'!A191 -> KM 26700 (JULIO A. COSTA) | B151: ='RESUMEN TOTAL'!B191 -> KM03 | C151: ='RESUMEN TOTAL'!D191 -> Novak y La Pulperia | D151: ='RESUMEN TOTAL'!E191 -> Domo | E151: ='RESUMEN TOTAL'!F191 -> PTO A FO | F151: ='RESUMEN TOTAL'!M191 -> 0 | G151: ='RESUMEN TOTAL'!N191 -> 0 | H151: ='RESUMEN TOTAL'!O191 -> 0 | I151: ='RESUMEN TOTAL'!P191 -> 0 | J151: ='RESUMEN TOTAL'!Q191 -> 0 | K151: ='RESUMEN TOTAL'!R191 -> 0 | L151: ='RESUMEN TOTAL'!S191 -> 0 | M151: ='RESUMEN TOTAL'!T191 -> 0 | ... AI151: ='RESUMEN TOTAL'!AP191 -> 0
A152: ='RESUMEN TOTAL'!A192 -> KM 26700 (JULIO A. COSTA) | B152: ='RESUMEN TOTAL'!B192 -> KM04 | C152: ='RESUMEN TOTAL'!D192 -> El Ombu y El Zonda | D152: ='RESUMEN TOTAL'!E192 -> Domo | E152: ='RESUMEN TOTAL'!F192 -> PTO A FO | F152: ='RESUMEN TOTAL'!M192 -> 0 | G152: ='RESUMEN TOTAL'!N192 -> 0 | H152: ='RESUMEN TOTAL'!O192 -> 0 | I152: ='RESUMEN TOTAL'!P192 -> 0 | J152: ='RESUMEN TOTAL'!Q192 -> 0 | K152: ='RESUMEN TOTAL'!R192 -> 0 | L152: ='RESUMEN TOTAL'!S192 -> 0 | M152: ='RESUMEN TOTAL'!T192 -> 0 | ... AI152: ='RESUMEN TOTAL'!AP192 -> 0
A153: ='RESUMEN TOTAL'!A193 -> KM 26700 (JULIO A. COSTA) | B153: ='RESUMEN TOTAL'!B193 -> KM05 | C153: ='RESUMEN TOTAL'!D193 -> El Ombu y Los Charruas | D153: ='RESUMEN TOTAL'!E193 -> Domo | E153: ='RESUMEN TOTAL'!F193 -> PTO A FO | F153: ='RESUMEN TOTAL'!M193 -> 0 | G153: ='RESUMEN TOTAL'!N193 -> 0 | H153: ='RESUMEN TOTAL'!O193 -> 0 | I153: ='RESUMEN TOTAL'!P193 -> 0 | J153: ='RESUMEN TOTAL'!Q193 -> 0 | K153: ='RESUMEN TOTAL'!R193 -> 0 | L153: ='RESUMEN TOTAL'!S193 -> 0 | M153: ='RESUMEN TOTAL'!T193 -> 0 | ... AI153: ='RESUMEN TOTAL'!AP193 -> 0
A154: ='RESUMEN TOTAL'!A194 -> KM 26700 (JULIO A. COSTA) | B154: ='RESUMEN TOTAL'!B194 -> KM06 | C154: ='RESUMEN TOTAL'!D194 -> El Ombu y La Cautiva | D154: ='RESUMEN TOTAL'!E194 -> DOMO | E154: ='RESUMEN TOTAL'!F194 -> Radio | F154: ='RESUMEN TOTAL'!M194 -> 0 | G154: ='RESUMEN TOTAL'!N194 -> 0 | H154: ='RESUMEN TOTAL'!O194 -> 0 | I154: ='RESUMEN TOTAL'!P194 -> 0 | J154: ='RESUMEN TOTAL'!Q194 -> 0 | K154: ='RESUMEN TOTAL'!R194 -> 0 | L154: ='RESUMEN TOTAL'!S194 -> 0 | M154: ='RESUMEN TOTAL'!T194 -> 0 | ... AI154: ='RESUMEN TOTAL'!AP194 -> 0
A155: ='RESUMEN TOTAL'!A195 -> KM 26700 (JULIO A. COSTA) | B155: ='RESUMEN TOTAL'!B195 -> KM 07 | C155: ='RESUMEN TOTAL'!D195 -> EL ALJIBE E/ EL ZONDA Y DON SEGUNDO SOMBRA | D155: ='RESUMEN TOTAL'!E195 -> DOMO | E155: ='RESUMEN TOTAL'!F195 -> GPON | F155: ='RESUMEN TOTAL'!M195 -> 0 | G155: ='RESUMEN TOTAL'!N195 -> 0 | H155: ='RESUMEN TOTAL'!O195 -> 0 | I155: ='RESUMEN TOTAL'!P195 -> 0 | J155: ='RESUMEN TOTAL'!Q195 -> 0 | K155: ='RESUMEN TOTAL'!R195 -> 0 | L155: ='RESUMEN TOTAL'!S195 -> 0 | M155: ='RESUMEN TOTAL'!T195 -> 0 | ... AI155: ='RESUMEN TOTAL'!AP195 -> 0
A156: ='RESUMEN TOTAL'!A196 -> KM 26700 (JULIO A. COSTA) | B156: ='RESUMEN TOTAL'!B196 -> KM08 / UPA 03 | C156: ='RESUMEN TOTAL'!D196 -> LOS CHARRUAS Y BLANDENGUES | D156: ='RESUMEN TOTAL'!E196 -> DOMO | E156: ='RESUMEN TOTAL'!F196 -> GPON | F156: ='RESUMEN TOTAL'!M196 -> 0 | G156: ='RESUMEN TOTAL'!N196 -> 0 | H156: ='RESUMEN TOTAL'!O196 -> 0 | I156: ='RESUMEN TOTAL'!P196 -> 0 | J156: ='RESUMEN TOTAL'!Q196 -> 0 | K156: ='RESUMEN TOTAL'!R196 -> 0 | L156: ='RESUMEN TOTAL'!S196 -> 0 | M156: ='RESUMEN TOTAL'!T196 -> 0 | ... AI156: ='RESUMEN TOTAL'!AP196 -> 0
A157: ='RESUMEN TOTAL'!A197 -> KM 26700 (JULIO A. COSTA) | B157: ='RESUMEN TOTAL'!B197 -> KM09 / UPA 1 | C157: ='RESUMEN TOTAL'!D197 -> NOVAK Y LA POSTA | D157: ='RESUMEN TOTAL'!E197 -> DOMO | E157: ='RESUMEN TOTAL'!F197 -> PTO A FO | F157: ='RESUMEN TOTAL'!M197 -> 0 | G157: ='RESUMEN TOTAL'!N197 -> 0 | H157: ='RESUMEN TOTAL'!O197 -> 0 | I157: ='RESUMEN TOTAL'!P197 -> 0 | J157: ='RESUMEN TOTAL'!Q197 -> 0 | K157: ='RESUMEN TOTAL'!R197 -> 0 | L157: ='RESUMEN TOTAL'!S197 -> 0 | M157: ='RESUMEN TOTAL'!T197 -> 0 | ... AI157: ='RESUMEN TOTAL'!AP197 -> 0
... A166: ='RESUMEN TOTAL'!A206 -> KM 26700 (JULIO A. COSTA) | B166: ='RESUMEN TOTAL'!B206 -> KM 18 | C166: ='RESUMEN TOTAL'!D206 -> PULPERIA Y EL ALJIBE | D166: ='RESUMEN TOTAL'!E206 -> Domo | E166: ='RESUMEN TOTAL'!F206 -> GPON | F166: ='RESUMEN TOTAL'!M206 -> 0 | G166: ='RESUMEN TOTAL'!N206 -> 0 | H166: ='RESUMEN TOTAL'!O206 -> 0 | I166: ='RESUMEN TOTAL'!P206 -> 0 | J166: ='RESUMEN TOTAL'!Q206 -> 0 | K166: ='RESUMEN TOTAL'!R206 -> 0 | L166: ='RESUMEN TOTAL'!S206 -> 0 | M166: ='RESUMEN TOTAL'!T206 -> 0 | ... AI166: ='RESUMEN TOTAL'!AP206 -> 0
A167: ='RESUMEN TOTAL'!A209 -> LOMAS DE MONTEVERDE | B167: ='RESUMEN TOTAL'!B209 -> LDM 01 | C167: ='RESUMEN TOTAL'!D209 -> ILLIA Y BOUREL | D167: ='RESUMEN TOTAL'!E209 -> DOMO | E167: ='RESUMEN TOTAL'!F209 -> PTO A FO | F167: ='RESUMEN TOTAL'!M209 -> 0 | G167: ='RESUMEN TOTAL'!N209 -> 0 | H167: ='RESUMEN TOTAL'!O209 -> 0 | I167: ='RESUMEN TOTAL'!P209 -> 0 | J167: ='RESUMEN TOTAL'!Q209 -> 0 | K167: ='RESUMEN TOTAL'!R209 -> 0 | L167: ='RESUMEN TOTAL'!S209 -> 0 | M167: ='RESUMEN TOTAL'!T209 -> 0 | ... AI167: ='RESUMEN TOTAL'!AP209 -> 0
A168: ='RESUMEN TOTAL'!A210 -> LOMAS DE MONTEVERDE | B168: ='RESUMEN TOTAL'!B210 -> LDM 02 | C168: ='RESUMEN TOTAL'!D210 -> LAS HERAS Y EDISON | D168: ='RESUMEN TOTAL'!E210 -> DOMO | E168: ='RESUMEN TOTAL'!F210 -> GPON | F168: ='RESUMEN TOTAL'!M210 -> 0 | G168: ='RESUMEN TOTAL'!N210 -> 0 | H168: ='RESUMEN TOTAL'!O210 -> 0 | I168: ='RESUMEN TOTAL'!P210 -> 0 | J168: ='RESUMEN TOTAL'!Q210 -> 0 | K168: ='RESUMEN TOTAL'!R210 -> 0 | L168: ='RESUMEN TOTAL'!S210 -> 0 | M168: ='RESUMEN TOTAL'!T210 -> 0 | ... AI168: ='RESUMEN TOTAL'!AP210 -> 0
A169: ='RESUMEN TOTAL'!A211 -> LOMAS DE MONTEVERDE | B169: ='RESUMEN TOTAL'!B211 -> LDM 03 | C169: ='RESUMEN TOTAL'!D211 -> LAS HERAS Y FRANKLIN | D169: ='RESUMEN TOTAL'!E211 -> DOMO | E169: ='RESUMEN TOTAL'!F211 -> GPON | F169: ='RESUMEN TOTAL'!M211 -> 0 | G169: ='RESUMEN TOTAL'!N211 -> 0 | H169: ='RESUMEN TOTAL'!O211 -> 0 | I169: ='RESUMEN TOTAL'!P211 -> 0 | J169: ='RESUMEN TOTAL'!Q211 -> 0 | K169: ='RESUMEN TOTAL'!R211 -> 0 | L169: ='RESUMEN TOTAL'!S211 -> 0 | M169: ='RESUMEN TOTAL'!T211 -> 0 | ... AI169: ='RESUMEN TOTAL'!AP211 -> 0
A170: ='RESUMEN TOTAL'!A213 -> LIBERTAD | B170: ='RESUMEN TOTAL'!B213 -> LIBER 01 | C170: ='RESUMEN TOTAL'!D213 -> 511 Y 574 FIJA 01 | D170: ='RESUMEN TOTAL'!E213 -> Fija | E170: ='RESUMEN TOTAL'!F213 -> RADIO | F170: ='RESUMEN TOTAL'!M213 -> 0 | G170: ='RESUMEN TOTAL'!N213 -> 0 | H170: ='RESUMEN TOTAL'!O213 -> 0 | I170: ='RESUMEN TOTAL'!P213 -> 0 | J170: ='RESUMEN TOTAL'!Q213 -> 0 | K170: ='RESUMEN TOTAL'!R213 -> 0 | L170: ='RESUMEN TOTAL'!S213 -> 0 | M170: ='RESUMEN TOTAL'!T213 -> 0 | ... AI170: ='RESUMEN TOTAL'!AP213 -> 0
A171: ='RESUMEN TOTAL'!A214 -> LIBERTAD | B171: ='RESUMEN TOTAL'!B214 -> LIBER 02 | C171: ='RESUMEN TOTAL'!D214 -> 511 Y 574 FIJA 02 | D171: ='RESUMEN TOTAL'!E214 -> Fija | E171: ='RESUMEN TOTAL'!F214 -> Radio | F171: ='RESUMEN TOTAL'!M214 -> 0 | G171: ='RESUMEN TOTAL'!N214 -> 0 | H171: ='RESUMEN TOTAL'!O214 -> 0 | I171: ='RESUMEN TOTAL'!P214 -> 0 | J171: ='RESUMEN TOTAL'!Q214 -> 0 | K171: ='RESUMEN TOTAL'!R214 -> 0 | L171: ='RESUMEN TOTAL'!S214 -> 0 | M171: ='RESUMEN TOTAL'!T214 -> 0 | ... AI171: ='RESUMEN TOTAL'!AP214 -> 0
A172: ='RESUMEN TOTAL'!A215 -> z | B172: ='RESUMEN TOTAL'!B215 -> LPI 01 | C172: ='RESUMEN TOTAL'!D215 -> Maipu y Posadas | D172: ='RESUMEN TOTAL'!E215 -> Domo | E172: ='RESUMEN TOTAL'!F215 -> PTO A FO | F172: ='RESUMEN TOTAL'!M215 -> 0 | G172: ='RESUMEN TOTAL'!N215 -> 0 | H172: ='RESUMEN TOTAL'!O215 -> 0 | I172: ='RESUMEN TOTAL'!P215 -> 0 | J172: ='RESUMEN TOTAL'!Q215 -> 0 | K172: ='RESUMEN TOTAL'!R215 -> 0 | L172: ='RESUMEN TOTAL'!S215 -> 0 | M172: ='RESUMEN TOTAL'!T215 -> 0 | ... AI172: ='RESUMEN TOTAL'!AP215 -> 0
...

Sheet Hoja1
B1: CAMARAS | C1: 45931
A2: BONOMO | B2: =COUNTIFS('RESUMEN TOTAL'!C8:C561,"=BONOMO") -> 298 | C2: 57 | F2: 45962 | G2: 45963 | H2: 45964 | I2: 45965 | J2: 45966 | K2: 45967 | L2: 45968 | M2: 45969 | N2: 45970 | O2: 45971 | P2: 45972 | Q2: 45973 | R2: 45974 | S2: 45975 | T2: 45976 | U2: 45977 | V2: 45978 | W2: 45979 | X2: 45980 | Y2: 45981 | Z2: 45982 | AA2: 45983 | AB2: 45984 | AC2: 45985 | AD2: 45986 | AE2: 45987 | AF2: 45988 | AG2: 45989 | AH2: 45990 | AI2: 45991
C3: 0.2103321 | D3: BONOMO | E3: APAGADAS BONOMO | F3: 0 | G3: =COUNTIFS('RESUMEN TOTAL'!N8:N670,"=APAGADO",'RESUMEN TOTAL'!C8:C670,"=BONOMO") -> 0 | H3: =COUNTIFS('RESUMEN TOTAL'!O8:O670,"=APAGADO",'RESUMEN TOTAL'!C8:C670,"=BONOMO") -> 0 | I3: =COUNTIFS('RESUMEN TOTAL'!P8:P670,"=APAGADO",'RESUMEN TOTAL'!C8:C670,"=BONOMO") -> 0 | J3: =COUNTIFS('RESUMEN TOTAL'!Q8:Q670,"=APAGADO",'RESUMEN TOTAL'!C8:C670,"=BONOMO") -> 0 | K3: =COUNTIFS('RESUMEN TOTAL'!R8:R670,"=APAGADO",'RESUMEN TOTAL'!C8:C670,"=BONOMO") -> 0 | L3: =COUNTIFS('RESUMEN TOTAL'!S8:S670,"=APAGADO",'RESUMEN TOTAL'!C8:C670,"=BONOMO") -> 0 | M3: =COUNTIFS('RESUMEN TOTAL'!T8:T670,"=APAGADO",'RESUMEN TOTAL'!C8:C670,"=BONOMO") -> 0 | N3: =COUNTIFS('RESUMEN TOTAL'!U8:U670,"=APAGADO",'RESUMEN TOTAL'!C8:C670,"=BONOMO") -> 0 | O3: =COUNTIFS('RESUMEN TOTAL'!V8:V670,"=APAGADO",'RESUMEN TOTAL'!C8:C670,"=BONOMO") -> 0 | P3: =COUNTIFS('RESUMEN TOTAL'!W8:W670,"=APAGADO",'RESUMEN TOTAL'!C8:C670,"=BONOMO") -> 0 | Q3: =COUNTIFS('RESUMEN TOTAL'!X8:X670,"=APAGADO",'RESUMEN TOTAL'!C8:C670,"=BONOMO") -> 0 | R3: =COUNTIFS('RESUMEN TOTAL'!Y8:Y670,"=APAGADO",'RESUMEN TOTAL'!C8:C670,"=BONOMO") -> 0 | S3: =COUNTIFS('RESUMEN TOTAL'!Z8:Z670,"=APAGADO",'RESUMEN TOTAL'!C8:C670,"=BONOMO") -> 0 | T3: =COUNTIFS('RESUMEN TOTAL'!AA8:AA670,"=APAGADO",'RESUMEN TOTAL'!C8:C670,"=BONOMO") -> 0 | U3: =COUNTIFS('RESUMEN TOTAL'!AB8:AB670,"=APAGADO",'RESUMEN TOTAL'!C8:C670,"=BONOMO") -> 0 | V3: =COUNTIFS('RESUMEN TOTAL'!AC8:AC670,"=APAGADO",'RESUMEN TOTAL'!C8:C670,"=BONOMO") -> 0 | W3: =COUNTIFS('RESUMEN TOTAL'!AD8:AD670,"=APAGADO",'RESUMEN TOTAL'!C8:C670,"=BONOMO") -> 0 | X3: =COUNTIFS('RESUMEN TOTAL'!AE8:AE670,"=APAGADO",'RESUMEN TOTAL'!C8:C670,"=BONOMO") -> 0 | Y3: =COUNTIFS('RESUMEN TOTAL'!AF8:AF670,"=APAGADO",'RESUMEN TOTAL'!C8:C670,"=BONOMO") -> 0 | Z3: =COUNTIFS('RESUMEN TOTAL'!AG8:AG670,"=APAGADO",'RESUMEN TOTAL'!C8:C670,"=BONOMO") -> 0 | AA3: =COUNTIFS('RESUMEN TOTAL'!AH8:AH670,"=APAGADO",'RESUMEN TOTAL'!C8:C670,"=BONOMO") -> 0 | AB3: =COUNTIFS('RESUMEN TOTAL'!AI8:AI670,"=APAGADO",'RESUMEN TOTAL'!C8:C670,"=BONOMO") -> 0 | AC3: =COUNTIFS('RESUMEN TOTAL'!AJ8:AJ670,"=APAGADO",'RESUMEN TOTAL'!C8:C670,"=BONOMO") -> 0 | AD3: =COUNTIFS('RESUMEN TOTAL'!AK8:AK670,"=APAGADO",'RESUMEN TOTAL'!C8:C670,"=BONOMO") -> 0 | AE3: 0 | AF3: =COUNTIFS('RESUMEN TOTAL'!AM8:AM670,"=APAGADO",'RESUMEN TOTAL'!C8:C670,"=BONOMO") -> 0 | AG3: =COUNTIFS('RESUMEN TOTAL'!AN8:AN670,"=APAGADO",'RESUMEN TOTAL'!C8:C670,"=BONOMO") -> 0 | AH3: =COUNTIFS('RESUMEN TOTAL'!AO8:AO670,"=APAGADO",'RESUMEN TOTAL'!C8:C670,"=BONOMO") -> 0 | AI3: 0
A4: COSEIDI | B4: =COUNTIFS('RESUMEN TOTAL'!C8:C561,"=COSEIDI") -> 256 | C4: 52 | E4: % BONOMO | F4: 0 | G4: =G3/BONOMOcam -> 0 | H4: =H3/BONOMOcam -> 0 | I4: =I3/BONOMOcam -> 0 | J4: 0 | K4: =K3/BONOMOcam -> 0 | L4: =L3/BONOMOcam -> 0 | M4: =M3/BONOMOcam -> 0 | N4: =N3/BONOMOcam -> 0 | O4: =O3/BONOMOcam -> 0 | P4: =P3/BONOMOcam -> 0 | Q4: =Q3/BONOMOcam -> 0 | R4: =R3/BONOMOcam -> 0 | ... AB4: =AB3/BONOMOcam -> 0 | AC4: 0 | AD4: =AD3/BONOMOcam -> 0 | AE4: =AE3/BONOMOcam -> 0 | AF4: =AF3/BONOMOcam -> 0 | AG4: =AG3/BONOMOcam -> 0 | AH4: =AH3/BONOMOcam -> 0 | AI4: 0
C5: 0.22317597 | D5: COSEIDI | E5: APAGADAS COSEIDI | F5: =COUNTIFS('RESUMEN TOTAL'!M8:M672,"=APAGADO",'RESUMEN TOTAL'!C8:C672,"=COSEIDI") -> 0 | G5: =COUNTIFS('RESUMEN TOTAL'!N8:N670,"=APAGADO",'RESUMEN TOTAL'!C8:C670,"=COSEIDI") -> 0 | H5: =COUNTIFS('RESUMEN TOTAL'!O10:O672,"=APAGADO",'RESUMEN TOTAL'!C10:C672,"=COSEIDI") -> 0 | I5: =COUNTIFS('RESUMEN TOTAL'!P10:P672,"=APAGADO",'RESUMEN TOTAL'!C10:C672,"=COSEIDI") -> 0 | J5: =COUNTIFS('RESUMEN TOTAL'!Q10:Q672,"=APAGADO",'RESUMEN TOTAL'!C10:C672,"=COSEIDI") -> 0 | K5: =COUNTIFS('RESUMEN TOTAL'!R10:R672,"=APAGADO",'RESUMEN TOTAL'!C10:C672,"=COSEIDI") -> 0 | L5: =COUNTIFS('RESUMEN TOTAL'!S10:S672,"=APAGADO",'RESUMEN TOTAL'!C10:C672,"=COSEIDI") -> 0 | M5: =COUNTIFS('RESUMEN TOTAL'!T10:T672,"=APAGADO",'RESUMEN TOTAL'!C10:C672,"=COSEIDI") -> 0 | N5: =COUNTIFS('RESUMEN TOTAL'!U10:U672,"=APAGADO",'RESUMEN TOTAL'!C10:C672,"=COSEIDI") -> 0 | O5: =COUNTIFS('RESUMEN TOTAL'!V10:V672,"=APAGADO",'RESUMEN TOTAL'!C10:C672,"=COSEIDI") -> 0 | P5: =COUNTIFS('RESUMEN TOTAL'!W10:W672,"=APAGADO",'RESUMEN TOTAL'!C10:C672,"=COSEIDI") -> 0 | Q5: =COUNTIFS('RESUMEN TOTAL'!X10:X672,"=APAGADO",'RESUMEN TOTAL'!C10:C672,"=COSEIDI") -> 0 | R5: =COUNTIFS('RESUMEN TOTAL'!Y10:Y672,"=APAGADO",'RESUMEN TOTAL'!C10:C672,"=COSEIDI") -> 0 | S5: =COUNTIFS('RESUMEN TOTAL'!Z10:Z672,"=APAGADO",'RESUMEN TOTAL'!C10:C672,"=COSEIDI") -> 0 | T5: =COUNTIFS('RESUMEN TOTAL'!AA10:AA672,"=APAGADO",'RESUMEN TOTAL'!C10:C672,"=COSEIDI") -> 0 | U5: 0 | V5: =COUNTIFS('RESUMEN TOTAL'!AC10:AC672,"=APAGADO",'RESUMEN TOTAL'!C10:C672,"=COSEIDI") -> 0 | W5: =COUNTIFS('RESUMEN TOTAL'!AD10:AD672,"=APAGADO",'RESUMEN TOTAL'!C10:C672,"=COSEIDI") -> 0 | X5: =COUNTIFS('RESUMEN TOTAL'!AE10:AE672,"=APAGADO",'RESUMEN TOTAL'!C10:C672,"=COSEIDI") -> 0 | Y5: =COUNTIFS('RESUMEN TOTAL'!AF10:AF672,"=APAGADO",'RESUMEN TOTAL'!C10:C672,"=COSEIDI") -> 0 | Z5: =COUNTIFS('RESUMEN TOTAL'!AG10:AG672,"=APAGADO",'RESUMEN TOTAL'!C10:C672,"=COSEIDI") -> 0 | AA5: =COUNTIFS('RESUMEN TOTAL'!AH10:AH672,"=APAGADO",'RESUMEN TOTAL'!C10:C672,"=COSEIDI") -> 0 | AB5: =COUNTIFS('RESUMEN TOTAL'!AI10:AI672,"=APAGADO",'RESUMEN TOTAL'!C10:C672,"=COSEIDI") -> 0 | AC5: =COUNTIFS('RESUMEN TOTAL'!AJ10:AJ672,"=APAGADO",'RESUMEN TOTAL'!C10:C672,"=COSEIDI") -> 0 | AD5: =COUNTIFS('RESUMEN TOTAL'!AK10:AK672,"=APAGADO",'RESUMEN TOTAL'!C10:C672,"=COSEIDI") -> 0 | AE5: =COUNTIFS('RESUMEN TOTAL'!AL10:AL672,"=APAGADO",'RESUMEN TOTAL'!C10:C672,"=COSEIDI") -> 0 | AF5: =COUNTIFS('RESUMEN TOTAL'!AM10:AM672,"=APAGADO",'RESUMEN TOTAL'!C10:C672,"=COSEIDI") -> 0 | AG5: 0 | AH5: =COUNTIFS('RESUMEN TOTAL'!AO10:AO672,"=APAGADO",'RESUMEN TOTAL'!C10:C672,"=COSEIDI") -> 0 | AI5: 0
E6: % COSEIDI | F6: 0 | G6: =G5/COSEIDIcam -> 0 | H6: =H5/COSEIDIcam -> 0 | I6: 0 | J6: 0 | K6: =K5/COSEIDIcam -> 0 | L6: =L5/COSEIDIcam -> 0 | M6: =M5/COSEIDIcam -> 0 | N6: =N5/COSEIDIcam -> 0 | O6: =O5/COSEIDIcam -> 0 | P6: =P5/COSEIDIcam -> 0 | Q6: =Q5/COSEIDIcam -> 0 | R6: =R5/COSEIDIcam -> 0 | ... T6: =T5/COSEIDIcam -> 0 | U6: 0 | V6: =V5/COSEIDIcam -> 0 | W6: =W5/COSEIDIcam -> 0 | X6: =X5/COSEIDIcam -> 0 | Y6: =Y5/COSEIDIcam -> 0 | Z6: =Z5/COSEIDIcam -> 0 | AA6: =AA5/COSEIDIcam -> 0 | AB6: =AB5/COSEIDIcam -> 0 | AC6: 0 | AD6: =AD5/COSEIDIcam -> 0 | AE6: =AE5/COSEIDIcam -> 0 | AF6: =AF5/COSEIDIcam -> 0 | AG6: 0 | AH6: =AH5/COSEIDIcam -> 0 | AI6: 0
