Workbook
Name _25_de_agosto: 'RESUMEN TOTAL'!$A$4:$D$411
Name _25_de_agosto_3: 'RESUMEN TOTAL'!$A$4:$D$423
Name _30_mar: 'APAGADOS ANTENA'!$AI$3
Name BONOMOcam: Hoja1!$B$2
Name CANTIDAD_DE_CAMARAS: 'RESUMEN TOTAL'!$B$1
Name COSEIDIcam: Hoja1!$B$4

Sheet RESUMEN TOTAL
A1: CANTIDAD DE CAMARAS | B1: =COUNTA(B5:B643) -> 565 | D1: PORCIENTO DE CAIDAS | L1: =(L3)/(L2+L3) -> 0.20827179 | M1: =(M3)/(M2+M3) -> 0.1951952 | N1: =(N3)/(N2+N3) -> 0 | O1: =(O3)/(O2+O3) -> 0 | P1: =(P3)/(P2+P3) -> 0 | Q1: =(Q3)/(Q2+Q3) -> 0 | R1: =(R3)/(R2+R3) -> 0 | S1: =(S3)/(S2+S3) -> 0 | ... X1: =(X3)/(X2+X3) -> 0 | Z1: =(Z3)/(Z2+Z3) -> 0 | AA1: =(AA3)/(AA2+AA3) -> 0 | AB1: =(AB3)/(AB2+AB3) -> 0 | AC1: =(AC3)/(AC2+AC3) -> 0 | AD1: =(AD3)/(AD2+AD3) -> 0 | AE1: =(AE3)/(AE2+AE3) -> 0 | AF1: =(AF3)/(AF2+AF3) -> 0 | AG1: =(AG3)/(AG2+AG3) -> 0 | ... AO1: =(AO3)/(AO2+AO3) -> 0
D2: FUNCIONAN | L2: 536 | M2: 536 | N2: 536 | O2: 536 | P2: 536 | Q2: 536 | R2: 536 | S2: 536 | T2: 536 | U2: 536 | V2: 536 | W2: 536 | X2: 536 | Y2: 536 | Z2: 536 | AA2: 536 | AB2: 536 | AC2: 536 | AD2: 536 | AE2: 536 | AF2: 536 | AG2: 536 | AH2: 536 | AI2: 536 | AJ2: 536 | AK2: 536 | AL2: 536 | AM2: 536 | AN2: 536 | AO2: 536
D3: CAIDAS | L3: =COUNTIF(L4:L643, "apagado") -> 141 | M3: =COUNTIF(M4:M643, "apagado") -> 130 | N3: =COUNTIF(N4:N643, "apagado") -> 0 | O3: =COUNTIF(O4:O643, "apagado") -> 0 | P3: =COUNTIF(P4:P643, "apagado") -> 0 | Q3: =COUNTIF(Q4:Q643, "apagado") -> 0 | R3: =COUNTIF(R4:R643, "apagado") -> 0 | S3: =COUNTIF(S4:S643, "apagado") -> 0 | ... W3: =COUNTIF(W4:W643, "apagado") -> 0 | X3: =COUNTIF(X4:X551, "apagado") -> 0 | Y3: =COUNTIF(Y4:Y551, "apagado") -> 0 | Z3: =COUNTIF(Z4:Z643, "apagado") -> 0 | AA3: =COUNTIF(AA4:AA643, "apagado") -> 0 | AB3: =COUNTIF(AB4:AB643, "apagado") -> 0 | AC3: =COUNTIF(AC4:AC643, "apagado") -> 0 | AD3: =COUNTIF(AD4:AD643, "apagado") -> 0 | AE3: =COUNTIF(AE4:AE643, "apagado") -> 0 | AF3: =COUNTIF(AF4:AF643, "apagado") -> 0 | AG3: =COUNTIF(AG4:AG643, "apagado") -> 0 | ... AO3: =COUNTIF(AO4:AO643, "apagado") -> 0
A4: Barrio | B4: [Denominacion] | C4: [Empresa Mantenimiento] | D4: [Ubicacion] | E4: [Tipo de Camara] | F4: [Tipo de Conexion] | G4: Destino | I4: DIAS FUNCIONANDO | J4: DIAS CAIDA | K4: EFECTIVIDAD | L4: 45809 | M4: 45810 | N4: 45811 | O4: 45812 | P4: 45813 | Q4: 45814 | R4: 45815 | S4: 45816 | T4: 45817 | U4: 45818 | V4: 45819 | W4: 45820 | X4: 45821 | Y4: 45822 | Z4: 45823 | AA4: 45824 | AB4: 45825 | AC4: 45826 | AD4: 45827 | AE4: 45828 | AF4: 45829 | AG4: 45830 | AH4: 45831 | AI4: 45832 | AJ4: 45833 | AK4: 45834 | AL4: 45835 | AM4: 45836 | AN4: 45837 | AO4: 45838
A5: ALTAMIRA | B5: ALT01 | C5: BONOMO | D5: Calchaqui y Sgto. Cabral | E5: Domo | F5: Fibra Optica | H5: 172.20.10.6 | I5: =COUNTIF(L5:AM5,"") -> 28 | J5: =COUNTIF(L5:AM5,"APAGADO") -> 0 | K5: =(I5)/(J5+I5) -> 1
A6: ALTAMIRA | B6: ALT02 | C6: BONOMO | D6: Calchaqui y Lope de Vega | E6: Domo | F6: PTO A FO | G6: CABRAL Y CALCHAQUI | H6: 172.20.12.218 | I6: =COUNTIF(L6:AM6,"") -> 28 | J6: =COUNTIF(L6:AM6,"APAGADO") -> 0 | K6: =(I6)/(J6+I6) -> 1
A7: ALTAMIRA | B7: ALT 03 | C7: BONOMO | D7: Bombero Galarza y Necochea | E7: Domo | F7: Fibra Optica | H7: 172.20.12.54 | I7: =COUNTIF(L7:AM7,"") -> 26 | J7: =COUNTIF(L7:AM7,"APAGADO") -> 2 | K7: =(I7)/(J7+I7) -> 0.92857143 | L7: APAGADO | M7: APAGADO
A8: ALTAMIRA | B8: ALT 04 | C8: BONOMO | D8: Francia y Necochea | E8: Domo | F8: Fibra Optica | H8: 172.20.12.55 | I8: =COUNTIF(L8:AM8,"") -> 26 | J8: =COUNTIF(L8:AM8,"APAGADO") -> 2 | K8: =(I8)/(J8+I8) -> 0.92857143 | L8: APAGADO | M8: APAGADO
A9: ALTAMIRA | B9: ALT05 | C9: BONOMO | D9: Av. Calchaqui y Bombero Galarza | E9: Domo | F9: PTO A FO | G9: NECOCHEA Y GALARZA | H9: 172.20.12.216 | I9: =COUNTIF(L9:AM9,"") -> 26 | J9: =COUNTIF(L9:AM9,"APAGADO") -> 2 | K9: =(I9)/(J9+I9) -> 0.92857143 | L9: APAGADO | M9: APAGADO
A10: ALTAMIRA | B10: ALT 06 | C10: BONOMO | D10: LOPE DE VEGA Y NECOCHEA | E10: Domo | F10: PTO A FO | G10: NECOCHEA Y GALARZA | H10: 172.20.12.12 | I10: =COUNTIF(L10:AM10,"") -> 26 | J10: =COUNTIF(L10:AM10,"APAGADO") -> 2 | K10: =(I10)/(J10+I10) -> 0.92857143 | L10: APAGADO | M10: APAGADO
A11: ALTAMIRA | B11: ALT07 | C11: BONOMO | D11: AV. CALCHAQUI Y AV. DEL TRABAJO | E11: DOMO | F11: PTO A FO | G11: CABRAL Y CALCHAQUI | H11: 172.20.10.57 | I11: =COUNTIF(L11:AM11,"") -> 28 | J11: =COUNTIF(L11:AM11,"APAGADO") -> 0 | K11: =(I11)/(J11+I11) -> 1
A12: ALTAMIRA | B12: ALT 08 | C12: BONOMO | D12: HUMAITA Y NECOCHEA | E12: DOMO | F12: Fibra Optica | H12: 172.20.11.215 | I12: =COUNTIF(L12:AM12,"") -> 28 | J12: =COUNTIF(L12:AM12,"APAGADO") -> 0 | K12: =(I12)/(J12+I12) -> 1
A13: ALTAMIRA | B13: ALT 09 | C13: BONOMO | D13: NECOCHEA Y CURUPAITY | E13: DOMO | F13: Fibra Optica | H13: 172.20.11.216 | I13: =COUNTIF(L13:AM13,"") -> 28 | J13: =COUNTIF(L13:AM13,"APAGADO") -> 0 | K13: =(I13)/(J13+I13) -> 1
A14: ALTAMIRA | B14: ALT 10 | C14: BONOMO | D14: Calchaqui y Francia | E14: Domo | F14: Radio | H14: 172.20.12.156 | I14: =COUNTIF(L14:AM14,"") -> 26 | J14: =COUNTIF(L14:AM14,"APAGADO") -> 2 | K14: =(I14)/(J14+I14) -> 0.92857143 | L14: APAGADO | M14: APAGADO
A15: AGUSTIN RAMIREZ | B15: ARA 01 | C15: BONOMO | D15: Malambo y Tranquera | E15: Domo | F15: Fibra Optica | H15: 172.20.12.110 | I15: =COUNTIF(L15:AM15,"") -> 28 | J15: =COUNTIF(L15:AM15,"APAGADO") -> 0 | K15: =(I15)/(J15+I15) -> 1
A16: BELGRANO | B16: BEL 01 | C16: BONOMO | D16: San Martin y Dardo Rocha | E16: DOMO | F16: Fibra Optica | H16: 172.20.12.64 | I16: =COUNTIF(L16:AM16,"") -> 28 | J16: =COUNTIF(L16:AM16,"APAGADO") -> 0 | K16: =(I16)/(J16+I16) -> 1
A17: BELGRANO | B17: BEL 02 | C17: BONOMO | D17: Guardia vieja y Fronteriz | E17: DOMO | F17: Fibra Optica | H17: 172.20.10.117 | I17: =COUNTIF(L17:AM17,"") -> 28 | J17: =COUNTIF(L17:AM17,"APAGADO") -> 0 | K17: =(I17)/(J17+I17) -> 1
A18: BOSQUES CENTRO | B18: BOSQC 01 | C18: COSEIDI | D18: LUIS AGOTE E/DANUNCIO Y CAMPOAMOR | E18: Fija | F18: Radio | H18: 172.20.11.15 | I18: =COUNTIF(L18:AM18,"") -> 28 | J18: =COUNTIF(L18:AM18,"APAGADO") -> 0 | K18: =(I18)/(J18+I18) -> 1
A19: BOSQUES CENTRO | B19: BOSQC 02 | C19: COSEIDI | D19: LUIS AGOTE E/DANUNCIO Y CAMPOAMOR | E19: Fija | F19: Radio | H19: 172.20.11.16 | I19: =COUNTIF(L19:AM19,"") -> 28 | J19: =COUNTIF(L19:AM19,"APAGADO") -> 0 | K19: =(I19)/(J19+I19) -> 1
A20: BOSQUES CENTRO | B20: BOSQC 03 | C20: COSEIDI | D20: BENAVENTE Y LUIS AGOTE | E20: Fija | F20: Radio | H20: 172.20.11.13 | I20: =COUNTIF(L20:AM20,"") -> 28 | J20: =COUNTIF(L20:AM20,"APAGADO") -> 0 | K20: =(I20)/(J20+I20) -> 1
A21: BOSQUES CENTRO | B21: BOSQC 04 | C21: COSEIDI | D21: BENAVENTE Y LUIS AGOTE | E21: Fija | F21: Radio | H21: 172.20.11.113 | I21: =COUNTIF(L21:AM21,"") -> 28 | J21: =COUNTIF(L21:AM21,"APAGADO") -> 0 | K21: =(I21)/(J21+I21) -> 1
A22: BOSQUES CENTRO | B22: BOSQC 05 | C22: COSEIDI | D22: LUIS AGOTE Y RUTA 36 | E22: Fija | F22: Radio | H22: 172.20.11.17 | I22: =COUNTIF(L22:AM22,"") -> 28 | J22: =COUNTIF(L22:AM22,"APAGADO") -> 0 | K22: =(I22)/(J22+I22) -> 1
A23: BOSQUES CENTRO | B23: BOSQC 06 | C23: COSEIDI | D23: LUIS AGOTE Y RUTA 36 | E23: Fija | F23: Radio | H23: 172.20.11.18 | I23: =COUNTIF(L23:AM23,"") -> 28 | J23: =COUNTIF(L23:AM23,"APAGADO") -> 0 | K23: =(I23)/(J23+I23) -> 1
A24: BOSQUES CENTRO | B24: BOSQC 07 | C24: BONOMO | D24: Touring club y Sta Teresita | E24: Domo | F24: Fibra Optica | H24: 172.20.10.141 | I24: =COUNTIF(L24:AM24,"") -> 28 | J24: =COUNTIF(L24:AM24,"APAGADO") -> 0 | K24: =(I24)/(J24+I24) -> 1
A25: BOSQUES CENTRO | B25: PAVE01 | C25: BONOMO | D25: Touring Club y Ramallo | E25: Domo | F25: Fibra Optica | H25: 172.20.10.144 | I25: =COUNTIF(L25:AM25,"") -> 28 | J25: =COUNTIF(L25:AM25,"APAGADO") -> 0 | K25: =(I25)/(J25+I25) -> 1
A26: BOSQUES CENTRO | B26: PAVE02 | C26: BONOMO | D26: Ramallo y Calingasta | F26: Fibra Optica | H26: 172.20.10.37 | I26: =COUNTIF(L26:AM26,"") -> 26 | J26: =COUNTIF(L26:AM26,"APAGADO") -> 2 | K26: =(I26)/(J26+I26) -> 0.92857143 | L26: APAGADO | M26: APAGADO
A27: LA CAROLINA 2 | B27: CAR01 (Fija 1) | C27: BONOMO | D27: Azurduy y Vergara | E27: Fija | F27: Fibra Optica | H27: 172.20.10.60 | I27: =COUNTIF(L27:AM27,"") -> 26 | J27: =COUNTIF(L27:AM27,"APAGADO") -> 2 | K27: =(I27)/(J27+I27) -> 0.92857143 | L27: APAGADO | M27: APAGADO
A28: LA CAROLINA 2 | B28: CAR02 (Fija 2) | C28: BONOMO | D28: Azurduy y Vergara | E28: Fija | F28: Fibra Optica | H28: 172.20.10.73 | I28: =COUNTIF(L28:AM28,"") -> 26 | J28: =COUNTIF(L28:AM28,"APAGADO") -> 2 | K28: =(I28)/(J28+I28) -> 0.92857143 | L28: APAGADO | M28: APAGADO
A29: CENTRO | B29: CEN01 | C29: BONOMO | D29: San Martin y 9 de Julio | E29: Fija | F29: Fibra Optica | H29: 172.20.11.10 | I29: =COUNTIF(L29:AM29,"") -> 28 | J29: =COUNTIF(L29:AM29,"APAGADO") -> 0 | K29: =(I29)/(J29+I29) -> 1
A30: CENTRO | B30: CEN02 | C30: BONOMO | D30: San Martin y Almafuerte | E30: Fija | F30: Fibra Optica | H30: 172.20.11.11 | I30: =COUNTIF(L30:AM30,"") -> 28 | J30: =COUNTIF(L30:AM30,"APAGADO") -> 0 | K30: =(I30)/(J30+I30) -> 1
A31: CENTRO | B31: CEN03 | C31: BONOMO | D31: San Martin y Sallares | E31: Domo | F31: Fibra Optica | H31: 172.20.12.30 | I31: =COUNTIF(L31:AM31,"") -> 28 | J31: =COUNTIF(L31:AM31,"APAGADO") -> 0 | K31: =(I31)/(J31+I31) -> 1
A32: CENTRO | B32: CEN04 | C32: BONOMO | D32: San Martin y Contreras | E32: Domo | F32: Fibra Optica | H32: 172.20.12.29 | I32: =COUNTIF(L32:AM32,"") -> 28 | J32: =COUNTIF(L32:AM32,"APAGADO") -> 0 | K32: =(I32)/(J32+I32) -> 1
A33: CENTRO | B33: CEN 05 | C33: BONOMO | D33: Bocuzzi e/España y San Martin | E33: DOMO | F33: Fibra Optica | H33: 172.20.10.200 | I33: =COUNTIF(L33:AM33,"") -> 28 | J33: =COUNTIF(L33:AM33,"APAGADO") -> 0 | K33: =(I33)/(J33+I33) -> 1
A34: CENTRO | B34: CEN06 | C34: BONOMO | D34: Monteagudo y A.del Valle | E34: Fija | F34: Fibra Optica | H34: 172.20.10.02 | I34: =COUNTIF(L34:AM34,"") -> 26 | J34: =COUNTIF(L34:AM34,"APAGADO") -> 2 | K34: =(I34)/(J34+I34) -> 0.92857143 | L34: APAGADO | M34: APAGADO
A35: CENTRO | B35: CEN07 | C35: BONOMO | D35: San Martin y Guemes | E35: DOMO | F35: Fibra Optica | H35: 172.20.11.20 | I35: =COUNTIF(L35:AM35,"") -> 28 | J35: =COUNTIF(L35:AM35,"APAGADO") -> 0 | K35: =(I35)/(J35+I35) -> 1
A36: CENTRO | B36: CEN08 | C36: BONOMO | D36: San Martin y Pte.Peron | E36: Domo | F36: Fibra Optica | H36: 172.20.11.21 | I36: =COUNTIF(L36:AM36,"") -> 28 | J36: =COUNTIF(L36:AM36,"APAGADO") -> 0 | K36: =(I36)/(J36+I36) -> 1
A37: CENTRO | B37: CEN09 | C37: BONOMO | D37: Chacabuco y 25 de Mayo | E37: Domo | F37: Fibra Optica | H37: 172.20.11.22 | I37: =COUNTIF(L37:AM37,"") -> 28 | J37: =COUNTIF(L37:AM37,"APAGADO") -> 0 | K37: =(I37)/(J37+I37) -> 1
A38: CENTRO | B38: CEN10 | C38: BONOMO | D38: Monteagudo y Pte. Peron | E38: Domo | F38: Fibra Optica | H38: 172.20.11.23 | I38: =COUNTIF(L38:AM38,"") -> 28 | J38: =COUNTIF(L38:AM38,"APAGADO") -> 0 | K38: =(I38)/(J38+I38) -> 1
A39: CENTRO | B39: CEN11 | C39: BONOMO | D39: Monteagudo y Bocuzzi | E39: Domo | F39: Fibra Optica | H39: 172.20.10.24 | I39: =COUNTIF(L39:AM39,"") -> 28 | J39: =COUNTIF(L39:AM39,"APAGADO") -> 0 | K39: =(I39)/(J39+I39) -> 1
A40: CENTRO | B40: CEN 12 | C40: BONOMO | D40: Monteagudo y Mitre | E40: Domo | F40: Fibra Optica | H40: 172.20.10.23 | I40: =COUNTIF(L40:AM40,"") -> 28 | J40: =COUNTIF(L40:AM40,"APAGADO") -> 0 | K40: =(I40)/(J40+I40) -> 1
A41: CENTRO | B41: CEN 13 | C41: BONOMO | D41: 25 de Mayo y Maipu | E41: DOMO | F41: Fibra Optica | H41: 172.20.10.20 | I41: =COUNTIF(L41:AM41,"") -> 28 | J41: =COUNTIF(L41:AM41,"APAGADO") -> 0 | K41: =(I41)/(J41+I41) -> 1
A42: CENTRO | B42: CEN14 | C42: BONOMO | D42: Pte.Peron e/Pringles y Brown | E42: Domo | F42: Fibra Optica | H42: 172.20.10.21 | I42: =COUNTIF(L42:AM42,"") -> 28 | J42: =COUNTIF(L42:AM42,"APAGADO") -> 0 | K42: =(I42)/(J42+I42) -> 1
A43: CENTRO | B43: CEN15 | C43: BONOMO | D43: Alberdi y A.del Valle | E43: Domo | F43: Fibra Optica | H43: 172.20.10.35 | I43: =COUNTIF(L43:AM43,"") -> 28 | J43: =COUNTIF(L43:AM43,"APAGADO") -> 0 | K43: =(I43)/(J43+I43) -> 1
A44: CENTRO | B44: CEN16 | C44: BONOMO | D44: San Martin y Pte. Peron | E44: Fija | F44: Fibra Optica | H44: 172.20.12.36 | I44: =COUNTIF(L44:AM44,"") -> 28 | J44: =COUNTIF(L44:AM44,"APAGADO") -> 0 | K44: =(I44)/(J44+I44) -> 1
A45: CENTRO | B45: CEN17 | C45: BONOMO | D45: San Martin y Mitre | E45: Domo | F45: PTO A FO | G45: SAN MARTIN Y SALLARES | H45: 172.20.12.200 | I45: =COUNTIF(L45:AM45,"") -> 28 | J45: =COUNTIF(L45:AM45,"APAGADO") -> 0 | K45: =(I45)/(J45+I45) -> 1
A46: CENTRO | B46: CEN18 | C46: BONOMO | D46: Monteagudo e/Mitre y Sallares | E46: Fija | F46: Fibra Optica | H46: 172.20.10.26 | I46: =COUNTIF(L46:AM46,"") -> 28 | J46: =COUNTIF(L46:AM46,"APAGADO") -> 0 | K46: =(I46)/(J46+I46) -> 1
A47: CENTRO | B47: CEN19 | C47: BONOMO | D47: Chacabuco y 25 de Mayo | E47: Fija | F47: Fibra Optica | H47: 172.20.10.27 | I47: =COUNTIF(L47:AM47,"") -> 28 | J47: =COUNTIF(L47:AM47,"APAGADO") -> 0 | K47: =(I47)/(J47+I47) -> 1
A48: LOMAS DE MONTEVERDE | B48: CEN20 | C48: BONOMO | D48: Pte. Illia y Las Heras | E48: Domo | F48: Fibra Optica | H48: 172.20.10.33 | I48: =COUNTIF(L48:AM48,"") -> 28 | J48: =COUNTIF(L48:AM48,"APAGADO") -> 0 | K48: =(I48)/(J48+I48) -> 1
A49: CENTRO | B49: CEN21 | C49: BONOMO | D49: Misiones y Urquiza | E49: Fija | F49: Radio | H49: 172.20.200.132 | I49: =COUNTIF(L49:AM49,"") -> 26 | J49: =COUNTIF(L49:AM49,"APAGADO") -> 2 | K49: =(I49)/(J49+I49) -> 0.92857143 | L49: APAGADO | M49: APAGADO
A50: CENTRO | B50: CEN22 | C50: BONOMO | D50: Las Heras y Chacabuco | E50: Domo | F50: Fibra Optica | H50: 172.20.10.163 | I50: =COUNTIF(L50:AM50,"") -> 28 | J50: =COUNTIF(L50:AM50,"APAGADO") -> 0 | K50: =(I50)/(J50+I50) -> 1
A51: CENTRO | B51: CEN23 | C51: BONOMO | D51: Sallares y Monteagudo | E51: Domo | F51: Fibra Optica | H51: 172.20.12.05 | I51: =COUNTIF(L51:AM51,"") -> 28 | J51: =COUNTIF(L51:AM51,"APAGADO") -> 0 | K51: =(I51)/(J51+I51) -> 1
A52: CENTRO | B52: CEN24 | C52: BONOMO | D52: Sallares y España | E52: Domo | F52: Fibra Optica | H52: 172.20.11.04 | I52: =COUNTIF(L52:AM52,"") -> 28 | J52: =COUNTIF(L52:AM52,"APAGADO") -> 0 | K52: =(I52)/(J52+I52) -> 1
A53: CENTRO | B53: CEN25 | C53: BONOMO | D53: SAN MARTIN Y 9 DE JULIO | E53: Domo | F53: Fibra Optica | H53: 172.20.12.02 | I53: =COUNTIF(L53:AM53,"") -> 26 | J53: =COUNTIF(L53:AM53,"APAGADO") -> 2 | K53: =(I53)/(J53+I53) -> 0.92857143 | L53: APAGADO | M53: APAGADO
A54: CENTRO | B54: CEN26 | C54: BONOMO | D54: Mitre y España | E54: Domo | F54: Fibra Optica | H54: 172.20.11,38 | I54: =COUNTIF(L54:AM54,"") -> 28 | J54: =COUNTIF(L54:AM54,"APAGADO") -> 0 | K54: =(I54)/(J54+I54) -> 1
A55: CENTRO | B55: CEN27 | C55: BONOMO | D55: San Juan y España | E55: Domo | F55: Fibra Optica | H55: 172.20.11.37 | I55: =COUNTIF(L55:AM55,"") -> 28 | J55: =COUNTIF(L55:AM55,"APAGADO") -> 0 | K55: =(I55)/(J55+I55) -> 1
A56: CENTRO | B56: CEN28 | C56: BONOMO | D56: Mitre y Alberdi | E56: Domo | F56: Fibra Optica | H56: 172.20.12.38 | I56: =COUNTIF(L56:AM56,"") -> 28 | J56: =COUNTIF(L56:AM56,"APAGADO") -> 0 | K56: =(I56)/(J56+I56) -> 1
A57: CENTRO | B57: CEN29 | C57: BONOMO | D57: Alberdi y San Juan | E57: Domo | F57: Fibra Optica | H57: 172.20.12.40 | I57: =COUNTIF(L57:AM57,"") -> 28 | J57: =COUNTIF(L57:AM57,"APAGADO") -> 0 | K57: =(I57)/(J57+I57) -> 1
A58: CENTRO | B58: CEN30 | C58: BONOMO | D58: Mitre y Pringles | E58: Domo | F58: Fibra Optica | H58: 172.20.12.39 | I58: =COUNTIF(L58:AM58,"") -> 28 | J58: =COUNTIF(L58:AM58,"APAGADO") -> 0 | K58: =(I58)/(J58+I58) -> 1
A59: CENTRO | B59: CEN31 | C59: BONOMO | D59: Mitre e/Monteagudo y Alberdi | E59: Domo | F59: Fibra Optica | H59: 172.20.12.41 | I59: =COUNTIF(L59:AM59,"") -> 28 | J59: =COUNTIF(L59:AM59,"APAGADO") -> 0 | K59: =(I59)/(J59+I59) -> 1
A60: CENTRO | B60: CEN32 | C60: BONOMO | D60: Aristobulo del Valle y España | E60: Domo | F60: Fibra Optica | H60: 172.20.12.42 | I60: =COUNTIF(L60:AM60,"") -> 28 | J60: =COUNTIF(L60:AM60,"APAGADO") -> 0 | K60: =(I60)/(J60+I60) -> 1
A61: CENTRO | B61: CEN33 | C61: BONOMO | D61: Peron y Alberdi | E61: Domo | F61: Fibra Optica | H61: 172.20.12.47 | I61: =COUNTIF(L61:AM61,"") -> 28 | J61: =COUNTIF(L61:AM61,"APAGADO") -> 0 | K61: =(I61)/(J61+I61) -> 1
A62: CENTRO | B62: CEN34 | C62: BONOMO | D62: Peron y España | E62: Domo | F62: Fibra Optica | H62: 172.20.12.49 | I62: =COUNTIF(L62:AM62,"") -> 28 | J62: =COUNTIF(L62:AM62,"APAGADO") -> 0 | K62: =(I62)/(J62+I62) -> 1
A63: CENTRO | B63: CEN35 | C63: BONOMO | D63: España y Marmol | E63: Domo | F63: Fibra Optica | H63: 172.20.12.50 | I63: =COUNTIF(L63:AM63,"") -> 28 | J63: =COUNTIF(L63:AM63,"APAGADO") -> 0 | K63: =(I63)/(J63+I63) -> 1
A64: CENTRO | B64: CEN36 | C64: BONOMO | D64: España y 9 de Julio | E64: Domo | F64: Fibra Optica | H64: 172.20.12.51 | I64: =COUNTIF(L64:AM64,"") -> 26 | J64: =COUNTIF(L64:AM64,"APAGADO") -> 2 | K64: =(I64)/(J64+I64) -> 0.92857143 | L64: APAGADO | M64: APAGADO
A65: CENTRO | B65: CEN 37 | C65: BONOMO | D65: Diagonal Granaderos y Monteagudo | E65: Domo | F65: Fibra Optica | H65: 172.20.12.52 | I65: =COUNTIF(L65:AM65,"") -> 28 | J65: =COUNTIF(L65:AM65,"APAGADO") -> 0 | K65: =(I65)/(J65+I65) -> 1
A66: CENTRO | B66: CEN38 | C66: BONOMO | D66: Diagonal Constituyentes y Almafuerte | E66: Domo | F66: Fibra Optica | H66: 172.20.12.53 | I66: =COUNTIF(L66:AM66,"") -> 28 | J66: =COUNTIF(L66:AM66,"APAGADO") -> 0 | K66: =(I66)/(J66+I66) -> 1
A67: CENTRO | B67: CEN39 | C67: BONOMO | D67: San Martin y Alem | E67: Domo | F67: Fibra Optica | H67: 172.20.12.56 | I67: =COUNTIF(L67:AM67,"") -> 28 | J67: =COUNTIF(L67:AM67,"APAGADO") -> 0 | K67: =(I67)/(J67+I67) -> 1
A68: CENTRO | B68: CEN40 | C68: BONOMO | D68: Contreras y Monteagudo | E68: Domo | F68: Fibra Optica | H68: 172.20.12.57 | I68: =COUNTIF(L68:AM68,"") -> 28 | J68: =COUNTIF(L68:AM68,"APAGADO") -> 0 | K68: =(I68)/(J68+I68) -> 1
A69: CENTRO | B69: CEN41 | C69: BONOMO | D69: Contreras y Alberdi | E69: Domo | F69: Fibra Optica | H69: 172.20.12.58 | I69: =COUNTIF(L69:AM69,"") -> 28 | J69: =COUNTIF(L69:AM69,"APAGADO") -> 0 | K69: =(I69)/(J69+I69) -> 1
A70: CENTRO | B70: CEN42 | C70: BONOMO | D70: Diagonal Constituyentes y Alem | E70: Domo | F70: Fibra Optica | H70: 172.20.12.59 | I70: =COUNTIF(L70:AM70,"") -> 28 | J70: =COUNTIF(L70:AM70,"APAGADO") -> 0 | K70: =(I70)/(J70+I70) -> 1
A71: CENTRO | B71: CEN43 | C71: BONOMO | D71: Sallares y Alberdi | E71: Domo | F71: Fibra Optica | H71: 172.20.12.61 | I71: =COUNTIF(L71:AM71,"") -> 28 | J71: =COUNTIF(L71:AM71,"APAGADO") -> 0 | K71: =(I71)/(J71+I71) -> 1
A72: CENTRO | B72: CEN44 | C72: BONOMO | D72: Mitre y Brown | E72: Domo | F72: Fibra Optica | H72: 172.20.12.62 | I72: =COUNTIF(L72:AM72,"") -> 28 | J72: =COUNTIF(L72:AM72,"APAGADO") -> 0 | K72: =(I72)/(J72+I72) -> 1
A73: CENTRO | B73: CEN45 (fija 1) | C73: BONOMO | D73: EEUU Y MORENO | E73: Fija | F73: Fibra Optica | H73: 172.20.11.74 | I73: =COUNTIF(L73:AM73,"") -> 28 | J73: =COUNTIF(L73:AM73,"APAGADO") -> 0 | K73: =(I73)/(J73+I73) -> 1
A74: CENTRO | B74: CEN46 (fija 2) | C74: BONOMO | D74: EEUU Y MORENO | E74: Fija | F74: Fibra Optica | H74: 172.20.11.75 | I74: =COUNTIF(L74:AM74,"") -> 28 | J74: =COUNTIF(L74:AM74,"APAGADO") -> 0 | K74: =(I74)/(J74+I74) -> 1
A75: CENTRO | B75: CEN47 | C75: BONOMO | D75: Sallares y Brown | E75: Domo | F75: Fibra Optica | H75: 172.20.12.65 | I75: =COUNTIF(L75:AM75,"") -> 28 | J75: =COUNTIF(L75:AM75,"APAGADO") -> 0 | K75: =(I75)/(J75+I75) -> 1
A76: CENTRO | B76: CEN48 | C76: BONOMO | D76: Velez Sarsfield y Las Heras | E76: Domo | F76: Radio | H76: 172.20.10.175 | I76: =COUNTIF(L76:AM76,"") -> 28 | J76: =COUNTIF(L76:AM76,"APAGADO") -> 0 | K76: =(I76)/(J76+I76) -> 1
... A87: CENTRO | B87: CEN59 | C87: BONOMO | D87: CHACABUCO Y BOUREL | E87: DOMO | F87: Fibra Optica | H87: 172.20.10.161 | I87: =COUNTIF(L87:AM87,"") -> 28 | J87: =COUNTIF(L87:AM87,"APAGADO") -> 0 | K87: =(I87)/(J87+I87) -> 1
A88: CENTRO | B88: CEN 60 | C88: BONOMO | D88: RECONQUISTA Y ILLIA | E88: DOMO | F88: PTO A FO | G88: ILLIA Y LAS HERAS | H88: 172.20.12.67 | I88: =COUNTIF(L88:AM88,"") -> 28 | J88: =COUNTIF(L88:AM88,"APAGADO") -> 0 | K88: =(I88)/(J88+I88) -> 1
A89: CENTRO | B89: CEN 61 | C89: BONOMO | D89: BOUREL Y MAIPU | E89: DOMO | F89: Fibra Optica | H89: 172.20.10.162 | I89: =COUNTIF(L89:AM89,"") -> 28 | J89: =COUNTIF(L89:AM89,"APAGADO") -> 0 | K89: =(I89)/(J89+I89) -> 1
A90: CENTRO | B90: CEN62 | C90: BONOMO | D90: ESPAÑA Y ALEM | E90: DOMO | F90: PTO A FO | G90: SAN MARTIN Y ALEM | H90: 172.20.12.82 | I90: =COUNTIF(L90:AM90,"") -> 28 | J90: =COUNTIF(L90:AM90,"APAGADO") -> 0 | K90: =(I90)/(J90+I90) -> 1
A91: CENTRO | B91: CEN63 | C91: BONOMO | D91: SAN MARTIN Y URQUIZA | E91: DOMO | F91: Fibra Optica | H91: 172.20.11.112 | I91: =COUNTIF(L91:AM91,"") -> 28 | J91: =COUNTIF(L91:AM91,"APAGADO") -> 0 | K91: =(I91)/(J91+I91) -> 1
A92: CENTRO | B92: CEN64 | C92: BONOMO | D92: SAN MARTIN Y BOCCUZZI | E92: FIJA | F92: Fibra Optica | H92: 172.20.11.134 | I92: =COUNTIF(L92:AM92,"") -> 28 | J92: =COUNTIF(L92:AM92,"APAGADO") -> 0 | K92: =(I92)/(J92+I92) -> 1
A93: CENTRO | B93: CEN 65 | C93: BONOMO | D93: SAN MARTIN Y JUAN PERON | E93: FIJA | F93: Fibra Optica | H93: 172.20.11.135 | I93: =COUNTIF(L93:AM93,"") -> 28 | J93: =COUNTIF(L93:AM93,"APAGADO") -> 0 | K93: =(I93)/(J93+I93) -> 1
A94: CENTRO | B94: CEN66 | C94: BONOMO | D94: SAN MARTIN Y JUAN PERON | E94: FIJA | F94: Fibra Optica | H94: 172.20.11.136 | I94: =COUNTIF(L94:AM94,"") -> 28 | J94: =COUNTIF(L94:AM94,"APAGADO") -> 0 | K94: =(I94)/(J94+I94) -> 1
A95: CENTRO | B95: CEN67 (fija 1) | C95: BONOMO | D95: 9 DE JULIO Y BROWN | E95: Fija | F95: Fibra Optica | H95: 172.20.11.188 | I95: =COUNTIF(L95:AM95,"") -> 28 | J95: =COUNTIF(L95:AM95,"APAGADO") -> 0 | K95: =(I95)/(J95+I95) -> 1
A96: CENTRO | B96: CEN68 (fija 2) | C96: BONOMO | D96: 9 DE JULIO Y BROWN | E96: Fija | F96: Fibra Optica | H96: 172.20.11.189 | I96: =COUNTIF(L96:AM96,"") -> 28 | J96: =COUNTIF(L96:AM96,"APAGADO") -> 0 | K96: =(I96)/(J96+I96) -> 1
A97: CENTRO | B97: CEN69 | C97: BONOMO | D97: RIVADAVIA Y BOUREL | E97: DOMO | F97: Fibra Optica | H97: 172.20.11.222 | I97: =COUNTIF(L97:AM97,"") -> 28 | J97: =COUNTIF(L97:AM97,"APAGADO") -> 0 | K97: =(I97)/(J97+I97) -> 1
A98: CENTRO | B98: CEN 70 | C98: BONOMO | D98: RIVADAVIA Y 25 MAYO | E98: Domo | F98: Fibra Optica | H98: 172.20.11.221 | I98: =COUNTIF(L98:AM98,"") -> 28 | J98: =COUNTIF(L98:AM98,"APAGADO") -> 0 | K98: =(I98)/(J98+I98) -> 1
A99: CENTRO | B99: CEN 71 | C99: BONOMO | D99: MORENO Y BOUREL | E99: Domo | F99: Fibra Optica | H99: 172.20.11.220 | I99: =COUNTIF(L99:AM99,"") -> 28 | J99: =COUNTIF(L99:AM99,"APAGADO") -> 0 | K99: =(I99)/(J99+I99) -> 1
A100: CENTRO | B100: CEN 72 | C100: BONOMO | D100: MORENO Y 25 DE MAYO | E100: Domo | F100: Fibra Optica | H100: 172.20.11.219 | I100: =COUNTIF(L100:AM100,"") -> 28 | J100: =COUNTIF(L100:AM100,"APAGADO") -> 0 | K100: =(I100)/(J100+I100) -> 1
A101: CENTRO | B101: CEN73 | C101: BONOMO | D101: BOUREL Y DEFENSA | E101: DOMO | F101: Fibra Optica | H101: 172.20.11.223 | I101: =COUNTIF(L101:AM101,"") -> 28 | J101: =COUNTIF(L101:AM101,"APAGADO") -> 0 | K101: =(I101)/(J101+I101) -> 1
A102: CENTRO | B102: CEN74 | C102: BONOMO | D102: Las Heras y Maipu | E102: Domo | F102: Fibra Optica | H102: 172.20.11.53 | I102: =COUNTIF(L102:AM102,"") -> 28 | J102: =COUNTIF(L102:AM102,"APAGADO") -> 0 | K102: =(I102)/(J102+I102) -> 1
... A109: CENTRO | B109: CEN 81 | C109: BONOMO | D109: Alberdi y A.del Valle | E109: Fija | F109: Fibra Optica | H109: 172.20.11.242 | I109: =COUNTIF(L109:AM109,"") -> 28 | J109: =COUNTIF(L109:AM109,"APAGADO") -> 0 | K109: =(I109)/(J109+I109) -> 1
A110: CENTRO | B110: CEN 82 | C110: BONOMO | D110: DORREGO Y BOUREL | E110: Domo | F110: Fibra Optica | H110: 172.20.11.198 | I110: =COUNTIF(L110:AM110,"") -> 26 | J110: =COUNTIF(L110:AM110,"APAGADO") -> 2 | K110: =(I110)/(J110+I110) -> 0.92857143 | L110: APAGADO | M110: APAGADO
A111: CENTRO | B111: CEN83 | C111: BONOMO | D111: RECONQUISTA Y 25 DE MAYO | E111: Domo | F111: Radio | H111: 172.20.11.123 | I111: =COUNTIF(L111:AM111,"") -> 28 | J111: =COUNTIF(L111:AM111,"APAGADO") -> 0 | K111: =(I111)/(J111+I111) -> 1
A112: CENTRO | B112: CEN 84 | C112: BONOMO | D112: 25 DE MAYO Y MAIPU | E112: Fija | F112: Fibra Optica | H112: 172.20.10.95 | I112: =COUNTIF(L112:AM112,"") -> 28 | J112: =COUNTIF(L112:AM112,"APAGADO") -> 0 | K112: =(I112)/(J112+I112) -> 1
A113: CENTRO | B113: CEN 85 | C113: BONOMO | D113: PTE PERON E/ PRINGLES Y BROWN | E113: Fija | F113: Fibra Optica | H113: 172.20.10.94 | I113: =COUNTIF(L113:AM113,"") -> 28 | J113: =COUNTIF(L113:AM113,"APAGADO") -> 0 | K113: =(I113)/(J113+I113) -> 1
A114: CENTRO | B114: CEN 86 | C114: BONOMO | D114: Monteagudo y Bocuzzi | E114: Fija | F114: Fibra Optica | H114: 172.20.10.106 | I114: =COUNTIF(L114:AM114,"") -> 28 | J114: =COUNTIF(L114:AM114,"APAGADO") -> 0 | K114: =(I114)/(J114+I114) -> 1
A115: CENTRO | B115: CEN87 | C115: BONOMO | D115: 25 DE MAYO Y NEWBERY | E115: Domo | F115: GPON | H115: 172.20.10.118 | I115: =COUNTIF(L115:AM115,"") -> 28 | J115: =COUNTIF(L115:AM115,"APAGADO") -> 0 | K115: =(I115)/(J115+I115) -> 1
A116: CENTRO | B116: CEN88 | C116: BONOMO | D116: Plaza Centrañ | E116: Domo | F116: Fibra Optica | H116: 172.20.10.151 | I116: =COUNTIF(L116:AM116,"") -> 28 | J116: =COUNTIF(L116:AM116,"APAGADO") -> 0 | K116: =(I116)/(J116+I116) -> 1
...

Sheet Hoja3

Sheet ESTADISTICA
A1: ='RESUMEN TOTAL'!A4 -> Barrio | B1: ='RESUMEN TOTAL'!B4 -> [Denominacion] | C1: ='RESUMEN TOTAL'!D4 -> [Ubicacion] | D1: ='RESUMEN TOTAL'!E4 -> [Tipo de Camara] | E1: ='RESUMEN TOTAL'!F4 -> [Tipo de Conexion] | F1: ='RESUMEN TOTAL'!L4 -> 45809 | G1: ='RESUMEN TOTAL'!M4 -> 45810 | H1: ='RESUMEN TOTAL'!N4 -> 45811 | I1: ='RESUMEN TOTAL'!O4 -> 45812 | J1: ='RESUMEN TOTAL'!P4 -> 45813 | K1: ='RESUMEN TOTAL'!Q4 -> 45814 | L1: ='RESUMEN TOTAL'!R4 -> 45815 | M1: ='RESUMEN TOTAL'!S4 -> 45816 | ... AI1: ='RESUMEN TOTAL'!AO4 -> 45838
A2: ='RESUMEN TOTAL'!A5 -> ALTAMIRA | B2: ='RESUMEN TOTAL'!B5 -> ALT01 | C2: ='RESUMEN TOTAL'!D5 -> Calchaqui y Sgto. Cabral | D2: ='RESUMEN TOTAL'!E5 -> Domo | E2: ='RESUMEN TOTAL'!F5 -> Fibra Optica | F2: ='RESUMEN TOTAL'!L5 -> 0 | G2: ='RESUMEN TOTAL'!M5 -> 0 | H2: ='RESUMEN TOTAL'!N5 -> 0 | I2: ='RESUMEN TOTAL'!O5 -> 0 | J2: ='RESUMEN TOTAL'!P5 -> 0 | K2: ='RESUMEN TOTAL'!Q5 -> 0 | L2: ='RESUMEN TOTAL'!R5 -> 0 | M2: ='RESUMEN TOTAL'!S5 -> 0 | ... AI2: ='RESUMEN TOTAL'!AO5 -> 0
A3: ='RESUMEN TOTAL'!A6 -> ALTAMIRA | B3: ='RESUMEN TOTAL'!B6 -> ALT02 | C3: ='RESUMEN TOTAL'!D6 -> Calchaqui y Lope de Vega | D3: ='RESUMEN TOTAL'!E6 -> Domo | E3: ='RESUMEN TOTAL'!F6 -> PTO A FO | F3: ='RESUMEN TOTAL'!L6 -> 0 | G3: ='RESUMEN TOTAL'!M6 -> 0 | H3: ='RESUMEN TOTAL'!N6 -> 0 | I3: ='RESUMEN TOTAL'!O6 -> 0 | J3: ='RESUMEN TOTAL'!P6 -> 0 | K3: ='RESUMEN TOTAL'!Q6 -> 0 | L3: ='RESUMEN TOTAL'!R6 -> 0 | M3: ='RESUMEN TOTAL'!S6 -> 0 | ... AI3: ='RESUMEN TOTAL'!AO6 -> 0
A4: ='RESUMEN TOTAL'!A7 -> ALTAMIRA | B4: ='RESUMEN TOTAL'!B7 -> ALT 03 | C4: ='RESUMEN TOTAL'!D7 -> Bombero Galarza y Necochea | D4: ='RESUMEN TOTAL'!E7 -> Domo | E4: ='RESUMEN TOTAL'!F7 -> Fibra Optica | F4: ='RESUMEN TOTAL'!L7 -> APAGADO | G4: ='RESUMEN TOTAL'!M7 -> APAGADO | H4: ='RESUMEN TOTAL'!N7 -> 0 | I4: ='RESUMEN TOTAL'!O7 -> 0 | J4: ='RESUMEN TOTAL'!P7 -> 0 | K4: ='RESUMEN TOTAL'!Q7 -> 0 | L4: ='RESUMEN TOTAL'!R7 -> 0 | M4: ='RESUMEN TOTAL'!S7 -> 0 | ... AI4: ='RESUMEN TOTAL'!AO7 -> 0
A5: ='RESUMEN TOTAL'!A8 -> ALTAMIRA | B5: ='RESUMEN TOTAL'!B8 -> ALT 04 | C5: ='RESUMEN TOTAL'!D8 -> Francia y Necochea | D5: ='RESUMEN TOTAL'!E8 -> Domo | E5: ='RESUMEN TOTAL'!F8 -> Fibra Optica | F5: ='RESUMEN TOTAL'!L8 -> APAGADO | G5: ='RESUMEN TOTAL'!M8 -> APAGADO | H5: ='RESUMEN TOTAL'!N8 -> 0 | I5: ='RESUMEN TOTAL'!O8 -> 0 | J5: ='RESUMEN TOTAL'!P8 -> 0 | K5: ='RESUMEN TOTAL'!Q8 -> 0 | L5: ='RESUMEN TOTAL'!R8 -> 0 | M5: ='RESUMEN TOTAL'!S8 -> 0 | ... AI5: ='RESUMEN TOTAL'!AO8 -> 0
A6: ='RESUMEN TOTAL'!A9 -> ALTAMIRA | B6: ='RESUMEN TOTAL'!B9 -> ALT05 | C6: ='RESUMEN TOTAL'!D9 -> Av. Calchaqui y Bombero Galarza | D6: ='RESUMEN TOTAL'!E9 -> Domo | E6: ='RESUMEN TOTAL'!F9 -> PTO A FO | F6: ='RESUMEN TOTAL'!L9 -> APAGADO | G6: ='RESUMEN TOTAL'!M9 -> APAGADO | H6: ='RESUMEN TOTAL'!N9 -> 0 | I6: ='RESUMEN TOTAL'!O9 -> 0 | J6: ='RESUMEN TOTAL'!P9 -> 0 | K6: ='RESUMEN TOTAL'!Q9 -> 0 | L6: ='RESUMEN TOTAL'!R9 -> 0 | M6: ='RESUMEN TOTAL'!S9 -> 0 | ... AI6: ='RESUMEN TOTAL'!AO9 -> 0
A7: ='RESUMEN TOTAL'!A10 -> ALTAMIRA | B7: ='RESUMEN TOTAL'!B10 -> ALT 06 | C7: ='RESUMEN TOTAL'!D10 -> LOPE DE VEGA Y NECOCHEA | D7: ='RESUMEN TOTAL'!E10 -> Domo | E7: ='RESUMEN TOTAL'!F10 -> PTO A FO | F7: ='RESUMEN TOTAL'!L10 -> APAGADO | G7: ='RESUMEN TOTAL'!M10 -> APAGADO | H7: ='RESUMEN TOTAL'!N10 -> 0 | I7: ='RESUMEN TOTAL'!O10 -> 0 | J7: ='RESUMEN TOTAL'!P10 -> 0 | K7: ='RESUMEN TOTAL'!Q10 -> 0 | L7: ='RESUMEN TOTAL'!R10 -> 0 | M7: ='RESUMEN TOTAL'!S10 -> 0 | ... AI7: ='RESUMEN TOTAL'!AO10 -> 0
A8: ='RESUMEN TOTAL'!A11 -> ALTAMIRA | B8: ='RESUMEN TOTAL'!B11 -> ALT07 | C8: ='RESUMEN TOTAL'!D11 -> AV. CALCHAQUI Y AV. DEL TRABAJO | D8: ='RESUMEN TOTAL'!E11 -> DOMO | E8: ='RESUMEN TOTAL'!F11 -> PTO A FO | F8: ='RESUMEN TOTAL'!L11 -> 0 | G8: ='RESUMEN TOTAL'!M11 -> 0 | H8: ='RESUMEN TOTAL'!N11 -> 0 | I8: ='RESUMEN TOTAL'!O11 -> 0 | J8: ='RESUMEN TOTAL'!P11 -> 0 | K8: ='RESUMEN TOTAL'!Q11 -> 0 | L8: ='RESUMEN TOTAL'!R11 -> 0 | M8: ='RESUMEN TOTAL'!S11 -> 0 | ... AI8: ='RESUMEN TOTAL'!AO11 -> 0
A9: ='RESUMEN TOTAL'!A12 -> ALTAMIRA | B9: ='RESUMEN TOTAL'!B12 -> ALT 08 | C9: ='RESUMEN TOTAL'!D12 -> HUMAITA Y NECOCHEA | D9: ='RESUMEN TOTAL'!E12 -> DOMO | E9: ='RESUMEN TOTAL'!F12 -> Fibra Optica | F9: ='RESUMEN TOTAL'!L12 -> 0 | G9: ='RESUMEN TOTAL'!M12 -> 0 | H9: ='RESUMEN TOTAL'!N12 -> 0 | I9: ='RESUMEN TOTAL'!O12 -> 0 | J9: ='RESUMEN TOTAL'!P12 -> 0 | K9: ='RESUMEN TOTAL'!Q12 -> 0 | L9: ='RESUMEN TOTAL'!R12 -> 0 | M9: ='RESUMEN TOTAL'!S12 -> 0 | ... AI9: ='RESUMEN TOTAL'!AO12 -> 0
A10: ='RESUMEN TOTAL'!A13 -> ALTAMIRA | B10: ='RESUMEN TOTAL'!B13 -> ALT 09 | C10: ='RESUMEN TOTAL'!D13 -> NECOCHEA Y CURUPAITY | D10: ='RESUMEN TOTAL'!E13 -> DOMO | E10: ='RESUMEN TOTAL'!F13 -> Fibra Optica | F10: ='RESUMEN TOTAL'!L13 -> 0 | G10: ='RESUMEN TOTAL'!M13 -> 0 | H10: ='RESUMEN TOTAL'!N13 -> 0 | I10: ='RESUMEN TOTAL'!O13 -> 0 | J10: ='RESUMEN TOTAL'!P13 -> 0 | K10: ='RESUMEN TOTAL'!Q13 -> 0 | L10: ='RESUMEN TOTAL'!R13 -> 0 | M10: ='RESUMEN TOTAL'!S13 -> 0 | ... AI10: ='RESUMEN TOTAL'!AO13 -> 0
A11: ='RESUMEN TOTAL'!A14 -> ALTAMIRA | B11: ='RESUMEN TOTAL'!B14 -> ALT 10 | C11: ='RESUMEN TOTAL'!D14 -> Calchaqui y Francia | D11: ='RESUMEN TOTAL'!E14 -> Domo | E11: ='RESUMEN TOTAL'!F14 -> Radio | F11: ='RESUMEN TOTAL'!L14 -> APAGADO | G11: ='RESUMEN TOTAL'!M14 -> APAGADO | H11: ='RESUMEN TOTAL'!N14 -> 0 | I11: ='RESUMEN TOTAL'!O14 -> 0 | J11: ='RESUMEN TOTAL'!P14 -> 0 | K11: ='RESUMEN TOTAL'!Q14 -> 0 | L11: ='RESUMEN TOTAL'!R14 -> 0 | M11: ='RESUMEN TOTAL'!S14 -> 0 | ... AI11: ='RESUMEN TOTAL'!AO14 -> 0
A12: ='RESUMEN TOTAL'!A15 -> AGUSTIN RAMIREZ | B12: ='RESUMEN TOTAL'!B15 -> ARA 01 | C12: ='RESUMEN TOTAL'!D15 -> Malambo y Tranquera | D12: ='RESUMEN TOTAL'!E15 -> Domo | E12: ='RESUMEN TOTAL'!F15 -> Fibra Optica | F12: ='RESUMEN TOTAL'!L15 -> 0 | G12: ='RESUMEN TOTAL'!M15 -> 0 | H12: ='RESUMEN TOTAL'!N15 -> 0 | I12: ='RESUMEN TOTAL'!O15 -> 0 | J12: ='RESUMEN TOTAL'!P15 -> 0 | K12: ='RESUMEN TOTAL'!Q15 -> 0 | L12: ='RESUMEN TOTAL'!R15 -> 0 | M12: ='RESUMEN TOTAL'!S15 -> 0 | ... AI12: ='RESUMEN TOTAL'!AO15 -> 0
... A20: ='RESUMEN TOTAL'!A23 -> BOSQUES CENTRO | B20: ='RESUMEN TOTAL'!B23 -> BOSQC 06 | C20: ='RESUMEN TOTAL'!D23 -> LUIS AGOTE Y RUTA 36 | D20: ='RESUMEN TOTAL'!E23 -> Fija | E20: ='RESUMEN TOTAL'!F23 -> Radio | F20: ='RESUMEN TOTAL'!L23 -> 0 | G20: ='RESUMEN TOTAL'!M23 -> 0 | H20: ='RESUMEN TOTAL'!N23 -> 0 | I20: ='RESUMEN TOTAL'!O23 -> 0 | J20: ='RESUMEN TOTAL'!P23 -> 0 | K20: ='RESUMEN TOTAL'!Q23 -> 0 | L20: ='RESUMEN TOTAL'!R23 -> 0 | M20: ='RESUMEN TOTAL'!S23 -> 0 | ... AI20: ='RESUMEN TOTAL'!AO23 -> 0
A21: ='RESUMEN TOTAL'!A29 -> CENTRO | B21: ='RESUMEN TOTAL'!B29 -> CEN01 | C21: ='RESUMEN TOTAL'!D29 -> San Martin y 9 de Julio | D21: ='RESUMEN TOTAL'!E29 -> Fija | E21: ='RESUMEN TOTAL'!F29 -> Fibra Optica | F21: ='RESUMEN TOTAL'!L29 -> 0 | G21: ='RESUMEN TOTAL'!M29 -> 0 | H21: ='RESUMEN TOTAL'!N29 -> 0 | I21: ='RESUMEN TOTAL'!O29 -> 0 | J21: ='RESUMEN TOTAL'!P29 -> 0 | K21: ='RESUMEN TOTAL'!Q29 -> 0 | L21: ='RESUMEN TOTAL'!R29 -> 0 | M21: ='RESUMEN TOTAL'!S29 -> 0 | ... AI21: ='RESUMEN TOTAL'!AO29 -> 0
A22: ='RESUMEN TOTAL'!A30 -> CENTRO | B22: ='RESUMEN TOTAL'!B30 -> CEN02 | C22: ='RESUMEN TOTAL'!D30 -> San Martin y Almafuerte | D22: ='RESUMEN TOTAL'!E30 -> Fija | E22: ='RESUMEN TOTAL'!F30 -> Fibra Optica | F22: ='RESUMEN TOTAL'!L30 -> 0 | G22: ='RESUMEN TOTAL'!M30 -> 0 | H22: ='RESUMEN TOTAL'!N30 -> 0 | I22: ='RESUMEN TOTAL'!O30 -> 0 | J22: ='RESUMEN TOTAL'!P30 -> 0 | K22: ='RESUMEN TOTAL'!Q30 -> 0 | L22: ='RESUMEN TOTAL'!R30 -> 0 | M22: ='RESUMEN TOTAL'!S30 -> 0 | ... AI22: ='RESUMEN TOTAL'!AO30 -> 0
A23: ='RESUMEN TOTAL'!A31 -> CENTRO | B23: ='RESUMEN TOTAL'!B31 -> CEN03 | C23: ='RESUMEN TOTAL'!D31 -> San Martin y Sallares | D23: ='RESUMEN TOTAL'!E31 -> Domo | E23: ='RESUMEN TOTAL'!F31 -> Fibra Optica | F23: ='RESUMEN TOTAL'!L31 -> 0 | G23: ='RESUMEN TOTAL'!M31 -> 0 | H23: ='RESUMEN TOTAL'!N31 -> 0 | I23: ='RESUMEN TOTAL'!O31 -> 0 | J23: ='RESUMEN TOTAL'!P31 -> 0 | K23: ='RESUMEN TOTAL'!Q31 -> 0 | L23: ='RESUMEN TOTAL'!R31 -> 0 | M23: ='RESUMEN TOTAL'!S31 -> 0 | ... AI23: ='RESUMEN TOTAL'!AO31 -> 0
A24: ='RESUMEN TOTAL'!A32 -> CENTRO | B24: ='RESUMEN TOTAL'!B32 -> CEN04 | C24: ='RESUMEN TOTAL'!D32 -> San Martin y Contreras | D24: ='RESUMEN TOTAL'!E32 -> Domo | E24: ='RESUMEN TOTAL'!F32 -> Fibra Optica | F24: ='RESUMEN TOTAL'!L32 -> 0 | G24: ='RESUMEN TOTAL'!M32 -> 0 | H24: ='RESUMEN TOTAL'!N32 -> 0 | I24: ='RESUMEN TOTAL'!O32 -> 0 | J24: ='RESUMEN TOTAL'!P32 -> 0 | K24: ='RESUMEN TOTAL'!Q32 -> 0 | L24: ='RESUMEN TOTAL'!R32 -> 0 | M24: ='RESUMEN TOTAL'!S32 -> 0 | ... AI24: ='RESUMEN TOTAL'!AO32 -> 0
A25: ='RESUMEN TOTAL'!A33 -> CENTRO | B25: ='RESUMEN TOTAL'!B33 -> CEN 05 | C25: ='RESUMEN TOTAL'!D33 -> Bocuzzi e/España y San Martin | D25: ='RESUMEN TOTAL'!E33 -> DOMO | E25: ='RESUMEN TOTAL'!F33 -> Fibra Optica | F25: ='RESUMEN TOTAL'!L33 -> 0 | G25: ='RESUMEN TOTAL'!M33 -> 0 | H25: ='RESUMEN TOTAL'!N33 -> 0 | I25: ='RESUMEN TOTAL'!O33 -> 0 | J25: ='RESUMEN TOTAL'!P33 -> 0 | K25: ='RESUMEN TOTAL'!Q33 -> 0 | L25: ='RESUMEN TOTAL'!R33 -> 0 | M25: ='RESUMEN TOTAL'!S33 -> 0 | ... AI25: ='RESUMEN TOTAL'!AO33 -> 0
A26: ='RESUMEN TOTAL'!A34 -> CENTRO | B26: ='RESUMEN TOTAL'!B34 -> CEN06 | C26: ='RESUMEN TOTAL'!D34 -> Monteagudo y A.del Valle | D26: ='RESUMEN TOTAL'!E34 -> Fija | E26: ='RESUMEN TOTAL'!F34 -> Fibra Optica | F26: ='RESUMEN TOTAL'!L34 -> APAGADO | G26: ='RESUMEN TOTAL'!M34 -> APAGADO | H26: ='RESUMEN TOTAL'!N34 -> 0 | I26: ='RESUMEN TOTAL'!O34 -> 0 | J26: ='RESUMEN TOTAL'!P34 -> 0 | K26: ='RESUMEN TOTAL'!Q34 -> 0 | L26: ='RESUMEN TOTAL'!R34 -> 0 | M26: ='RESUMEN TOTAL'!S34 -> 0 | ... AI26: ='RESUMEN TOTAL'!AO34 -> 0
A27: ='RESUMEN TOTAL'!A35 -> CENTRO | B27: ='RESUMEN TOTAL'!B35 -> CEN07 | C27: ='RESUMEN TOTAL'!D35 -> San Martin y Guemes | D27: ='RESUMEN TOTAL'!E35 -> DOMO | E27: ='RESUMEN TOTAL'!F35 -> Fibra Optica | F27: ='RESUMEN TOTAL'!L35 -> 0 | G27: ='RESUMEN TOTAL'!M35 -> 0 | H27: ='RESUMEN TOTAL'!N35 -> 0 | I27: ='RESUMEN TOTAL'!O35 -> 0 | J27: ='RESUMEN TOTAL'!P35 -> 0 | K27: ='RESUMEN TOTAL'!Q35 -> 0 | L27: ='RESUMEN TOTAL'!R35 -> 0 | M27: ='RESUMEN TOTAL'!S35 -> 0 | ... AI27: ='RESUMEN TOTAL'!AO35 -> 0
A28: ='RESUMEN TOTAL'!A36 -> CENTRO | B28: ='RESUMEN TOTAL'!B36 -> CEN08 | C28: ='RESUMEN TOTAL'!D36 -> San Martin y Pte.Peron | D28: ='RESUMEN TOTAL'!E36 -> Domo | E28: ='RESUMEN TOTAL'!F36 -> Fibra Optica | F28: ='RESUMEN TOTAL'!L36 -> 0 | G28: ='RESUMEN TOTAL'!M36 -> 0 | H28: ='RESUMEN TOTAL'!N36 -> 0 | I28: ='RESUMEN TOTAL'!O36 -> 0 | J28: ='RESUMEN TOTAL'!P36 -> 0 | K28: ='RESUMEN TOTAL'!Q36 -> 0 | L28: ='RESUMEN TOTAL'!R36 -> 0 | M28: ='RESUMEN TOTAL'!S36 -> 0 | ... AI28: ='RESUMEN TOTAL'!AO36 -> 0
A29: ='RESUMEN TOTAL'!A37 -> CENTRO | B29: ='RESUMEN TOTAL'!B37 -> CEN09 | C29: ='RESUMEN TOTAL'!D37 -> Chacabuco y 25 de Mayo | D29: ='RESUMEN TOTAL'!E37 -> Domo | E29: ='RESUMEN TOTAL'!F37 -> Fibra Optica | F29: ='RESUMEN TOTAL'!L37 -> 0 | G29: ='RESUMEN TOTAL'!M37 -> 0 | H29: ='RESUMEN TOTAL'!N37 -> 0 | I29: ='RESUMEN TOTAL'!O37 -> 0 | J29: ='RESUMEN TOTAL'!P37 -> 0 | K29: ='RESUMEN TOTAL'!Q37 -> 0 | L29: ='RESUMEN TOTAL'!R37 -> 0 | M29: ='RESUMEN TOTAL'!S37 -> 0 | ... AI29: ='RESUMEN TOTAL'!AO37 -> 0
A30: ='RESUMEN TOTAL'!A38 -> CENTRO | B30: ='RESUMEN TOTAL'!B38 -> CEN10 | C30: ='RESUMEN TOTAL'!D38 -> Monteagudo y Pte. Peron | D30: ='RESUMEN TOTAL'!E38 -> Domo | E30: ='RESUMEN TOTAL'!F38 -> Fibra Optica | F30: ='RESUMEN TOTAL'!L38 -> 0 | G30: ='RESUMEN TOTAL'!M38 -> 0 | H30: ='RESUMEN TOTAL'!N38 -> 0 | I30: ='RESUMEN TOTAL'!O38 -> 0 | J30: ='RESUMEN TOTAL'!P38 -> 0 | K30: ='RESUMEN TOTAL'!Q38 -> 0 | L30: ='RESUMEN TOTAL'!R38 -> 0 | M30: ='RESUMEN TOTAL'!S38 -> 0 | ... AI30: ='RESUMEN TOTAL'!AO38 -> 0
A31: ='RESUMEN TOTAL'!A39 -> CENTRO | B31: ='RESUMEN TOTAL'!B39 -> CEN11 | C31: ='RESUMEN TOTAL'!D39 -> Monteagudo y Bocuzzi | D31: ='RESUMEN TOTAL'!E39 -> Domo | E31: ='RESUMEN TOTAL'!F39 -> Fibra Optica | F31: ='RESUMEN TOTAL'!L39 -> 0 | G31: ='RESUMEN TOTAL'!M39 -> 0 | H31: ='RESUMEN TOTAL'!N39 -> 0 | I31: ='RESUMEN TOTAL'!O39 -> 0 | J31: ='RESUMEN TOTAL'!P39 -> 0 | K31: ='RESUMEN TOTAL'!Q39 -> 0 | L31: ='RESUMEN TOTAL'!R39 -> 0 | M31: ='RESUMEN TOTAL'!S39 -> 0 | ... AI31: ='RESUMEN TOTAL'!AO39 -> 0
A32: ='RESUMEN TOTAL'!A40 -> CENTRO | B32: ='RESUMEN TOTAL'!B40 -> CEN 12 | C32: ='RESUMEN TOTAL'!D40 -> Monteagudo y Mitre | D32: ='RESUMEN TOTAL'!E40 -> Domo | E32: ='RESUMEN TOTAL'!F40 -> Fibra Optica | F32: ='RESUMEN TOTAL'!L40 -> 0 | G32: ='RESUMEN TOTAL'!M40 -> 0 | H32: ='RESUMEN TOTAL'!N40 -> 0 | I32: ='RESUMEN TOTAL'!O40 -> 0 | J32: ='RESUMEN TOTAL'!P40 -> 0 | K32: ='RESUMEN TOTAL'!Q40 -> 0 | L32: ='RESUMEN TOTAL'!R40 -> 0 | M32: ='RESUMEN TOTAL'!S40 -> 0 | ... AI32: ='RESUMEN TOTAL'!AO40 -> 0
... A107: ='RESUMEN TOTAL'!A115 -> CENTRO | B107: ='RESUMEN TOTAL'!B115 -> CEN87 | C107: ='RESUMEN TOTAL'!D115 -> 25 DE MAYO Y NEWBERY | D107: ='RESUMEN TOTAL'!E115 -> Domo | E107: ='RESUMEN TOTAL'!F115 -> GPON | F107: ='RESUMEN TOTAL'!L115 -> 0 | G107: ='RESUMEN TOTAL'!M115 -> 0 | H107: ='RESUMEN TOTAL'!N115 -> 0 | I107: ='RESUMEN TOTAL'!O115 -> 0 | J107: ='RESUMEN TOTAL'!P115 -> 0 | K107: ='RESUMEN TOTAL'!Q115 -> 0 | L107: ='RESUMEN TOTAL'!R115 -> 0 | M107: ='RESUMEN TOTAL'!S115 -> 0 | ... AI107: ='RESUMEN TOTAL'!AO115 -> 0
A108: ='RESUMEN TOTAL'!A117 -> SAN NICOLAS | B108: ='RESUMEN TOTAL'!B117 -> CHA01 | C108: ='RESUMEN TOTAL'!D117 -> Novak y Pte Illia | D108: ='RESUMEN TOTAL'!E117 -> Domo | E108: ='RESUMEN TOTAL'!F117 -> Radio | F108: ='RESUMEN TOTAL'!L117 -> 0 | G108: ='RESUMEN TOTAL'!M117 -> 0 | H108: ='RESUMEN TOTAL'!N117 -> 0 | I108: ='RESUMEN TOTAL'!O117 -> 0 | J108: ='RESUMEN TOTAL'!P117 -> 0 | K108: ='RESUMEN TOTAL'!Q117 -> 0 | L108: ='RESUMEN TOTAL'!R117 -> 0 | M108: ='RESUMEN TOTAL'!S117 -> 0 | ... AI108: ='RESUMEN TOTAL'!AO117 -> 0
A109: ='RESUMEN TOTAL'!A118 -> CHACABUCO | B109: ='RESUMEN TOTAL'!B118 -> CHA02 | C109: ='RESUMEN TOTAL'!D118 -> Pte. Illia y Posadas | D109: ='RESUMEN TOTAL'!E118 -> Domo | E109: ='RESUMEN TOTAL'!F118 -> Radio | F109: ='RESUMEN TOTAL'!L118 -> APAGADO | G109: ='RESUMEN TOTAL'!M118 -> APAGADO | H109: ='RESUMEN TOTAL'!N118 -> 0 | I109: ='RESUMEN TOTAL'!O118 -> 0 | J109: ='RESUMEN TOTAL'!P118 -> 0 | K109: ='RESUMEN TOTAL'!Q118 -> 0 | L109: ='RESUMEN TOTAL'!R118 -> 0 | M109: ='RESUMEN TOTAL'!S118 -> 0 | ... AI109: ='RESUMEN TOTAL'!AO118 -> 0
A110: ='RESUMEN TOTAL'!A119 -> CHACABUCO | B110: ='RESUMEN TOTAL'!B119 -> CHA03 | C110: ='RESUMEN TOTAL'!D119 -> MAIPU Y ALVAREZ THOMAS | D110: ='RESUMEN TOTAL'!E119 -> DOMO | E110: ='RESUMEN TOTAL'!F119 -> Fibra Optica | F110: ='RESUMEN TOTAL'!L119 -> 0 | G110: ='RESUMEN TOTAL'!M119 -> 0 | H110: ='RESUMEN TOTAL'!N119 -> 0 | I110: ='RESUMEN TOTAL'!O119 -> 0 | J110: ='RESUMEN TOTAL'!P119 -> 0 | K110: ='RESUMEN TOTAL'!Q119 -> 0 | L110: ='RESUMEN TOTAL'!R119 -> 0 | M110: ='RESUMEN TOTAL'!S119 -> 0 | ... AI110: ='RESUMEN TOTAL'!AO119 -> 0
A111: ='RESUMEN TOTAL'!A120 -> CHACABUCO | B111: ='RESUMEN TOTAL'!B120 -> CHA04 | C111: ='RESUMEN TOTAL'!D120 -> ESTADOS UNIDOS DE A. E ILLIA | D111: ='RESUMEN TOTAL'!E120 -> DOMO | E111: ='RESUMEN TOTAL'!F120 -> Fibra Optica | F111: ='RESUMEN TOTAL'!L120 -> 0 | G111: ='RESUMEN TOTAL'!M120 -> 0 | H111: ='RESUMEN TOTAL'!N120 -> 0 | I111: ='RESUMEN TOTAL'!O120 -> 0 | J111: ='RESUMEN TOTAL'!P120 -> 0 | K111: ='RESUMEN TOTAL'!Q120 -> 0 | L111: ='RESUMEN TOTAL'!R120 -> 0 | M111: ='RESUMEN TOTAL'!S120 -> 0 | ... AI111: ='RESUMEN TOTAL'!AO120 -> 0
A112: ='RESUMEN TOTAL'!A121 -> VILLA MONICA NUEVA | B112: ='RESUMEN TOTAL'!B121 -> COL01 | C112: ='RESUMEN TOTAL'!D121 -> Eva Peron y Cariboni | D112: ='RESUMEN TOTAL'!E121 -> Domo | E112: ='RESUMEN TOTAL'!F121 -> Radio | F112: ='RESUMEN TOTAL'!L121 -> 0 | G112: ='RESUMEN TOTAL'!M121 -> 0 | H112: ='RESUMEN TOTAL'!N121 -> 0 | I112: ='RESUMEN TOTAL'!O121 -> 0 | J112: ='RESUMEN TOTAL'!P121 -> 0 | K112: ='RESUMEN TOTAL'!Q121 -> 0 | L112: ='RESUMEN TOTAL'!R121 -> 0 | M112: ='RESUMEN TOTAL'!S121 -> 0 | ... AI112: ='RESUMEN TOTAL'!AO121 -> 0
A113: ='RESUMEN TOTAL'!A122 -> LA COLORADA ESTE | B113: ='RESUMEN TOTAL'!B122 -> COL02 | C113: ='RESUMEN TOTAL'!D122 -> Av. Eva Peron y Pompeya | D113: ='RESUMEN TOTAL'!E122 -> Domo | E113: ='RESUMEN TOTAL'!F122 -> Radio | F113: ='RESUMEN TOTAL'!L122 -> 0 | G113: ='RESUMEN TOTAL'!M122 -> 0 | H113: ='RESUMEN TOTAL'!N122 -> 0 | I113: ='RESUMEN TOTAL'!O122 -> 0 | J113: ='RESUMEN TOTAL'!P122 -> 0 | K113: ='RESUMEN TOTAL'!Q122 -> 0 | L113: ='RESUMEN TOTAL'!R122 -> 0 | M113: ='RESUMEN TOTAL'!S122 -> 0 | ... AI113: ='RESUMEN TOTAL'!AO122 -> 0
A114: ='RESUMEN TOTAL'!A123 -> LA COLORADA ESTE | B114: ='RESUMEN TOTAL'!B123 -> COL 03 | C114: ='RESUMEN TOTAL'!D123 -> CARIBONI Y LA ANCIANIDAD | D114: ='RESUMEN TOTAL'!E123 -> DOMO | E114: ='RESUMEN TOTAL'!F123 -> Radio | F114: ='RESUMEN TOTAL'!L123 -> APAGADO | G114: ='RESUMEN TOTAL'!M123 -> APAGADO | H114: ='RESUMEN TOTAL'!N123 -> 0 | I114: ='RESUMEN TOTAL'!O123 -> 0 | J114: ='RESUMEN TOTAL'!P123 -> 0 | K114: ='RESUMEN TOTAL'!Q123 -> 0 | L114: ='RESUMEN TOTAL'!R123 -> 0 | M114: ='RESUMEN TOTAL'!S123 -> 0 | ... AI114: ='RESUMEN TOTAL'!AO123 -> 0
A115: ='RESUMEN TOTAL'!A124 -> LA COLORADA ESTE | B115: ='RESUMEN TOTAL'!B124 -> COL 04 | C115: ='RESUMEN TOTAL'!D124 -> EVA PERON Y SAVIO | D115: ='RESUMEN TOTAL'!E124 -> Domo | E115: ='RESUMEN TOTAL'!F124 -> Fibra Optica | F115: ='RESUMEN TOTAL'!L124 -> 0 | G115: ='RESUMEN TOTAL'!M124 -> 0 | H115: ='RESUMEN TOTAL'!N124 -> 0 | I115: ='RESUMEN TOTAL'!O124 -> 0 | J115: ='RESUMEN TOTAL'!P124 -> 0 | K115: ='RESUMEN TOTAL'!Q124 -> 0 | L115: ='RESUMEN TOTAL'!R124 -> 0 | M115: ='RESUMEN TOTAL'!S124 -> 0 | ... AI115: ='RESUMEN TOTAL'!AO124 -> 0
A116: ='RESUMEN TOTAL'!A125 -> DON JOSE | B116: ='RESUMEN TOTAL'!B125 -> DJO01 | C116: ='RESUMEN TOTAL'!D125 -> Monteverde y Donato Alvarez | D116: ='RESUMEN TOTAL'!E125 -> Domo | E116: ='RESUMEN TOTAL'!F125 -> Radio | F116: ='RESUMEN TOTAL'!L125 -> APAGADO | G116: ='RESUMEN TOTAL'!M125 -> APAGADO | H116: ='RESUMEN TOTAL'!N125 -> 0 | I116: ='RESUMEN TOTAL'!O125 -> 0 | J116: ='RESUMEN TOTAL'!P125 -> 0 | K116: ='RESUMEN TOTAL'!Q125 -> 0 | L116: ='RESUMEN TOTAL'!R125 -> 0 | M116: ='RESUMEN TOTAL'!S125 -> 0 | ... AI116: ='RESUMEN TOTAL'!AO125 -> 0
A117: ='RESUMEN TOTAL'!A126 -> DON JOSE | B117: ='RESUMEN TOTAL'!B126 -> DJO 02 (fija 1) | C117: ='RESUMEN TOTAL'!D126 -> DONATO ALVAREZ Y EL APERO | D117: ='RESUMEN TOTAL'!E126 -> Fija | E117: ='RESUMEN TOTAL'!F126 -> PTO A FO | F117: ='RESUMEN TOTAL'!L126 -> 0 | G117: ='RESUMEN TOTAL'!M126 -> 0 | H117: ='RESUMEN TOTAL'!N126 -> 0 | I117: ='RESUMEN TOTAL'!O126 -> 0 | J117: ='RESUMEN TOTAL'!P126 -> 0 | K117: ='RESUMEN TOTAL'!Q126 -> 0 | L117: ='RESUMEN TOTAL'!R126 -> 0 | M117: ='RESUMEN TOTAL'!S126 -> 0 | ... AI117: ='RESUMEN TOTAL'!AO126 -> 0
A118: ='RESUMEN TOTAL'!A127 -> DON JOSE | B118: ='RESUMEN TOTAL'!B127 -> DJO 03 (fija 2) | C118: ='RESUMEN TOTAL'!D127 -> DONATO ALVAREZ Y EL APERO | D118: ='RESUMEN TOTAL'!E127 -> Fija | E118: ='RESUMEN TOTAL'!F127 -> PTO A FO | F118: ='RESUMEN TOTAL'!L127 -> 0 | G118: ='RESUMEN TOTAL'!M127 -> 0 | H118: ='RESUMEN TOTAL'!N127 -> 0 | I118: ='RESUMEN TOTAL'!O127 -> 0 | J118: ='RESUMEN TOTAL'!P127 -> 0 | K118: ='RESUMEN TOTAL'!Q127 -> 0 | L118: ='RESUMEN TOTAL'!R127 -> 0 | M118: ='RESUMEN TOTAL'!S127 -> 0 | ... AI118: ='RESUMEN TOTAL'!AO127 -> 0
A119: ='RESUMEN TOTAL'!A128 -> DON JOSE | B119: ='RESUMEN TOTAL'!B128 -> DJO 04 (Fija 1) | C119: ='RESUMEN TOTAL'!D128 -> MONTEVERDE Y EL INDIO | D119: ='RESUMEN TOTAL'!E128 -> Fija | E119: ='RESUMEN TOTAL'!F128 -> PTO A FO | F119: ='RESUMEN TOTAL'!L128 -> APAGADO | G119: ='RESUMEN TOTAL'!M128 -> APAGADO | H119: ='RESUMEN TOTAL'!N128 -> 0 | I119: ='RESUMEN TOTAL'!O128 -> 0 | J119: ='RESUMEN TOTAL'!P128 -> 0 | K119: ='RESUMEN TOTAL'!Q128 -> 0 | L119: ='RESUMEN TOTAL'!R128 -> 0 | M119: ='RESUMEN TOTAL'!S128 -> 0 | ... AI119: ='RESUMEN TOTAL'!AO128 -> 0
... A123: ='RESUMEN TOTAL'!A132 -> DON ORIONE | B123: ='RESUMEN TOTAL'!B132 -> DORIO1 | C123: ='RESUMEN TOTAL'!D132 -> AV Bosques Y Theran | D123: ='RESUMEN TOTAL'!E132 -> Domo | E123: ='RESUMEN TOTAL'!F132 -> GPON | F123: ='RESUMEN TOTAL'!L132 -> 0 | G123: ='RESUMEN TOTAL'!M132 -> 0 | H123: ='RESUMEN TOTAL'!N132 -> 0 | I123: ='RESUMEN TOTAL'!O132 -> 0 | J123: ='RESUMEN TOTAL'!P132 -> 0 | K123: ='RESUMEN TOTAL'!Q132 -> 0 | L123: ='RESUMEN TOTAL'!R132 -> 0 | M123: ='RESUMEN TOTAL'!S132 -> 0 | ... AI123: ='RESUMEN TOTAL'!AO132 -> 0
A124: ='RESUMEN TOTAL'!A134 -> EL PARQUE | B124: ='RESUMEN TOTAL'!B134 -> EPQ 01 | C124: ='RESUMEN TOTAL'!D134 -> 1282 Y GRIERSON | D124: ='RESUMEN TOTAL'!E134 -> DOMO | E124: ='RESUMEN TOTAL'!F134 -> Fibra Optica | F124: ='RESUMEN TOTAL'!L134 -> 0 | G124: ='RESUMEN TOTAL'!M134 -> 0 | H124: ='RESUMEN TOTAL'!N134 -> 0 | I124: ='RESUMEN TOTAL'!O134 -> 0 | J124: ='RESUMEN TOTAL'!P134 -> 0 | K124: ='RESUMEN TOTAL'!Q134 -> 0 | L124: ='RESUMEN TOTAL'!R134 -> 0 | M124: ='RESUMEN TOTAL'!S134 -> 0 | ... AI124: ='RESUMEN TOTAL'!AO134 -> 0
A125: ='RESUMEN TOTAL'!A135 -> EL PARQUE | B125: ='RESUMEN TOTAL'!B135 -> EPQ 02 | C125: ='RESUMEN TOTAL'!D135 -> 1282 Y MASSE | D125: ='RESUMEN TOTAL'!E135 -> DOMO | E125: ='RESUMEN TOTAL'!F135 -> Fibra Optica | F125: ='RESUMEN TOTAL'!L135 -> 0 | G125: ='RESUMEN TOTAL'!M135 -> 0 | H125: ='RESUMEN TOTAL'!N135 -> 0 | I125: ='RESUMEN TOTAL'!O135 -> 0 | J125: ='RESUMEN TOTAL'!P135 -> 0 | K125: ='RESUMEN TOTAL'!Q135 -> 0 | L125: ='RESUMEN TOTAL'!R135 -> 0 | M125: ='RESUMEN TOTAL'!S135 -> 0 | ... AI125: ='RESUMEN TOTAL'!AO135 -> 0
A126: ='RESUMEN TOTAL'!A136 -> EL PARQUE | B126: ='RESUMEN TOTAL'!B136 -> EPQ 03 | C126: ='RESUMEN TOTAL'!D136 -> 1282 Y RP 36 | D126: ='RESUMEN TOTAL'!E136 -> Domo | E126: ='RESUMEN TOTAL'!F136 -> Fibra Optica | F126: ='RESUMEN TOTAL'!L136 -> 0 | G126: ='RESUMEN TOTAL'!M136 -> 0 | H126: ='RESUMEN TOTAL'!N136 -> 0 | I126: ='RESUMEN TOTAL'!O136 -> 0 | J126: ='RESUMEN TOTAL'!P136 -> 0 | K126: ='RESUMEN TOTAL'!Q136 -> 0 | L126: ='RESUMEN TOTAL'!R136 -> 0 | M126: ='RESUMEN TOTAL'!S136 -> 0 | ... AI126: ='RESUMEN TOTAL'!AO136 -> 0
A127: ='RESUMEN TOTAL'!A137 -> EL PARQUE | B127: ='RESUMEN TOTAL'!B137 -> EPQ 04 | C127: ='RESUMEN TOTAL'!D137 -> 1282 Y MORENO | D127: ='RESUMEN TOTAL'!E137 -> DOMO | E127: ='RESUMEN TOTAL'!F137 -> Fibra Optica | F127: ='RESUMEN TOTAL'!L137 -> 0 | G127: ='RESUMEN TOTAL'!M137 -> 0 | H127: ='RESUMEN TOTAL'!N137 -> 0 | I127: ='RESUMEN TOTAL'!O137 -> 0 | J127: ='RESUMEN TOTAL'!P137 -> 0 | K127: ='RESUMEN TOTAL'!Q137 -> 0 | L127: ='RESUMEN TOTAL'!R137 -> 0 | M127: ='RESUMEN TOTAL'!S137 -> 0 | ... AI127: ='RESUMEN TOTAL'!AO137 -> 0
A128: ='RESUMEN TOTAL'!A138 -> LA ESMERALDA | B128: ='RESUMEN TOTAL'!B138 -> ESM01 | C128: ='RESUMEN TOTAL'!D138 -> Cabello y Brasil | D128: ='RESUMEN TOTAL'!E138 -> Domo | E128: ='RESUMEN TOTAL'!F138 -> Radio | F128: ='RESUMEN TOTAL'!L138 -> 0 | G128: ='RESUMEN TOTAL'!M138 -> 0 | H128: ='RESUMEN TOTAL'!N138 -> 0 | I128: ='RESUMEN TOTAL'!O138 -> 0 | J128: ='RESUMEN TOTAL'!P138 -> 0 | K128: ='RESUMEN TOTAL'!Q138 -> 0 | L128: ='RESUMEN TOTAL'!R138 -> 0 | M128: ='RESUMEN TOTAL'!S138 -> 0 | ... AI128: ='RESUMEN TOTAL'!AO138 -> 0
A129: ='RESUMEN TOTAL'!A139 -> SAN JORGE | B129: ='RESUMEN TOTAL'!B139 -> ESM02 | C129: ='RESUMEN TOTAL'!D139 -> Novak y Cabello | D129: ='RESUMEN TOTAL'!E139 -> Domo | E129: ='RESUMEN TOTAL'!F139 -> PTO A FO | F129: ='RESUMEN TOTAL'!L139 -> APAGADO | G129: ='RESUMEN TOTAL'!M139 -> 0 | H129: ='RESUMEN TOTAL'!N139 -> 0 | I129: ='RESUMEN TOTAL'!O139 -> 0 | J129: ='RESUMEN TOTAL'!P139 -> 0 | K129: ='RESUMEN TOTAL'!Q139 -> 0 | L129: ='RESUMEN TOTAL'!R139 -> 0 | M129: ='RESUMEN TOTAL'!S139 -> 0 | ... AI129: ='RESUMEN TOTAL'!AO139 -> 0
A130: ='RESUMEN TOTAL'!A140 -> SAN JORGE | B130: ='RESUMEN TOTAL'!B140 -> ESM03 | C130: ='RESUMEN TOTAL'!D140 -> Novak y Humahuaca | D130: ='RESUMEN TOTAL'!E140 -> DOMO | E130: ='RESUMEN TOTAL'!F140 -> PTO A FO | F130: ='RESUMEN TOTAL'!L140 -> APAGADO | G130: ='RESUMEN TOTAL'!M140 -> 0 | H130: ='RESUMEN TOTAL'!N140 -> 0 | I130: ='RESUMEN TOTAL'!O140 -> 0 | J130: ='RESUMEN TOTAL'!P140 -> 0 | K130: ='RESUMEN TOTAL'!Q140 -> 0 | L130: ='RESUMEN TOTAL'!R140 -> 0 | M130: ='RESUMEN TOTAL'!S140 -> 0 | ... AI130: ='RESUMEN TOTAL'!AO140 -> 0
A131: ='RESUMEN TOTAL'!A141 -> LA ESMERALDA | B131: ='RESUMEN TOTAL'!B141 -> ESM04 | C131: ='RESUMEN TOTAL'!D141 -> Basualdo y Bengochea | D131: ='RESUMEN TOTAL'!E141 -> Domo | E131: ='RESUMEN TOTAL'!F141 -> Fibra Optica | F131: ='RESUMEN TOTAL'!L141 -> 0 | G131: ='RESUMEN TOTAL'!M141 -> 0 | H131: ='RESUMEN TOTAL'!N141 -> 0 | I131: ='RESUMEN TOTAL'!O141 -> 0 | J131: ='RESUMEN TOTAL'!P141 -> 0 | K131: ='RESUMEN TOTAL'!Q141 -> 0 | L131: ='RESUMEN TOTAL'!R141 -> 0 | M131: ='RESUMEN TOTAL'!S141 -> 0 | ... AI131: ='RESUMEN TOTAL'!AO141 -> 0
A132: ='RESUMEN TOTAL'!A142 -> LA ESMERALDA | B132: ='RESUMEN TOTAL'!B142 -> ESM05 | C132: ='RESUMEN TOTAL'!D142 -> Aniceto Diaz y Villar | D132: ='RESUMEN TOTAL'!E142 -> Domo | E132: ='RESUMEN TOTAL'!F142 -> Fibra Optica | F132: ='RESUMEN TOTAL'!L142 -> 0 | G132: ='RESUMEN TOTAL'!M142 -> 0 | H132: ='RESUMEN TOTAL'!N142 -> 0 | I132: ='RESUMEN TOTAL'!O142 -> 0 | J132: ='RESUMEN TOTAL'!P142 -> 0 | K132: ='RESUMEN TOTAL'!Q142 -> 0 | L132: ='RESUMEN TOTAL'!R142 -> 0 | M132: ='RESUMEN TOTAL'!S142 -> 0 | ... AI132: ='RESUMEN TOTAL'!AO142 -> 0
A133: ='RESUMEN TOTAL'!A143 -> LA ESMERALDA | B133: ='RESUMEN TOTAL'!B143 -> ESM06 | C133: ='RESUMEN TOTAL'!D143 -> Roselli y Cabello | D133: ='RESUMEN TOTAL'!E143 -> Domo | E133: ='RESUMEN TOTAL'!F143 -> Radio | F133: ='RESUMEN TOTAL'!L143 -> 0 | G133: ='RESUMEN TOTAL'!M143 -> 0 | H133: ='RESUMEN TOTAL'!N143 -> 0 | I133: ='RESUMEN TOTAL'!O143 -> 0 | J133: ='RESUMEN TOTAL'!P143 -> 0 | K133: ='RESUMEN TOTAL'!Q143 -> 0 | L133: ='RESUMEN TOTAL'!R143 -> 0 | M133: ='RESUMEN TOTAL'!S143 -> 0 | ... AI133: ='RESUMEN TOTAL'!AO143 -> 0
A134: ='RESUMEN TOTAL'!A144 -> LA ESMERALDA | B134: ='RESUMEN TOTAL'!B144 -> ESM07 | C134: ='RESUMEN TOTAL'!D144 -> AV. NOVAK Y SERRANO | D134: ='RESUMEN TOTAL'!E144 -> DOMO | E134: ='RESUMEN TOTAL'!F144 -> PTO A FO | F134: ='RESUMEN TOTAL'!L144 -> APAGADO | G134: ='RESUMEN TOTAL'!M144 -> 0 | H134: ='RESUMEN TOTAL'!N144 -> 0 | I134: ='RESUMEN TOTAL'!O144 -> 0 | J134: ='RESUMEN TOTAL'!P144 -> 0 | K134: ='RESUMEN TOTAL'!Q144 -> 0 | L134: ='RESUMEN TOTAL'!R144 -> 0 | M134: ='RESUMEN TOTAL'!S144 -> 0 | ... AI134: ='RESUMEN TOTAL'!AO144 -> 0
A135: ='RESUMEN TOTAL'!A145 -> LA ESMERALDA | B135: ='RESUMEN TOTAL'!B145 -> ESM 08 | C135: ='RESUMEN TOTAL'!D145 -> DAVINSON Y MORANCHEL | D135: ='RESUMEN TOTAL'!E145 -> FIJA | E135: ='RESUMEN TOTAL'!F145 -> Radio | F135: ='RESUMEN TOTAL'!L145 -> 0 | G135: ='RESUMEN TOTAL'!M145 -> 0 | H135: ='RESUMEN TOTAL'!N145 -> 0 | I135: ='RESUMEN TOTAL'!O145 -> 0 | J135: ='RESUMEN TOTAL'!P145 -> 0 | K135: ='RESUMEN TOTAL'!Q145 -> 0 | L135: ='RESUMEN TOTAL'!R145 -> 0 | M135: ='RESUMEN TOTAL'!S145 -> 0 | ... AI135: ='RESUMEN TOTAL'!AO145 -> 0
... A174: ='RESUMEN TOTAL'!A184 -> LA PILETA | B174: ='RESUMEN TOTAL'!B184 -> LPI05 | C174: ='RESUMEN TOTAL'!D184 -> PAGANI Y RIVADAVIA | D174: ='RESUMEN TOTAL'!E184 -> DOMO | E174: ='RESUMEN TOTAL'!F184 -> GPON | F174: ='RESUMEN TOTAL'!L184 -> 0 | G174: ='RESUMEN TOTAL'!M184 -> 0 | H174: ='RESUMEN TOTAL'!N184 -> 0 | I174: ='RESUMEN TOTAL'!O184 -> 0 | J174: ='RESUMEN TOTAL'!P184 -> 0 | K174: ='RESUMEN TOTAL'!Q184 -> 0 | L174: ='RESUMEN TOTAL'!R184 -> 0 | M174: ='RESUMEN TOTAL'!S184 -> 0 | ... AI174: ='RESUMEN TOTAL'!AO184 -> 0
A175: ='RESUMEN TOTAL'!A186 -> LOS PILARES | B175: ='RESUMEN TOTAL'!B186 -> LPR 01 | C175: ='RESUMEN TOTAL'!D186 -> EVA PERON E/ CACHEUTA Y 1406 | D175: ='RESUMEN TOTAL'!E186 -> DOMO | E175: ='RESUMEN TOTAL'!F186 -> Fibra Optica | F175: ='RESUMEN TOTAL'!L186 -> 0 | G175: ='RESUMEN TOTAL'!M186 -> 0 | H175: ='RESUMEN TOTAL'!N186 -> 0 | I175: ='RESUMEN TOTAL'!O186 -> 0 | J175: ='RESUMEN TOTAL'!P186 -> 0 | K175: ='RESUMEN TOTAL'!Q186 -> 0 | L175: ='RESUMEN TOTAL'!R186 -> 0 | M175: ='RESUMEN TOTAL'!S186 -> 0 | ... AI175: ='RESUMEN TOTAL'!AO186 -> 0
A176: ='RESUMEN TOTAL'!A187 -> LOS PILARES | B176: ='RESUMEN TOTAL'!B187 -> LPR02 (fija 1) | C176: ='RESUMEN TOTAL'!D187 -> EVA PERON Y CACHEUTA | D176: ='RESUMEN TOTAL'!E187 -> Fija | E176: ='RESUMEN TOTAL'!F187 -> Fibra Optica | F176: ='RESUMEN TOTAL'!L187 -> 0 | G176: ='RESUMEN TOTAL'!M187 -> 0 | H176: ='RESUMEN TOTAL'!N187 -> 0 | I176: ='RESUMEN TOTAL'!O187 -> 0 | J176: ='RESUMEN TOTAL'!P187 -> 0 | K176: ='RESUMEN TOTAL'!Q187 -> 0 | L176: ='RESUMEN TOTAL'!R187 -> 0 | M176: ='RESUMEN TOTAL'!S187 -> 0 | ... AI176: ='RESUMEN TOTAL'!AO187 -> 0
A177: ='RESUMEN TOTAL'!A188 -> LOS PILARES | B177: ='RESUMEN TOTAL'!B188 -> LPR03 (fija 2) | C177: ='RESUMEN TOTAL'!D188 -> EVA PERON Y CACHEUTA | D177: ='RESUMEN TOTAL'!E188 -> Fija | E177: ='RESUMEN TOTAL'!F188 -> Fibra Optica | F177: ='RESUMEN TOTAL'!L188 -> 0 | G177: ='RESUMEN TOTAL'!M188 -> 0 | H177: ='RESUMEN TOTAL'!N188 -> 0 | I177: ='RESUMEN TOTAL'!O188 -> 0 | J177: ='RESUMEN TOTAL'!P188 -> 0 | K177: ='RESUMEN TOTAL'!Q188 -> 0 | L177: ='RESUMEN TOTAL'!R188 -> 0 | M177: ='RESUMEN TOTAL'!S188 -> 0 | ... AI177: ='RESUMEN TOTAL'!AO188 -> 0
A178: ='RESUMEN TOTAL'!A189 -> LOPEZ ROMERO | B178: ='RESUMEN TOTAL'!B189 -> LRO 05 | C178: ='RESUMEN TOTAL'!D189 -> Calchaqui y Las Americas | D178: ='RESUMEN TOTAL'!E189 -> Fija | E178: ='RESUMEN TOTAL'!F189 -> Fibra Optica | F178: ='RESUMEN TOTAL'!L189 -> 0 | G178: ='RESUMEN TOTAL'!M189 -> 0 | H178: ='RESUMEN TOTAL'!N189 -> 0 | I178: ='RESUMEN TOTAL'!O189 -> 0 | J178: ='RESUMEN TOTAL'!P189 -> 0 | K178: ='RESUMEN TOTAL'!Q189 -> 0 | L178: ='RESUMEN TOTAL'!R189 -> 0 | M178: ='RESUMEN TOTAL'!S189 -> 0 | ... AI178: ='RESUMEN TOTAL'!AO189 -> 0
A179: ='RESUMEN TOTAL'!A190 -> LOPEZ ROMERO | B179: ='RESUMEN TOTAL'!B190 -> LRO 09 | C179: ='RESUMEN TOTAL'!D190 -> Las Americas y Braile | D179: ='RESUMEN TOTAL'!E190 -> Domo | E179: ='RESUMEN TOTAL'!F190 -> Fibra Optica | F179: ='RESUMEN TOTAL'!L190 -> 0 | G179: ='RESUMEN TOTAL'!M190 -> 0 | H179: ='RESUMEN TOTAL'!N190 -> 0 | I179: ='RESUMEN TOTAL'!O190 -> 0 | J179: ='RESUMEN TOTAL'!P190 -> 0 | K179: ='RESUMEN TOTAL'!Q190 -> 0 | L179: ='RESUMEN TOTAL'!R190 -> 0 | M179: ='RESUMEN TOTAL'!S190 -> 0 | ... AI179: ='RESUMEN TOTAL'!AO190 -> 0
A180: ='RESUMEN TOTAL'!A191 -> LOPEZ ROMERO | B180: ='RESUMEN TOTAL'!B191 -> LRO 10 | C180: ='RESUMEN TOTAL'!D191 -> Con. Gral. Belgrano y Balcarce | D180: ='RESUMEN TOTAL'!E191 -> Domo | E180: ='RESUMEN TOTAL'!F191 -> Fibra Optica | F180: ='RESUMEN TOTAL'!L191 -> 0 | G180: ='RESUMEN TOTAL'!M191 -> 0 | H180: ='RESUMEN TOTAL'!N191 -> 0 | I180: ='RESUMEN TOTAL'!O191 -> 0 | J180: ='RESUMEN TOTAL'!P191 -> 0 | K180: ='RESUMEN TOTAL'!Q191 -> 0 | L180: ='RESUMEN TOTAL'!R191 -> 0 | M180: ='RESUMEN TOTAL'!S191 -> 0 | ... AI180: ='RESUMEN TOTAL'!AO191 -> 0
A181: ='RESUMEN TOTAL'!A192 -> LOPEZ ROMERO | B181: ='RESUMEN TOTAL'!B192 -> LRO 12 (fija 1) | C181: ='RESUMEN TOTAL'!D192 -> LAS AMERICAS E/ BRAILLE Y ALVARADO | D181: ='RESUMEN TOTAL'!E192 -> Fija | E181: ='RESUMEN TOTAL'!F192 -> Fibra Optica | F181: ='RESUMEN TOTAL'!L192 -> 0 | G181: ='RESUMEN TOTAL'!M192 -> 0 | H181: ='RESUMEN TOTAL'!N192 -> 0 | I181: ='RESUMEN TOTAL'!O192 -> 0 | J181: ='RESUMEN TOTAL'!P192 -> 0 | K181: ='RESUMEN TOTAL'!Q192 -> 0 | L181: ='RESUMEN TOTAL'!R192 -> 0 | M181: ='RESUMEN TOTAL'!S192 -> 0 | ... AI181: ='RESUMEN TOTAL'!AO192 -> 0
A182: ='RESUMEN TOTAL'!A193 -> LOPEZ ROMERO | B182: ='RESUMEN TOTAL'!B193 -> LRO 13 (fija 2) | C182: ='RESUMEN TOTAL'!D193 -> LAS AMERICAS E/ BRAILLE Y ALVARADO | D182: ='RESUMEN TOTAL'!E193 -> Fija | E182: ='RESUMEN TOTAL'!F193 -> Fibra Optica | F182: ='RESUMEN TOTAL'!L193 -> 0 | G182: ='RESUMEN TOTAL'!M193 -> 0 | H182: ='RESUMEN TOTAL'!N193 -> 0 | I182: ='RESUMEN TOTAL'!O193 -> 0 | J182: ='RESUMEN TOTAL'!P193 -> 0 | K182: ='RESUMEN TOTAL'!Q193 -> 0 | L182: ='RESUMEN TOTAL'!R193 -> 0 | M182: ='RESUMEN TOTAL'!S193 -> 0 | ... AI182: ='RESUMEN TOTAL'!AO193 -> 0
A183: ='RESUMEN TOTAL'!A194 -> LOPEZ ROMERO | B183: ='RESUMEN TOTAL'!B194 -> LRO01 | C183: ='RESUMEN TOTAL'!D194 -> H. IRIGOYEN Y BRAILE | D183: ='RESUMEN TOTAL'!E194 -> FIJA | E183: ='RESUMEN TOTAL'!F194 -> Fibra Optica | F183: ='RESUMEN TOTAL'!L194 -> 0 | G183: ='RESUMEN TOTAL'!M194 -> 0 | H183: ='RESUMEN TOTAL'!N194 -> 0 | I183: ='RESUMEN TOTAL'!O194 -> 0 | J183: ='RESUMEN TOTAL'!P194 -> 0 | K183: ='RESUMEN TOTAL'!Q194 -> 0 | L183: ='RESUMEN TOTAL'!R194 -> 0 | M183: ='RESUMEN TOTAL'!S194 -> 0 | ... AI183: ='RESUMEN TOTAL'!AO194 -> 0
A184: ='RESUMEN TOTAL'!A195 -> PRESIDENTE SARMIENTO | B184: ='RESUMEN TOTAL'!B195 -> LRO02 | C184: ='RESUMEN TOTAL'!D195 -> H. Irigoyen e Islas Orcadas | D184: ='RESUMEN TOTAL'!E195 -> Domo | E184: ='RESUMEN TOTAL'!F195 -> Fibra Optica | F184: ='RESUMEN TOTAL'!L195 -> 0 | G184: ='RESUMEN TOTAL'!M195 -> 0 | H184: ='RESUMEN TOTAL'!N195 -> 0 | I184: ='RESUMEN TOTAL'!O195 -> 0 | J184: ='RESUMEN TOTAL'!P195 -> 0 | K184: ='RESUMEN TOTAL'!Q195 -> 0 | L184: ='RESUMEN TOTAL'!R195 -> 0 | M184: ='RESUMEN TOTAL'!S195 -> 0 | ... AI184: ='RESUMEN TOTAL'!AO195 -> 0
A185: ='RESUMEN TOTAL'!A196 -> LOPEZ ROMERO | B185: ='RESUMEN TOTAL'!B196 -> LRO03 | C185: ='RESUMEN TOTAL'!D196 -> H. Irigoyen y Parravicini | D185: ='RESUMEN TOTAL'!E196 -> Fija | E185: ='RESUMEN TOTAL'!F196 -> Fibra Optica | F185: ='RESUMEN TOTAL'!L196 -> 0 | G185: ='RESUMEN TOTAL'!M196 -> 0 | H185: ='RESUMEN TOTAL'!N196 -> 0 | I185: ='RESUMEN TOTAL'!O196 -> 0 | J185: ='RESUMEN TOTAL'!P196 -> 0 | K185: ='RESUMEN TOTAL'!Q196 -> 0 | L185: ='RESUMEN TOTAL'!R196 -> 0 | M185: ='RESUMEN TOTAL'!S196 -> 0 | ... AI185: ='RESUMEN TOTAL'!AO196 -> 0
A186: ='RESUMEN TOTAL'!A197 -> LOPEZ ROMERO | B186: ='RESUMEN TOTAL'!B197 -> LRO04 | C186: ='RESUMEN TOTAL'!D197 -> H. Irigoyen y Alvarado | D186: ='RESUMEN TOTAL'!E197 -> FIJA | E186: ='RESUMEN TOTAL'!F197 -> Fibra Optica | F186: ='RESUMEN TOTAL'!L197 -> 0 | G186: ='RESUMEN TOTAL'!M197 -> 0 | H186: ='RESUMEN TOTAL'!N197 -> 0 | I186: ='RESUMEN TOTAL'!O197 -> 0 | J186: ='RESUMEN TOTAL'!P197 -> 0 | K186: ='RESUMEN TOTAL'!Q197 -> 0 | L186: ='RESUMEN TOTAL'!R197 -> 0 | M186: ='RESUMEN TOTAL'!S197 -> 0 | ... AI186: ='RESUMEN TOTAL'!AO197 -> 0
... A225: ='RESUMEN TOTAL'!A236 -> 9 DE JULIO | B225: ='RESUMEN TOTAL'!B236 -> NJU09 | C225: ='RESUMEN TOTAL'!D236 -> PARRILLO Y CONTRERAS | D225: ='RESUMEN TOTAL'!E236 -> DOMO | E225: ='RESUMEN TOTAL'!F236 -> Fibra Optica | F225: ='RESUMEN TOTAL'!L236 -> 0 | G225: ='RESUMEN TOTAL'!M236 -> 0 | H225: ='RESUMEN TOTAL'!N236 -> 0 | I225: ='RESUMEN TOTAL'!O236 -> 0 | J225: ='RESUMEN TOTAL'!P236 -> 0 | K225: ='RESUMEN TOTAL'!Q236 -> 0 | L225: ='RESUMEN TOTAL'!R236 -> 0 | M225: ='RESUMEN TOTAL'!S236 -> 0 | ... AI225: ='RESUMEN TOTAL'!AO236 -> 0
A226: ='RESUMEN TOTAL'!A238 -> PICO DE ORO | B226: ='RESUMEN TOTAL'!B238 -> PCO 01 | C226: ='RESUMEN TOTAL'!D238 -> CEMENTERIO | D226: ='RESUMEN TOTAL'!E238 -> DOMO | E226: ='RESUMEN TOTAL'!F238 -> Fibra Optica | F226: ='RESUMEN TOTAL'!L238 -> 0 | G226: ='RESUMEN TOTAL'!M238 -> 0 | H226: ='RESUMEN TOTAL'!N238 -> 0 | I226: ='RESUMEN TOTAL'!O238 -> 0 | J226: ='RESUMEN TOTAL'!P238 -> 0 | K226: ='RESUMEN TOTAL'!Q238 -> 0 | L226: ='RESUMEN TOTAL'!R238 -> 0 | M226: ='RESUMEN TOTAL'!S238 -> 0 | ... AI226: ='RESUMEN TOTAL'!AO238 -> 0
A227: ='RESUMEN TOTAL'!A239 -> PICO DE ORO | B227: ='RESUMEN TOTAL'!B239 -> PCO02 (fija 1) | C227: ='RESUMEN TOTAL'!D239 -> SICILIA E/ VIENA Y VARSOVIA | D227: ='RESUMEN TOTAL'!E239 -> Fija | E227: ='RESUMEN TOTAL'!F239 -> Fibra Optica | F227: ='RESUMEN TOTAL'!L239 -> 0 | G227: ='RESUMEN TOTAL'!M239 -> 0 | H227: ='RESUMEN TOTAL'!N239 -> 0 | I227: ='RESUMEN TOTAL'!O239 -> 0 | J227: ='RESUMEN TOTAL'!P239 -> 0 | K227: ='RESUMEN TOTAL'!Q239 -> 0 | L227: ='RESUMEN TOTAL'!R239 -> 0 | M227: ='RESUMEN TOTAL'!S239 -> 0 | ... AI227: ='RESUMEN TOTAL'!AO239 -> 0
A228: ='RESUMEN TOTAL'!A240 -> PICO DE ORO | B228: ='RESUMEN TOTAL'!B240 -> PCO03 (fija 2) | C228: ='RESUMEN TOTAL'!D240 -> SICILIA E/ VIENA Y VARSOVIA | D228: ='RESUMEN TOTAL'!E240 -> Fija | E228: ='RESUMEN TOTAL'!F240 -> Fibra Optica | F228: ='RESUMEN TOTAL'!L240 -> 0 | G228: ='RESUMEN TOTAL'!M240 -> 0 | H228: ='RESUMEN TOTAL'!N240 -> 0 | I228: ='RESUMEN TOTAL'!O240 -> 0 | J228: ='RESUMEN TOTAL'!P240 -> 0 | K228: ='RESUMEN TOTAL'!Q240 -> 0 | L228: ='RESUMEN TOTAL'!R240 -> 0 | M228: ='RESUMEN TOTAL'!S240 -> 0 | ... AI228: ='RESUMEN TOTAL'!AO240 -> 0
A229: ='RESUMEN TOTAL'!A241 -> PICO DE ORO | B229: ='RESUMEN TOTAL'!B241 -> PCO04 (fija 1) | C229: ='RESUMEN TOTAL'!D241 -> BERNA Y POLONIA | D229: ='RESUMEN TOTAL'!E241 -> Fija | E229: ='RESUMEN TOTAL'!F241 -> Fibra Optica | F229: ='RESUMEN TOTAL'!L241 -> 0 | G229: ='RESUMEN TOTAL'!M241 -> 0 | H229: ='RESUMEN TOTAL'!N241 -> 0 | I229: ='RESUMEN TOTAL'!O241 -> 0 | J229: ='RESUMEN TOTAL'!P241 -> 0 | K229: ='RESUMEN TOTAL'!Q241 -> 0 | L229: ='RESUMEN TOTAL'!R241 -> 0 | M229: ='RESUMEN TOTAL'!S241 -> 0 | ... AI229: ='RESUMEN TOTAL'!AO241 -> 0
A230: ='RESUMEN TOTAL'!A242 -> PICO DE ORO | B230: ='RESUMEN TOTAL'!B242 -> PCO05 (fija 2) | C230: ='RESUMEN TOTAL'!D242 -> BERNA Y POLONIA | D230: ='RESUMEN TOTAL'!E242 -> Fija | E230: ='RESUMEN TOTAL'!F242 -> Fibra Optica | F230: ='RESUMEN TOTAL'!L242 -> 0 | G230: ='RESUMEN TOTAL'!M242 -> 0 | H230: ='RESUMEN TOTAL'!N242 -> 0 | I230: ='RESUMEN TOTAL'!O242 -> 0 | J230: ='RESUMEN TOTAL'!P242 -> 0 | K230: ='RESUMEN TOTAL'!Q242 -> 0 | L230: ='RESUMEN TOTAL'!R242 -> 0 | M230: ='RESUMEN TOTAL'!S242 -> 0 | ... AI230: ='RESUMEN TOTAL'!AO242 -> 0
A231: ='RESUMEN TOTAL'!A243 -> AGUSTIN RAMIREZ | B231: ='RESUMEN TOTAL'!B243 -> PUNTO SEGURO - AGUSTIN RAMIREZ (domo) | C231: ='RESUMEN TOTAL'!D243 -> EL MALAMBO Y LA TRANQUERA | D231: ='RESUMEN TOTAL'!E243 -> DOMO | E231: ='RESUMEN TOTAL'!F243 -> Fibra Optica | F231: ='RESUMEN TOTAL'!L243 -> 0 | G231: ='RESUMEN TOTAL'!M243 -> 0 | H231: ='RESUMEN TOTAL'!N243 -> 0 | I231: ='RESUMEN TOTAL'!O243 -> 0 | J231: ='RESUMEN TOTAL'!P243 -> 0 | K231: ='RESUMEN TOTAL'!Q243 -> 0 | L231: ='RESUMEN TOTAL'!R243 -> 0 | M231: ='RESUMEN TOTAL'!S243 -> 0 | ... AI231: ='RESUMEN TOTAL'!AO243 -> 0
A232: ='RESUMEN TOTAL'!A244 -> AGUSTIN RAMIREZ | B232: ='RESUMEN TOTAL'!B244 -> PUNTO SEGURO - AGUSTIN RAMIREZ (fija) | C232: ='RESUMEN TOTAL'!D244 -> EL MALAMBO Y LA TRANQUERA | D232: ='RESUMEN TOTAL'!E244 -> Fija | E232: ='RESUMEN TOTAL'!F244 -> Fibra Optica | F232: ='RESUMEN TOTAL'!L244 -> 0 | G232: ='RESUMEN TOTAL'!M244 -> 0 | H232: ='RESUMEN TOTAL'!N244 -> 0 | I232: ='RESUMEN TOTAL'!O244 -> 0 | J232: ='RESUMEN TOTAL'!P244 -> 0 | K232: ='RESUMEN TOTAL'!Q244 -> 0 | L232: ='RESUMEN TOTAL'!R244 -> 0 | M232: ='RESUMEN TOTAL'!S244 -> 0 | ... AI232: ='RESUMEN TOTAL'!AO244 -> 0
A233: ='RESUMEN TOTAL'!A245 -> AGUSTIN RAMIREZ | B233: ='RESUMEN TOTAL'!B245 -> PUNTO SEGURO AGUSTIN RAMIREZ INTERCOMUNICADOR | C233: ='RESUMEN TOTAL'!D245 -> MALAMBO Y LA TRANQUERA | D233: ='RESUMEN TOTAL'!E245 -> Fija | E233: ='RESUMEN TOTAL'!F245 -> Fibra Optica | F233: ='RESUMEN TOTAL'!L245 -> 0 | G233: ='RESUMEN TOTAL'!M245 -> 0 | H233: ='RESUMEN TOTAL'!N245 -> 0 | I233: ='RESUMEN TOTAL'!O245 -> 0 | J233: ='RESUMEN TOTAL'!P245 -> 0 | K233: ='RESUMEN TOTAL'!Q245 -> 0 | L233: ='RESUMEN TOTAL'!R245 -> 0 | M233: ='RESUMEN TOTAL'!S245 -> 0 | ... AI233: ='RESUMEN TOTAL'!AO245 -> 0
A234: ='RESUMEN TOTAL'!A246 -> EL PARQUE | B234: ='RESUMEN TOTAL'!B246 -> PUNTO SEGURO - EL PARQUE (domo) | C234: ='RESUMEN TOTAL'!D246 -> CALLE 1282 Y 1201 | D234: ='RESUMEN TOTAL'!E246 -> DOMO | E234: ='RESUMEN TOTAL'!F246 -> Fibra Optica | F234: ='RESUMEN TOTAL'!L246 -> APAGADO | G234: ='RESUMEN TOTAL'!M246 -> APAGADO | H234: ='RESUMEN TOTAL'!N246 -> 0 | I234: ='RESUMEN TOTAL'!O246 -> 0 | J234: ='RESUMEN TOTAL'!P246 -> 0 | K234: ='RESUMEN TOTAL'!Q246 -> 0 | L234: ='RESUMEN TOTAL'!R246 -> 0 | M234: ='RESUMEN TOTAL'!S246 -> 0 | ... AI234: ='RESUMEN TOTAL'!AO246 -> 0
A235: ='RESUMEN TOTAL'!A247 -> EL PARQUE | B235: ='RESUMEN TOTAL'!B247 -> PUNTO SEGURO - EL PARQUE (fija) | C235: ='RESUMEN TOTAL'!D247 -> CALLE 1282 Y 1201 | D235: ='RESUMEN TOTAL'!E247 -> Fija | E235: ='RESUMEN TOTAL'!F247 -> Fibra Optica | F235: ='RESUMEN TOTAL'!L247 -> 0 | G235: ='RESUMEN TOTAL'!M247 -> 0 | H235: ='RESUMEN TOTAL'!N247 -> 0 | I235: ='RESUMEN TOTAL'!O247 -> 0 | J235: ='RESUMEN TOTAL'!P247 -> 0 | K235: ='RESUMEN TOTAL'!Q247 -> 0 | L235: ='RESUMEN TOTAL'!R247 -> 0 | M235: ='RESUMEN TOTAL'!S247 -> 0 | ... AI235: ='RESUMEN TOTAL'!AO247 -> 0
A236: ='RESUMEN TOTAL'!A248 -> EL PARQUE | B236: ='RESUMEN TOTAL'!B248 -> PUNTO SEGURO - EL PARQUE INTERCOMUNICADOR | C236: ='RESUMEN TOTAL'!D248 -> 1282 Y 1201 | D236: ='RESUMEN TOTAL'!E248 -> Fija | E236: ='RESUMEN TOTAL'!F248 -> Fibra Optica | F236: ='RESUMEN TOTAL'!L248 -> 0 | G236: ='RESUMEN TOTAL'!M248 -> 0 | H236: ='RESUMEN TOTAL'!N248 -> 0 | I236: ='RESUMEN TOTAL'!O248 -> 0 | J236: ='RESUMEN TOTAL'!P248 -> 0 | K236: ='RESUMEN TOTAL'!Q248 -> 0 | L236: ='RESUMEN TOTAL'!R248 -> 0 | M236: ='RESUMEN TOTAL'!S248 -> 0 | ... AI236: ='RESUMEN TOTAL'!AO248 -> 0
A237: ='RESUMEN TOTAL'!A249 -> INGENIERO ALLAN | B237: ='RESUMEN TOTAL'!B249 -> PUNTO SEGURO - ING. ALLAN (domo) | C237: ='RESUMEN TOTAL'!D249 -> DIAG. LOS YAGANES Y 1148 | D237: ='RESUMEN TOTAL'!E249 -> DOMO | E237: ='RESUMEN TOTAL'!F249 -> Fibra Optica | F237: ='RESUMEN TOTAL'!L249 -> 0 | G237: ='RESUMEN TOTAL'!M249 -> 0 | H237: ='RESUMEN TOTAL'!N249 -> 0 | I237: ='RESUMEN TOTAL'!O249 -> 0 | J237: ='RESUMEN TOTAL'!P249 -> 0 | K237: ='RESUMEN TOTAL'!Q249 -> 0 | L237: ='RESUMEN TOTAL'!R249 -> 0 | M237: ='RESUMEN TOTAL'!S249 -> 0 | ... AI237: ='RESUMEN TOTAL'!AO249 -> 0
... A263: ='RESUMEN TOTAL'!A275 -> EL ROCIO | B263: ='RESUMEN TOTAL'!B275 -> RCO05 (fija 1) | C263: ='RESUMEN TOTAL'!D275 -> LOBOS Y CHASCOMUS | D263: ='RESUMEN TOTAL'!E275 -> Fija | E263: ='RESUMEN TOTAL'!F275 -> Fibra Optica | F263: ='RESUMEN TOTAL'!L275 -> 0 | G263: ='RESUMEN TOTAL'!M275 -> 0 | H263: ='RESUMEN TOTAL'!N275 -> 0 | I263: ='RESUMEN TOTAL'!O275 -> 0 | J263: ='RESUMEN TOTAL'!P275 -> 0 | K263: ='RESUMEN TOTAL'!Q275 -> 0 | L263: ='RESUMEN TOTAL'!R275 -> 0 | M263: ='RESUMEN TOTAL'!S275 -> 0 | ... AI263: ='RESUMEN TOTAL'!AO275 -> 0
A264: ='RESUMEN TOTAL'!A278 -> EL ROCIO | B264: ='RESUMEN TOTAL'!B276 -> RCO06 (fija 2) | C264: ='RESUMEN TOTAL'!D276 -> LOBOS Y CHASCOMUS | D264: ='RESUMEN TOTAL'!E276 -> FIJA | E264: ='RESUMEN TOTAL'!F276 -> Fibra Optica | F264: ='RESUMEN TOTAL'!L276 -> 0 | G264: ='RESUMEN TOTAL'!M276 -> 0 | H264: ='RESUMEN TOTAL'!N276 -> 0 | I264: ='RESUMEN TOTAL'!O276 -> 0 | J264: ='RESUMEN TOTAL'!P276 -> 0 | K264: ='RESUMEN TOTAL'!Q276 -> 0 | L264: ='RESUMEN TOTAL'!R276 -> 0 | M264: ='RESUMEN TOTAL'!S276 -> 0 | ... AI264: ='RESUMEN TOTAL'!AO276 -> 0
B265: ROT01 | C265: ROTONDA DE ALPARGATAS | F265: ='RESUMEN TOTAL'!L277 -> 0 | G265: ='RESUMEN TOTAL'!M277 -> 0 | H265: ='RESUMEN TOTAL'!N277 -> 0 | I265: ='RESUMEN TOTAL'!O277 -> 0 | J265: ='RESUMEN TOTAL'!P277 -> 0 | K265: ='RESUMEN TOTAL'!Q277 -> 0 | L265: ='RESUMEN TOTAL'!R277 -> 0 | M265: ='RESUMEN TOTAL'!S277 -> 0 | ... AI265: ='RESUMEN TOTAL'!AO277 -> 0
B266: ROT02 | C266: CALCHAQUÍ Y AZURDUY | F266: ='RESUMEN TOTAL'!L278 -> 0 | G266: ='RESUMEN TOTAL'!M278 -> 0 | H266: ='RESUMEN TOTAL'!N278 -> 0 | I266: ='RESUMEN TOTAL'!O278 -> 0 | J266: ='RESUMEN TOTAL'!P278 -> 0 | K266: ='RESUMEN TOTAL'!Q278 -> 0 | L266: ='RESUMEN TOTAL'!R278 -> 0 | M266: ='RESUMEN TOTAL'!S278 -> 0 | ... AI266: ='RESUMEN TOTAL'!AO278 -> 0
B267: ROT03 | C267: CALCHAQUÍ Y AZURDUY FIJA 1 | F267: ='RESUMEN TOTAL'!L279 -> 0 | G267: ='RESUMEN TOTAL'!M279 -> 0 | H267: ='RESUMEN TOTAL'!N279 -> 0 | I267: ='RESUMEN TOTAL'!O279 -> 0 | J267: ='RESUMEN TOTAL'!P279 -> 0 | K267: ='RESUMEN TOTAL'!Q279 -> 0 | L267: ='RESUMEN TOTAL'!R279 -> 0 | M267: ='RESUMEN TOTAL'!S279 -> 0 | ... AI267: ='RESUMEN TOTAL'!AO279 -> 0
B268: ROT04 | C268: CALCHAQUÍ Y AZURDUY FIJA 2 | F268: ='RESUMEN TOTAL'!L280 -> 0 | G268: ='RESUMEN TOTAL'!M280 -> 0 | H268: ='RESUMEN TOTAL'!N280 -> 0 | I268: ='RESUMEN TOTAL'!O280 -> 0 | J268: ='RESUMEN TOTAL'!P280 -> 0 | K268: ='RESUMEN TOTAL'!Q280 -> 0 | L268: ='RESUMEN TOTAL'!R280 -> 0 | M268: ='RESUMEN TOTAL'!S280 -> 0 | ... AI268: ='RESUMEN TOTAL'!AO280 -> 0
A269: ='RESUMEN TOTAL'!A281 -> RICARDO ROJAS | B269: ='RESUMEN TOTAL'!B281 -> RRJ01 | C269: ='RESUMEN TOTAL'!D281 -> AV. LUJAN Y BRAGADO | D269: ='RESUMEN TOTAL'!E281 -> DOMO | E269: ='RESUMEN TOTAL'!F281 -> Fibra Optica | F269: ='RESUMEN TOTAL'!L281 -> 0 | G269: ='RESUMEN TOTAL'!M281 -> 0 | H269: ='RESUMEN TOTAL'!N281 -> 0 | I269: ='RESUMEN TOTAL'!O281 -> 0 | J269: ='RESUMEN TOTAL'!P281 -> 0 | K269: ='RESUMEN TOTAL'!Q281 -> 0 | L269: ='RESUMEN TOTAL'!R281 -> 0 | M269: ='RESUMEN TOTAL'!S281 -> 0 | ... AI269: ='RESUMEN TOTAL'!AO281 -> 0
A270: ='RESUMEN TOTAL'!A282 -> RICARDO ROJAS | B270: ='RESUMEN TOTAL'!B282 -> RRJ02 | C270: ='RESUMEN TOTAL'!D282 -> AV. LUJAN Y DIAG. LOS POETAS | D270: ='RESUMEN TOTAL'!E282 -> DOMO | E270: ='RESUMEN TOTAL'!F282 -> Fibra Optica | F270: ='RESUMEN TOTAL'!L282 -> 0 | G270: ='RESUMEN TOTAL'!M282 -> 0 | H270: ='RESUMEN TOTAL'!N282 -> 0 | I270: ='RESUMEN TOTAL'!O282 -> 0 | J270: ='RESUMEN TOTAL'!P282 -> 0 | K270: ='RESUMEN TOTAL'!Q282 -> 0 | L270: ='RESUMEN TOTAL'!R282 -> 0 | M270: ='RESUMEN TOTAL'!S282 -> 0 | ... AI270: ='RESUMEN TOTAL'!AO282 -> 0
A271: ='RESUMEN TOTAL'!A283 -> RICARDO ROJAS | B271: ='RESUMEN TOTAL'!B283 -> RRJ03 (fija 1) | C271: ='RESUMEN TOTAL'!D283 -> RUBEN DARIO E/ FADER Y DIAG. LOS POETAS | D271: ='RESUMEN TOTAL'!E283 -> Fija | E271: ='RESUMEN TOTAL'!F283 -> Fibra Optica | F271: ='RESUMEN TOTAL'!L283 -> 0 | G271: ='RESUMEN TOTAL'!M283 -> 0 | H271: ='RESUMEN TOTAL'!N283 -> 0 | I271: ='RESUMEN TOTAL'!O283 -> 0 | J271: ='RESUMEN TOTAL'!P283 -> 0 | K271: ='RESUMEN TOTAL'!Q283 -> 0 | L271: ='RESUMEN TOTAL'!R283 -> 0 | M271: ='RESUMEN TOTAL'!S283 -> 0 | ... AI271: ='RESUMEN TOTAL'!AO283 -> 0
A272: ='RESUMEN TOTAL'!A284 -> RICARDO ROJAS | B272: ='RESUMEN TOTAL'!B284 -> RRJ04 (fija 2) | C272: ='RESUMEN TOTAL'!D284 -> RUBEN DARIO E/ FADER Y DIAG. LOS POETAS | D272: ='RESUMEN TOTAL'!E284 -> Fija | E272: ='RESUMEN TOTAL'!F284 -> Fibra Optica | F272: ='RESUMEN TOTAL'!L284 -> 0 | G272: ='RESUMEN TOTAL'!M284 -> 0 | H272: ='RESUMEN TOTAL'!N284 -> 0 | I272: ='RESUMEN TOTAL'!O284 -> 0 | J272: ='RESUMEN TOTAL'!P284 -> 0 | K272: ='RESUMEN TOTAL'!Q284 -> 0 | L272: ='RESUMEN TOTAL'!R284 -> 0 | M272: ='RESUMEN TOTAL'!S284 -> 0 | ... AI272: ='RESUMEN TOTAL'!AO284 -> 0
A273: ='RESUMEN TOTAL'!A285 -> RICARDO ROJAS | B273: ='RESUMEN TOTAL'!B285 -> RRJ 05 | C273: ='RESUMEN TOTAL'!D285 -> LUJAN Y RUTA 36 | D273: ='RESUMEN TOTAL'!E285 -> DOMO | E273: ='RESUMEN TOTAL'!F285 -> Fibra Optica | F273: ='RESUMEN TOTAL'!L285 -> 0 | G273: ='RESUMEN TOTAL'!M285 -> 0 | H273: ='RESUMEN TOTAL'!N285 -> 0 | I273: ='RESUMEN TOTAL'!O285 -> 0 | J273: ='RESUMEN TOTAL'!P285 -> 0 | K273: ='RESUMEN TOTAL'!Q285 -> 0 | L273: ='RESUMEN TOTAL'!R285 -> 0 | M273: ='RESUMEN TOTAL'!S285 -> 0 | ... AI273: ='RESUMEN TOTAL'!AO285 -> 0
A274: ='RESUMEN TOTAL'!A286 -> RICARDO ROJAS | B274: ='RESUMEN TOTAL'!B286 -> RRJ 06 | C274: ='RESUMEN TOTAL'!D286 -> Constancio Vigil y Pablo Groussac | D274: ='RESUMEN TOTAL'!E286 -> Domo | E274: ='RESUMEN TOTAL'!F286 -> Fibra Optica | F274: ='RESUMEN TOTAL'!L286 -> 0 | G274: ='RESUMEN TOTAL'!M286 -> 0 | H274: ='RESUMEN TOTAL'!N286 -> 0 | I274: ='RESUMEN TOTAL'!O286 -> 0 | J274: ='RESUMEN TOTAL'!P286 -> 0 | K274: ='RESUMEN TOTAL'!Q286 -> 0 | L274: ='RESUMEN TOTAL'!R286 -> 0 | M274: ='RESUMEN TOTAL'!S286 -> 0 | ... AI274: ='RESUMEN TOTAL'!AO286 -> 0
A275: ='RESUMEN TOTAL'!A287 -> RICARDO ROJAS | B275: ='RESUMEN TOTAL'!B287 -> RRJ 07 | C275: ='RESUMEN TOTAL'!D287 -> Constancio Vigil y Estanislao del Campo | D275: ='RESUMEN TOTAL'!E287 -> Domo | E275: ='RESUMEN TOTAL'!F287 -> Fibra Optica | F275: ='RESUMEN TOTAL'!L287 -> 0 | G275: ='RESUMEN TOTAL'!M287 -> 0 | H275: ='RESUMEN TOTAL'!N287 -> 0 | I275: ='RESUMEN TOTAL'!O287 -> 0 | J275: ='RESUMEN TOTAL'!P287 -> 0 | K275: ='RESUMEN TOTAL'!Q287 -> 0 | L275: ='RESUMEN TOTAL'!R287 -> 0 | M275: ='RESUMEN TOTAL'!S287 -> 0 | ... AI275: ='RESUMEN TOTAL'!AO287 -> 0
A276: ='RESUMEN TOTAL'!A288 -> RICARDO ROJAS | B276: ='RESUMEN TOTAL'!B288 -> RRJ 08 | C276: ='RESUMEN TOTAL'!D288 -> Constancio Vigil y Pablo Podesta | D276: ='RESUMEN TOTAL'!E288 -> Domo | E276: ='RESUMEN TOTAL'!F288 -> Fibra Optica | F276: ='RESUMEN TOTAL'!L288 -> 0 | G276: ='RESUMEN TOTAL'!M288 -> 0 | H276: ='RESUMEN TOTAL'!N288 -> 0 | I276: ='RESUMEN TOTAL'!O288 -> 0 | J276: ='RESUMEN TOTAL'!P288 -> 0 | K276: ='RESUMEN TOTAL'!Q288 -> 0 | L276: ='RESUMEN TOTAL'!R288 -> 0 | M276: ='RESUMEN TOTAL'!S288 -> 0 | ... AI276: ='RESUMEN TOTAL'!AO288 -> 0
A277: ='RESUMEN TOTAL'!A289 -> RICARDO ROJAS | B277: ='RESUMEN TOTAL'!B289 -> RRJ 09 | C277: ='RESUMEN TOTAL'!D289 -> Constancio Vigil y Jose Ingeniero | D277: ='RESUMEN TOTAL'!E289 -> Domo | E277: ='RESUMEN TOTAL'!F289 -> Fibra Optica | F277: ='RESUMEN TOTAL'!L289 -> 0 | G277: ='RESUMEN TOTAL'!M289 -> 0 | H277: ='RESUMEN TOTAL'!N289 -> 0 | I277: ='RESUMEN TOTAL'!O289 -> 0 | J277: ='RESUMEN TOTAL'!P289 -> 0 | K277: ='RESUMEN TOTAL'!Q289 -> 0 | L277: ='RESUMEN TOTAL'!R289 -> 0 | M277: ='RESUMEN TOTAL'!S289 -> 0 | ... AI277: ='RESUMEN TOTAL'!AO289 -> 0
A278: ='RESUMEN TOTAL'!A290 -> RICARDO ROJAS | B278: ='RESUMEN TOTAL'!B290 -> RRJ 10 | C278: ='RESUMEN TOTAL'!D290 -> LUGONES Y OBLIGADO | D278: ='RESUMEN TOTAL'!E290 -> Domo | E278: ='RESUMEN TOTAL'!F290 -> Fibra Optica | F278: ='RESUMEN TOTAL'!L290 -> 0 | G278: ='RESUMEN TOTAL'!M290 -> 0 | H278: ='RESUMEN TOTAL'!N290 -> 0 | I278: ='RESUMEN TOTAL'!O290 -> 0 | J278: ='RESUMEN TOTAL'!P290 -> 0 | K278: ='RESUMEN TOTAL'!Q290 -> 0 | L278: ='RESUMEN TOTAL'!R290 -> 0 | M278: ='RESUMEN TOTAL'!S290 -> 0 | ... AI278: ='RESUMEN TOTAL'!AO290 -> 0
A279: ='RESUMEN TOTAL'!A291 -> RICARDO ROJAS | B279: ='RESUMEN TOTAL'!B291 -> RRJ 11 | C279: ='RESUMEN TOTAL'!D291 -> LUGONES Y OBLIGADO | D279: ='RESUMEN TOTAL'!E291 -> Domo | E279: ='RESUMEN TOTAL'!F291 -> Fibra Optica | F279: ='RESUMEN TOTAL'!L291 -> 0 | G279: ='RESUMEN TOTAL'!M291 -> 0 | H279: ='RESUMEN TOTAL'!N291 -> 0 | I279: ='RESUMEN TOTAL'!O291 -> 0 | J279: ='RESUMEN TOTAL'!P291 -> 0 | K279: ='RESUMEN TOTAL'!Q291 -> 0 | L279: ='RESUMEN TOTAL'!R291 -> 0 | M279: ='RESUMEN TOTAL'!S291 -> 0 | ... AI279: ='RESUMEN TOTAL'!AO291 -> 0
A280: ='RESUMEN TOTAL'!A292 -> RICARDO ROJAS | B280: ='RESUMEN TOTAL'!B292 -> RRJ 12 | C280: ='RESUMEN TOTAL'!D292 -> FADER Y DIAGONAL LOS POETAS | D280: ='RESUMEN TOTAL'!E292 -> DOMO | E280: ='RESUMEN TOTAL'!F292 -> Fibra Optica | F280: ='RESUMEN TOTAL'!L292 -> 0 | G280: ='RESUMEN TOTAL'!M292 -> 0 | H280: ='RESUMEN TOTAL'!N292 -> 0 | I280: ='RESUMEN TOTAL'!O292 -> 0 | J280: ='RESUMEN TOTAL'!P292 -> 0 | K280: ='RESUMEN TOTAL'!Q292 -> 0 | L280: ='RESUMEN TOTAL'!R292 -> 0 | M280: ='RESUMEN TOTAL'!S292 -> 0 | ... AI280: ='RESUMEN TOTAL'!AO292 -> 0
A281: ='RESUMEN TOTAL'!A293 -> RICARDO ROJAS | B281: ='RESUMEN TOTAL'!B293 -> RRJ 13 | C281: ='RESUMEN TOTAL'!D293 -> LUJAN Y DIAGONAL LOS POETAS | D281: ='RESUMEN TOTAL'!E293 -> Fija | E281: ='RESUMEN TOTAL'!F293 -> Fibra Optica | F281: ='RESUMEN TOTAL'!L293 -> 0 | G281: ='RESUMEN TOTAL'!M293 -> 0 | H281: ='RESUMEN TOTAL'!N293 -> 0 | I281: ='RESUMEN TOTAL'!O293 -> 0 | J281: ='RESUMEN TOTAL'!P293 -> 0 | K281: ='RESUMEN TOTAL'!Q293 -> 0 | L281: ='RESUMEN TOTAL'!R293 -> 0 | M281: ='RESUMEN TOTAL'!S293 -> 0 | ... AI281: ='RESUMEN TOTAL'!AO293 -> 0
A282: ='RESUMEN TOTAL'!A297 -> SANTA ANA | B282: ='RESUMEN TOTAL'!B297 -> SAN 02 | C282: ='RESUMEN TOTAL'!D297 -> HUDSON Y SUIPACHA | D282: ='RESUMEN TOTAL'!E297 -> Fija 2 | E282: ='RESUMEN TOTAL'!F297 -> Fibra Optica | F282: ='RESUMEN TOTAL'!L297 -> APAGADO | G282: ='RESUMEN TOTAL'!M297 -> APAGADO | H282: ='RESUMEN TOTAL'!N297 -> 0 | I282: ='RESUMEN TOTAL'!O297 -> 0 | J282: ='RESUMEN TOTAL'!P297 -> 0 | K282: ='RESUMEN TOTAL'!Q297 -> 0 | L282: ='RESUMEN TOTAL'!R297 -> 0 | M282: ='RESUMEN TOTAL'!S297 -> 0 | ... AI282: ='RESUMEN TOTAL'!AO297 -> 0
A283: ='RESUMEN TOTAL'!A298 -> SANTA ANA | B283: ='RESUMEN TOTAL'!B298 -> SAN01 | C283: ='RESUMEN TOTAL'!D298 -> HUDSON Y SUIPACHA | D283: ='RESUMEN TOTAL'!E298 -> Fija 1 | E283: ='RESUMEN TOTAL'!F298 -> Fibra Optica | F283: ='RESUMEN TOTAL'!L298 -> APAGADO | G283: ='RESUMEN TOTAL'!M298 -> APAGADO | H283: ='RESUMEN TOTAL'!N298 -> 0 | I283: ='RESUMEN TOTAL'!O298 -> 0 | J283: ='RESUMEN TOTAL'!P298 -> 0 | K283: ='RESUMEN TOTAL'!Q298 -> 0 | L283: ='RESUMEN TOTAL'!R298 -> 0 | M283: ='RESUMEN TOTAL'!S298 -> 0 | ... AI283: ='RESUMEN TOTAL'!AO298 -> 0
A284: ='RESUMEN TOTAL'!A299 -> PRESIDENTE SARMIENTO | B284: ='RESUMEN TOTAL'!B299 -> SAR01 | C284: ='RESUMEN TOTAL'!D299 -> Storni Y Sanchez de Loria | D284: ='RESUMEN TOTAL'!E299 -> Domo | E284: ='RESUMEN TOTAL'!F299 -> Fibra Optica | F284: ='RESUMEN TOTAL'!L299 -> 0 | G284: ='RESUMEN TOTAL'!M299 -> 0 | H284: ='RESUMEN TOTAL'!N299 -> 0 | I284: ='RESUMEN TOTAL'!O299 -> 0 | J284: ='RESUMEN TOTAL'!P299 -> 0 | K284: ='RESUMEN TOTAL'!Q299 -> 0 | L284: ='RESUMEN TOTAL'!R299 -> 0 | M284: ='RESUMEN TOTAL'!S299 -> 0 | ... AI284: ='RESUMEN TOTAL'!AO299 -> 0
A285: ='RESUMEN TOTAL'!A300 -> PRESIDENTE SARMIENTO | B285: ='RESUMEN TOTAL'!B300 -> SAR 02 (fija 1) | C285: ='RESUMEN TOTAL'!D300 -> DARDO ROCHA Y GABRIELA MISTRAL | D285: ='RESUMEN TOTAL'!E300 -> Fija | E285: ='RESUMEN TOTAL'!F300 -> Fibra Optica | F285: ='RESUMEN TOTAL'!L300 -> 0 | G285: ='RESUMEN TOTAL'!M300 -> APAGADO | H285: ='RESUMEN TOTAL'!N300 -> 0 | I285: ='RESUMEN TOTAL'!O300 -> 0 | J285: ='RESUMEN TOTAL'!P300 -> 0 | K285: ='RESUMEN TOTAL'!Q300 -> 0 | L285: ='RESUMEN TOTAL'!R300 -> 0 | M285: ='RESUMEN TOTAL'!S300 -> 0 | ... AI285: ='RESUMEN TOTAL'!AO300 -> 0
...

Sheet APAGADOS
E1: APAGADOS | F1: =COUNTIF(F3:F408, "APAGADO") -> 59 | G1: =COUNTIF(G3:G408, "APAGADO") -> 48 | H1: =COUNTIF(H3:H508, "APAGADO") -> 0 | I1: =COUNTIF(I3:I408, "APAGADO") -> 0 | J1: =COUNTIF(J3:J408, "APAGADO") -> 0 | K1: =COUNTIF(K3:K408, "APAGADO") -> 0 | L1: =COUNTIF(L3:L408, "APAGADO") -> 0 | M1: =COUNTIF(M3:M408, "APAGADO") -> 0 | N1: =COUNTIF(N3:N408, "APAGADO") -> 0 | O1: =COUNTIF(O3:O408, "APAGADO") -> 0 | P1: =COUNTIF(P3:P408, "APAGADO") -> 0 | ... AD1: =COUNTIF(AD3:AD408, "APAGADO") -> 0 | AE1: =COUNTIF(AE3:AE508, "APAGADO") -> 0 | AF1: =COUNTIF(AF3:AF408, "APAGADO") -> 0 | AG1: =COUNTIF(AG3:AG408, "APAGADO") -> 0 | AH1: =COUNTIF(AH3:AH408, "APAGADO") -> 0 | AI1: =COUNTIF(AI3:AI408, "APAGADO") -> 0
A2: =ESTADISTICA!A1 -> Barrio | B2: =ESTADISTICA!B1 -> [Denominacion] | C2: =ESTADISTICA!C1 -> [Ubicacion] | D2: =ESTADISTICA!D1 -> [Tipo de Camara] | E2: =ESTADISTICA!E1 -> [Tipo de Conexion] | F2: =ESTADISTICA!F1 -> 45809 | G2: =ESTADISTICA!G1 -> 45810 | H2: =ESTADISTICA!H1 -> 45811 | ... AH2: =ESTADISTICA!AH1 -> 45837 | AI2: 182
A3: =ESTADISTICA!A2 -> ALTAMIRA | B3: =ESTADISTICA!B2 -> ALT01 | C3: =ESTADISTICA!C2 -> Calchaqui y Sgto. Cabral | D3: =ESTADISTICA!D2 -> Domo | E3: =ESTADISTICA!E2 -> Fibra Optica | F3: =ESTADISTICA!F2 -> 0 | G3: =ESTADISTICA!G2 -> 0 | H3: =ESTADISTICA!H2 -> 0 | ... AI3: =ESTADISTICA!AI2 -> 0
A4: =ESTADISTICA!A3 -> ALTAMIRA | B4: =ESTADISTICA!B3 -> ALT02 | C4: =ESTADISTICA!C3 -> Calchaqui y Lope de Vega | D4: =ESTADISTICA!D3 -> Domo | E4: =ESTADISTICA!E3 -> PTO A FO | F4: =ESTADISTICA!F3 -> 0 | G4: =ESTADISTICA!G3 -> 0 | H4: =ESTADISTICA!H3 -> 0 | ... AI4: =ESTADISTICA!AI3 -> 0
A5: =ESTADISTICA!A4 -> ALTAMIRA | B5: =ESTADISTICA!B4 -> ALT 03 | C5: =ESTADISTICA!C4 -> Bombero Galarza y Necochea | D5: =ESTADISTICA!D4 -> Domo | E5: =ESTADISTICA!E4 -> Fibra Optica | F5: =ESTADISTICA!F4 -> APAGADO | G5: =ESTADISTICA!G4 -> APAGADO | H5: =ESTADISTICA!H4 -> 0 | ... AI5: =ESTADISTICA!AI4 -> 0
A6: =ESTADISTICA!A5 -> ALTAMIRA | B6: =ESTADISTICA!B5 -> ALT 04 | C6: =ESTADISTICA!C5 -> Francia y Necochea | D6: =ESTADISTICA!D5 -> Domo | E6: =ESTADISTICA!E5 -> Fibra Optica | F6: =ESTADISTICA!F5 -> APAGADO | G6: =ESTADISTICA!G5 -> APAGADO | H6: =ESTADISTICA!H5 -> 0 | ... AI6: =ESTADISTICA!AI5 -> 0
A7: =ESTADISTICA!A6 -> ALTAMIRA | B7: =ESTADISTICA!B6 -> ALT05 | C7: =ESTADISTICA!C6 -> Av. Calchaqui y Bombero Galarza | D7: =ESTADISTICA!D6 -> Domo | E7: =ESTADISTICA!E6 -> PTO A FO | F7: =ESTADISTICA!F6 -> APAGADO | G7: =ESTADISTICA!G6 -> APAGADO | H7: =ESTADISTICA!H6 -> 0 | ... AI7: =ESTADISTICA!AI6 -> 0
A8: =ESTADISTICA!A7 -> ALTAMIRA | B8: =ESTADISTICA!B7 -> ALT 06 | C8: =ESTADISTICA!C7 -> LOPE DE VEGA Y NECOCHEA | D8: =ESTADISTICA!D7 -> Domo | E8: =ESTADISTICA!E7 -> PTO A FO | F8: =ESTADISTICA!F7 -> APAGADO | G8: =ESTADISTICA!G7 -> APAGADO | H8: =ESTADISTICA!H7 -> 0 | ... AI8: =ESTADISTICA!AI7 -> 0
A9: =ESTADISTICA!A8 -> ALTAMIRA | B9: =ESTADISTICA!B8 -> ALT07 | C9: =ESTADISTICA!C8 -> AV. CALCHAQUI Y AV. DEL TRABAJO | D9: =ESTADISTICA!D8 -> DOMO | E9: =ESTADISTICA!E8 -> PTO A FO | F9: =ESTADISTICA!F8 -> 0 | G9: =ESTADISTICA!G8 -> 0 | H9: =ESTADISTICA!H8 -> 0 | ... AI9: =ESTADISTICA!AI8 -> 0
A10: =ESTADISTICA!A9 -> ALTAMIRA | B10: =ESTADISTICA!B9 -> ALT 08 | C10: =ESTADISTICA!C9 -> HUMAITA Y NECOCHEA | D10: =ESTADISTICA!D9 -> DOMO | E10: =ESTADISTICA!E9 -> Fibra Optica | F10: =ESTADISTICA!F9 -> 0 | G10: =ESTADISTICA!G9 -> 0 | H10: =ESTADISTICA!H9 -> 0 | ... AI10: =ESTADISTICA!AI9 -> 0
A11: =ESTADISTICA!A10 -> ALTAMIRA | B11: =ESTADISTICA!B10 -> ALT 09 | C11: =ESTADISTICA!C10 -> NECOCHEA Y CURUPAITY | D11: =ESTADISTICA!D10 -> DOMO | E11: =ESTADISTICA!E10 -> Fibra Optica | F11: =ESTADISTICA!F10 -> 0 | G11: =ESTADISTICA!G10 -> 0 | H11: =ESTADISTICA!H10 -> 0 | ... AI11: =ESTADISTICA!AI10 -> 0
A12: =ESTADISTICA!A11 -> ALTAMIRA | B12: =ESTADISTICA!B11 -> ALT 10 | C12: =ESTADISTICA!C11 -> Calchaqui y Francia | D12: =ESTADISTICA!D11 -> Domo | E12: =ESTADISTICA!E11 -> Radio | F12: =ESTADISTICA!F11 -> APAGADO | G12: =ESTADISTICA!G11 -> APAGADO | H12: =ESTADISTICA!H11 -> 0 | ... AI12: =ESTADISTICA!AI11 -> 0
A13: =ESTADISTICA!A12 -> AGUSTIN RAMIREZ | B13: =ESTADISTICA!B12 -> ARA 01 | C13: =ESTADISTICA!C12 -> Malambo y Tranquera | D13: =ESTADISTICA!D12 -> Domo | E13: =ESTADISTICA!E12 -> Fibra Optica | F13: =ESTADISTICA!F12 -> 0 | G13: =ESTADISTICA!G12 -> 0 | H13: =ESTADISTICA!H12 -> 0 | ... AI13: =ESTADISTICA!AI12 -> 0
A14: =ESTADISTICA!A13 -> BELGRANO | B14: =ESTADISTICA!B13 -> BEL 01 | C14: =ESTADISTICA!C13 -> San Martin y Dardo Rocha | D14: =ESTADISTICA!D13 -> DOMO | E14: =ESTADISTICA!E13 -> Fibra Optica | F14: =ESTADISTICA!F13 -> 0 | G14: =ESTADISTICA!G13 -> 0 | H14: =ESTADISTICA!H13 -> 0 | ... AI14: =ESTADISTICA!AI13 -> 0
... A124: =ESTADISTICA!A123 -> DON ORIONE | B124: =ESTADISTICA!B123 -> DORIO1 | C124: =ESTADISTICA!C123 -> AV Bosques Y Theran | D124: =ESTADISTICA!D123 -> Domo | E124: =ESTADISTICA!E123 -> GPON | F124: =ESTADISTICA!F123 -> 0 | G124: =ESTADISTICA!G123 -> 0 | H124: =ESTADISTICA!H123 -> 0 | ... AI124: =ESTADISTICA!AI123 -> 0
A125: DON ORIONE | B125: DORI02 | C125: QUINQUELA MARTIN Y AV BOSQUES | F125: =ESTADISTICA!F124 -> 0 | G125: =ESTADISTICA!G124 -> 0 | H125: =ESTADISTICA!H124 -> 0 | I125: =ESTADISTICA!I124 -> 0 | J125: =ESTADISTICA!J124 -> 0 | K125: =ESTADISTICA!K124 -> 0 | L125: =ESTADISTICA!L124 -> 0 | M125: =ESTADISTICA!M124 -> 0 | ... AI125: =ESTADISTICA!AI124 -> 0
A126: =ESTADISTICA!A124 -> EL PARQUE | B126: =ESTADISTICA!B124 -> EPQ 01 | C126: =ESTADISTICA!C124 -> 1282 Y GRIERSON | D126: =ESTADISTICA!D124 -> DOMO | E126: =ESTADISTICA!E124 -> Fibra Optica | F126: =ESTADISTICA!F124 -> 0 | G126: =ESTADISTICA!G124 -> 0 | H126: =ESTADISTICA!H124 -> 0 | ... AI126: =ESTADISTICA!AI124 -> 0
A127: =ESTADISTICA!A125 -> EL PARQUE | B127: =ESTADISTICA!B125 -> EPQ 02 | C127: =ESTADISTICA!C125 -> 1282 Y MASSE | D127: =ESTADISTICA!D125 -> DOMO | E127: =ESTADISTICA!E125 -> Fibra Optica | F127: =ESTADISTICA!F125 -> 0 | G127: =ESTADISTICA!G125 -> 0 | H127: =ESTADISTICA!H125 -> 0 | ... AI127: =ESTADISTICA!AI125 -> 0
A128: =ESTADISTICA!A126 -> EL PARQUE | B128: =ESTADISTICA!B126 -> EPQ 03 | C128: =ESTADISTICA!C126 -> 1282 Y RP 36 | D128: =ESTADISTICA!D126 -> Domo | E128: =ESTADISTICA!E126 -> Fibra Optica | F128: =ESTADISTICA!F126 -> 0 | G128: =ESTADISTICA!G126 -> 0 | H128: =ESTADISTICA!H126 -> 0 | ... AI128: =ESTADISTICA!AI126 -> 0
A129: =ESTADISTICA!A127 -> EL PARQUE | B129: =ESTADISTICA!B127 -> EPQ 04 | C129: =ESTADISTICA!C127 -> 1282 Y MORENO | D129: =ESTADISTICA!D127 -> DOMO | E129: =ESTADISTICA!E127 -> Fibra Optica | F129: =ESTADISTICA!F127 -> 0 | G129: =ESTADISTICA!G127 -> 0 | H129: =ESTADISTICA!H127 -> 0 | ... AI129: =ESTADISTICA!AI127 -> 0
A130: =ESTADISTICA!A128 -> LA ESMERALDA | B130: =ESTADISTICA!B128 -> ESM01 | C130: =ESTADISTICA!C128 -> Cabello y Brasil | D130: =ESTADISTICA!D128 -> Domo | E130: =ESTADISTICA!E128 -> Radio | F130: =ESTADISTICA!F128 -> 0 | G130: =ESTADISTICA!G128 -> 0 | H130: =ESTADISTICA!H128 -> 0 | ... AI130: =ESTADISTICA!AI128 -> 0
A131: =ESTADISTICA!A129 -> SAN JORGE | B131: =ESTADISTICA!B129 -> ESM02 | C131: =ESTADISTICA!C129 -> Novak y Cabello | D131: =ESTADISTICA!D129 -> Domo | E131: =ESTADISTICA!E129 -> PTO A FO | F131: =ESTADISTICA!F129 -> APAGADO | G131: =ESTADISTICA!G129 -> 0 | H131: =ESTADISTICA!H129 -> 0 | ... AI131: =ESTADISTICA!AI129 -> 0
A132: =ESTADISTICA!A130 -> SAN JORGE | B132: =ESTADISTICA!B130 -> ESM03 | C132: =ESTADISTICA!C130 -> Novak y Humahuaca | D132: =ESTADISTICA!D130 -> DOMO | E132: =ESTADISTICA!E130 -> PTO A FO | F132: =ESTADISTICA!F130 -> APAGADO | G132: =ESTADISTICA!G130 -> 0 | H132: =ESTADISTICA!H130 -> 0 | ... AI132: =ESTADISTICA!AI130 -> 0
A133: =ESTADISTICA!A131 -> LA ESMERALDA | B133: =ESTADISTICA!B131 -> ESM04 | C133: =ESTADISTICA!C131 -> Basualdo y Bengochea | D133: =ESTADISTICA!D131 -> Domo | E133: =ESTADISTICA!E131 -> Fibra Optica | F133: =ESTADISTICA!F131 -> 0 | G133: =ESTADISTICA!G131 -> 0 | H133: =ESTADISTICA!H131 -> 0 | ... AI133: =ESTADISTICA!AI131 -> 0
A134: =ESTADISTICA!A132 -> LA ESMERALDA | B134: =ESTADISTICA!B132 -> ESM05 | C134: =ESTADISTICA!C132 -> Aniceto Diaz y Villar | D134: =ESTADISTICA!D132 -> Domo | E134: =ESTADISTICA!E132 -> Fibra Optica | F134: =ESTADISTICA!F132 -> 0 | G134: =ESTADISTICA!G132 -> 0 | H134: =ESTADISTICA!H132 -> 0 | ... AI134: =ESTADISTICA!AI132 -> 0
A135: =ESTADISTICA!A133 -> LA ESMERALDA | B135: =ESTADISTICA!B133 -> ESM06 | C135: =ESTADISTICA!C133 -> Roselli y Cabello | D135: =ESTADISTICA!D133 -> Domo | E135: =ESTADISTICA!E133 -> Radio | F135: =ESTADISTICA!F133 -> 0 | G135: =ESTADISTICA!G133 -> 0 | H135: =ESTADISTICA!H133 -> 0 | ... AI135: =ESTADISTICA!AI133 -> 0
A136: =ESTADISTICA!A134 -> LA ESMERALDA | B136: =ESTADISTICA!B134 -> ESM07 | C136: =ESTADISTICA!C134 -> AV. NOVAK Y SERRANO | D136: =ESTADISTICA!D134 -> DOMO | E136: =ESTADISTICA!E134 -> PTO A FO | F136: =ESTADISTICA!F134 -> APAGADO | G136: =ESTADISTICA!G134 -> 0 | H136: =ESTADISTICA!H134 -> 0 | ... AI136: =ESTADISTICA!AI134 -> 0
A137: =ESTADISTICA!A135 -> LA ESMERALDA | B137: =ESTADISTICA!B135 -> ESM 08 | C137: =ESTADISTICA!C135 -> DAVINSON Y MORANCHEL | D137: =ESTADISTICA!D135 -> FIJA | E137: =ESTADISTICA!E135 -> Radio | F137: =ESTADISTICA!F135 -> 0 | G137: =ESTADISTICA!G135 -> 0 | H137: =ESTADISTICA!H135 -> 0 | ... AI137: =ESTADISTICA!AI135 -> 0
... A204: =ESTADISTICA!A202 -> MAYOL | B204: =ESTADISTICA!B202 -> MAY 04 | C204: =ESTADISTICA!C202 -> MAR CHIQUITA Y RIO JACHAL | D204: =ESTADISTICA!D202 -> DOMO | E204: =ESTADISTICA!E202 -> Radio | F204: =ESTADISTICA!F202 -> 0 | G204: =ESTADISTICA!G202 -> 0 | H204: =ESTADISTICA!H202 -> 0 | ... AI204: =ESTADISTICA!AI202 -> 0
A205: MONTE CUDINE | B205: =ESTADISTICA!B203 -> MCUD 01 | C205: =ESTADISTICA!C203 -> TINOGASTA Y SAN LORENZO | D205: =ESTADISTICA!D203 -> Domo | E205: =ESTADISTICA!E203 -> Fibra Optica | F205: =ESTADISTICA!F203 -> APAGADO | G205: =ESTADISTICA!G203 -> 0 | H205: =ESTADISTICA!H203 -> 0 | I205: =ESTADISTICA!I203 -> 0 | ... AI205: =ESTADISTICA!AI203 -> 0
A206: MONTE CUDINE | B206: =ESTADISTICA!B204 -> MCUD 02 | C206: =ESTADISTICA!C204 -> CALLE 115 A Y 158 | D206: =ESTADISTICA!D204 -> DOMO | E206: =ESTADISTICA!E204 -> Fibra Optica | F206: =ESTADISTICA!F204 -> APAGADO | G206: =ESTADISTICA!G204 -> APAGADO | H206: =ESTADISTICA!H204 -> 0 | I206: =ESTADISTICA!I204 -> 0 | ... AI206: =ESTADISTICA!AI204 -> 0
A207: =ESTADISTICA!A205 -> MARTIN FIERRO | B207: =ESTADISTICA!B205 -> MFI 01 | C207: =ESTADISTICA!C205 -> Belgrano y Sgto. Cabral | D207: =ESTADISTICA!D205 -> Fija | E207: =ESTADISTICA!E205 -> Fibra Optica | F207: =ESTADISTICA!F205 -> 0 | G207: =ESTADISTICA!G205 -> 0 | H207: =ESTADISTICA!H205 -> 0 | ... AI207: =ESTADISTICA!AI205 -> 0
A208: =ESTADISTICA!A206 -> LOPEZ ROMERO | B208: =ESTADISTICA!B206 -> MFI02 | C208: =ESTADISTICA!C206 -> Calchaqui y Balcarce | D208: =ESTADISTICA!D206 -> Fija | E208: =ESTADISTICA!E206 -> Fibra Optica | F208: =ESTADISTICA!F206 -> 0 | G208: =ESTADISTICA!G206 -> 0 | H208: =ESTADISTICA!H206 -> 0 | ... AI208: =ESTADISTICA!AI206 -> 0
A209: =ESTADISTICA!A208 -> MARTIN FIERRO | B209: =ESTADISTICA!B208 -> MFI04 | C209: =ESTADISTICA!C208 -> Calchaqui y balcarce | D209: =ESTADISTICA!D208 -> Domo | E209: =ESTADISTICA!E208 -> Fibra Optica | F209: =ESTADISTICA!F208 -> 0 | G209: =ESTADISTICA!G208 -> 0 | H209: =ESTADISTICA!H208 -> 0 | ... AI209: =ESTADISTICA!AI208 -> 0
A210: =ESTADISTICA!A209 -> SAN EMILIO | B210: =ESTADISTICA!B209 -> MFI 05 | C210: =ESTADISTICA!C209 -> Cno. Gral. Belgrano y Guayaquil | D210: =ESTADISTICA!D209 -> Domo | E210: =ESTADISTICA!E209 -> Fibra Optica | F210: =ESTADISTICA!F209 -> 0 | G210: =ESTADISTICA!G209 -> 0 | H210: =ESTADISTICA!H209 -> 0 | ... AI210: =ESTADISTICA!AI209 -> 0
A211: =ESTADISTICA!A210 -> SAN EMILIO | B211: =ESTADISTICA!B210 -> MFI06 | C211: =ESTADISTICA!C210 -> Con. Gral. Belgrano y Bombero Galarza | D211: =ESTADISTICA!D210 -> DOMO | E211: =ESTADISTICA!E210 -> Radio | F211: =ESTADISTICA!F210 -> 0 | G211: =ESTADISTICA!G210 -> 0 | H211: =ESTADISTICA!H210 -> 0 | ... AI211: =ESTADISTICA!AI210 -> 0
A212: =ESTADISTICA!A211 -> MARTIN FIERRO | B212: =ESTADISTICA!B211 -> MFI 07 | C212: =ESTADISTICA!C211 -> Sargento Cabral y Carlos Gardel | D212: =ESTADISTICA!D211 -> Domo | E212: =ESTADISTICA!E211 -> PTO A FO | F212: =ESTADISTICA!F211 -> 0 | G212: =ESTADISTICA!G211 -> 0 | H212: =ESTADISTICA!H211 -> 0 | ... AI212: =ESTADISTICA!AI211 -> 0
A213: =ESTADISTICA!A212 -> MARTIN FIERRO | B213: =ESTADISTICA!B212 -> MFI 08 | C213: =ESTADISTICA!C212 -> Braile y Batalla de Callao | D213: =ESTADISTICA!D212 -> Domo | E213: =ESTADISTICA!E212 -> PTO A FO | F213: =ESTADISTICA!F212 -> 0 | G213: =ESTADISTICA!G212 -> 0 | H213: =ESTADISTICA!H212 -> 0 | ... AI213: =ESTADISTICA!AI212 -> 0
A214: =ESTADISTICA!A213 -> GOBERNADOR MONTEVERDE | B214: =ESTADISTICA!B213 -> MON01 | C214: =ESTADISTICA!C213 -> San Martin y Patricias Argentinas | D214: =ESTADISTICA!D213 -> Fija | E214: =ESTADISTICA!E213 -> Fibra Optica | F214: =ESTADISTICA!F213 -> 0 | G214: =ESTADISTICA!G213 -> 0 | H214: =ESTADISTICA!H213 -> 0 | ... AI214: =ESTADISTICA!AI213 -> 0
A215: =ESTADISTICA!A214 -> GOBERNADOR MONTEVERDE | B215: =ESTADISTICA!B214 -> MON02 | C215: =ESTADISTICA!C214 -> Senzabello y Famatina | D215: =ESTADISTICA!D214 -> Domo | E215: =ESTADISTICA!E214 -> Radio | F215: =ESTADISTICA!F214 -> 0 | G215: =ESTADISTICA!G214 -> 0 | H215: =ESTADISTICA!H214 -> 0 | ... AI215: =ESTADISTICA!AI214 -> 0
A216: =ESTADISTICA!A215 -> GOBERNADOR MONTEVERDE | B216: =ESTADISTICA!B215 -> MON03 | C216: =ESTADISTICA!C215 -> Senzabello y Guemes | D216: =ESTADISTICA!D215 -> Domo | E216: =ESTADISTICA!E215 -> Radio | F216: =ESTADISTICA!F215 -> APAGADO | G216: =ESTADISTICA!G215 -> 0 | H216: =ESTADISTICA!H215 -> 0 | ... AI216: =ESTADISTICA!AI215 -> 0
A217: =ESTADISTICA!A216 -> GOBERNADOR MONTEVERDE | B217: =ESTADISTICA!B216 -> MON04 | C217: =ESTADISTICA!C216 -> Av. Yrigoyen y San Lorenzo | D217: =ESTADISTICA!D216 -> Domo | E217: =ESTADISTICA!E216 -> Radio | F217: =ESTADISTICA!F216 -> 0 | G217: =ESTADISTICA!G216 -> 0 | H217: =ESTADISTICA!H216 -> 0 | ... AI217: =ESTADISTICA!AI216 -> 0
A218: =ESTADISTICA!A217 -> 9 DE JULIO | B218: =ESTADISTICA!B217 -> NJU 01 | C218: =ESTADISTICA!C217 -> Sallares y Parrillo | D218: =ESTADISTICA!D217 -> Domo | E218: =ESTADISTICA!E217 -> Fibra Optica | F218: =ESTADISTICA!F217 -> 0 | G218: =ESTADISTICA!G217 -> 0 | H218: =ESTADISTICA!H217 -> 0 | ... AI218: =ESTADISTICA!AI217 -> 0
A219: =ESTADISTICA!A218 -> 9 DE JULIO | B219: =ESTADISTICA!B218 -> NJU02 | C219: =ESTADISTICA!C218 -> Ituzaingo y Boccuzzi | D219: =ESTADISTICA!D218 -> Domo | E219: =ESTADISTICA!E218 -> Fibra Optica | F219: =ESTADISTICA!F218 -> 0 | G219: =ESTADISTICA!G218 -> 0 | H219: =ESTADISTICA!H218 -> 0 | ... AI219: =ESTADISTICA!AI218 -> 0
A220: =ESTADISTICA!A219 -> 9 DE JULIO | B220: =ESTADISTICA!B219 -> NJU03 | C220: =ESTADISTICA!C219 -> San Juan y Parrillo | D220: =ESTADISTICA!D219 -> Domo | E220: =ESTADISTICA!E219 -> PTO A FO | F220: =ESTADISTICA!F219 -> 0 | G220: =ESTADISTICA!G219 -> 0 | H220: =ESTADISTICA!H219 -> 0 | ... AI220: =ESTADISTICA!AI219 -> 0
... A265: =ESTADISTICA!A264 -> EL ROCIO | B265: =ESTADISTICA!B264 -> RCO06 (fija 2) | C265: =ESTADISTICA!C264 -> LOBOS Y CHASCOMUS | D265: =ESTADISTICA!D264 -> FIJA | E265: =ESTADISTICA!E264 -> Fibra Optica | F265: =ESTADISTICA!F264 -> 0 | G265: =ESTADISTICA!G264 -> 0 | H265: =ESTADISTICA!H264 -> 0 | ... AI265: =ESTADISTICA!AI264 -> 0
B266: ROT01 | C266: ROTONDA DE ALPARGATAS | H266: =ESTADISTICA!H265 -> 0 | I266: =ESTADISTICA!I265 -> 0 | J266: =ESTADISTICA!J265 -> 0 | K266: =ESTADISTICA!K265 -> 0 | L266: =ESTADISTICA!L265 -> 0 | M266: =ESTADISTICA!M265 -> 0 | N266: =ESTADISTICA!N265 -> 0 | O266: =ESTADISTICA!O265 -> 0 | ... AI266: =ESTADISTICA!AI265 -> 0
B267: ROT02 | C267: CALCHAQUÍ Y AZURDUY | H267: =ESTADISTICA!H266 -> 0 | I267: =ESTADISTICA!I266 -> 0 | J267: =ESTADISTICA!J266 -> 0 | K267: =ESTADISTICA!K266 -> 0 | L267: =ESTADISTICA!L266 -> 0 | M267: =ESTADISTICA!M266 -> 0 | N267: =ESTADISTICA!N266 -> 0 | O267: =ESTADISTICA!O266 -> 0 | ... AI267: =ESTADISTICA!AI266 -> 0
B268: ROT03 | C268: CALCHAQUÍ Y AZURDUY FIJA 1 | H268: =ESTADISTICA!H267 -> 0 | I268: =ESTADISTICA!I267 -> 0 | J268: =ESTADISTICA!J267 -> 0 | K268: =ESTADISTICA!K267 -> 0 | L268: =ESTADISTICA!L267 -> 0 | M268: =ESTADISTICA!M267 -> 0 | N268: =ESTADISTICA!N267 -> 0 | O268: =ESTADISTICA!O267 -> 0 | ... AI268: =ESTADISTICA!AI267 -> 0
B269: ROT04 | C269: CALCHAQUÍ Y AZURDUY FIJA 2 | H269: =ESTADISTICA!H268 -> 0 | I269: =ESTADISTICA!I268 -> 0 | J269: =ESTADISTICA!J268 -> 0 | K269: =ESTADISTICA!K268 -> 0 | L269: =ESTADISTICA!L268 -> 0 | M269: =ESTADISTICA!M268 -> 0 | N269: =ESTADISTICA!N268 -> 0 | O269: =ESTADISTICA!O268 -> 0 | ... AI269: =ESTADISTICA!AI268 -> 0
A270: =ESTADISTICA!A269 -> RICARDO ROJAS | B270: =ESTADISTICA!B269 -> RRJ01 | C270: =ESTADISTICA!C269 -> AV. LUJAN Y BRAGADO | D270: =ESTADISTICA!D269 -> DOMO | E270: =ESTADISTICA!E269 -> Fibra Optica | F270: =ESTADISTICA!F269 -> 0 | G270: =ESTADISTICA!G269 -> 0 | H270: =ESTADISTICA!H269 -> 0 | ... AI270: =ESTADISTICA!AI269 -> 0
A271: =ESTADISTICA!A270 -> RICARDO ROJAS | B271: =ESTADISTICA!B270 -> RRJ02 | C271: =ESTADISTICA!C270 -> AV. LUJAN Y DIAG. LOS POETAS | D271: =ESTADISTICA!D270 -> DOMO | E271: =ESTADISTICA!E270 -> Fibra Optica | F271: =ESTADISTICA!F270 -> 0 | G271: =ESTADISTICA!G270 -> 0 | H271: =ESTADISTICA!H270 -> 0 | ... AI271: =ESTADISTICA!AI270 -> 0
A272: =ESTADISTICA!A271 -> RICARDO ROJAS | B272: =ESTADISTICA!B271 -> RRJ03 (fija 1) | C272: =ESTADISTICA!C271 -> RUBEN DARIO E/ FADER Y DIAG. LOS POETAS | D272: =ESTADISTICA!D271 -> Fija | E272: =ESTADISTICA!E271 -> Fibra Optica | F272: =ESTADISTICA!F271 -> 0 | G272: =ESTADISTICA!G271 -> 0 | H272: =ESTADISTICA!H271 -> 0 | ... AI272: =ESTADISTICA!AI271 -> 0
A273: =ESTADISTICA!A272 -> RICARDO ROJAS | B273: =ESTADISTICA!B272 -> RRJ04 (fija 2) | C273: =ESTADISTICA!C272 -> RUBEN DARIO E/ FADER Y DIAG. LOS POETAS | D273: =ESTADISTICA!D272 -> Fija | E273: =ESTADISTICA!E272 -> Fibra Optica | F273: =ESTADISTICA!F272 -> 0 | G273: =ESTADISTICA!G272 -> 0 | H273: =ESTADISTICA!H272 -> 0 | ... AI273: =ESTADISTICA!AI272 -> 0
A274: =ESTADISTICA!A273 -> RICARDO ROJAS | B274: =ESTADISTICA!B273 -> RRJ 05 | C274: =ESTADISTICA!C273 -> LUJAN Y RUTA 36 | D274: =ESTADISTICA!D273 -> DOMO | E274: =ESTADISTICA!E273 -> Fibra Optica | F274: =ESTADISTICA!F273 -> 0 | G274: =ESTADISTICA!G273 -> 0 | H274: =ESTADISTICA!H273 -> 0 | ... AI274: =ESTADISTICA!AI273 -> 0
A275: =ESTADISTICA!A274 -> RICARDO ROJAS | B275: =ESTADISTICA!B274 -> RRJ 06 | C275: =ESTADISTICA!C274 -> Constancio Vigil y Pablo Groussac | D275: =ESTADISTICA!D274 -> Domo | E275: =ESTADISTICA!E274 -> Fibra Optica | F275: =ESTADISTICA!F274 -> 0 | G275: =ESTADISTICA!G274 -> 0 | H275: =ESTADISTICA!H274 -> 0 | ... AI275: =ESTADISTICA!AI274 -> 0
A276: =ESTADISTICA!A275 -> RICARDO ROJAS | B276: =ESTADISTICA!B275 -> RRJ 07 | C276: =ESTADISTICA!C275 -> Constancio Vigil y Estanislao del Campo | D276: =ESTADISTICA!D275 -> Domo | E276: =ESTADISTICA!E275 -> Fibra Optica | F276: =ESTADISTICA!F275 -> 0 | G276: =ESTADISTICA!G275 -> 0 | H276: =ESTADISTICA!H275 -> 0 | ... AI276: =ESTADISTICA!AI275 -> 0
A277: =ESTADISTICA!A276 -> RICARDO ROJAS | B277: =ESTADISTICA!B276 -> RRJ 08 | C277: =ESTADISTICA!C276 -> Constancio Vigil y Pablo Podesta | D277: =ESTADISTICA!D276 -> Domo | E277: =ESTADISTICA!E276 -> Fibra Optica | F277: =ESTADISTICA!F276 -> 0 | G277: =ESTADISTICA!G276 -> 0 | H277: =ESTADISTICA!H276 -> 0 | ... AI277: =ESTADISTICA!AI276 -> 0
A278: =ESTADISTICA!A277 -> RICARDO ROJAS | B278: =ESTADISTICA!B277 -> RRJ 09 | C278: =ESTADISTICA!C277 -> Constancio Vigil y Jose Ingeniero | D278: =ESTADISTICA!D277 -> Domo | E278: =ESTADISTICA!E277 -> Fibra Optica | F278: =ESTADISTICA!F277 -> 0 | G278: =ESTADISTICA!G277 -> 0 | H278: =ESTADISTICA!H277 -> 0 | ... AI278: =ESTADISTICA!AI277 -> 0
A279: =ESTADISTICA!A278 -> RICARDO ROJAS | B279: =ESTADISTICA!B278 -> RRJ 10 | C279: =ESTADISTICA!C278 -> LUGONES Y OBLIGADO | D279: =ESTADISTICA!D278 -> Domo | E279: =ESTADISTICA!E278 -> Fibra Optica | F279: =ESTADISTICA!F278 -> 0 | G279: =ESTADISTICA!G278 -> 0 | H279: =ESTADISTICA!H278 -> 0 | ... AI279: =ESTADISTICA!AI278 -> 0
A280: =ESTADISTICA!A279 -> RICARDO ROJAS | B280: =ESTADISTICA!B279 -> RRJ 11 | C280: =ESTADISTICA!C279 -> LUGONES Y OBLIGADO | D280: =ESTADISTICA!D279 -> Domo | E280: =ESTADISTICA!E279 -> Fibra Optica | F280: =ESTADISTICA!F279 -> 0 | G280: =ESTADISTICA!G279 -> 0 | H280: =ESTADISTICA!H279 -> 0 | ... AI280: =ESTADISTICA!AI279 -> 0
A281: =ESTADISTICA!A280 -> RICARDO ROJAS | B281: =ESTADISTICA!B280 -> RRJ 12 | C281: =ESTADISTICA!C280 -> FADER Y DIAGONAL LOS POETAS | D281: =ESTADISTICA!D280 -> DOMO | E281: =ESTADISTICA!E280 -> Fibra Optica | F281: =ESTADISTICA!F280 -> 0 | G281: =ESTADISTICA!G280 -> 0 | H281: =ESTADISTICA!H280 -> 0 | ... AI281: =ESTADISTICA!AI280 -> 0
... A521: =ESTADISTICA!A520 -> PARADAS SEGURAS | B521: =ESTADISTICA!B520 -> 39 C | C521: =ESTADISTICA!C520 -> Hudson y Groussac Este | D521: =ESTADISTICA!D520 -> GFIJA | E521: =ESTADISTICA!E520 -> GPON | F521: =ESTADISTICA!F520 -> APAGADO | G521: =ESTADISTICA!G520 -> APAGADO | H521: =ESTADISTICA!H520 -> 0 | ... AI521: =ESTADISTICA!AI520 -> 0
A522: PARADAS SEGURAS | B522: 39 I | C522: Hudson y Groussac Este | D522: INTERCOMUNICADOR | E522: GPON | F522: =ESTADISTICA!F521 -> APAGADO | G522: =ESTADISTICA!G521 -> APAGADO | H522: =ESTADISTICA!H521 -> 0 | I522: =ESTADISTICA!I521 -> 0 | J522: =ESTADISTICA!J521 -> 0 | K522: =ESTADISTICA!K521 -> 0 | L522: =ESTADISTICA!L521 -> 0 | M522: =ESTADISTICA!M521 -> 0 | ... AI522: =ESTADISTICA!AI521 -> 0
A523: PARADAS SEGURAS | B523: 40 C | C523: Hudson y Groussac Oeste | D523: GFIJA | E523: GPON | F523: =ESTADISTICA!F522 -> APAGADO | G523: =ESTADISTICA!G522 -> APAGADO | H523: =ESTADISTICA!H522 -> 0 | I523: =ESTADISTICA!I522 -> 0 | J523: =ESTADISTICA!J522 -> 0 | K523: =ESTADISTICA!K522 -> 0 | L523: =ESTADISTICA!L522 -> 0 | M523: =ESTADISTICA!M522 -> 0 | ... AI523: =ESTADISTICA!AI522 -> 0
A524: PARADAS SEGURAS | B524: 40 I | C524: Hudson y Groussac Oeste | D524: INTERCOMUNICADOR | E524: GPON | F524: =ESTADISTICA!F523 -> APAGADO | G524: =ESTADISTICA!G523 -> APAGADO | H524: =ESTADISTICA!H523 -> 0 | I524: =ESTADISTICA!I523 -> 0 | J524: =ESTADISTICA!J523 -> 0 | K524: =ESTADISTICA!K523 -> 0 | L524: =ESTADISTICA!L523 -> 0 | M524: =ESTADISTICA!M523 -> 0 | ... AI524: =ESTADISTICA!AI523 -> 0
A525: PARADAS SEGURAS | B525: 41 C | C525: Hudson y Dumas Este | D525: GFIJA | E525: GPON | F525: =ESTADISTICA!F524 -> APAGADO | G525: =ESTADISTICA!G524 -> APAGADO | H525: =ESTADISTICA!H524 -> 0 | I525: =ESTADISTICA!I524 -> 0 | J525: =ESTADISTICA!J524 -> 0 | K525: =ESTADISTICA!K524 -> 0 | L525: =ESTADISTICA!L524 -> 0 | M525: =ESTADISTICA!M524 -> 0 | ... AI525: =ESTADISTICA!AI524 -> 0
A526: PARADAS SEGURAS | B526: 41 I | C526: Hudson y Dumas Este | D526: INTERCOMUNICADOR | E526: GPON | F526: =ESTADISTICA!F525 -> APAGADO | G526: =ESTADISTICA!G525 -> APAGADO | H526: =ESTADISTICA!H525 -> 0 | I526: =ESTADISTICA!I525 -> 0 | J526: =ESTADISTICA!J525 -> 0 | K526: =ESTADISTICA!K525 -> 0 | L526: =ESTADISTICA!L525 -> 0 | M526: =ESTADISTICA!M525 -> 0 | ... AI526: =ESTADISTICA!AI525 -> 0
A527: PARADAS SEGURAS | B527: 42 C | C527: Hudson y Dumas Oeste | D527: GFIJA | E527: GPON | F527: =ESTADISTICA!F526 -> 0 | G527: =ESTADISTICA!G526 -> 0 | H527: =ESTADISTICA!H526 -> 0 | I527: =ESTADISTICA!I526 -> 0 | J527: =ESTADISTICA!J526 -> 0 | K527: =ESTADISTICA!K526 -> 0 | L527: =ESTADISTICA!L526 -> 0 | M527: =ESTADISTICA!M526 -> 0 | ... AI527: =ESTADISTICA!AI526 -> 0
A528: PARADAS SEGURAS | B528: 42 I | C528: Hudson y Dumas Oeste | D528: INTERCOMUNICADOR | E528: GPON | F528: =ESTADISTICA!F527 -> 0 | G528: =ESTADISTICA!G527 -> 0 | H528: =ESTADISTICA!H527 -> 0 | I528: =ESTADISTICA!I527 -> 0 | J528: =ESTADISTICA!J527 -> 0 | K528: =ESTADISTICA!K527 -> 0 | L528: =ESTADISTICA!L527 -> 0 | M528: =ESTADISTICA!M527 -> 0 | ... AI528: =ESTADISTICA!AI527 -> 0
A529: PARADAS SEGURAS | B529: 43 C | C529: Hudson y Manuel de Falla Este | D529: GFIJA | E529: GPON | F529: =ESTADISTICA!F528 -> APAGADO | G529: =ESTADISTICA!G528 -> APAGADO | H529: =ESTADISTICA!H528 -> 0 | I529: =ESTADISTICA!I528 -> 0 | J529: =ESTADISTICA!J528 -> 0 | K529: =ESTADISTICA!K528 -> 0 | L529: =ESTADISTICA!L528 -> 0 | M529: =ESTADISTICA!M528 -> 0 | ... AI529: =ESTADISTICA!AI528 -> 0
A530: PARADAS SEGURAS | B530: 43 I | C530: Hudson y Manuel de Falla Este | D530: INTERCOMUNICADOR | E530: GPON | F530: =ESTADISTICA!F529 -> APAGADO | G530: =ESTADISTICA!G529 -> APAGADO | H530: =ESTADISTICA!H529 -> 0 | I530: =ESTADISTICA!I529 -> 0 | J530: =ESTADISTICA!J529 -> 0 | K530: =ESTADISTICA!K529 -> 0 | L530: =ESTADISTICA!L529 -> 0 | M530: =ESTADISTICA!M529 -> 0 | ... AI530: =ESTADISTICA!AI529 -> 0
A531: PARADAS SEGURAS | B531: 45 C | C531: Hudson y Benito Perez Galdos Este | D531: GFIJA | E531: GPON | F531: =ESTADISTICA!F530 -> APAGADO | G531: =ESTADISTICA!G530 -> APAGADO | H531: =ESTADISTICA!H530 -> 0 | I531: =ESTADISTICA!I530 -> 0 | J531: =ESTADISTICA!J530 -> 0 | K531: =ESTADISTICA!K530 -> 0 | L531: =ESTADISTICA!L530 -> 0 | M531: =ESTADISTICA!M530 -> 0 | ... AI531: =ESTADISTICA!AI530 -> 0
A532: PARADAS SEGURAS | B532: 45 I | C532: Hudson y Benito Perez Galdos Este | D532: INTERCOMUNICADOR | E532: GPON | F532: =ESTADISTICA!F531 -> APAGADO | G532: =ESTADISTICA!G531 -> APAGADO | H532: =ESTADISTICA!H531 -> 0 | I532: =ESTADISTICA!I531 -> 0 | J532: =ESTADISTICA!J531 -> 0 | K532: =ESTADISTICA!K531 -> 0 | L532: =ESTADISTICA!L531 -> 0 | M532: =ESTADISTICA!M531 -> 0 | ... AI532: =ESTADISTICA!AI531 -> 0
A533: PARADAS SEGURAS | B533: 46 C | C533: Hudson y Avenida Bosques Este | D533: GFIJA | E533: GPON | F533: =ESTADISTICA!F532 -> APAGADO | G533: =ESTADISTICA!G532 -> APAGADO | H533: =ESTADISTICA!H532 -> 0 | I533: =ESTADISTICA!I532 -> 0 | J533: =ESTADISTICA!J532 -> 0 | K533: =ESTADISTICA!K532 -> 0 | L533: =ESTADISTICA!L532 -> 0 | M533: =ESTADISTICA!M532 -> 0 | ... AI533: =ESTADISTICA!AI532 -> 0
... A544: PARADAS SEGURAS | B544: 74I | C544: GORRITI NORTE | D544: INTERCOMUNICADOR | E544: GPON | F544: =ESTADISTICA!F543 -> APAGADO | G544: =ESTADISTICA!G543 -> APAGADO | H544: =ESTADISTICA!H543 -> 0 | I544: =ESTADISTICA!I543 -> 0 | J544: =ESTADISTICA!J543 -> 0 | K544: =ESTADISTICA!K543 -> 0 | L544: =ESTADISTICA!L543 -> 0 | M544: =ESTADISTICA!M543 -> 0 | ... AI544: =ESTADISTICA!AI543 -> 0

Sheet APAGADOS FIBRA
C1: TOTAL FIBRA | D1: =COUNTIFS(E4:E401,"=Fibra Optica") -> 286
E2: APAGADOS | F2: =COUNTIFS(F4:F501, "=APAGADO",E4:E501,"=Fibra Optica") -> 37 | G2: =COUNTIFS(G4:G501, "=APAGADO",E4:E501,"=Fibra Optica") -> 31 | H2: =COUNTIFS(H4:H501, "=APAGADO",E4:E501,"=Fibra Optica") -> 0 | I2: =COUNTIFS(I4:I501, "=APAGADO",E4:E501,"=Fibra Optica") -> 0 | J2: =COUNTIFS(J4:J501, "=APAGADO",E4:E501,"=Fibra Optica") -> 0 | K2: =COUNTIFS(K4:K501, "=APAGADO",E4:E501,"=Fibra Optica") -> 0 | L2: =COUNTIFS(L4:L501, "=APAGADO",E4:E501,"=Fibra Optica") -> 0 | M2: =COUNTIFS(M4:M501, "=APAGADO",E4:E501,"=Fibra Optica") -> 0 | N2: =COUNTIFS(N4:N501, "=APAGADO",E4:E501,"=Fibra Optica") -> 0 | O2: =COUNTIFS(O4:O501, "=APAGADO",E4:E501,"=Fibra Optica") -> 0 | P2: =COUNTIFS(P4:P601, "=APAGADO",E4:E601,"=Fibra Optica") -> 0 | Q2: =COUNTIFS(Q4:Q501, "=APAGADO",E4:E501,"=Fibra Optica") -> 0 | R2: =COUNTIFS(R4:R501, "=APAGADO",E4:E501,"=Fibra Optica") -> 0 | S2: =COUNTIFS(S4:S501, "=APAGADO",E4:E501,"=Fibra Optica") -> 0 | T2: =COUNTIFS(T4:T501, "=APAGADO",E4:E501,"=Fibra Optica") -> 0 | U2: =COUNTIFS(U4:U501, "=APAGADO",E4:E501,"=Fibra Optica") -> 0 | V2: =COUNTIFS(V4:V501, "=APAGADO",E4:E501,"=Fibra Optica") -> 0 | W2: =COUNTIFS(W4:W501, "=APAGADO",E4:E501,"=Fibra Optica") -> 0 | X2: =COUNTIFS(X4:X501, "=APAGADO",E4:E501,"=Fibra Optica") -> 0 | Y2: =COUNTIFS(Y4:Y501, "=APAGADO",E4:E501,"=Fibra Optica") -> 0 | Z2: =COUNTIFS(Z4:Z501, "=APAGADO",E4:E501,"=Fibra Optica") -> 0 | AA2: =COUNTIFS(AA4:AA501, "=APAGADO",E4:E501,"=Fibra Optica") -> 0 | AB2: =COUNTIFS(AB4:AB501, "=APAGADO",E4:E501,"=Fibra Optica") -> 0 | AC2: =COUNTIFS(AC4:AC601, "=APAGADO",E4:E601,"=Fibra Optica") -> 0 | AD2: =COUNTIFS(AD4:AD501, "=APAGADO",E4:E501,"=Fibra Optica") -> 0 | AE2: =COUNTIFS(AE4:AE501, "=APAGADO",E4:E501,"=Fibra Optica") -> 0 | AF2: =COUNTIFS(AF4:AF501, "=APAGADO",E4:E501,"=Fibra Optica") -> 0 | AG2: =COUNTIFS(AG4:AG501, "=APAGADO",E4:E501,"=Fibra Optica") -> 0 | AH2: =COUNTIFS(AH4:AH501, "=APAGADO",E4:E501,"=Fibra Optica") -> 0 | AI2: =COUNTIFS(AI4:AI501, "=APAGADO",F4:F501,"=Fibra Optica") -> 0
A3: =ESTADISTICA!A1 -> Barrio | B3: =ESTADISTICA!B1 -> [Denominacion] | C3: =ESTADISTICA!C1 -> [Ubicacion] | D3: =ESTADISTICA!D1 -> [Tipo de Camara] | E3: =ESTADISTICA!E1 -> [Tipo de Conexion] | F3: =ESTADISTICA!F1 -> 45809 | G3: =ESTADISTICA!G1 -> 45810 | H3: =ESTADISTICA!H1 -> 45811 | ... AH3: =ESTADISTICA!AH1 -> 45837 | AI3: 182
A4: ='RESUMEN TOTAL'!A7 -> ALTAMIRA | B4: ='RESUMEN TOTAL'!B7 -> ALT 03 | C4: ='RESUMEN TOTAL'!D7 -> Bombero Galarza y Necochea | D4: ='RESUMEN TOTAL'!E7 -> Domo | E4: ='RESUMEN TOTAL'!F7 -> Fibra Optica | F4: ='RESUMEN TOTAL'!L7 -> APAGADO | G4: ='RESUMEN TOTAL'!M7 -> APAGADO | H4: ='RESUMEN TOTAL'!N7 -> 0 | I4: ='RESUMEN TOTAL'!O7 -> 0 | J4: ='RESUMEN TOTAL'!P7 -> 0 | K4: ='RESUMEN TOTAL'!Q7 -> 0 | L4: ='RESUMEN TOTAL'!R7 -> 0 | M4: ='RESUMEN TOTAL'!S7 -> 0 | ... AI4: ='RESUMEN TOTAL'!AO7 -> 0
A5: ='RESUMEN TOTAL'!A8 -> ALTAMIRA | B5: ='RESUMEN TOTAL'!B8 -> ALT 04 | C5: ='RESUMEN TOTAL'!D8 -> Francia y Necochea | D5: ='RESUMEN TOTAL'!E8 -> Domo | E5: ='RESUMEN TOTAL'!F8 -> Fibra Optica | F5: ='RESUMEN TOTAL'!L8 -> APAGADO | G5: ='RESUMEN TOTAL'!M8 -> APAGADO | H5: ='RESUMEN TOTAL'!N8 -> 0 | I5: ='RESUMEN TOTAL'!O8 -> 0 | J5: ='RESUMEN TOTAL'!P8 -> 0 | K5: ='RESUMEN TOTAL'!Q8 -> 0 | L5: ='RESUMEN TOTAL'!R8 -> 0 | M5: ='RESUMEN TOTAL'!S8 -> 0 | ... AI5: ='RESUMEN TOTAL'!AO8 -> 0
A6: ='RESUMEN TOTAL'!A9 -> ALTAMIRA | B6: ='RESUMEN TOTAL'!B9 -> ALT05 | C6: ='RESUMEN TOTAL'!D9 -> Av. Calchaqui y Bombero Galarza | D6: ='RESUMEN TOTAL'!E9 -> Domo | E6: ='RESUMEN TOTAL'!F9 -> PTO A FO | F6: ='RESUMEN TOTAL'!L9 -> APAGADO | G6: ='RESUMEN TOTAL'!M9 -> APAGADO | H6: ='RESUMEN TOTAL'!N9 -> 0 | I6: ='RESUMEN TOTAL'!O9 -> 0 | J6: ='RESUMEN TOTAL'!P9 -> 0 | K6: ='RESUMEN TOTAL'!Q9 -> 0 | L6: ='RESUMEN TOTAL'!R9 -> 0 | M6: ='RESUMEN TOTAL'!S9 -> 0 | ... AI6: ='RESUMEN TOTAL'!AO9 -> 0
A7: ='RESUMEN TOTAL'!A10 -> ALTAMIRA | B7: ='RESUMEN TOTAL'!B10 -> ALT 06 | C7: ='RESUMEN TOTAL'!D10 -> LOPE DE VEGA Y NECOCHEA | D7: ='RESUMEN TOTAL'!E10 -> Domo | E7: ='RESUMEN TOTAL'!F10 -> PTO A FO | F7: ='RESUMEN TOTAL'!L10 -> APAGADO | G7: ='RESUMEN TOTAL'!M10 -> APAGADO | H7: ='RESUMEN TOTAL'!N10 -> 0 | I7: ='RESUMEN TOTAL'!O10 -> 0 | J7: ='RESUMEN TOTAL'!P10 -> 0 | K7: ='RESUMEN TOTAL'!Q10 -> 0 | L7: ='RESUMEN TOTAL'!R10 -> 0 | M7: ='RESUMEN TOTAL'!S10 -> 0 | ... AI7: ='RESUMEN TOTAL'!AO10 -> 0
A8: ='RESUMEN TOTAL'!A11 -> ALTAMIRA | B8: ='RESUMEN TOTAL'!B11 -> ALT07 | C8: ='RESUMEN TOTAL'!D11 -> AV. CALCHAQUI Y AV. DEL TRABAJO | D8: ='RESUMEN TOTAL'!E11 -> DOMO | E8: ='RESUMEN TOTAL'!F11 -> PTO A FO | F8: ='RESUMEN TOTAL'!L11 -> 0 | G8: ='RESUMEN TOTAL'!M11 -> 0 | H8: ='RESUMEN TOTAL'!N11 -> 0 | I8: ='RESUMEN TOTAL'!O11 -> 0 | J8: ='RESUMEN TOTAL'!P11 -> 0 | K8: ='RESUMEN TOTAL'!Q11 -> 0 | L8: ='RESUMEN TOTAL'!R11 -> 0 | M8: ='RESUMEN TOTAL'!S11 -> 0 | ... AI8: ='RESUMEN TOTAL'!AO11 -> 0
A9: ='RESUMEN TOTAL'!A12 -> ALTAMIRA | B9: ='RESUMEN TOTAL'!B12 -> ALT 08 | C9: ='RESUMEN TOTAL'!D12 -> HUMAITA Y NECOCHEA | D9: ='RESUMEN TOTAL'!E12 -> DOMO | E9: ='RESUMEN TOTAL'!F12 -> Fibra Optica | F9: ='RESUMEN TOTAL'!L12 -> 0 | G9: ='RESUMEN TOTAL'!M12 -> 0 | H9: ='RESUMEN TOTAL'!N12 -> 0 | I9: ='RESUMEN TOTAL'!O12 -> 0 | J9: ='RESUMEN TOTAL'!P12 -> 0 | K9: ='RESUMEN TOTAL'!Q12 -> 0 | L9: ='RESUMEN TOTAL'!R12 -> 0 | M9: ='RESUMEN TOTAL'!S12 -> 0 | ... AI9: ='RESUMEN TOTAL'!AO12 -> 0
A10: ='RESUMEN TOTAL'!A13 -> ALTAMIRA | B10: ='RESUMEN TOTAL'!B13 -> ALT 09 | C10: ='RESUMEN TOTAL'!D13 -> NECOCHEA Y CURUPAITY | D10: ='RESUMEN TOTAL'!E13 -> DOMO | E10: ='RESUMEN TOTAL'!F13 -> Fibra Optica | F10: ='RESUMEN TOTAL'!L13 -> 0 | G10: ='RESUMEN TOTAL'!M13 -> 0 | H10: ='RESUMEN TOTAL'!N13 -> 0 | I10: ='RESUMEN TOTAL'!O13 -> 0 | J10: ='RESUMEN TOTAL'!P13 -> 0 | K10: ='RESUMEN TOTAL'!Q13 -> 0 | L10: ='RESUMEN TOTAL'!R13 -> 0 | M10: ='RESUMEN TOTAL'!S13 -> 0 | ... AI10: ='RESUMEN TOTAL'!AO13 -> 0
A11: ='RESUMEN TOTAL'!A14 -> ALTAMIRA | B11: ='RESUMEN TOTAL'!B14 -> ALT 10 | C11: ='RESUMEN TOTAL'!D14 -> Calchaqui y Francia | D11: ='RESUMEN TOTAL'!E14 -> Domo | E11: ='RESUMEN TOTAL'!F14 -> Radio | F11: ='RESUMEN TOTAL'!L14 -> APAGADO | G11: ='RESUMEN TOTAL'!M14 -> APAGADO | H11: ='RESUMEN TOTAL'!N14 -> 0 | I11: ='RESUMEN TOTAL'!O14 -> 0 | J11: ='RESUMEN TOTAL'!P14 -> 0 | K11: ='RESUMEN TOTAL'!Q14 -> 0 | L11: ='RESUMEN TOTAL'!R14 -> 0 | M11: ='RESUMEN TOTAL'!S14 -> 0 | ... AI11: ='RESUMEN TOTAL'!AO14 -> 0
A12: ='RESUMEN TOTAL'!A15 -> AGUSTIN RAMIREZ | B12: ='RESUMEN TOTAL'!B15 -> ARA 01 | C12: ='RESUMEN TOTAL'!D15 -> Malambo y Tranquera | D12: ='RESUMEN TOTAL'!E15 -> Domo | E12: ='RESUMEN TOTAL'!F15 -> Fibra Optica | F12: ='RESUMEN TOTAL'!L15 -> 0 | G12: ='RESUMEN TOTAL'!M15 -> 0 | H12: ='RESUMEN TOTAL'!N15 -> 0 | I12: ='RESUMEN TOTAL'!O15 -> 0 | J12: ='RESUMEN TOTAL'!P15 -> 0 | K12: ='RESUMEN TOTAL'!Q15 -> 0 | L12: ='RESUMEN TOTAL'!R15 -> 0 | M12: ='RESUMEN TOTAL'!S15 -> 0 | ... AI12: ='RESUMEN TOTAL'!AO15 -> 0
A13: ='RESUMEN TOTAL'!A16 -> BELGRANO | B13: ='RESUMEN TOTAL'!B16 -> BEL 01 | C13: ='RESUMEN TOTAL'!D16 -> San Martin y Dardo Rocha | D13: ='RESUMEN TOTAL'!E16 -> DOMO | E13: ='RESUMEN TOTAL'!F16 -> Fibra Optica | F13: ='RESUMEN TOTAL'!L16 -> 0 | G13: ='RESUMEN TOTAL'!M16 -> 0 | H13: ='RESUMEN TOTAL'!N16 -> 0 | I13: ='RESUMEN TOTAL'!O16 -> 0 | J13: ='RESUMEN TOTAL'!P16 -> 0 | K13: ='RESUMEN TOTAL'!Q16 -> 0 | L13: ='RESUMEN TOTAL'!R16 -> 0 | M13: ='RESUMEN TOTAL'!S16 -> 0 | ... AI13: ='RESUMEN TOTAL'!AO16 -> 0
A14: ='RESUMEN TOTAL'!A17 -> BELGRANO | B14: ='RESUMEN TOTAL'!B17 -> BEL 02 | C14: ='RESUMEN TOTAL'!D17 -> Guardia vieja y Fronteriz | D14: ='RESUMEN TOTAL'!E17 -> DOMO | E14: ='RESUMEN TOTAL'!F17 -> Fibra Optica | F14: ='RESUMEN TOTAL'!L17 -> 0 | G14: ='RESUMEN TOTAL'!M17 -> 0 | H14: ='RESUMEN TOTAL'!N17 -> 0 | I14: ='RESUMEN TOTAL'!O17 -> 0 | J14: ='RESUMEN TOTAL'!P17 -> 0 | K14: ='RESUMEN TOTAL'!Q17 -> 0 | L14: ='RESUMEN TOTAL'!R17 -> 0 | M14: ='RESUMEN TOTAL'!S17 -> 0 | ... AI14: ='RESUMEN TOTAL'!AO17 -> 0
A15: ='RESUMEN TOTAL'!A18 -> BOSQUES CENTRO | B15: ='RESUMEN TOTAL'!B18 -> BOSQC 01 | C15: ='RESUMEN TOTAL'!D18 -> LUIS AGOTE E/DANUNCIO Y CAMPOAMOR | D15: ='RESUMEN TOTAL'!E18 -> Fija | E15: ='RESUMEN TOTAL'!F18 -> Radio | F15: ='RESUMEN TOTAL'!L18 -> 0 | G15: ='RESUMEN TOTAL'!M18 -> 0 | H15: ='RESUMEN TOTAL'!N18 -> 0 | I15: ='RESUMEN TOTAL'!O18 -> 0 | J15: ='RESUMEN TOTAL'!P18 -> 0 | K15: ='RESUMEN TOTAL'!Q18 -> 0 | L15: ='RESUMEN TOTAL'!R18 -> 0 | M15: ='RESUMEN TOTAL'!S18 -> 0 | ... AI15: ='RESUMEN TOTAL'!AO18 -> 0
... A20: ='RESUMEN TOTAL'!A23 -> BOSQUES CENTRO | B20: ='RESUMEN TOTAL'!B23 -> BOSQC 06 | C20: ='RESUMEN TOTAL'!D23 -> LUIS AGOTE Y RUTA 36 | D20: ='RESUMEN TOTAL'!E23 -> Fija | E20: ='RESUMEN TOTAL'!F23 -> Radio | F20: ='RESUMEN TOTAL'!L23 -> 0 | G20: ='RESUMEN TOTAL'!M23 -> 0 | H20: ='RESUMEN TOTAL'!N23 -> 0 | I20: ='RESUMEN TOTAL'!O23 -> 0 | J20: ='RESUMEN TOTAL'!P23 -> 0 | K20: ='RESUMEN TOTAL'!Q23 -> 0 | L20: ='RESUMEN TOTAL'!R23 -> 0 | M20: ='RESUMEN TOTAL'!S23 -> 0 | ... AI20: ='RESUMEN TOTAL'!AO23 -> 0
A21: ='RESUMEN TOTAL'!A29 -> CENTRO | B21: ='RESUMEN TOTAL'!B29 -> CEN01 | C21: ='RESUMEN TOTAL'!D29 -> San Martin y 9 de Julio | D21: ='RESUMEN TOTAL'!E29 -> Fija | E21: ='RESUMEN TOTAL'!F29 -> Fibra Optica | F21: ='RESUMEN TOTAL'!L29 -> 0 | G21: ='RESUMEN TOTAL'!M29 -> 0 | H21: ='RESUMEN TOTAL'!N29 -> 0 | I21: ='RESUMEN TOTAL'!O29 -> 0 | J21: ='RESUMEN TOTAL'!P29 -> 0 | K21: ='RESUMEN TOTAL'!Q29 -> 0 | L21: ='RESUMEN TOTAL'!R29 -> 0 | M21: ='RESUMEN TOTAL'!S29 -> 0 | ... AI21: ='RESUMEN TOTAL'!AO29 -> 0
A22: ='RESUMEN TOTAL'!A30 -> CENTRO | B22: ='RESUMEN TOTAL'!B30 -> CEN02 | C22: ='RESUMEN TOTAL'!D30 -> San Martin y Almafuerte | D22: ='RESUMEN TOTAL'!E30 -> Fija | E22: ='RESUMEN TOTAL'!F30 -> Fibra Optica | F22: ='RESUMEN TOTAL'!L30 -> 0 | G22: ='RESUMEN TOTAL'!M30 -> 0 | H22: ='RESUMEN TOTAL'!N30 -> 0 | I22: ='RESUMEN TOTAL'!O30 -> 0 | J22: ='RESUMEN TOTAL'!P30 -> 0 | K22: ='RESUMEN TOTAL'!Q30 -> 0 | L22: ='RESUMEN TOTAL'!R30 -> 0 | M22: ='RESUMEN TOTAL'!S30 -> 0 | ... AI22: ='RESUMEN TOTAL'!AO30 -> 0
A23: ='RESUMEN TOTAL'!A31 -> CENTRO | B23: ='RESUMEN TOTAL'!B31 -> CEN03 | C23: ='RESUMEN TOTAL'!D31 -> San Martin y Sallares | D23: ='RESUMEN TOTAL'!E31 -> Domo | E23: ='RESUMEN TOTAL'!F31 -> Fibra Optica | F23: ='RESUMEN TOTAL'!L31 -> 0 | G23: ='RESUMEN TOTAL'!M31 -> 0 | H23: ='RESUMEN TOTAL'!N31 -> 0 | I23: ='RESUMEN TOTAL'!O31 -> 0 | J23: ='RESUMEN TOTAL'!P31 -> 0 | K23: ='RESUMEN TOTAL'!Q31 -> 0 | L23: ='RESUMEN TOTAL'!R31 -> 0 | M23: ='RESUMEN TOTAL'!S31 -> 0 | ... AI23: ='RESUMEN TOTAL'!AO31 -> 0
A24: ='RESUMEN TOTAL'!A32 -> CENTRO | B24: ='RESUMEN TOTAL'!B32 -> CEN04 | C24: ='RESUMEN TOTAL'!D32 -> San Martin y Contreras | D24: ='RESUMEN TOTAL'!E32 -> Domo | E24: ='RESUMEN TOTAL'!F32 -> Fibra Optica | F24: ='RESUMEN TOTAL'!L32 -> 0 | G24: ='RESUMEN TOTAL'!M32 -> 0 | H24: ='RESUMEN TOTAL'!N32 -> 0 | I24: ='RESUMEN TOTAL'!O32 -> 0 | J24: ='RESUMEN TOTAL'!P32 -> 0 | K24: ='RESUMEN TOTAL'!Q32 -> 0 | L24: ='RESUMEN TOTAL'!R32 -> 0 | M24: ='RESUMEN TOTAL'!S32 -> 0 | ... AI24: ='RESUMEN TOTAL'!AO32 -> 0
A25: ='RESUMEN TOTAL'!A33 -> CENTRO | B25: ='RESUMEN TOTAL'!B33 -> CEN 05 | C25: ='RESUMEN TOTAL'!D33 -> Bocuzzi e/España y San Martin | D25: ='RESUMEN TOTAL'!E33 -> DOMO | E25: ='RESUMEN TOTAL'!F33 -> Fibra Optica | F25: ='RESUMEN TOTAL'!L33 -> 0 | G25: ='RESUMEN TOTAL'!M33 -> 0 | H25: ='RESUMEN TOTAL'!N33 -> 0 | I25: ='RESUMEN TOTAL'!O33 -> 0 | J25: ='RESUMEN TOTAL'!P33 -> 0 | K25: ='RESUMEN TOTAL'!Q33 -> 0 | L25: ='RESUMEN TOTAL'!R33 -> 0 | M25: ='RESUMEN TOTAL'!S33 -> 0 | ... AI25: ='RESUMEN TOTAL'!AO33 -> 0
A26: ='RESUMEN TOTAL'!A34 -> CENTRO | B26: ='RESUMEN TOTAL'!B34 -> CEN06 | C26: ='RESUMEN TOTAL'!D34 -> Monteagudo y A.del Valle | D26: ='RESUMEN TOTAL'!E34 -> Fija | E26: ='RESUMEN TOTAL'!F34 -> Fibra Optica | F26: ='RESUMEN TOTAL'!L34 -> APAGADO | G26: ='RESUMEN TOTAL'!M34 -> APAGADO | H26: ='RESUMEN TOTAL'!N34 -> 0 | I26: ='RESUMEN TOTAL'!O34 -> 0 | J26: ='RESUMEN TOTAL'!P34 -> 0 | K26: ='RESUMEN TOTAL'!Q34 -> 0 | L26: ='RESUMEN TOTAL'!R34 -> 0 | M26: ='RESUMEN TOTAL'!S34 -> 0 | ... AI26: ='RESUMEN TOTAL'!AO34 -> 0
A27: ='RESUMEN TOTAL'!A35 -> CENTRO | B27: ='RESUMEN TOTAL'!B35 -> CEN07 | C27: ='RESUMEN TOTAL'!D35 -> San Martin y Guemes | D27: ='RESUMEN TOTAL'!E35 -> DOMO | E27: ='RESUMEN TOTAL'!F35 -> Fibra Optica | F27: ='RESUMEN TOTAL'!L35 -> 0 | G27: ='RESUMEN TOTAL'!M35 -> 0 | H27: ='RESUMEN TOTAL'!N35 -> 0 | I27: ='RESUMEN TOTAL'!O35 -> 0 | J27: ='RESUMEN TOTAL'!P35 -> 0 | K27: ='RESUMEN TOTAL'!Q35 -> 0 | L27: ='RESUMEN TOTAL'!R35 -> 0 | M27: ='RESUMEN TOTAL'!S35 -> 0 | ... AI27: ='RESUMEN TOTAL'!AO35 -> 0
A28: ='RESUMEN TOTAL'!A36 -> CENTRO | B28: ='RESUMEN TOTAL'!B36 -> CEN08 | C28: ='RESUMEN TOTAL'!D36 -> San Martin y Pte.Peron | D28: ='RESUMEN TOTAL'!E36 -> Domo | E28: ='RESUMEN TOTAL'!F36 -> Fibra Optica | F28: ='RESUMEN TOTAL'!L36 -> 0 | G28: ='RESUMEN TOTAL'!M36 -> 0 | H28: ='RESUMEN TOTAL'!N36 -> 0 | I28: ='RESUMEN TOTAL'!O36 -> 0 | J28: ='RESUMEN TOTAL'!P36 -> 0 | K28: ='RESUMEN TOTAL'!Q36 -> 0 | L28: ='RESUMEN TOTAL'!R36 -> 0 | M28: ='RESUMEN TOTAL'!S36 -> 0 | ... AI28: ='RESUMEN TOTAL'!AO36 -> 0
A29: ='RESUMEN TOTAL'!A37 -> CENTRO | B29: ='RESUMEN TOTAL'!B37 -> CEN09 | C29: ='RESUMEN TOTAL'!D37 -> Chacabuco y 25 de Mayo | D29: ='RESUMEN TOTAL'!E37 -> Domo | E29: ='RESUMEN TOTAL'!F37 -> Fibra Optica | F29: ='RESUMEN TOTAL'!L37 -> 0 | G29: ='RESUMEN TOTAL'!M37 -> 0 | H29: ='RESUMEN TOTAL'!N37 -> 0 | I29: ='RESUMEN TOTAL'!O37 -> 0 | J29: ='RESUMEN TOTAL'!P37 -> 0 | K29: ='RESUMEN TOTAL'!Q37 -> 0 | L29: ='RESUMEN TOTAL'!R37 -> 0 | M29: ='RESUMEN TOTAL'!S37 -> 0 | ... AI29: ='RESUMEN TOTAL'!AO37 -> 0
A30: ='RESUMEN TOTAL'!A38 -> CENTRO | B30: ='RESUMEN TOTAL'!B38 -> CEN10 | C30: ='RESUMEN TOTAL'!D38 -> Monteagudo y Pte. Peron | D30: ='RESUMEN TOTAL'!E38 -> Domo | E30: ='RESUMEN TOTAL'!F38 -> Fibra Optica | F30: ='RESUMEN TOTAL'!L38 -> 0 | G30: ='RESUMEN TOTAL'!M38 -> 0 | H30: ='RESUMEN TOTAL'!N38 -> 0 | I30: ='RESUMEN TOTAL'!O38 -> 0 | J30: ='RESUMEN TOTAL'!P38 -> 0 | K30: ='RESUMEN TOTAL'!Q38 -> 0 | L30: ='RESUMEN TOTAL'!R38 -> 0 | M30: ='RESUMEN TOTAL'!S38 -> 0 | ... AI30: ='RESUMEN TOTAL'!AO38 -> 0
A31: ='RESUMEN TOTAL'!A39 -> CENTRO | B31: ='RESUMEN TOTAL'!B39 -> CEN11 | C31: ='RESUMEN TOTAL'!D39 -> Monteagudo y Bocuzzi | D31: ='RESUMEN TOTAL'!E39 -> Domo | E31: ='RESUMEN TOTAL'!F39 -> Fibra Optica | F31: ='RESUMEN TOTAL'!L39 -> 0 | G31: ='RESUMEN TOTAL'!M39 -> 0 | H31: ='RESUMEN TOTAL'!N39 -> 0 | I31: ='RESUMEN TOTAL'!O39 -> 0 | J31: ='RESUMEN TOTAL'!P39 -> 0 | K31: ='RESUMEN TOTAL'!Q39 -> 0 | L31: ='RESUMEN TOTAL'!R39 -> 0 | M31: ='RESUMEN TOTAL'!S39 -> 0 | ... AI31: ='RESUMEN TOTAL'!AO39 -> 0
A32: ='RESUMEN TOTAL'!A40 -> CENTRO | B32: ='RESUMEN TOTAL'!B40 -> CEN 12 | C32: ='RESUMEN TOTAL'!D40 -> Monteagudo y Mitre | D32: ='RESUMEN TOTAL'!E40 -> Domo | E32: ='RESUMEN TOTAL'!F40 -> Fibra Optica | F32: ='RESUMEN TOTAL'!L40 -> 0 | G32: ='RESUMEN TOTAL'!M40 -> 0 | H32: ='RESUMEN TOTAL'!N40 -> 0 | I32: ='RESUMEN TOTAL'!O40 -> 0 | J32: ='RESUMEN TOTAL'!P40 -> 0 | K32: ='RESUMEN TOTAL'!Q40 -> 0 | L32: ='RESUMEN TOTAL'!R40 -> 0 | M32: ='RESUMEN TOTAL'!S40 -> 0 | ... AI32: ='RESUMEN TOTAL'!AO40 -> 0
... A67: ='RESUMEN TOTAL'!A75 -> CENTRO | B67: ='RESUMEN TOTAL'!B75 -> CEN47 | C67: ='RESUMEN TOTAL'!D75 -> Sallares y Brown | D67: ='RESUMEN TOTAL'!E75 -> Domo | E67: ='RESUMEN TOTAL'!F75 -> Fibra Optica | F67: ='RESUMEN TOTAL'!L75 -> 0 | G67: ='RESUMEN TOTAL'!M75 -> 0 | H67: ='RESUMEN TOTAL'!N75 -> 0 | I67: ='RESUMEN TOTAL'!O75 -> 0 | J67: ='RESUMEN TOTAL'!P75 -> 0 | K67: ='RESUMEN TOTAL'!Q75 -> 0 | L67: ='RESUMEN TOTAL'!R75 -> 0 | M67: ='RESUMEN TOTAL'!S75 -> 0 | ... AI67: ='RESUMEN TOTAL'!AO75 -> 0
A68: ='RESUMEN TOTAL'!A76 -> CENTRO | B68: ='RESUMEN TOTAL'!B76 -> CEN48 | C68: ='RESUMEN TOTAL'!D76 -> Velez Sarsfield y Las Heras | D68: ='RESUMEN TOTAL'!E76 -> Domo | E68: ='RESUMEN TOTAL'!F76 -> Radio | F68: ='RESUMEN TOTAL'!L76 -> 0 | G68: ='RESUMEN TOTAL'!M76 -> 0 | H68: ='RESUMEN TOTAL'!N76 -> 0 | I68: ='RESUMEN TOTAL'!O76 -> 0 | J68: ='RESUMEN TOTAL'!P76 -> 0 | K68: ='RESUMEN TOTAL'!Q76 -> 0 | L68: ='RESUMEN TOTAL'!R76 -> 0 | M68: ='RESUMEN TOTAL'!S76 -> 0 | ... Z68: ='RESUMEN TOTAL'!AF76 -> 0 | AA68: ='RESUMEN TOTAL'!#REF! -> #REF! | AB68: ='RESUMEN TOTAL'!AH76 -> 0 | AC68: ='RESUMEN TOTAL'!AI76 -> 0 | AD68: ='RESUMEN TOTAL'!AJ76 -> 0 | AE68: ='RESUMEN TOTAL'!AK76 -> 0 | AF68: ='RESUMEN TOTAL'!AL76 -> 0 | AG68: ='RESUMEN TOTAL'!AM76 -> 0 | AH68: ='RESUMEN TOTAL'!AN76 -> 0 | AI68: ='RESUMEN TOTAL'!AO76 -> 0
A69: ='RESUMEN TOTAL'!A77 -> CENTRO | B69: ='RESUMEN TOTAL'!B77 -> CEN49 | C69: ='RESUMEN TOTAL'!D77 -> Av. San Martin y Florencio Sanchez | D69: ='RESUMEN TOTAL'!E77 -> Domo | E69: ='RESUMEN TOTAL'!F77 -> Fibra Optica | F69: ='RESUMEN TOTAL'!L77 -> 0 | G69: ='RESUMEN TOTAL'!M77 -> 0 | H69: ='RESUMEN TOTAL'!N77 -> 0 | I69: ='RESUMEN TOTAL'!O77 -> 0 | J69: ='RESUMEN TOTAL'!P77 -> 0 | K69: ='RESUMEN TOTAL'!Q77 -> 0 | L69: ='RESUMEN TOTAL'!R77 -> 0 | M69: ='RESUMEN TOTAL'!S77 -> 0 | ... AI69: ='RESUMEN TOTAL'!AO77 -> 0
A70: ='RESUMEN TOTAL'!A78 -> CENTRO | B70: ='RESUMEN TOTAL'!B78 -> CEN 50 | C70: ='RESUMEN TOTAL'!D78 -> Av. San Martin y Newbery | D70: ='RESUMEN TOTAL'!E78 -> Domo | E70: ='RESUMEN TOTAL'!F78 -> Fibra Optica | F70: ='RESUMEN TOTAL'!L78 -> 0 | G70: ='RESUMEN TOTAL'!M78 -> 0 | H70: ='RESUMEN TOTAL'!N78 -> 0 | I70: ='RESUMEN TOTAL'!O78 -> 0 | J70: ='RESUMEN TOTAL'!P78 -> 0 | K70: ='RESUMEN TOTAL'!Q78 -> 0 | L70: ='RESUMEN TOTAL'!R78 -> 0 | M70: ='RESUMEN TOTAL'!S78 -> 0 | ... AI70: ='RESUMEN TOTAL'!AO78 -> 0
A71: ='RESUMEN TOTAL'!A79 -> CENTRO | B71: ='RESUMEN TOTAL'!B79 -> CEN 51 | C71: ='RESUMEN TOTAL'!D79 -> ILLIA Y LAS HERAS | D71: ='RESUMEN TOTAL'!E79 -> FIJA | E71: ='RESUMEN TOTAL'!F79 -> Fibra Optica | F71: ='RESUMEN TOTAL'!L79 -> 0 | G71: ='RESUMEN TOTAL'!M79 -> 0 | H71: ='RESUMEN TOTAL'!N79 -> 0 | I71: ='RESUMEN TOTAL'!O79 -> 0 | J71: ='RESUMEN TOTAL'!P79 -> 0 | K71: ='RESUMEN TOTAL'!Q79 -> 0 | L71: ='RESUMEN TOTAL'!R79 -> 0 | M71: ='RESUMEN TOTAL'!S79 -> 0 | ... AI71: ='RESUMEN TOTAL'!AO79 -> 0
A72: ='RESUMEN TOTAL'!A80 -> CENTRO | B72: ='RESUMEN TOTAL'!B80 -> CEN52 | C72: ='RESUMEN TOTAL'!D80 -> San Martin y Almafuerte (ex San Martin y Dorrego) | D72: ='RESUMEN TOTAL'!E80 -> DOMO | E72: ='RESUMEN TOTAL'!F80 -> Radio | F72: ='RESUMEN TOTAL'!L80 -> 0 | G72: ='RESUMEN TOTAL'!M80 -> 0 | H72: ='RESUMEN TOTAL'!N80 -> 0 | I72: ='RESUMEN TOTAL'!O80 -> 0 | J72: ='RESUMEN TOTAL'!P80 -> 0 | K72: ='RESUMEN TOTAL'!Q80 -> 0 | L72: ='RESUMEN TOTAL'!R80 -> 0 | M72: ='RESUMEN TOTAL'!S80 -> 0 | ... AI72: ='RESUMEN TOTAL'!AO80 -> 0
A73: ='RESUMEN TOTAL'!A81 -> CENTRO | B73: ='RESUMEN TOTAL'!B81 -> CEN 53 | C73: ='RESUMEN TOTAL'!D81 -> GUTIERREZ Y BROWN | D73: ='RESUMEN TOTAL'!E81 -> Domo | E73: ='RESUMEN TOTAL'!F81 -> Fibra Optica | F73: ='RESUMEN TOTAL'!L81 -> 0 | G73: ='RESUMEN TOTAL'!M81 -> 0 | H73: ='RESUMEN TOTAL'!N81 -> 0 | I73: ='RESUMEN TOTAL'!O81 -> 0 | J73: ='RESUMEN TOTAL'!P81 -> 0 | K73: ='RESUMEN TOTAL'!Q81 -> 0 | L73: ='RESUMEN TOTAL'!R81 -> 0 | M73: ='RESUMEN TOTAL'!S81 -> 0 | ... AI73: ='RESUMEN TOTAL'!AO81 -> 0
A74: ='RESUMEN TOTAL'!A82 -> CENTRO | B74: ='RESUMEN TOTAL'!B82 -> CEN 54 | C74: ='RESUMEN TOTAL'!D82 -> GUTIERREZ Y PRINGLES | D74: ='RESUMEN TOTAL'!E82 -> Domo | E74: ='RESUMEN TOTAL'!F82 -> Fibra Optica | F74: ='RESUMEN TOTAL'!L82 -> 0 | G74: ='RESUMEN TOTAL'!M82 -> 0 | H74: ='RESUMEN TOTAL'!N82 -> 0 | I74: ='RESUMEN TOTAL'!O82 -> 0 | J74: ='RESUMEN TOTAL'!P82 -> 0 | K74: ='RESUMEN TOTAL'!Q82 -> 0 | L74: ='RESUMEN TOTAL'!R82 -> 0 | M74: ='RESUMEN TOTAL'!S82 -> 0 | ... AI74: ='RESUMEN TOTAL'!AO82 -> 0
A75: ='RESUMEN TOTAL'!A83 -> CENTRO | B75: ='RESUMEN TOTAL'!B83 -> CEN 55 | C75: ='RESUMEN TOTAL'!D83 -> BOUREL Y URQUIZA | D75: ='RESUMEN TOTAL'!E83 -> Domo | E75: ='RESUMEN TOTAL'!F83 -> Radio | F75: ='RESUMEN TOTAL'!L83 -> 0 | G75: ='RESUMEN TOTAL'!M83 -> 0 | H75: ='RESUMEN TOTAL'!N83 -> 0 | I75: ='RESUMEN TOTAL'!O83 -> 0 | J75: ='RESUMEN TOTAL'!P83 -> 0 | K75: ='RESUMEN TOTAL'!Q83 -> 0 | L75: ='RESUMEN TOTAL'!R83 -> 0 | M75: ='RESUMEN TOTAL'!S83 -> 0 | ... AI75: ='RESUMEN TOTAL'!AO83 -> 0
A76: ='RESUMEN TOTAL'!A84 -> CENTRO | B76: ='RESUMEN TOTAL'!B84 -> CEN 56 | C76: ='RESUMEN TOTAL'!D84 -> Newbery y Falucho | D76: ='RESUMEN TOTAL'!E84 -> DOMO | E76: ='RESUMEN TOTAL'!F84 -> Radio | F76: ='RESUMEN TOTAL'!L84 -> 0 | G76: ='RESUMEN TOTAL'!M84 -> 0 | H76: ='RESUMEN TOTAL'!N84 -> 0 | I76: ='RESUMEN TOTAL'!O84 -> 0 | J76: ='RESUMEN TOTAL'!P84 -> 0 | K76: ='RESUMEN TOTAL'!Q84 -> 0 | L76: ='RESUMEN TOTAL'!R84 -> 0 | M76: ='RESUMEN TOTAL'!S84 -> 0 | ... AI76: ='RESUMEN TOTAL'!AO84 -> 0
A77: ='RESUMEN TOTAL'!A85 -> CENTRO | B77: ='RESUMEN TOTAL'!B85 -> CEN 57 | C77: ='RESUMEN TOTAL'!D85 -> 25 DE MAYO Y DORREGO | D77: ='RESUMEN TOTAL'!E85 -> DOMO | E77: ='RESUMEN TOTAL'!F85 -> Fibra Optica | F77: ='RESUMEN TOTAL'!L85 -> 0 | G77: ='RESUMEN TOTAL'!M85 -> 0 | H77: ='RESUMEN TOTAL'!N85 -> 0 | I77: ='RESUMEN TOTAL'!O85 -> 0 | J77: ='RESUMEN TOTAL'!P85 -> 0 | K77: ='RESUMEN TOTAL'!Q85 -> 0 | L77: ='RESUMEN TOTAL'!R85 -> 0 | M77: ='RESUMEN TOTAL'!S85 -> 0 | ... AI77: ='RESUMEN TOTAL'!AO85 -> 0
A78: ='RESUMEN TOTAL'!A86 -> CENTRO | B78: ='RESUMEN TOTAL'!B86 -> CEN 58 | C78: ='RESUMEN TOTAL'!D86 -> EEUU Y MORENO | D78: ='RESUMEN TOTAL'!E86 -> DOMO | E78: ='RESUMEN TOTAL'!F86 -> Fibra Optica | F78: ='RESUMEN TOTAL'!L86 -> 0 | G78: ='RESUMEN TOTAL'!M86 -> 0 | H78: ='RESUMEN TOTAL'!N86 -> 0 | I78: ='RESUMEN TOTAL'!O86 -> 0 | J78: ='RESUMEN TOTAL'!P86 -> 0 | K78: ='RESUMEN TOTAL'!Q86 -> 0 | L78: ='RESUMEN TOTAL'!R86 -> 0 | M78: ='RESUMEN TOTAL'!S86 -> 0 | ... AI78: ='RESUMEN TOTAL'!AO86 -> 0
A79: ='RESUMEN TOTAL'!A87 -> CENTRO | B79: ='RESUMEN TOTAL'!B87 -> CEN59 | C79: ='RESUMEN TOTAL'!D87 -> CHACABUCO Y BOUREL | D79: ='RESUMEN TOTAL'!E87 -> DOMO | E79: ='RESUMEN TOTAL'!F87 -> Fibra Optica | F79: ='RESUMEN TOTAL'!L87 -> 0 | G79: ='RESUMEN TOTAL'!M87 -> 0 | H79: ='RESUMEN TOTAL'!N87 -> 0 | I79: ='RESUMEN TOTAL'!O87 -> 0 | J79: ='RESUMEN TOTAL'!P87 -> 0 | K79: ='RESUMEN TOTAL'!Q87 -> 0 | L79: ='RESUMEN TOTAL'!R87 -> 0 | M79: ='RESUMEN TOTAL'!S87 -> 0 | ... AI79: ='RESUMEN TOTAL'!AO87 -> 0
A80: ='RESUMEN TOTAL'!A88 -> CENTRO | B80: ='RESUMEN TOTAL'!B88 -> CEN 60 | C80: ='RESUMEN TOTAL'!D88 -> RECONQUISTA Y ILLIA | D80: ='RESUMEN TOTAL'!E88 -> DOMO | E80: ='RESUMEN TOTAL'!F88 -> PTO A FO | F80: ='RESUMEN TOTAL'!L88 -> 0 | G80: ='RESUMEN TOTAL'!M88 -> 0 | H80: ='RESUMEN TOTAL'!N88 -> 0 | I80: ='RESUMEN TOTAL'!O88 -> 0 | J80: ='RESUMEN TOTAL'!P88 -> 0 | K80: ='RESUMEN TOTAL'!Q88 -> 0 | L80: ='RESUMEN TOTAL'!R88 -> 0 | M80: ='RESUMEN TOTAL'!S88 -> 0 | ... AI80: ='RESUMEN TOTAL'!AO88 -> 0
... A106: ='RESUMEN TOTAL'!A114 -> CENTRO | B106: ='RESUMEN TOTAL'!B114 -> CEN 86 | C106: ='RESUMEN TOTAL'!D114 -> Monteagudo y Bocuzzi | D106: ='RESUMEN TOTAL'!E114 -> Fija | E106: ='RESUMEN TOTAL'!F114 -> Fibra Optica | F106: ='RESUMEN TOTAL'!L114 -> 0 | G106: ='RESUMEN TOTAL'!M114 -> 0 | H106: ='RESUMEN TOTAL'!N114 -> 0 | I106: ='RESUMEN TOTAL'!O114 -> 0 | J106: ='RESUMEN TOTAL'!P114 -> 0 | K106: ='RESUMEN TOTAL'!Q114 -> 0 | L106: ='RESUMEN TOTAL'!R114 -> 0 | M106: ='RESUMEN TOTAL'!S114 -> 0 | ... AI106: ='RESUMEN TOTAL'!AO114 -> 0
A107: ='RESUMEN TOTAL'!A117 -> SAN NICOLAS | B107: ='RESUMEN TOTAL'!B117 -> CHA01 | C107: ='RESUMEN TOTAL'!D117 -> Novak y Pte Illia | D107: ='RESUMEN TOTAL'!E117 -> Domo | E107: ='RESUMEN TOTAL'!F117 -> Radio | F107: ='RESUMEN TOTAL'!L117 -> 0 | G107: ='RESUMEN TOTAL'!M117 -> 0 | H107: ='RESUMEN TOTAL'!N117 -> 0 | I107: ='RESUMEN TOTAL'!O117 -> 0 | J107: ='RESUMEN TOTAL'!P117 -> 0 | K107: ='RESUMEN TOTAL'!Q117 -> 0 | L107: ='RESUMEN TOTAL'!R117 -> 0 | M107: ='RESUMEN TOTAL'!S117 -> 0 | ... AI107: ='RESUMEN TOTAL'!AO117 -> 0
A108: ='RESUMEN TOTAL'!A118 -> CHACABUCO | B108: ='RESUMEN TOTAL'!B118 -> CHA02 | C108: ='RESUMEN TOTAL'!D118 -> Pte. Illia y Posadas | D108: ='RESUMEN TOTAL'!E118 -> Domo | E108: ='RESUMEN TOTAL'!F118 -> Radio | F108: ='RESUMEN TOTAL'!L118 -> APAGADO | G108: ='RESUMEN TOTAL'!M118 -> APAGADO | H108: ='RESUMEN TOTAL'!N118 -> 0 | I108: ='RESUMEN TOTAL'!O118 -> 0 | J108: ='RESUMEN TOTAL'!P118 -> 0 | K108: ='RESUMEN TOTAL'!Q118 -> 0 | L108: ='RESUMEN TOTAL'!R118 -> 0 | M108: ='RESUMEN TOTAL'!S118 -> 0 | ... AI108: ='RESUMEN TOTAL'!AO118 -> 0
A109: ='RESUMEN TOTAL'!A119 -> CHACABUCO | B109: ='RESUMEN TOTAL'!B119 -> CHA03 | C109: ='RESUMEN TOTAL'!D119 -> MAIPU Y ALVAREZ THOMAS | D109: ='RESUMEN TOTAL'!E119 -> DOMO | E109: ='RESUMEN TOTAL'!F119 -> Fibra Optica | F109: ='RESUMEN TOTAL'!L119 -> 0 | G109: ='RESUMEN TOTAL'!M119 -> 0 | H109: ='RESUMEN TOTAL'!N119 -> 0 | I109: ='RESUMEN TOTAL'!O119 -> 0 | J109: ='RESUMEN TOTAL'!P119 -> 0 | K109: ='RESUMEN TOTAL'!Q119 -> 0 | L109: ='RESUMEN TOTAL'!R119 -> 0 | M109: ='RESUMEN TOTAL'!S119 -> 0 | ... AI109: ='RESUMEN TOTAL'!AO119 -> 0
A110: ='RESUMEN TOTAL'!A120 -> CHACABUCO | B110: ='RESUMEN TOTAL'!B120 -> CHA04 | C110: ='RESUMEN TOTAL'!D120 -> ESTADOS UNIDOS DE A. E ILLIA | D110: ='RESUMEN TOTAL'!E120 -> DOMO | E110: ='RESUMEN TOTAL'!F120 -> Fibra Optica | F110: ='RESUMEN TOTAL'!L120 -> 0 | G110: ='RESUMEN TOTAL'!M120 -> 0 | H110: ='RESUMEN TOTAL'!N120 -> 0 | I110: ='RESUMEN TOTAL'!O120 -> 0 | J110: ='RESUMEN TOTAL'!P120 -> 0 | K110: ='RESUMEN TOTAL'!Q120 -> 0 | L110: ='RESUMEN TOTAL'!R120 -> 0 | M110: ='RESUMEN TOTAL'!S120 -> 0 | ... AI110: ='RESUMEN TOTAL'!AO120 -> 0
A111: ='RESUMEN TOTAL'!A121 -> VILLA MONICA NUEVA | B111: ='RESUMEN TOTAL'!B121 -> COL01 | C111: ='RESUMEN TOTAL'!D121 -> Eva Peron y Cariboni | D111: ='RESUMEN TOTAL'!E121 -> Domo | E111: ='RESUMEN TOTAL'!F121 -> Radio | F111: ='RESUMEN TOTAL'!L121 -> 0 | G111: ='RESUMEN TOTAL'!M121 -> 0 | H111: ='RESUMEN TOTAL'!N121 -> 0 | I111: ='RESUMEN TOTAL'!O121 -> 0 | J111: ='RESUMEN TOTAL'!P121 -> 0 | K111: ='RESUMEN TOTAL'!Q121 -> 0 | L111: ='RESUMEN TOTAL'!R121 -> 0 | M111: ='RESUMEN TOTAL'!S121 -> 0 | ... AI111: ='RESUMEN TOTAL'!AO121 -> 0
A112: ='RESUMEN TOTAL'!A122 -> LA COLORADA ESTE | B112: ='RESUMEN TOTAL'!B122 -> COL02 | C112: ='RESUMEN TOTAL'!D122 -> Av. Eva Peron y Pompeya | D112: ='RESUMEN TOTAL'!E122 -> Domo | E112: ='RESUMEN TOTAL'!F122 -> Radio | F112: ='RESUMEN TOTAL'!L122 -> 0 | G112: ='RESUMEN TOTAL'!M122 -> 0 | H112: ='RESUMEN TOTAL'!N122 -> 0 | I112: ='RESUMEN TOTAL'!O122 -> 0 | J112: ='RESUMEN TOTAL'!P122 -> 0 | K112: ='RESUMEN TOTAL'!Q122 -> 0 | L112: ='RESUMEN TOTAL'!R122 -> 0 | M112: ='RESUMEN TOTAL'!S122 -> 0 | ... AI112: ='RESUMEN TOTAL'!AO122 -> 0
A113: ='RESUMEN TOTAL'!A123 -> LA COLORADA ESTE | B113: ='RESUMEN TOTAL'!B123 -> COL 03 | C113: ='RESUMEN TOTAL'!D123 -> CARIBONI Y LA ANCIANIDAD | D113: ='RESUMEN TOTAL'!E123 -> DOMO | E113: ='RESUMEN TOTAL'!F123 -> Radio | F113: ='RESUMEN TOTAL'!L123 -> APAGADO | G113: ='RESUMEN TOTAL'!M123 -> APAGADO | H113: ='RESUMEN TOTAL'!N123 -> 0 | I113: ='RESUMEN TOTAL'!O123 -> 0 | J113: ='RESUMEN TOTAL'!P123 -> 0 | K113: ='RESUMEN TOTAL'!Q123 -> 0 | L113: ='RESUMEN TOTAL'!R123 -> 0 | M113: ='RESUMEN TOTAL'!S123 -> 0 | ... AI113: ='RESUMEN TOTAL'!AO123 -> 0
A114: ='RESUMEN TOTAL'!A124 -> LA COLORADA ESTE | B114: ='RESUMEN TOTAL'!B124 -> COL 04 | C114: ='RESUMEN TOTAL'!D124 -> EVA PERON Y SAVIO | D114: ='RESUMEN TOTAL'!E124 -> Domo | E114: ='RESUMEN TOTAL'!F124 -> Fibra Optica | F114: ='RESUMEN TOTAL'!L124 -> 0 | G114: ='RESUMEN TOTAL'!M124 -> 0 | H114: ='RESUMEN TOTAL'!N124 -> 0 | I114: ='RESUMEN TOTAL'!O124 -> 0 | J114: ='RESUMEN TOTAL'!P124 -> 0 | K114: ='RESUMEN TOTAL'!Q124 -> 0 | L114: ='RESUMEN TOTAL'!R124 -> 0 | M114: ='RESUMEN TOTAL'!S124 -> 0 | ... AI114: ='RESUMEN TOTAL'!AO124 -> 0
A115: ='RESUMEN TOTAL'!A125 -> DON JOSE | B115: ='RESUMEN TOTAL'!B125 -> DJO01 | C115: ='RESUMEN TOTAL'!D125 -> Monteverde y Donato Alvarez | D115: ='RESUMEN TOTAL'!E125 -> Domo | E115: ='RESUMEN TOTAL'!F125 -> Radio | F115: ='RESUMEN TOTAL'!L125 -> APAGADO | G115: ='RESUMEN TOTAL'!M125 -> APAGADO | H115: ='RESUMEN TOTAL'!N125 -> 0 | I115: ='RESUMEN TOTAL'!O125 -> 0 | J115: ='RESUMEN TOTAL'!P125 -> 0 | K115: ='RESUMEN TOTAL'!Q125 -> 0 | L115: ='RESUMEN TOTAL'!R125 -> 0 | M115: ='RESUMEN TOTAL'!S125 -> 0 | ... AI115: ='RESUMEN TOTAL'!AO125 -> 0
A116: ='RESUMEN TOTAL'!A126 -> DON JOSE | B116: ='RESUMEN TOTAL'!B126 -> DJO 02 (fija 1) | C116: ='RESUMEN TOTAL'!D126 -> DONATO ALVAREZ Y EL APERO | D116: ='RESUMEN TOTAL'!E126 -> Fija | E116: ='RESUMEN TOTAL'!F126 -> PTO A FO | F116: ='RESUMEN TOTAL'!L126 -> 0 | G116: ='RESUMEN TOTAL'!M126 -> 0 | H116: ='RESUMEN TOTAL'!N126 -> 0 | I116: ='RESUMEN TOTAL'!O126 -> 0 | J116: ='RESUMEN TOTAL'!P126 -> 0 | K116: ='RESUMEN TOTAL'!Q126 -> 0 | L116: ='RESUMEN TOTAL'!R126 -> 0 | M116: ='RESUMEN TOTAL'!S126 -> 0 | ... AI116: ='RESUMEN TOTAL'!AO126 -> 0
A117: ='RESUMEN TOTAL'!A127 -> DON JOSE | B117: ='RESUMEN TOTAL'!B127 -> DJO 03 (fija 2) | C117: ='RESUMEN TOTAL'!D127 -> DONATO ALVAREZ Y EL APERO | D117: ='RESUMEN TOTAL'!E127 -> Fija | E117: ='RESUMEN TOTAL'!F127 -> PTO A FO | F117: ='RESUMEN TOTAL'!L127 -> 0 | G117: ='RESUMEN TOTAL'!M127 -> 0 | H117: ='RESUMEN TOTAL'!N127 -> 0 | I117: ='RESUMEN TOTAL'!O127 -> 0 | J117: ='RESUMEN TOTAL'!P127 -> 0 | K117: ='RESUMEN TOTAL'!Q127 -> 0 | L117: ='RESUMEN TOTAL'!R127 -> 0 | M117: ='RESUMEN TOTAL'!S127 -> 0 | ... AI117: ='RESUMEN TOTAL'!AO127 -> 0
A118: ='RESUMEN TOTAL'!A128 -> DON JOSE | B118: ='RESUMEN TOTAL'!B128 -> DJO 04 (Fija 1) | C118: ='RESUMEN TOTAL'!D128 -> MONTEVERDE Y EL INDIO | D118: ='RESUMEN TOTAL'!E128 -> Fija | E118: ='RESUMEN TOTAL'!F128 -> PTO A FO | F118: ='RESUMEN TOTAL'!L128 -> APAGADO | G118: ='RESUMEN TOTAL'!M128 -> APAGADO | H118: ='RESUMEN TOTAL'!N128 -> 0 | I118: ='RESUMEN TOTAL'!O128 -> 0 | J118: ='RESUMEN TOTAL'!P128 -> 0 | K118: ='RESUMEN TOTAL'!Q128 -> 0 | L118: ='RESUMEN TOTAL'!R128 -> 0 | M118: ='RESUMEN TOTAL'!S128 -> 0 | ... AI118: ='RESUMEN TOTAL'!AO128 -> 0
... A121: ='RESUMEN TOTAL'!A131 -> DON JOSE | B121: ='RESUMEN TOTAL'!B131 -> DJ 07 | C121: ='RESUMEN TOTAL'!D131 -> Calle 414 y El Indio | D121: ='RESUMEN TOTAL'!E131 -> Fija | E121: ='RESUMEN TOTAL'!F131 -> PTO A FO | F121: ='RESUMEN TOTAL'!L131 -> 0 | G121: ='RESUMEN TOTAL'!M131 -> 0 | H121: ='RESUMEN TOTAL'!N131 -> 0 | I121: ='RESUMEN TOTAL'!O131 -> 0 | J121: ='RESUMEN TOTAL'!P131 -> 0 | K121: ='RESUMEN TOTAL'!Q131 -> 0 | L121: ='RESUMEN TOTAL'!R131 -> 0 | M121: ='RESUMEN TOTAL'!S131 -> 0 | ... AI121: ='RESUMEN TOTAL'!AO131 -> 0
A122: ='RESUMEN TOTAL'!A134 -> EL PARQUE | B122: ='RESUMEN TOTAL'!B134 -> EPQ 01 | C122: ='RESUMEN TOTAL'!D134 -> 1282 Y GRIERSON | D122: ='RESUMEN TOTAL'!E134 -> DOMO | E122: ='RESUMEN TOTAL'!F134 -> Fibra Optica | F122: ='RESUMEN TOTAL'!L134 -> 0 | G122: ='RESUMEN TOTAL'!M134 -> 0 | H122: ='RESUMEN TOTAL'!N134 -> 0 | I122: ='RESUMEN TOTAL'!O134 -> 0 | J122: ='RESUMEN TOTAL'!P134 -> 0 | K122: ='RESUMEN TOTAL'!Q134 -> 0 | L122: ='RESUMEN TOTAL'!R134 -> 0 | M122: ='RESUMEN TOTAL'!S134 -> 0 | ... AI122: ='RESUMEN TOTAL'!AO134 -> 0
A123: ='RESUMEN TOTAL'!A135 -> EL PARQUE | B123: ='RESUMEN TOTAL'!B135 -> EPQ 02 | C123: ='RESUMEN TOTAL'!D135 -> 1282 Y MASSE | D123: ='RESUMEN TOTAL'!E135 -> DOMO | E123: ='RESUMEN TOTAL'!F135 -> Fibra Optica | F123: ='RESUMEN TOTAL'!L135 -> 0 | G123: ='RESUMEN TOTAL'!M135 -> 0 | H123: ='RESUMEN TOTAL'!N135 -> 0 | I123: ='RESUMEN TOTAL'!O135 -> 0 | J123: ='RESUMEN TOTAL'!P135 -> 0 | K123: ='RESUMEN TOTAL'!Q135 -> 0 | L123: ='RESUMEN TOTAL'!R135 -> 0 | M123: ='RESUMEN TOTAL'!S135 -> 0 | ... AI123: ='RESUMEN TOTAL'!AO135 -> 0
A124: ='RESUMEN TOTAL'!A136 -> EL PARQUE | B124: ='RESUMEN TOTAL'!B136 -> EPQ 03 | C124: ='RESUMEN TOTAL'!D136 -> 1282 Y RP 36 | D124: ='RESUMEN TOTAL'!E136 -> Domo | E124: ='RESUMEN TOTAL'!F136 -> Fibra Optica | F124: ='RESUMEN TOTAL'!L136 -> 0 | G124: ='RESUMEN TOTAL'!M136 -> 0 | H124: ='RESUMEN TOTAL'!N136 -> 0 | I124: ='RESUMEN TOTAL'!O136 -> 0 | J124: ='RESUMEN TOTAL'!P136 -> 0 | K124: ='RESUMEN TOTAL'!Q136 -> 0 | L124: ='RESUMEN TOTAL'!R136 -> 0 | M124: ='RESUMEN TOTAL'!S136 -> 0 | ... AI124: ='RESUMEN TOTAL'!AO136 -> 0
A125: ='RESUMEN TOTAL'!A137 -> EL PARQUE | B125: ='RESUMEN TOTAL'!B137 -> EPQ 04 | C125: ='RESUMEN TOTAL'!D137 -> 1282 Y MORENO | D125: ='RESUMEN TOTAL'!E137 -> DOMO | E125: ='RESUMEN TOTAL'!F137 -> Fibra Optica | F125: ='RESUMEN TOTAL'!L137 -> 0 | G125: ='RESUMEN TOTAL'!M137 -> 0 | H125: ='RESUMEN TOTAL'!N137 -> 0 | I125: ='RESUMEN TOTAL'!O137 -> 0 | J125: ='RESUMEN TOTAL'!P137 -> 0 | K125: ='RESUMEN TOTAL'!Q137 -> 0 | L125: ='RESUMEN TOTAL'!R137 -> 0 | M125: ='RESUMEN TOTAL'!S137 -> 0 | ... AI125: ='RESUMEN TOTAL'!AO137 -> 0
A126: ='RESUMEN TOTAL'!A138 -> LA ESMERALDA | B126: ='RESUMEN TOTAL'!B138 -> ESM01 | C126: ='RESUMEN TOTAL'!D138 -> Cabello y Brasil | D126: ='RESUMEN TOTAL'!E138 -> Domo | E126: ='RESUMEN TOTAL'!F138 -> Radio | F126: ='RESUMEN TOTAL'!L138 -> 0 | G126: ='RESUMEN TOTAL'!M138 -> 0 | H126: ='RESUMEN TOTAL'!N138 -> 0 | I126: ='RESUMEN TOTAL'!O138 -> 0 | J126: ='RESUMEN TOTAL'!P138 -> 0 | K126: ='RESUMEN TOTAL'!Q138 -> 0 | L126: ='RESUMEN TOTAL'!R138 -> 0 | M126: ='RESUMEN TOTAL'!S138 -> 0 | ... AI126: ='RESUMEN TOTAL'!AO138 -> 0
A127: ='RESUMEN TOTAL'!A139 -> SAN JORGE | B127: ='RESUMEN TOTAL'!B139 -> ESM02 | C127: ='RESUMEN TOTAL'!D139 -> Novak y Cabello | D127: ='RESUMEN TOTAL'!E139 -> Domo | E127: ='RESUMEN TOTAL'!F139 -> PTO A FO | F127: ='RESUMEN TOTAL'!L139 -> APAGADO | G127: ='RESUMEN TOTAL'!M139 -> 0 | H127: ='RESUMEN TOTAL'!N139 -> 0 | I127: ='RESUMEN TOTAL'!O139 -> 0 | J127: ='RESUMEN TOTAL'!P139 -> 0 | K127: ='RESUMEN TOTAL'!Q139 -> 0 | L127: ='RESUMEN TOTAL'!R139 -> 0 | M127: ='RESUMEN TOTAL'!S139 -> 0 | ... AI127: ='RESUMEN TOTAL'!AO139 -> 0
A128: ='RESUMEN TOTAL'!A140 -> SAN JORGE | B128: ='RESUMEN TOTAL'!B140 -> ESM03 | C128: ='RESUMEN TOTAL'!D140 -> Novak y Humahuaca | D128: ='RESUMEN TOTAL'!E140 -> DOMO | E128: ='RESUMEN TOTAL'!F140 -> PTO A FO | F128: ='RESUMEN TOTAL'!L140 -> APAGADO | G128: ='RESUMEN TOTAL'!M140 -> 0 | H128: ='RESUMEN TOTAL'!N140 -> 0 | I128: ='RESUMEN TOTAL'!O140 -> 0 | J128: ='RESUMEN TOTAL'!P140 -> 0 | K128: ='RESUMEN TOTAL'!Q140 -> 0 | L128: ='RESUMEN TOTAL'!R140 -> 0 | M128: ='RESUMEN TOTAL'!S140 -> 0 | ... AI128: ='RESUMEN TOTAL'!AO140 -> 0
A129: ='RESUMEN TOTAL'!A141 -> LA ESMERALDA | B129: ='RESUMEN TOTAL'!B141 -> ESM04 | C129: ='RESUMEN TOTAL'!D141 -> Basualdo y Bengochea | D129: ='RESUMEN TOTAL'!E141 -> Domo | E129: ='RESUMEN TOTAL'!F141 -> Fibra Optica | F129: ='RESUMEN TOTAL'!L141 -> 0 | G129: ='RESUMEN TOTAL'!M141 -> 0 | H129: ='RESUMEN TOTAL'!N141 -> 0 | I129: ='RESUMEN TOTAL'!O141 -> 0 | J129: ='RESUMEN TOTAL'!P141 -> 0 | K129: ='RESUMEN TOTAL'!Q141 -> 0 | L129: ='RESUMEN TOTAL'!R141 -> 0 | M129: ='RESUMEN TOTAL'!S141 -> 0 | ... AI129: ='RESUMEN TOTAL'!AO141 -> 0
A130: ='RESUMEN TOTAL'!A142 -> LA ESMERALDA | B130: ='RESUMEN TOTAL'!B142 -> ESM05 | C130: ='RESUMEN TOTAL'!D142 -> Aniceto Diaz y Villar | D130: ='RESUMEN TOTAL'!E142 -> Domo | E130: ='RESUMEN TOTAL'!F142 -> Fibra Optica | F130: ='RESUMEN TOTAL'!L142 -> 0 | G130: ='RESUMEN TOTAL'!M142 -> 0 | H130: ='RESUMEN TOTAL'!N142 -> 0 | I130: ='RESUMEN TOTAL'!O142 -> 0 | J130: ='RESUMEN TOTAL'!P142 -> 0 | K130: ='RESUMEN TOTAL'!Q142 -> 0 | L130: ='RESUMEN TOTAL'!R142 -> 0 | M130: ='RESUMEN TOTAL'!S142 -> 0 | ... AI130: ='RESUMEN TOTAL'!AO142 -> 0
A131: ='RESUMEN TOTAL'!A143 -> LA ESMERALDA | B131: ='RESUMEN TOTAL'!B143 -> ESM06 | C131: ='RESUMEN TOTAL'!D143 -> Roselli y Cabello | D131: ='RESUMEN TOTAL'!E143 -> Domo | E131: ='RESUMEN TOTAL'!F143 -> Radio | F131: ='RESUMEN TOTAL'!L143 -> 0 | G131: ='RESUMEN TOTAL'!M143 -> 0 | H131: ='RESUMEN TOTAL'!N143 -> 0 | I131: ='RESUMEN TOTAL'!O143 -> 0 | J131: ='RESUMEN TOTAL'!P143 -> 0 | K131: ='RESUMEN TOTAL'!Q143 -> 0 | L131: ='RESUMEN TOTAL'!R143 -> 0 | M131: ='RESUMEN TOTAL'!S143 -> 0 | ... AI131: ='RESUMEN TOTAL'!AO143 -> 0
A132: ='RESUMEN TOTAL'!A144 -> LA ESMERALDA | B132: ='RESUMEN TOTAL'!B144 -> ESM07 | C132: ='RESUMEN TOTAL'!D144 -> AV. NOVAK Y SERRANO | D132: ='RESUMEN TOTAL'!E144 -> DOMO | E132: ='RESUMEN TOTAL'!F144 -> PTO A FO | F132: ='RESUMEN TOTAL'!L144 -> APAGADO | G132: ='RESUMEN TOTAL'!M144 -> 0 | H132: ='RESUMEN TOTAL'!N144 -> 0 | I132: ='RESUMEN TOTAL'!O144 -> 0 | J132: ='RESUMEN TOTAL'!P144 -> 0 | K132: ='RESUMEN TOTAL'!Q144 -> 0 | L132: ='RESUMEN TOTAL'!R144 -> 0 | M132: ='RESUMEN TOTAL'!S144 -> 0 | ... AI132: ='RESUMEN TOTAL'!AO144 -> 0
A133: ='RESUMEN TOTAL'!A145 -> LA ESMERALDA | B133: ='RESUMEN TOTAL'!B145 -> ESM 08 | C133: ='RESUMEN TOTAL'!D145 -> DAVINSON Y MORANCHEL | D133: ='RESUMEN TOTAL'!E145 -> FIJA | E133: ='RESUMEN TOTAL'!F145 -> Radio | F133: ='RESUMEN TOTAL'!L145 -> 0 | G133: ='RESUMEN TOTAL'!M145 -> 0 | H133: ='RESUMEN TOTAL'!N145 -> 0 | I133: ='RESUMEN TOTAL'!O145 -> 0 | J133: ='RESUMEN TOTAL'!P145 -> 0 | K133: ='RESUMEN TOTAL'!Q145 -> 0 | L133: ='RESUMEN TOTAL'!R145 -> 0 | M133: ='RESUMEN TOTAL'!S145 -> 0 | ... AI133: ='RESUMEN TOTAL'!AO145 -> 0
... A171: ='RESUMEN TOTAL'!A183 -> LA PILETA | B171: ='RESUMEN TOTAL'!B183 -> LPI04 (fija 1) | C171: ='RESUMEN TOTAL'!D183 -> MAIPU Y POSADAS | D171: ='RESUMEN TOTAL'!E183 -> FIJA | E171: ='RESUMEN TOTAL'!F183 -> Fibra Optica | F171: ='RESUMEN TOTAL'!L183 -> 0 | G171: ='RESUMEN TOTAL'!M183 -> 0 | H171: ='RESUMEN TOTAL'!N183 -> 0 | I171: ='RESUMEN TOTAL'!O183 -> 0 | J171: ='RESUMEN TOTAL'!P183 -> 0 | K171: ='RESUMEN TOTAL'!Q183 -> 0 | L171: ='RESUMEN TOTAL'!R183 -> 0 | M171: ='RESUMEN TOTAL'!S183 -> 0 | ... AI171: ='RESUMEN TOTAL'!AO183 -> 0
A172: ='RESUMEN TOTAL'!A186 -> LOS PILARES | B172: ='RESUMEN TOTAL'!B186 -> LPR 01 | C172: ='RESUMEN TOTAL'!D186 -> EVA PERON E/ CACHEUTA Y 1406 | D172: ='RESUMEN TOTAL'!E186 -> DOMO | E172: ='RESUMEN TOTAL'!F186 -> Fibra Optica | F172: ='RESUMEN TOTAL'!L186 -> 0 | G172: ='RESUMEN TOTAL'!M186 -> 0 | H172: ='RESUMEN TOTAL'!N186 -> 0 | I172: ='RESUMEN TOTAL'!O186 -> 0 | J172: ='RESUMEN TOTAL'!P186 -> 0 | K172: ='RESUMEN TOTAL'!Q186 -> 0 | L172: ='RESUMEN TOTAL'!R186 -> 0 | M172: ='RESUMEN TOTAL'!S186 -> 0 | ... AI172: ='RESUMEN TOTAL'!AO186 -> 0
A173: ='RESUMEN TOTAL'!A187 -> LOS PILARES | B173: ='RESUMEN TOTAL'!B187 -> LPR02 (fija 1) | C173: ='RESUMEN TOTAL'!D187 -> EVA PERON Y CACHEUTA | D173: ='RESUMEN TOTAL'!E187 -> Fija | E173: ='RESUMEN TOTAL'!F187 -> Fibra Optica | F173: ='RESUMEN TOTAL'!L187 -> 0 | G173: ='RESUMEN TOTAL'!M187 -> 0 | H173: ='RESUMEN TOTAL'!N187 -> 0 | I173: ='RESUMEN TOTAL'!O187 -> 0 | J173: ='RESUMEN TOTAL'!P187 -> 0 | K173: ='RESUMEN TOTAL'!Q187 -> 0 | L173: ='RESUMEN TOTAL'!R187 -> 0 | M173: ='RESUMEN TOTAL'!S187 -> 0 | ... AI173: ='RESUMEN TOTAL'!AO187 -> 0
A174: ='RESUMEN TOTAL'!A188 -> LOS PILARES | B174: ='RESUMEN TOTAL'!B188 -> LPR03 (fija 2) | C174: ='RESUMEN TOTAL'!D188 -> EVA PERON Y CACHEUTA | D174: ='RESUMEN TOTAL'!E188 -> Fija | E174: ='RESUMEN TOTAL'!F188 -> Fibra Optica | F174: ='RESUMEN TOTAL'!L188 -> 0 | G174: ='RESUMEN TOTAL'!M188 -> 0 | H174: ='RESUMEN TOTAL'!N188 -> 0 | I174: ='RESUMEN TOTAL'!O188 -> 0 | J174: ='RESUMEN TOTAL'!P188 -> 0 | K174: ='RESUMEN TOTAL'!Q188 -> 0 | L174: ='RESUMEN TOTAL'!R188 -> 0 | M174: ='RESUMEN TOTAL'!S188 -> 0 | ... AI174: ='RESUMEN TOTAL'!AO188 -> 0
A175: ='RESUMEN TOTAL'!A189 -> LOPEZ ROMERO | B175: ='RESUMEN TOTAL'!B189 -> LRO 05 | C175: ='RESUMEN TOTAL'!D189 -> Calchaqui y Las Americas | D175: ='RESUMEN TOTAL'!E189 -> Fija | E175: ='RESUMEN TOTAL'!F189 -> Fibra Optica | F175: ='RESUMEN TOTAL'!L189 -> 0 | G175: ='RESUMEN TOTAL'!M189 -> 0 | H175: ='RESUMEN TOTAL'!N189 -> 0 | I175: ='RESUMEN TOTAL'!O189 -> 0 | J175: ='RESUMEN TOTAL'!P189 -> 0 | K175: ='RESUMEN TOTAL'!Q189 -> 0 | L175: ='RESUMEN TOTAL'!R189 -> 0 | M175: ='RESUMEN TOTAL'!S189 -> 0 | ... AI175: ='RESUMEN TOTAL'!AO189 -> 0
A176: ='RESUMEN TOTAL'!A190 -> LOPEZ ROMERO | B176: ='RESUMEN TOTAL'!B190 -> LRO 09 | C176: ='RESUMEN TOTAL'!D190 -> Las Americas y Braile | D176: ='RESUMEN TOTAL'!E190 -> Domo | E176: ='RESUMEN TOTAL'!F190 -> Fibra Optica | F176: ='RESUMEN TOTAL'!L190 -> 0 | G176: ='RESUMEN TOTAL'!M190 -> 0 | H176: ='RESUMEN TOTAL'!N190 -> 0 | I176: ='RESUMEN TOTAL'!O190 -> 0 | J176: ='RESUMEN TOTAL'!P190 -> 0 | K176: ='RESUMEN TOTAL'!Q190 -> 0 | L176: ='RESUMEN TOTAL'!R190 -> 0 | M176: ='RESUMEN TOTAL'!S190 -> 0 | ... AI176: ='RESUMEN TOTAL'!AO190 -> 0
A177: ='RESUMEN TOTAL'!A191 -> LOPEZ ROMERO | B177: ='RESUMEN TOTAL'!B191 -> LRO 10 | C177: ='RESUMEN TOTAL'!D191 -> Con. Gral. Belgrano y Balcarce | D177: ='RESUMEN TOTAL'!E191 -> Domo | E177: ='RESUMEN TOTAL'!F191 -> Fibra Optica | F177: ='RESUMEN TOTAL'!L191 -> 0 | G177: ='RESUMEN TOTAL'!M191 -> 0 | H177: ='RESUMEN TOTAL'!N191 -> 0 | I177: ='RESUMEN TOTAL'!O191 -> 0 | J177: ='RESUMEN TOTAL'!P191 -> 0 | K177: ='RESUMEN TOTAL'!Q191 -> 0 | L177: ='RESUMEN TOTAL'!R191 -> 0 | M177: ='RESUMEN TOTAL'!S191 -> 0 | ... AI177: ='RESUMEN TOTAL'!AO191 -> 0
A178: ='RESUMEN TOTAL'!A192 -> LOPEZ ROMERO | B178: ='RESUMEN TOTAL'!B192 -> LRO 12 (fija 1) | C178: ='RESUMEN TOTAL'!D192 -> LAS AMERICAS E/ BRAILLE Y ALVARADO | D178: ='RESUMEN TOTAL'!E192 -> Fija | E178: ='RESUMEN TOTAL'!F192 -> Fibra Optica | F178: ='RESUMEN TOTAL'!L192 -> 0 | G178: ='RESUMEN TOTAL'!M192 -> 0 | H178: ='RESUMEN TOTAL'!N192 -> 0 | I178: ='RESUMEN TOTAL'!O192 -> 0 | J178: ='RESUMEN TOTAL'!P192 -> 0 | K178: ='RESUMEN TOTAL'!Q192 -> 0 | L178: ='RESUMEN TOTAL'!R192 -> 0 | M178: ='RESUMEN TOTAL'!S192 -> 0 | ... AI178: ='RESUMEN TOTAL'!AO192 -> 0
A179: ='RESUMEN TOTAL'!A193 -> LOPEZ ROMERO | B179: ='RESUMEN TOTAL'!B193 -> LRO 13 (fija 2) | C179: ='RESUMEN TOTAL'!D193 -> LAS AMERICAS E/ BRAILLE Y ALVARADO | D179: ='RESUMEN TOTAL'!E193 -> Fija | E179: ='RESUMEN TOTAL'!F193 -> Fibra Optica | F179: ='RESUMEN TOTAL'!L193 -> 0 | G179: ='RESUMEN TOTAL'!M193 -> 0 | H179: ='RESUMEN TOTAL'!N193 -> 0 | I179: ='RESUMEN TOTAL'!O193 -> 0 | J179: ='RESUMEN TOTAL'!P193 -> 0 | K179: ='RESUMEN TOTAL'!Q193 -> 0 | L179: ='RESUMEN TOTAL'!R193 -> 0 | M179: ='RESUMEN TOTAL'!S193 -> 0 | ... AI179: ='RESUMEN TOTAL'!AO193 -> 0
A180: ='RESUMEN TOTAL'!A194 -> LOPEZ ROMERO | B180: ='RESUMEN TOTAL'!B194 -> LRO01 | C180: ='RESUMEN TOTAL'!D194 -> H. IRIGOYEN Y BRAILE | D180: ='RESUMEN TOTAL'!E194 -> FIJA | E180: ='RESUMEN TOTAL'!F194 -> Fibra Optica | F180: ='RESUMEN TOTAL'!L194 -> 0 | G180: ='RESUMEN TOTAL'!M194 -> 0 | H180: ='RESUMEN TOTAL'!N194 -> 0 | I180: ='RESUMEN TOTAL'!O194 -> 0 | J180: ='RESUMEN TOTAL'!P194 -> 0 | K180: ='RESUMEN TOTAL'!Q194 -> 0 | L180: ='RESUMEN TOTAL'!R194 -> 0 | M180: ='RESUMEN TOTAL'!S194 -> 0 | ... AI180: ='RESUMEN TOTAL'!AO194 -> 0
A181: ='RESUMEN TOTAL'!A195 -> PRESIDENTE SARMIENTO | B181: ='RESUMEN TOTAL'!B195 -> LRO02 | C181: ='RESUMEN TOTAL'!D195 -> H. Irigoyen e Islas Orcadas | D181: ='RESUMEN TOTAL'!E195 -> Domo | E181: ='RESUMEN TOTAL'!F195 -> Fibra Optica | F181: ='RESUMEN TOTAL'!L195 -> 0 | G181: ='RESUMEN TOTAL'!M195 -> 0 | H181: ='RESUMEN TOTAL'!N195 -> 0 | I181: ='RESUMEN TOTAL'!O195 -> 0 | J181: ='RESUMEN TOTAL'!P195 -> 0 | K181: ='RESUMEN TOTAL'!Q195 -> 0 | L181: ='RESUMEN TOTAL'!R195 -> 0 | M181: ='RESUMEN TOTAL'!S195 -> 0 | ... AI181: ='RESUMEN TOTAL'!AO195 -> 0
A182: ='RESUMEN TOTAL'!A196 -> LOPEZ ROMERO | B182: ='RESUMEN TOTAL'!B196 -> LRO03 | C182: ='RESUMEN TOTAL'!D196 -> H. Irigoyen y Parravicini | D182: ='RESUMEN TOTAL'!E196 -> Fija | E182: ='RESUMEN TOTAL'!F196 -> Fibra Optica | F182: ='RESUMEN TOTAL'!L196 -> 0 | G182: ='RESUMEN TOTAL'!M196 -> 0 | H182: ='RESUMEN TOTAL'!N196 -> 0 | I182: ='RESUMEN TOTAL'!O196 -> 0 | J182: ='RESUMEN TOTAL'!P196 -> 0 | K182: ='RESUMEN TOTAL'!Q196 -> 0 | L182: ='RESUMEN TOTAL'!R196 -> 0 | M182: ='RESUMEN TOTAL'!S196 -> 0 | ... AI182: ='RESUMEN TOTAL'!AO196 -> 0
A183: ='RESUMEN TOTAL'!A197 -> LOPEZ ROMERO | B183: ='RESUMEN TOTAL'!B197 -> LRO04 | C183: ='RESUMEN TOTAL'!D197 -> H. Irigoyen y Alvarado | D183: ='RESUMEN TOTAL'!E197 -> FIJA | E183: ='RESUMEN TOTAL'!F197 -> Fibra Optica | F183: ='RESUMEN TOTAL'!L197 -> 0 | G183: ='RESUMEN TOTAL'!M197 -> 0 | H183: ='RESUMEN TOTAL'!N197 -> 0 | I183: ='RESUMEN TOTAL'!O197 -> 0 | J183: ='RESUMEN TOTAL'!P197 -> 0 | K183: ='RESUMEN TOTAL'!Q197 -> 0 | L183: ='RESUMEN TOTAL'!R197 -> 0 | M183: ='RESUMEN TOTAL'!S197 -> 0 | ... AI183: ='RESUMEN TOTAL'!AO197 -> 0
... A200: ='RESUMEN TOTAL'!A214 -> 0 | B200: ='RESUMEN TOTAL'!B214 -> MCUD 01 | C200: ='RESUMEN TOTAL'!D214 -> TINOGASTA Y SAN LORENZO | D200: ='RESUMEN TOTAL'!E214 -> Domo | E200: ='RESUMEN TOTAL'!F214 -> Fibra Optica | F200: ='RESUMEN TOTAL'!L214 -> APAGADO | G200: ='RESUMEN TOTAL'!M214 -> 0 | H200: ='RESUMEN TOTAL'!N214 -> 0 | I200: ='RESUMEN TOTAL'!O214 -> 0 | J200: ='RESUMEN TOTAL'!P214 -> 0 | K200: ='RESUMEN TOTAL'!Q214 -> 0 | L200: ='RESUMEN TOTAL'!R214 -> 0 | M200: ='RESUMEN TOTAL'!S214 -> 0 | ... AI200: ='RESUMEN TOTAL'!AO214 -> 0
A201: ='RESUMEN TOTAL'!A216 -> MARTIN FIERRO | B201: ='RESUMEN TOTAL'!B216 -> MFI 01 | C201: ='RESUMEN TOTAL'!D216 -> Belgrano y Sgto. Cabral | D201: ='RESUMEN TOTAL'!E216 -> Fija | E201: ='RESUMEN TOTAL'!F216 -> Fibra Optica | F201: ='RESUMEN TOTAL'!L216 -> 0 | G201: ='RESUMEN TOTAL'!M216 -> 0 | H201: ='RESUMEN TOTAL'!N216 -> 0 | I201: ='RESUMEN TOTAL'!O216 -> 0 | J201: ='RESUMEN TOTAL'!P216 -> 0 | K201: ='RESUMEN TOTAL'!Q216 -> 0 | L201: ='RESUMEN TOTAL'!R216 -> 0 | M201: ='RESUMEN TOTAL'!S216 -> 0 | ... AI201: ='RESUMEN TOTAL'!AO216 -> 0
A202: ='RESUMEN TOTAL'!A217 -> LOPEZ ROMERO | B202: ='RESUMEN TOTAL'!B217 -> MFI02 | C202: ='RESUMEN TOTAL'!D217 -> Calchaqui y Balcarce | D202: ='RESUMEN TOTAL'!E217 -> Fija | E202: ='RESUMEN TOTAL'!F217 -> Fibra Optica | F202: ='RESUMEN TOTAL'!L217 -> 0 | G202: ='RESUMEN TOTAL'!M217 -> 0 | H202: ='RESUMEN TOTAL'!N217 -> 0 | I202: ='RESUMEN TOTAL'!O217 -> 0 | J202: ='RESUMEN TOTAL'!P217 -> 0 | K202: ='RESUMEN TOTAL'!Q217 -> 0 | L202: ='RESUMEN TOTAL'!R217 -> 0 | M202: ='RESUMEN TOTAL'!S217 -> 0 | ... AI202: ='RESUMEN TOTAL'!AO217 -> 0
A203: ='RESUMEN TOTAL'!A218 -> SAN EMILIO | B203: ='RESUMEN TOTAL'!B218 -> MFI 03 | C203: ='RESUMEN TOTAL'!D218 -> Cno. Gral. Belgrano y Av. del Trabajo | D203: ='RESUMEN TOTAL'!E218 -> Domo | E203: ='RESUMEN TOTAL'!F218 -> Fibra Optica | F203: ='RESUMEN TOTAL'!L218 -> 0 | G203: ='RESUMEN TOTAL'!M218 -> 0 | H203: ='RESUMEN TOTAL'!N218 -> 0 | I203: ='RESUMEN TOTAL'!O218 -> 0 | J203: ='RESUMEN TOTAL'!P218 -> 0 | K203: ='RESUMEN TOTAL'!Q218 -> 0 | L203: ='RESUMEN TOTAL'!R218 -> 0 | M203: ='RESUMEN TOTAL'!S218 -> 0 | ... AI203: ='RESUMEN TOTAL'!AO218 -> 0
A204: ='RESUMEN TOTAL'!A219 -> MARTIN FIERRO | B204: ='RESUMEN TOTAL'!B219 -> MFI04 | C204: ='RESUMEN TOTAL'!D219 -> Calchaqui y balcarce | D204: ='RESUMEN TOTAL'!E219 -> Domo | E204: ='RESUMEN TOTAL'!F219 -> Fibra Optica | F204: ='RESUMEN TOTAL'!L219 -> 0 | G204: ='RESUMEN TOTAL'!M219 -> 0 | H204: ='RESUMEN TOTAL'!N219 -> 0 | I204: ='RESUMEN TOTAL'!O219 -> 0 | J204: ='RESUMEN TOTAL'!P219 -> 0 | K204: ='RESUMEN TOTAL'!Q219 -> 0 | L204: ='RESUMEN TOTAL'!R219 -> 0 | M204: ='RESUMEN TOTAL'!S219 -> 0 | ... AI204: ='RESUMEN TOTAL'!AO219 -> 0
A205: ='RESUMEN TOTAL'!A220 -> SAN EMILIO | B205: ='RESUMEN TOTAL'!B220 -> MFI 05 | C205: ='RESUMEN TOTAL'!D220 -> Cno. Gral. Belgrano y Guayaquil | D205: ='RESUMEN TOTAL'!E220 -> Domo | E205: ='RESUMEN TOTAL'!F220 -> Fibra Optica | F205: ='RESUMEN TOTAL'!L220 -> 0 | G205: ='RESUMEN TOTAL'!M220 -> 0 | H205: ='RESUMEN TOTAL'!N220 -> 0 | I205: ='RESUMEN TOTAL'!O220 -> 0 | J205: ='RESUMEN TOTAL'!P220 -> 0 | K205: ='RESUMEN TOTAL'!Q220 -> 0 | L205: ='RESUMEN TOTAL'!R220 -> 0 | M205: ='RESUMEN TOTAL'!S220 -> 0 | ... AI205: ='RESUMEN TOTAL'!AO220 -> 0
A206: ='RESUMEN TOTAL'!A221 -> SAN EMILIO | B206: ='RESUMEN TOTAL'!B221 -> MFI06 | C206: ='RESUMEN TOTAL'!D221 -> Con. Gral. Belgrano y Bombero Galarza | D206: ='RESUMEN TOTAL'!E221 -> DOMO | E206: ='RESUMEN TOTAL'!F221 -> Radio | F206: ='RESUMEN TOTAL'!L221 -> 0 | G206: ='RESUMEN TOTAL'!M221 -> 0 | H206: ='RESUMEN TOTAL'!N221 -> 0 | I206: ='RESUMEN TOTAL'!O221 -> 0 | J206: ='RESUMEN TOTAL'!P221 -> 0 | K206: ='RESUMEN TOTAL'!Q221 -> 0 | L206: ='RESUMEN TOTAL'!R221 -> 0 | M206: ='RESUMEN TOTAL'!S221 -> 0 | ... AI206: ='RESUMEN TOTAL'!AO221 -> 0
A207: ='RESUMEN TOTAL'!A222 -> MARTIN FIERRO | B207: ='RESUMEN TOTAL'!B222 -> MFI 07 | C207: ='RESUMEN TOTAL'!D222 -> Sargento Cabral y Carlos Gardel | D207: ='RESUMEN TOTAL'!E222 -> Domo | E207: ='RESUMEN TOTAL'!F222 -> PTO A FO | F207: ='RESUMEN TOTAL'!L222 -> 0 | G207: ='RESUMEN TOTAL'!M222 -> 0 | H207: ='RESUMEN TOTAL'!N222 -> 0 | I207: ='RESUMEN TOTAL'!O222 -> 0 | J207: ='RESUMEN TOTAL'!P222 -> 0 | K207: ='RESUMEN TOTAL'!Q222 -> 0 | L207: ='RESUMEN TOTAL'!R222 -> 0 | M207: ='RESUMEN TOTAL'!S222 -> 0 | ... AI207: ='RESUMEN TOTAL'!AO222 -> 0
A208: ='RESUMEN TOTAL'!A223 -> MARTIN FIERRO | B208: ='RESUMEN TOTAL'!B223 -> MFI 08 | C208: ='RESUMEN TOTAL'!D223 -> Braile y Batalla de Callao | D208: ='RESUMEN TOTAL'!E223 -> Domo | E208: ='RESUMEN TOTAL'!F223 -> PTO A FO | F208: ='RESUMEN TOTAL'!L223 -> 0 | G208: ='RESUMEN TOTAL'!M223 -> 0 | H208: ='RESUMEN TOTAL'!N223 -> 0 | I208: ='RESUMEN TOTAL'!O223 -> 0 | J208: ='RESUMEN TOTAL'!P223 -> 0 | K208: ='RESUMEN TOTAL'!Q223 -> 0 | L208: ='RESUMEN TOTAL'!R223 -> 0 | M208: ='RESUMEN TOTAL'!S223 -> 0 | ... AI208: ='RESUMEN TOTAL'!AO223 -> 0
A209: ='RESUMEN TOTAL'!A224 -> GOBERNADOR MONTEVERDE | B209: ='RESUMEN TOTAL'!B224 -> MON01 | C209: ='RESUMEN TOTAL'!D224 -> San Martin y Patricias Argentinas | D209: ='RESUMEN TOTAL'!E224 -> Fija | E209: ='RESUMEN TOTAL'!F224 -> Fibra Optica | F209: ='RESUMEN TOTAL'!L224 -> 0 | G209: ='RESUMEN TOTAL'!M224 -> 0 | H209: ='RESUMEN TOTAL'!N224 -> 0 | I209: ='RESUMEN TOTAL'!O224 -> 0 | J209: ='RESUMEN TOTAL'!P224 -> 0 | K209: ='RESUMEN TOTAL'!Q224 -> 0 | L209: ='RESUMEN TOTAL'!R224 -> 0 | M209: ='RESUMEN TOTAL'!S224 -> 0 | ... AI209: ='RESUMEN TOTAL'!AO224 -> 0
A210: ='RESUMEN TOTAL'!A225 -> GOBERNADOR MONTEVERDE | B210: ='RESUMEN TOTAL'!B225 -> MON02 | C210: ='RESUMEN TOTAL'!D225 -> Senzabello y Famatina | D210: ='RESUMEN TOTAL'!E225 -> Domo | E210: ='RESUMEN TOTAL'!F225 -> Radio | F210: ='RESUMEN TOTAL'!L225 -> 0 | G210: ='RESUMEN TOTAL'!M225 -> 0 | H210: ='RESUMEN TOTAL'!N225 -> 0 | I210: ='RESUMEN TOTAL'!O225 -> 0 | J210: ='RESUMEN TOTAL'!P225 -> 0 | K210: ='RESUMEN TOTAL'!Q225 -> 0 | L210: ='RESUMEN TOTAL'!R225 -> 0 | M210: ='RESUMEN TOTAL'!S225 -> 0 | ... AI210: ='RESUMEN TOTAL'!AO225 -> 0
A211: ='RESUMEN TOTAL'!A226 -> GOBERNADOR MONTEVERDE | B211: ='RESUMEN TOTAL'!B226 -> MON03 | C211: ='RESUMEN TOTAL'!D226 -> Senzabello y Guemes | D211: ='RESUMEN TOTAL'!E226 -> Domo | E211: ='RESUMEN TOTAL'!F226 -> Radio | F211: ='RESUMEN TOTAL'!L226 -> APAGADO | G211: ='RESUMEN TOTAL'!M226 -> 0 | H211: ='RESUMEN TOTAL'!N226 -> 0 | I211: ='RESUMEN TOTAL'!O226 -> 0 | J211: ='RESUMEN TOTAL'!P226 -> 0 | K211: ='RESUMEN TOTAL'!Q226 -> 0 | L211: ='RESUMEN TOTAL'!R226 -> 0 | M211: ='RESUMEN TOTAL'!S226 -> 0 | ... AI211: ='RESUMEN TOTAL'!AO226 -> 0
A212: ='RESUMEN TOTAL'!A227 -> GOBERNADOR MONTEVERDE | B212: ='RESUMEN TOTAL'!B227 -> MON04 | C212: ='RESUMEN TOTAL'!D227 -> Av. Yrigoyen y San Lorenzo | D212: ='RESUMEN TOTAL'!E227 -> Domo | E212: ='RESUMEN TOTAL'!F227 -> Radio | F212: ='RESUMEN TOTAL'!L227 -> 0 | G212: ='RESUMEN TOTAL'!M227 -> 0 | H212: ='RESUMEN TOTAL'!N227 -> 0 | I212: ='RESUMEN TOTAL'!O227 -> 0 | J212: ='RESUMEN TOTAL'!P227 -> 0 | K212: ='RESUMEN TOTAL'!Q227 -> 0 | L212: ='RESUMEN TOTAL'!R227 -> 0 | M212: ='RESUMEN TOTAL'!S227 -> 0 | ... AI212: ='RESUMEN TOTAL'!AO227 -> 0
... A221: ='RESUMEN TOTAL'!A236 -> 9 DE JULIO | B221: ='RESUMEN TOTAL'!B236 -> NJU09 | C221: ='RESUMEN TOTAL'!D236 -> PARRILLO Y CONTRERAS | D221: ='RESUMEN TOTAL'!E236 -> DOMO | E221: ='RESUMEN TOTAL'!F236 -> Fibra Optica | F221: ='RESUMEN TOTAL'!L236 -> 0 | G221: ='RESUMEN TOTAL'!M236 -> 0 | H221: ='RESUMEN TOTAL'!N236 -> 0 | I221: ='RESUMEN TOTAL'!O236 -> 0 | J221: ='RESUMEN TOTAL'!P236 -> 0 | K221: ='RESUMEN TOTAL'!Q236 -> 0 | L221: ='RESUMEN TOTAL'!R236 -> 0 | M221: ='RESUMEN TOTAL'!S236 -> 0 | ... AI221: ='RESUMEN TOTAL'!AO236 -> 0
A222: ='RESUMEN TOTAL'!A238 -> PICO DE ORO | B222: ='RESUMEN TOTAL'!B238 -> PCO 01 | C222: ='RESUMEN TOTAL'!D238 -> CEMENTERIO | D222: ='RESUMEN TOTAL'!E238 -> DOMO | E222: ='RESUMEN TOTAL'!F238 -> Fibra Optica | F222: ='RESUMEN TOTAL'!L238 -> 0 | G222: ='RESUMEN TOTAL'!M238 -> 0 | H222: ='RESUMEN TOTAL'!N238 -> 0 | I222: ='RESUMEN TOTAL'!O238 -> 0 | J222: ='RESUMEN TOTAL'!P238 -> 0 | K222: ='RESUMEN TOTAL'!Q238 -> 0 | L222: ='RESUMEN TOTAL'!R238 -> 0 | M222: ='RESUMEN TOTAL'!S238 -> 0 | ... AI222: ='RESUMEN TOTAL'!AO238 -> 0
A223: ='RESUMEN TOTAL'!A239 -> PICO DE ORO | B223: ='RESUMEN TOTAL'!B239 -> PCO02 (fija 1) | C223: ='RESUMEN TOTAL'!D239 -> SICILIA E/ VIENA Y VARSOVIA | D223: ='RESUMEN TOTAL'!E239 -> Fija | E223: ='RESUMEN TOTAL'!F239 -> Fibra Optica | F223: ='RESUMEN TOTAL'!L239 -> 0 | G223: ='RESUMEN TOTAL'!M239 -> 0 | H223: ='RESUMEN TOTAL'!N239 -> 0 | I223: ='RESUMEN TOTAL'!O239 -> 0 | J223: ='RESUMEN TOTAL'!P239 -> 0 | K223: ='RESUMEN TOTAL'!Q239 -> 0 | L223: ='RESUMEN TOTAL'!R239 -> 0 | M223: ='RESUMEN TOTAL'!S239 -> 0 | ... AI223: ='RESUMEN TOTAL'!AO239 -> 0
A224: ='RESUMEN TOTAL'!A240 -> PICO DE ORO | B224: ='RESUMEN TOTAL'!B240 -> PCO03 (fija 2) | C224: ='RESUMEN TOTAL'!D240 -> SICILIA E/ VIENA Y VARSOVIA | D224: ='RESUMEN TOTAL'!E240 -> Fija | E224: ='RESUMEN TOTAL'!F240 -> Fibra Optica | F224: ='RESUMEN TOTAL'!L240 -> 0 | G224: ='RESUMEN TOTAL'!M240 -> 0 | H224: ='RESUMEN TOTAL'!N240 -> 0 | I224: ='RESUMEN TOTAL'!O240 -> 0 | J224: ='RESUMEN TOTAL'!P240 -> 0 | K224: ='RESUMEN TOTAL'!Q240 -> 0 | L224: ='RESUMEN TOTAL'!R240 -> 0 | M224: ='RESUMEN TOTAL'!S240 -> 0 | ... AI224: ='RESUMEN TOTAL'!AO240 -> 0
A225: ='RESUMEN TOTAL'!A241 -> PICO DE ORO | B225: ='RESUMEN TOTAL'!B241 -> PCO04 (fija 1) | C225: ='RESUMEN TOTAL'!D241 -> BERNA Y POLONIA | D225: ='RESUMEN TOTAL'!E241 -> Fija | E225: ='RESUMEN TOTAL'!F241 -> Fibra Optica | F225: ='RESUMEN TOTAL'!L241 -> 0 | G225: ='RESUMEN TOTAL'!M241 -> 0 | H225: ='RESUMEN TOTAL'!N241 -> 0 | I225: ='RESUMEN TOTAL'!O241 -> 0 | J225: ='RESUMEN TOTAL'!P241 -> 0 | K225: ='RESUMEN TOTAL'!Q241 -> 0 | L225: ='RESUMEN TOTAL'!R241 -> 0 | M225: ='RESUMEN TOTAL'!S241 -> 0 | ... AI225: ='RESUMEN TOTAL'!AO241 -> 0
A226: ='RESUMEN TOTAL'!A242 -> PICO DE ORO | B226: ='RESUMEN TOTAL'!B242 -> PCO05 (fija 2) | C226: ='RESUMEN TOTAL'!D242 -> BERNA Y POLONIA | D226: ='RESUMEN TOTAL'!E242 -> Fija | E226: ='RESUMEN TOTAL'!F242 -> Fibra Optica | F226: ='RESUMEN TOTAL'!L242 -> 0 | G226: ='RESUMEN TOTAL'!M242 -> 0 | H226: ='RESUMEN TOTAL'!N242 -> 0 | I226: ='RESUMEN TOTAL'!O242 -> 0 | J226: ='RESUMEN TOTAL'!P242 -> 0 | K226: ='RESUMEN TOTAL'!Q242 -> 0 | L226: ='RESUMEN TOTAL'!R242 -> 0 | M226: ='RESUMEN TOTAL'!S242 -> 0 | ... AI226: ='RESUMEN TOTAL'!AO242 -> 0
...

Sheet APAGADOS ANTENA
C1: TOTAL PTO A FO
E2: APAGADOS | F2: =COUNTIFS(F5:F502, "=APAGADO",E5:E502,"=PTO A FO") -> 10 | G2: =COUNTIFS(G5:G502, "=APAGADO",E5:E502,"=PTO A FO") -> 7 | H2: =COUNTIFS(H5:H502, "=APAGADO",E5:E502,"=PTO A FO") -> 0 | I2: =COUNTIFS(I5:I602, "=APAGADO",E5:E602,"=PTO A FO") -> 0 | J2: =COUNTIFS(J5:J502, "=APAGADO",E5:E502,"=PTO A FO") -> 0 | K2: =COUNTIFS(K5:K502, "=APAGADO",E5:E502,"=PTO A FO") -> 0 | L2: =COUNTIFS(L5:L502, "=APAGADO",E5:E502,"=PTO A FO") -> 0 | M2: =COUNTIFS(M5:M502, "=APAGADO",E5:E502,"=PTO A FO") -> 0 | N2: =COUNTIFS(N5:N502, "=APAGADO",E5:E502,"=PTO A FO") -> 0 | O2: =COUNTIFS(O5:O502, "=APAGADO",E5:E502,"=PTO A FO") -> 0 | P2: =COUNTIFS(P5:P502, "=APAGADO",E5:E502,"=PTO A FO") -> 0 | Q2: =COUNTIFS(Q5:Q502, "=APAGADO",E5:E502,"=PTO A FO") -> 0 | R2: =COUNTIFS(R5:R502, "=APAGADO",E5:E502,"=PTO A FO") -> 0 | S2: =COUNTIFS(S5:S502, "=APAGADO",E5:E502,"=PTO A FO") -> 0 | T2: =COUNTIFS(T5:T502, "=APAGADO",E5:E502,"=PTO A FO") -> 0 | U2: =COUNTIFS(U5:U502, "=APAGADO",E5:E502,"=PTO A FO") -> 0 | V2: =COUNTIFS(V5:V502, "=APAGADO",E5:E502,"=PTO A FO") -> 0 | W2: =COUNTIFS(W5:W502, "=APAGADO",E5:E502,"=PTO A FO") -> 0 | X2: =COUNTIFS(X4:X502, "=APAGADO",E4:E502,"=PTO A FO") -> 0 | Y2: =COUNTIFS(Y5:Y502, "=APAGADO",E5:E502,"=PTO A FO") -> 0 | Z2: =COUNTIFS(Z5:Z502, "=APAGADO",E5:E502,"=PTO A FO") -> 0 | AA2: =COUNTIFS(AA5:AA502, "=APAGADO",E5:E502,"=PTO A FO") -> 0 | AB2: =COUNTIFS(AB5:AB502, "=APAGADO",E5:E502,"=PTO A FO") -> 0 | AC2: =COUNTIFS(AC4:AC602, "=APAGADO",E4:E602,"=PTO A FO") -> 0 | AD2: =COUNTIFS(AD5:AD502, "=APAGADO",E5:E502,"=PTO A FO") -> 0 | AE2: =COUNTIFS(AE5:AE502, "=APAGADO",E5:E502,"=PTO A FO") -> 0 | AF2: =COUNTIFS(AF5:AF502, "=APAGADO",E5:E502,"=PTO A FO") -> 0 | AG2: =COUNTIFS(AG5:AG502, "=APAGADO",E5:E502,"=PTO A FO") -> 0 | AH2: =COUNTIFS(AH5:AH502, "=APAGADO",E5:E502,"=PTO A FO") -> 0 | AI2: =COUNTIFS(AI5:AI502, "=APAGADO",F5:F502,"=PTO A FO") -> 0
A3: =ESTADISTICA!A1 -> Barrio | B3: =ESTADISTICA!B1 -> [Denominacion] | C3: =ESTADISTICA!C1 -> [Ubicacion] | D3: =ESTADISTICA!D1 -> [Tipo de Camara] | E3: =ESTADISTICA!E1 -> [Tipo de Conexion] | F3: =ESTADISTICA!F1 -> 45809 | G3: =ESTADISTICA!G1 -> 45810 | H3: =ESTADISTICA!H1 -> 45811 | ... AH3: =ESTADISTICA!AH1 -> 45837 | AI3: 45473
A4: ='RESUMEN TOTAL'!A6 -> ALTAMIRA | B4: ='RESUMEN TOTAL'!B6 -> ALT02 | C4: ='RESUMEN TOTAL'!D6 -> Calchaqui y Lope de Vega | D4: ='RESUMEN TOTAL'!E6 -> Domo | E4: ='RESUMEN TOTAL'!F6 -> PTO A FO | F4: ='RESUMEN TOTAL'!L6 -> 0 | G4: ='RESUMEN TOTAL'!M6 -> 0 | H4: ='RESUMEN TOTAL'!N6 -> 0 | I4: ='RESUMEN TOTAL'!O6 -> 0 | J4: ='RESUMEN TOTAL'!P6 -> 0 | K4: ='RESUMEN TOTAL'!Q6 -> 0 | L4: ='RESUMEN TOTAL'!R6 -> 0 | M4: ='RESUMEN TOTAL'!S6 -> 0 | ... AI4: ='RESUMEN TOTAL'!AO6 -> 0
A5: ='RESUMEN TOTAL'!A7 -> ALTAMIRA | B5: ='RESUMEN TOTAL'!B7 -> ALT 03 | C5: ='RESUMEN TOTAL'!D7 -> Bombero Galarza y Necochea | D5: ='RESUMEN TOTAL'!E7 -> Domo | E5: ='RESUMEN TOTAL'!F7 -> Fibra Optica | F5: ='RESUMEN TOTAL'!L7 -> APAGADO | G5: ='RESUMEN TOTAL'!M7 -> APAGADO | H5: ='RESUMEN TOTAL'!N7 -> 0 | I5: ='RESUMEN TOTAL'!O7 -> 0 | J5: ='RESUMEN TOTAL'!P7 -> 0 | K5: ='RESUMEN TOTAL'!Q7 -> 0 | L5: ='RESUMEN TOTAL'!R7 -> 0 | M5: ='RESUMEN TOTAL'!S7 -> 0 | ... AI5: ='RESUMEN TOTAL'!AO7 -> 0
A6: ='RESUMEN TOTAL'!A8 -> ALTAMIRA | B6: ='RESUMEN TOTAL'!B8 -> ALT 04 | C6: ='RESUMEN TOTAL'!D8 -> Francia y Necochea | D6: ='RESUMEN TOTAL'!E8 -> Domo | E6: ='RESUMEN TOTAL'!F8 -> Fibra Optica | F6: ='RESUMEN TOTAL'!L8 -> APAGADO | G6: ='RESUMEN TOTAL'!M8 -> APAGADO | H6: ='RESUMEN TOTAL'!N8 -> 0 | I6: ='RESUMEN TOTAL'!O8 -> 0 | J6: ='RESUMEN TOTAL'!P8 -> 0 | K6: ='RESUMEN TOTAL'!Q8 -> 0 | L6: ='RESUMEN TOTAL'!R8 -> 0 | M6: ='RESUMEN TOTAL'!S8 -> 0 | ... AI6: ='RESUMEN TOTAL'!AO8 -> 0
A7: ='RESUMEN TOTAL'!A9 -> ALTAMIRA | B7: ='RESUMEN TOTAL'!B9 -> ALT05 | C7: ='RESUMEN TOTAL'!D9 -> Av. Calchaqui y Bombero Galarza | D7: ='RESUMEN TOTAL'!E9 -> Domo | E7: ='RESUMEN TOTAL'!F9 -> PTO A FO | F7: ='RESUMEN TOTAL'!L9 -> APAGADO | G7: ='RESUMEN TOTAL'!M9 -> APAGADO | H7: ='RESUMEN TOTAL'!N9 -> 0 | I7: ='RESUMEN TOTAL'!O9 -> 0 | J7: ='RESUMEN TOTAL'!P9 -> 0 | K7: ='RESUMEN TOTAL'!Q9 -> 0 | L7: ='RESUMEN TOTAL'!R9 -> 0 | M7: ='RESUMEN TOTAL'!S9 -> 0 | ... AI7: ='RESUMEN TOTAL'!AO9 -> 0
A8: ='RESUMEN TOTAL'!A10 -> ALTAMIRA | B8: ='RESUMEN TOTAL'!B10 -> ALT 06 | C8: ='RESUMEN TOTAL'!D10 -> LOPE DE VEGA Y NECOCHEA | D8: ='RESUMEN TOTAL'!E10 -> Domo | E8: ='RESUMEN TOTAL'!F10 -> PTO A FO | F8: ='RESUMEN TOTAL'!L10 -> APAGADO | G8: ='RESUMEN TOTAL'!M10 -> APAGADO | H8: ='RESUMEN TOTAL'!N10 -> 0 | I8: ='RESUMEN TOTAL'!O10 -> 0 | J8: ='RESUMEN TOTAL'!P10 -> 0 | K8: ='RESUMEN TOTAL'!Q10 -> 0 | L8: ='RESUMEN TOTAL'!R10 -> 0 | M8: ='RESUMEN TOTAL'!S10 -> 0 | ... AI8: ='RESUMEN TOTAL'!AO10 -> 0
A9: ='RESUMEN TOTAL'!A11 -> ALTAMIRA | B9: ='RESUMEN TOTAL'!B11 -> ALT07 | C9: ='RESUMEN TOTAL'!D11 -> AV. CALCHAQUI Y AV. DEL TRABAJO | D9: ='RESUMEN TOTAL'!E11 -> DOMO | E9: ='RESUMEN TOTAL'!F11 -> PTO A FO | F9: ='RESUMEN TOTAL'!L11 -> 0 | G9: ='RESUMEN TOTAL'!M11 -> 0 | H9: ='RESUMEN TOTAL'!N11 -> 0 | I9: ='RESUMEN TOTAL'!O11 -> 0 | J9: ='RESUMEN TOTAL'!P11 -> 0 | K9: ='RESUMEN TOTAL'!Q11 -> 0 | L9: ='RESUMEN TOTAL'!R11 -> 0 | M9: ='RESUMEN TOTAL'!S11 -> 0 | ... AI9: ='RESUMEN TOTAL'!AO11 -> 0
A10: ='RESUMEN TOTAL'!A12 -> ALTAMIRA | B10: ='RESUMEN TOTAL'!B12 -> ALT 08 | C10: ='RESUMEN TOTAL'!D12 -> HUMAITA Y NECOCHEA | D10: ='RESUMEN TOTAL'!E12 -> DOMO | E10: ='RESUMEN TOTAL'!F12 -> Fibra Optica | F10: ='RESUMEN TOTAL'!L12 -> 0 | G10: ='RESUMEN TOTAL'!M12 -> 0 | H10: ='RESUMEN TOTAL'!N12 -> 0 | I10: ='RESUMEN TOTAL'!O12 -> 0 | J10: ='RESUMEN TOTAL'!P12 -> 0 | K10: ='RESUMEN TOTAL'!Q12 -> 0 | L10: ='RESUMEN TOTAL'!R12 -> 0 | M10: ='RESUMEN TOTAL'!S12 -> 0 | ... AI10: ='RESUMEN TOTAL'!AO12 -> 0
A11: ='RESUMEN TOTAL'!A13 -> ALTAMIRA | B11: ='RESUMEN TOTAL'!B13 -> ALT 09 | C11: ='RESUMEN TOTAL'!D13 -> NECOCHEA Y CURUPAITY | D11: ='RESUMEN TOTAL'!E13 -> DOMO | E11: ='RESUMEN TOTAL'!F13 -> Fibra Optica | F11: ='RESUMEN TOTAL'!L13 -> 0 | G11: ='RESUMEN TOTAL'!M13 -> 0 | H11: ='RESUMEN TOTAL'!N13 -> 0 | I11: ='RESUMEN TOTAL'!O13 -> 0 | J11: ='RESUMEN TOTAL'!P13 -> 0 | K11: ='RESUMEN TOTAL'!Q13 -> 0 | L11: ='RESUMEN TOTAL'!R13 -> 0 | M11: ='RESUMEN TOTAL'!S13 -> 0 | ... AI11: ='RESUMEN TOTAL'!AO13 -> 0
A12: ='RESUMEN TOTAL'!A14 -> ALTAMIRA | B12: ='RESUMEN TOTAL'!B14 -> ALT 10 | C12: ='RESUMEN TOTAL'!D14 -> Calchaqui y Francia | D12: ='RESUMEN TOTAL'!E14 -> Domo | E12: ='RESUMEN TOTAL'!F14 -> Radio | F12: ='RESUMEN TOTAL'!L14 -> APAGADO | G12: ='RESUMEN TOTAL'!M14 -> APAGADO | H12: ='RESUMEN TOTAL'!N14 -> 0 | I12: ='RESUMEN TOTAL'!O14 -> 0 | J12: ='RESUMEN TOTAL'!P14 -> 0 | K12: ='RESUMEN TOTAL'!Q14 -> 0 | L12: ='RESUMEN TOTAL'!R14 -> 0 | M12: ='RESUMEN TOTAL'!S14 -> 0 | ... AI12: ='RESUMEN TOTAL'!AO14 -> 0
A13: ='RESUMEN TOTAL'!A15 -> AGUSTIN RAMIREZ | B13: ='RESUMEN TOTAL'!B15 -> ARA 01 | C13: ='RESUMEN TOTAL'!D15 -> Malambo y Tranquera | D13: ='RESUMEN TOTAL'!E15 -> Domo | E13: ='RESUMEN TOTAL'!F15 -> Fibra Optica | F13: ='RESUMEN TOTAL'!L15 -> 0 | G13: ='RESUMEN TOTAL'!M15 -> 0 | H13: ='RESUMEN TOTAL'!N15 -> 0 | I13: ='RESUMEN TOTAL'!O15 -> 0 | J13: ='RESUMEN TOTAL'!P15 -> 0 | K13: ='RESUMEN TOTAL'!Q15 -> 0 | L13: ='RESUMEN TOTAL'!R15 -> 0 | M13: ='RESUMEN TOTAL'!S15 -> 0 | ... AI13: ='RESUMEN TOTAL'!AO15 -> 0
A14: ='RESUMEN TOTAL'!A16 -> BELGRANO | B14: ='RESUMEN TOTAL'!B16 -> BEL 01 | C14: ='RESUMEN TOTAL'!D16 -> San Martin y Dardo Rocha | D14: ='RESUMEN TOTAL'!E16 -> DOMO | E14: ='RESUMEN TOTAL'!F16 -> Fibra Optica | F14: ='RESUMEN TOTAL'!L16 -> 0 | G14: ='RESUMEN TOTAL'!M16 -> 0 | H14: ='RESUMEN TOTAL'!N16 -> 0 | I14: ='RESUMEN TOTAL'!O16 -> 0 | J14: ='RESUMEN TOTAL'!P16 -> 0 | K14: ='RESUMEN TOTAL'!Q16 -> 0 | L14: ='RESUMEN TOTAL'!R16 -> 0 | M14: ='RESUMEN TOTAL'!S16 -> 0 | ... AI14: ='RESUMEN TOTAL'!AO16 -> 0
A15: ='RESUMEN TOTAL'!A17 -> BELGRANO | B15: ='RESUMEN TOTAL'!B17 -> BEL 02 | C15: ='RESUMEN TOTAL'!D17 -> Guardia vieja y Fronteriz | D15: ='RESUMEN TOTAL'!E17 -> DOMO | E15: ='RESUMEN TOTAL'!F17 -> Fibra Optica | F15: ='RESUMEN TOTAL'!L17 -> 0 | G15: ='RESUMEN TOTAL'!M17 -> 0 | H15: ='RESUMEN TOTAL'!N17 -> 0 | I15: ='RESUMEN TOTAL'!O17 -> 0 | J15: ='RESUMEN TOTAL'!P17 -> 0 | K15: ='RESUMEN TOTAL'!Q17 -> 0 | L15: ='RESUMEN TOTAL'!R17 -> 0 | M15: ='RESUMEN TOTAL'!S17 -> 0 | ... AI15: ='RESUMEN TOTAL'!AO17 -> 0
... A21: ='RESUMEN TOTAL'!A23 -> BOSQUES CENTRO | B21: ='RESUMEN TOTAL'!B23 -> BOSQC 06 | C21: ='RESUMEN TOTAL'!D23 -> LUIS AGOTE Y RUTA 36 | D21: ='RESUMEN TOTAL'!E23 -> Fija | E21: ='RESUMEN TOTAL'!F23 -> Radio | F21: ='RESUMEN TOTAL'!L23 -> 0 | G21: ='RESUMEN TOTAL'!M23 -> 0 | H21: ='RESUMEN TOTAL'!N23 -> 0 | I21: ='RESUMEN TOTAL'!O23 -> 0 | J21: ='RESUMEN TOTAL'!P23 -> 0 | K21: ='RESUMEN TOTAL'!Q23 -> 0 | L21: ='RESUMEN TOTAL'!R23 -> 0 | M21: ='RESUMEN TOTAL'!S23 -> 0 | ... AI21: ='RESUMEN TOTAL'!AO23 -> 0
A22: ='RESUMEN TOTAL'!A29 -> CENTRO | B22: ='RESUMEN TOTAL'!B29 -> CEN01 | C22: ='RESUMEN TOTAL'!D29 -> San Martin y 9 de Julio | D22: ='RESUMEN TOTAL'!E29 -> Fija | E22: ='RESUMEN TOTAL'!F29 -> Fibra Optica | F22: ='RESUMEN TOTAL'!L29 -> 0 | G22: ='RESUMEN TOTAL'!M29 -> 0 | H22: ='RESUMEN TOTAL'!N29 -> 0 | I22: ='RESUMEN TOTAL'!O29 -> 0 | J22: ='RESUMEN TOTAL'!P29 -> 0 | K22: ='RESUMEN TOTAL'!Q29 -> 0 | L22: ='RESUMEN TOTAL'!R29 -> 0 | M22: ='RESUMEN TOTAL'!S29 -> 0 | ... AI22: ='RESUMEN TOTAL'!AO29 -> 0
A23: ='RESUMEN TOTAL'!A30 -> CENTRO | B23: ='RESUMEN TOTAL'!B30 -> CEN02 | C23: ='RESUMEN TOTAL'!D30 -> San Martin y Almafuerte | D23: ='RESUMEN TOTAL'!E30 -> Fija | E23: ='RESUMEN TOTAL'!F30 -> Fibra Optica | F23: ='RESUMEN TOTAL'!L30 -> 0 | G23: ='RESUMEN TOTAL'!M30 -> 0 | H23: ='RESUMEN TOTAL'!N30 -> 0 | I23: ='RESUMEN TOTAL'!O30 -> 0 | J23: ='RESUMEN TOTAL'!P30 -> 0 | K23: ='RESUMEN TOTAL'!Q30 -> 0 | L23: ='RESUMEN TOTAL'!R30 -> 0 | M23: ='RESUMEN TOTAL'!S30 -> 0 | ... AI23: ='RESUMEN TOTAL'!AO30 -> 0
A24: ='RESUMEN TOTAL'!A31 -> CENTRO | B24: ='RESUMEN TOTAL'!B31 -> CEN03 | C24: ='RESUMEN TOTAL'!D31 -> San Martin y Sallares | D24: ='RESUMEN TOTAL'!E31 -> Domo | E24: ='RESUMEN TOTAL'!F31 -> Fibra Optica | F24: ='RESUMEN TOTAL'!L31 -> 0 | G24: ='RESUMEN TOTAL'!M31 -> 0 | H24: ='RESUMEN TOTAL'!N31 -> 0 | I24: ='RESUMEN TOTAL'!O31 -> 0 | J24: ='RESUMEN TOTAL'!P31 -> 0 | K24: ='RESUMEN TOTAL'!Q31 -> 0 | L24: ='RESUMEN TOTAL'!R31 -> 0 | M24: ='RESUMEN TOTAL'!S31 -> 0 | ... AI24: ='RESUMEN TOTAL'!AO31 -> 0
A25: ='RESUMEN TOTAL'!A32 -> CENTRO | B25: ='RESUMEN TOTAL'!B32 -> CEN04 | C25: ='RESUMEN TOTAL'!D32 -> San Martin y Contreras | D25: ='RESUMEN TOTAL'!E32 -> Domo | E25: ='RESUMEN TOTAL'!F32 -> Fibra Optica | F25: ='RESUMEN TOTAL'!L32 -> 0 | G25: ='RESUMEN TOTAL'!M32 -> 0 | H25: ='RESUMEN TOTAL'!N32 -> 0 | I25: ='RESUMEN TOTAL'!O32 -> 0 | J25: ='RESUMEN TOTAL'!P32 -> 0 | K25: ='RESUMEN TOTAL'!Q32 -> 0 | L25: ='RESUMEN TOTAL'!R32 -> 0 | M25: ='RESUMEN TOTAL'!S32 -> 0 | ... AI25: ='RESUMEN TOTAL'!AO32 -> 0
A26: ='RESUMEN TOTAL'!A33 -> CENTRO | B26: ='RESUMEN TOTAL'!B33 -> CEN 05 | C26: ='RESUMEN TOTAL'!D33 -> Bocuzzi e/España y San Martin | D26: ='RESUMEN TOTAL'!E33 -> DOMO | E26: ='RESUMEN TOTAL'!F33 -> Fibra Optica | F26: ='RESUMEN TOTAL'!L33 -> 0 | G26: ='RESUMEN TOTAL'!M33 -> 0 | H26: ='RESUMEN TOTAL'!N33 -> 0 | I26: ='RESUMEN TOTAL'!O33 -> 0 | J26: ='RESUMEN TOTAL'!P33 -> 0 | K26: ='RESUMEN TOTAL'!Q33 -> 0 | L26: ='RESUMEN TOTAL'!R33 -> 0 | M26: ='RESUMEN TOTAL'!S33 -> 0 | ... AI26: ='RESUMEN TOTAL'!AO33 -> 0
A27: ='RESUMEN TOTAL'!A34 -> CENTRO | B27: ='RESUMEN TOTAL'!B34 -> CEN06 | C27: ='RESUMEN TOTAL'!D34 -> Monteagudo y A.del Valle | D27: ='RESUMEN TOTAL'!E34 -> Fija | E27: ='RESUMEN TOTAL'!F34 -> Fibra Optica | F27: ='RESUMEN TOTAL'!L34 -> APAGADO | G27: ='RESUMEN TOTAL'!M34 -> APAGADO | H27: ='RESUMEN TOTAL'!N34 -> 0 | I27: ='RESUMEN TOTAL'!O34 -> 0 | J27: ='RESUMEN TOTAL'!P34 -> 0 | K27: ='RESUMEN TOTAL'!Q34 -> 0 | L27: ='RESUMEN TOTAL'!R34 -> 0 | M27: ='RESUMEN TOTAL'!S34 -> 0 | ... AI27: ='RESUMEN TOTAL'!AO34 -> 0
A28: ='RESUMEN TOTAL'!A35 -> CENTRO | B28: ='RESUMEN TOTAL'!B35 -> CEN07 | C28: ='RESUMEN TOTAL'!D35 -> San Martin y Guemes | D28: ='RESUMEN TOTAL'!E35 -> DOMO | E28: ='RESUMEN TOTAL'!F35 -> Fibra Optica | F28: ='RESUMEN TOTAL'!L35 -> 0 | G28: ='RESUMEN TOTAL'!M35 -> 0 | H28: ='RESUMEN TOTAL'!N35 -> 0 | I28: ='RESUMEN TOTAL'!O35 -> 0 | J28: ='RESUMEN TOTAL'!P35 -> 0 | K28: ='RESUMEN TOTAL'!Q35 -> 0 | L28: ='RESUMEN TOTAL'!R35 -> 0 | M28: ='RESUMEN TOTAL'!S35 -> 0 | ... AI28: ='RESUMEN TOTAL'!AO35 -> 0
A29: ='RESUMEN TOTAL'!A36 -> CENTRO | B29: ='RESUMEN TOTAL'!B36 -> CEN08 | C29: ='RESUMEN TOTAL'!D36 -> San Martin y Pte.Peron | D29: ='RESUMEN TOTAL'!E36 -> Domo | E29: ='RESUMEN TOTAL'!F36 -> Fibra Optica | F29: ='RESUMEN TOTAL'!L36 -> 0 | G29: ='RESUMEN TOTAL'!M36 -> 0 | H29: ='RESUMEN TOTAL'!N36 -> 0 | I29: ='RESUMEN TOTAL'!O36 -> 0 | J29: ='RESUMEN TOTAL'!P36 -> 0 | K29: ='RESUMEN TOTAL'!Q36 -> 0 | L29: ='RESUMEN TOTAL'!R36 -> 0 | M29: ='RESUMEN TOTAL'!S36 -> 0 | ... AI29: ='RESUMEN TOTAL'!AO36 -> 0
A30: ='RESUMEN TOTAL'!A37 -> CENTRO | B30: ='RESUMEN TOTAL'!B37 -> CEN09 | C30: ='RESUMEN TOTAL'!D37 -> Chacabuco y 25 de Mayo | D30: ='RESUMEN TOTAL'!E37 -> Domo | E30: ='RESUMEN TOTAL'!F37 -> Fibra Optica | F30: ='RESUMEN TOTAL'!L37 -> 0 | G30: ='RESUMEN TOTAL'!M37 -> 0 | H30: ='RESUMEN TOTAL'!N37 -> 0 | I30: ='RESUMEN TOTAL'!O37 -> 0 | J30: ='RESUMEN TOTAL'!P37 -> 0 | K30: ='RESUMEN TOTAL'!Q37 -> 0 | L30: ='RESUMEN TOTAL'!R37 -> 0 | M30: ='RESUMEN TOTAL'!S37 -> 0 | ... AI30: ='RESUMEN TOTAL'!AO37 -> 0
A31: ='RESUMEN TOTAL'!A38 -> CENTRO | B31: ='RESUMEN TOTAL'!B38 -> CEN10 | C31: ='RESUMEN TOTAL'!D38 -> Monteagudo y Pte. Peron | D31: ='RESUMEN TOTAL'!E38 -> Domo | E31: ='RESUMEN TOTAL'!F38 -> Fibra Optica | F31: ='RESUMEN TOTAL'!L38 -> 0 | G31: ='RESUMEN TOTAL'!M38 -> 0 | H31: ='RESUMEN TOTAL'!N38 -> 0 | I31: ='RESUMEN TOTAL'!O38 -> 0 | J31: ='RESUMEN TOTAL'!P38 -> 0 | K31: ='RESUMEN TOTAL'!Q38 -> 0 | L31: ='RESUMEN TOTAL'!R38 -> 0 | M31: ='RESUMEN TOTAL'!S38 -> 0 | ... AI31: ='RESUMEN TOTAL'!AO38 -> 0
A32: ='RESUMEN TOTAL'!A39 -> CENTRO | B32: ='RESUMEN TOTAL'!B39 -> CEN11 | C32: ='RESUMEN TOTAL'!D39 -> Monteagudo y Bocuzzi | D32: ='RESUMEN TOTAL'!E39 -> Domo | E32: ='RESUMEN TOTAL'!F39 -> Fibra Optica | F32: ='RESUMEN TOTAL'!L39 -> 0 | G32: ='RESUMEN TOTAL'!M39 -> 0 | H32: ='RESUMEN TOTAL'!N39 -> 0 | I32: ='RESUMEN TOTAL'!O39 -> 0 | J32: ='RESUMEN TOTAL'!P39 -> 0 | K32: ='RESUMEN TOTAL'!Q39 -> 0 | L32: ='RESUMEN TOTAL'!R39 -> 0 | M32: ='RESUMEN TOTAL'!S39 -> 0 | ... AI32: ='RESUMEN TOTAL'!AO39 -> 0
A33: ='RESUMEN TOTAL'!A40 -> CENTRO | B33: ='RESUMEN TOTAL'!B40 -> CEN 12 | C33: ='RESUMEN TOTAL'!D40 -> Monteagudo y Mitre | D33: ='RESUMEN TOTAL'!E40 -> Domo | E33: ='RESUMEN TOTAL'!F40 -> Fibra Optica | F33: ='RESUMEN TOTAL'!L40 -> 0 | G33: ='RESUMEN TOTAL'!M40 -> 0 | H33: ='RESUMEN TOTAL'!N40 -> 0 | I33: ='RESUMEN TOTAL'!O40 -> 0 | J33: ='RESUMEN TOTAL'!P40 -> 0 | K33: ='RESUMEN TOTAL'!Q40 -> 0 | L33: ='RESUMEN TOTAL'!R40 -> 0 | M33: ='RESUMEN TOTAL'!S40 -> 0 | ... AI33: ='RESUMEN TOTAL'!AO40 -> 0
... A68: ='RESUMEN TOTAL'!A75 -> CENTRO | B68: ='RESUMEN TOTAL'!B75 -> CEN47 | C68: ='RESUMEN TOTAL'!D75 -> Sallares y Brown | D68: ='RESUMEN TOTAL'!E75 -> Domo | E68: ='RESUMEN TOTAL'!F75 -> Fibra Optica | F68: ='RESUMEN TOTAL'!L75 -> 0 | G68: ='RESUMEN TOTAL'!M75 -> 0 | H68: ='RESUMEN TOTAL'!N75 -> 0 | I68: ='RESUMEN TOTAL'!O75 -> 0 | J68: ='RESUMEN TOTAL'!P75 -> 0 | K68: ='RESUMEN TOTAL'!Q75 -> 0 | L68: ='RESUMEN TOTAL'!R75 -> 0 | M68: ='RESUMEN TOTAL'!S75 -> 0 | ... AI68: ='RESUMEN TOTAL'!AO75 -> 0
A69: ='RESUMEN TOTAL'!A76 -> CENTRO | B69: ='RESUMEN TOTAL'!B76 -> CEN48 | C69: ='RESUMEN TOTAL'!D76 -> Velez Sarsfield y Las Heras | D69: ='RESUMEN TOTAL'!E76 -> Domo | E69: ='RESUMEN TOTAL'!F76 -> Radio | F69: ='RESUMEN TOTAL'!L76 -> 0 | G69: ='RESUMEN TOTAL'!M76 -> 0 | H69: ='RESUMEN TOTAL'!N76 -> 0 | I69: ='RESUMEN TOTAL'!O76 -> 0 | J69: ='RESUMEN TOTAL'!P76 -> 0 | K69: ='RESUMEN TOTAL'!Q76 -> 0 | L69: ='RESUMEN TOTAL'!R76 -> 0 | M69: ='RESUMEN TOTAL'!S76 -> 0 | ... Z69: ='RESUMEN TOTAL'!AF76 -> 0 | AA69: ='RESUMEN TOTAL'!#REF! -> #REF! | AB69: ='RESUMEN TOTAL'!AH76 -> 0 | AC69: ='RESUMEN TOTAL'!AI76 -> 0 | AD69: ='RESUMEN TOTAL'!AJ76 -> 0 | AE69: ='RESUMEN TOTAL'!AK76 -> 0 | AF69: ='RESUMEN TOTAL'!AL76 -> 0 | AG69: ='RESUMEN TOTAL'!AM76 -> 0 | AH69: ='RESUMEN TOTAL'!AN76 -> 0 | AI69: ='RESUMEN TOTAL'!AO76 -> 0
A70: ='RESUMEN TOTAL'!A77 -> CENTRO | B70: ='RESUMEN TOTAL'!B77 -> CEN49 | C70: ='RESUMEN TOTAL'!D77 -> Av. San Martin y Florencio Sanchez | D70: ='RESUMEN TOTAL'!E77 -> Domo | E70: ='RESUMEN TOTAL'!F77 -> Fibra Optica | F70: ='RESUMEN TOTAL'!L77 -> 0 | G70: ='RESUMEN TOTAL'!M77 -> 0 | H70: ='RESUMEN TOTAL'!N77 -> 0 | I70: ='RESUMEN TOTAL'!O77 -> 0 | J70: ='RESUMEN TOTAL'!P77 -> 0 | K70: ='RESUMEN TOTAL'!Q77 -> 0 | L70: ='RESUMEN TOTAL'!R77 -> 0 | M70: ='RESUMEN TOTAL'!S77 -> 0 | ... AI70: ='RESUMEN TOTAL'!AO77 -> 0
A71: ='RESUMEN TOTAL'!A78 -> CENTRO | B71: ='RESUMEN TOTAL'!B78 -> CEN 50 | C71: ='RESUMEN TOTAL'!D78 -> Av. San Martin y Newbery | D71: ='RESUMEN TOTAL'!E78 -> Domo | E71: ='RESUMEN TOTAL'!F78 -> Fibra Optica | F71: ='RESUMEN TOTAL'!L78 -> 0 | G71: ='RESUMEN TOTAL'!M78 -> 0 | H71: ='RESUMEN TOTAL'!N78 -> 0 | I71: ='RESUMEN TOTAL'!O78 -> 0 | J71: ='RESUMEN TOTAL'!P78 -> 0 | K71: ='RESUMEN TOTAL'!Q78 -> 0 | L71: ='RESUMEN TOTAL'!R78 -> 0 | M71: ='RESUMEN TOTAL'!S78 -> 0 | ... AI71: ='RESUMEN TOTAL'!AO78 -> 0
A72: ='RESUMEN TOTAL'!A79 -> CENTRO | B72: ='RESUMEN TOTAL'!B79 -> CEN 51 | C72: ='RESUMEN TOTAL'!D79 -> ILLIA Y LAS HERAS | D72: ='RESUMEN TOTAL'!E79 -> FIJA | E72: ='RESUMEN TOTAL'!F79 -> Fibra Optica | F72: ='RESUMEN TOTAL'!L79 -> 0 | G72: ='RESUMEN TOTAL'!M79 -> 0 | H72: ='RESUMEN TOTAL'!N79 -> 0 | I72: ='RESUMEN TOTAL'!O79 -> 0 | J72: ='RESUMEN TOTAL'!P79 -> 0 | K72: ='RESUMEN TOTAL'!Q79 -> 0 | L72: ='RESUMEN TOTAL'!R79 -> 0 | M72: ='RESUMEN TOTAL'!S79 -> 0 | ... AI72: ='RESUMEN TOTAL'!AO79 -> 0
A73: ='RESUMEN TOTAL'!A80 -> CENTRO | B73: ='RESUMEN TOTAL'!B80 -> CEN52 | C73: ='RESUMEN TOTAL'!D80 -> San Martin y Almafuerte (ex San Martin y Dorrego) | D73: ='RESUMEN TOTAL'!E80 -> DOMO | E73: ='RESUMEN TOTAL'!F80 -> Radio | F73: ='RESUMEN TOTAL'!L80 -> 0 | G73: ='RESUMEN TOTAL'!M80 -> 0 | H73: ='RESUMEN TOTAL'!N80 -> 0 | I73: ='RESUMEN TOTAL'!O80 -> 0 | J73: ='RESUMEN TOTAL'!P80 -> 0 | K73: ='RESUMEN TOTAL'!Q80 -> 0 | L73: ='RESUMEN TOTAL'!R80 -> 0 | M73: ='RESUMEN TOTAL'!S80 -> 0 | ... AI73: ='RESUMEN TOTAL'!AO80 -> 0
A74: ='RESUMEN TOTAL'!A81 -> CENTRO | B74: ='RESUMEN TOTAL'!B81 -> CEN 53 | C74: ='RESUMEN TOTAL'!D81 -> GUTIERREZ Y BROWN | D74: ='RESUMEN TOTAL'!E81 -> Domo | E74: ='RESUMEN TOTAL'!F81 -> Fibra Optica | F74: ='RESUMEN TOTAL'!L81 -> 0 | G74: ='RESUMEN TOTAL'!M81 -> 0 | H74: ='RESUMEN TOTAL'!N81 -> 0 | I74: ='RESUMEN TOTAL'!O81 -> 0 | J74: ='RESUMEN TOTAL'!P81 -> 0 | K74: ='RESUMEN TOTAL'!Q81 -> 0 | L74: ='RESUMEN TOTAL'!R81 -> 0 | M74: ='RESUMEN TOTAL'!S81 -> 0 | ... AI74: ='RESUMEN TOTAL'!AO81 -> 0
A75: ='RESUMEN TOTAL'!A82 -> CENTRO | B75: ='RESUMEN TOTAL'!B82 -> CEN 54 | C75: ='RESUMEN TOTAL'!D82 -> GUTIERREZ Y PRINGLES | D75: ='RESUMEN TOTAL'!E82 -> Domo | E75: ='RESUMEN TOTAL'!F82 -> Fibra Optica | F75: ='RESUMEN TOTAL'!L82 -> 0 | G75: ='RESUMEN TOTAL'!M82 -> 0 | H75: ='RESUMEN TOTAL'!N82 -> 0 | I75: ='RESUMEN TOTAL'!O82 -> 0 | J75: ='RESUMEN TOTAL'!P82 -> 0 | K75: ='RESUMEN TOTAL'!Q82 -> 0 | L75: ='RESUMEN TOTAL'!R82 -> 0 | M75: ='RESUMEN TOTAL'!S82 -> 0 | ... AI75: ='RESUMEN TOTAL'!AO82 -> 0
A76: ='RESUMEN TOTAL'!A83 -> CENTRO | B76: ='RESUMEN TOTAL'!B83 -> CEN 55 | C76: ='RESUMEN TOTAL'!D83 -> BOUREL Y URQUIZA | D76: ='RESUMEN TOTAL'!E83 -> Domo | E76: ='RESUMEN TOTAL'!F83 -> Radio | F76: ='RESUMEN TOTAL'!L83 -> 0 | G76: ='RESUMEN TOTAL'!M83 -> 0 | H76: ='RESUMEN TOTAL'!N83 -> 0 | I76: ='RESUMEN TOTAL'!O83 -> 0 | J76: ='RESUMEN TOTAL'!P83 -> 0 | K76: ='RESUMEN TOTAL'!Q83 -> 0 | L76: ='RESUMEN TOTAL'!R83 -> 0 | M76: ='RESUMEN TOTAL'!S83 -> 0 | ... AI76: ='RESUMEN TOTAL'!AO83 -> 0
A77: ='RESUMEN TOTAL'!A84 -> CENTRO | B77: ='RESUMEN TOTAL'!B84 -> CEN 56 | C77: ='RESUMEN TOTAL'!D84 -> Newbery y Falucho | D77: ='RESUMEN TOTAL'!E84 -> DOMO | E77: ='RESUMEN TOTAL'!F84 -> Radio | F77: ='RESUMEN TOTAL'!L84 -> 0 | G77: ='RESUMEN TOTAL'!M84 -> 0 | H77: ='RESUMEN TOTAL'!N84 -> 0 | I77: ='RESUMEN TOTAL'!O84 -> 0 | J77: ='RESUMEN TOTAL'!P84 -> 0 | K77: ='RESUMEN TOTAL'!Q84 -> 0 | L77: ='RESUMEN TOTAL'!R84 -> 0 | M77: ='RESUMEN TOTAL'!S84 -> 0 | ... AI77: ='RESUMEN TOTAL'!AO84 -> 0
A78: ='RESUMEN TOTAL'!A85 -> CENTRO | B78: ='RESUMEN TOTAL'!B85 -> CEN 57 | C78: ='RESUMEN TOTAL'!D85 -> 25 DE MAYO Y DORREGO | D78: ='RESUMEN TOTAL'!E85 -> DOMO | E78: ='RESUMEN TOTAL'!F85 -> Fibra Optica | F78: ='RESUMEN TOTAL'!L85 -> 0 | G78: ='RESUMEN TOTAL'!M85 -> 0 | H78: ='RESUMEN TOTAL'!N85 -> 0 | I78: ='RESUMEN TOTAL'!O85 -> 0 | J78: ='RESUMEN TOTAL'!P85 -> 0 | K78: ='RESUMEN TOTAL'!Q85 -> 0 | L78: ='RESUMEN TOTAL'!R85 -> 0 | M78: ='RESUMEN TOTAL'!S85 -> 0 | ... AI78: ='RESUMEN TOTAL'!AO85 -> 0
A79: ='RESUMEN TOTAL'!A86 -> CENTRO | B79: ='RESUMEN TOTAL'!B86 -> CEN 58 | C79: ='RESUMEN TOTAL'!D86 -> EEUU Y MORENO | D79: ='RESUMEN TOTAL'!E86 -> DOMO | E79: ='RESUMEN TOTAL'!F86 -> Fibra Optica | F79: ='RESUMEN TOTAL'!L86 -> 0 | G79: ='RESUMEN TOTAL'!M86 -> 0 | H79: ='RESUMEN TOTAL'!N86 -> 0 | I79: ='RESUMEN TOTAL'!O86 -> 0 | J79: ='RESUMEN TOTAL'!P86 -> 0 | K79: ='RESUMEN TOTAL'!Q86 -> 0 | L79: ='RESUMEN TOTAL'!R86 -> 0 | M79: ='RESUMEN TOTAL'!S86 -> 0 | ... AI79: ='RESUMEN TOTAL'!AO86 -> 0
A80: ='RESUMEN TOTAL'!A87 -> CENTRO | B80: ='RESUMEN TOTAL'!B87 -> CEN59 | C80: ='RESUMEN TOTAL'!D87 -> CHACABUCO Y BOUREL | D80: ='RESUMEN TOTAL'!E87 -> DOMO | E80: ='RESUMEN TOTAL'!F87 -> Fibra Optica | F80: ='RESUMEN TOTAL'!L87 -> 0 | G80: ='RESUMEN TOTAL'!M87 -> 0 | H80: ='RESUMEN TOTAL'!N87 -> 0 | I80: ='RESUMEN TOTAL'!O87 -> 0 | J80: ='RESUMEN TOTAL'!P87 -> 0 | K80: ='RESUMEN TOTAL'!Q87 -> 0 | L80: ='RESUMEN TOTAL'!R87 -> 0 | M80: ='RESUMEN TOTAL'!S87 -> 0 | ... AI80: ='RESUMEN TOTAL'!AO87 -> 0
A81: ='RESUMEN TOTAL'!A88 -> CENTRO | B81: ='RESUMEN TOTAL'!B88 -> CEN 60 | C81: ='RESUMEN TOTAL'!D88 -> RECONQUISTA Y ILLIA | D81: ='RESUMEN TOTAL'!E88 -> DOMO | E81: ='RESUMEN TOTAL'!F88 -> PTO A FO | F81: ='RESUMEN TOTAL'!L88 -> 0 | G81: ='RESUMEN TOTAL'!M88 -> 0 | H81: ='RESUMEN TOTAL'!N88 -> 0 | I81: ='RESUMEN TOTAL'!O88 -> 0 | J81: ='RESUMEN TOTAL'!P88 -> 0 | K81: ='RESUMEN TOTAL'!Q88 -> 0 | L81: ='RESUMEN TOTAL'!R88 -> 0 | M81: ='RESUMEN TOTAL'!S88 -> 0 | ... AI81: ='RESUMEN TOTAL'!AO88 -> 0
... A107: ='RESUMEN TOTAL'!A114 -> CENTRO | B107: ='RESUMEN TOTAL'!B114 -> CEN 86 | C107: ='RESUMEN TOTAL'!D114 -> Monteagudo y Bocuzzi | D107: ='RESUMEN TOTAL'!E114 -> Fija | E107: ='RESUMEN TOTAL'!F114 -> Fibra Optica | F107: ='RESUMEN TOTAL'!L114 -> 0 | G107: ='RESUMEN TOTAL'!M114 -> 0 | H107: ='RESUMEN TOTAL'!N114 -> 0 | I107: ='RESUMEN TOTAL'!O114 -> 0 | J107: ='RESUMEN TOTAL'!P114 -> 0 | K107: ='RESUMEN TOTAL'!Q114 -> 0 | L107: ='RESUMEN TOTAL'!R114 -> 0 | M107: ='RESUMEN TOTAL'!S114 -> 0 | ... AI107: ='RESUMEN TOTAL'!AO114 -> 0
A108: ='RESUMEN TOTAL'!A117 -> SAN NICOLAS | B108: ='RESUMEN TOTAL'!B117 -> CHA01 | C108: ='RESUMEN TOTAL'!D117 -> Novak y Pte Illia | D108: ='RESUMEN TOTAL'!E117 -> Domo | E108: ='RESUMEN TOTAL'!F117 -> Radio | F108: ='RESUMEN TOTAL'!L117 -> 0 | G108: ='RESUMEN TOTAL'!M117 -> 0 | H108: ='RESUMEN TOTAL'!N117 -> 0 | I108: ='RESUMEN TOTAL'!O117 -> 0 | J108: ='RESUMEN TOTAL'!P117 -> 0 | K108: ='RESUMEN TOTAL'!Q117 -> 0 | L108: ='RESUMEN TOTAL'!R117 -> 0 | M108: ='RESUMEN TOTAL'!S117 -> 0 | ... AI108: ='RESUMEN TOTAL'!AO117 -> 0
A109: ='RESUMEN TOTAL'!A118 -> CHACABUCO | B109: ='RESUMEN TOTAL'!B118 -> CHA02 | C109: ='RESUMEN TOTAL'!D118 -> Pte. Illia y Posadas | D109: ='RESUMEN TOTAL'!E118 -> Domo | E109: ='RESUMEN TOTAL'!F118 -> Radio | F109: ='RESUMEN TOTAL'!L118 -> APAGADO | G109: ='RESUMEN TOTAL'!M118 -> APAGADO | H109: ='RESUMEN TOTAL'!N118 -> 0 | I109: ='RESUMEN TOTAL'!O118 -> 0 | J109: ='RESUMEN TOTAL'!P118 -> 0 | K109: ='RESUMEN TOTAL'!Q118 -> 0 | L109: ='RESUMEN TOTAL'!R118 -> 0 | M109: ='RESUMEN TOTAL'!S118 -> 0 | ... AI109: ='RESUMEN TOTAL'!AO118 -> 0
A110: ='RESUMEN TOTAL'!A119 -> CHACABUCO | B110: ='RESUMEN TOTAL'!B119 -> CHA03 | C110: ='RESUMEN TOTAL'!D119 -> MAIPU Y ALVAREZ THOMAS | D110: ='RESUMEN TOTAL'!E119 -> DOMO | E110: ='RESUMEN TOTAL'!F119 -> Fibra Optica | F110: ='RESUMEN TOTAL'!L119 -> 0 | G110: ='RESUMEN TOTAL'!M119 -> 0 | H110: ='RESUMEN TOTAL'!N119 -> 0 | I110: ='RESUMEN TOTAL'!O119 -> 0 | J110: ='RESUMEN TOTAL'!P119 -> 0 | K110: ='RESUMEN TOTAL'!Q119 -> 0 | L110: ='RESUMEN TOTAL'!R119 -> 0 | M110: ='RESUMEN TOTAL'!S119 -> 0 | ... AI110: ='RESUMEN TOTAL'!AO119 -> 0
A111: ='RESUMEN TOTAL'!A120 -> CHACABUCO | B111: ='RESUMEN TOTAL'!B120 -> CHA04 | C111: ='RESUMEN TOTAL'!D120 -> ESTADOS UNIDOS DE A. E ILLIA | D111: ='RESUMEN TOTAL'!E120 -> DOMO | E111: ='RESUMEN TOTAL'!F120 -> Fibra Optica | F111: ='RESUMEN TOTAL'!L120 -> 0 | G111: ='RESUMEN TOTAL'!M120 -> 0 | H111: ='RESUMEN TOTAL'!N120 -> 0 | I111: ='RESUMEN TOTAL'!O120 -> 0 | J111: ='RESUMEN TOTAL'!P120 -> 0 | K111: ='RESUMEN TOTAL'!Q120 -> 0 | L111: ='RESUMEN TOTAL'!R120 -> 0 | M111: ='RESUMEN TOTAL'!S120 -> 0 | ... AI111: ='RESUMEN TOTAL'!AO120 -> 0
A112: ='RESUMEN TOTAL'!A121 -> VILLA MONICA NUEVA | B112: ='RESUMEN TOTAL'!B121 -> COL01 | C112: ='RESUMEN TOTAL'!D121 -> Eva Peron y Cariboni | D112: ='RESUMEN TOTAL'!E121 -> Domo | E112: ='RESUMEN TOTAL'!F121 -> Radio | F112: ='RESUMEN TOTAL'!L121 -> 0 | G112: ='RESUMEN TOTAL'!M121 -> 0 | H112: ='RESUMEN TOTAL'!N121 -> 0 | I112: ='RESUMEN TOTAL'!O121 -> 0 | J112: ='RESUMEN TOTAL'!P121 -> 0 | K112: ='RESUMEN TOTAL'!Q121 -> 0 | L112: ='RESUMEN TOTAL'!R121 -> 0 | M112: ='RESUMEN TOTAL'!S121 -> 0 | ... AI112: ='RESUMEN TOTAL'!AO121 -> 0
A113: ='RESUMEN TOTAL'!A122 -> LA COLORADA ESTE | B113: ='RESUMEN TOTAL'!B122 -> COL02 | C113: ='RESUMEN TOTAL'!D122 -> Av. Eva Peron y Pompeya | D113: ='RESUMEN TOTAL'!E122 -> Domo | E113: ='RESUMEN TOTAL'!F122 -> Radio | F113: ='RESUMEN TOTAL'!L122 -> 0 | G113: ='RESUMEN TOTAL'!M122 -> 0 | H113: ='RESUMEN TOTAL'!N122 -> 0 | I113: ='RESUMEN TOTAL'!O122 -> 0 | J113: ='RESUMEN TOTAL'!P122 -> 0 | K113: ='RESUMEN TOTAL'!Q122 -> 0 | L113: ='RESUMEN TOTAL'!R122 -> 0 | M113: ='RESUMEN TOTAL'!S122 -> 0 | ... AI113: ='RESUMEN TOTAL'!AO122 -> 0
A114: ='RESUMEN TOTAL'!A123 -> LA COLORADA ESTE | B114: ='RESUMEN TOTAL'!B123 -> COL 03 | C114: ='RESUMEN TOTAL'!D123 -> CARIBONI Y LA ANCIANIDAD | D114: ='RESUMEN TOTAL'!E123 -> DOMO | E114: ='RESUMEN TOTAL'!F123 -> Radio | F114: ='RESUMEN TOTAL'!L123 -> APAGADO | G114: ='RESUMEN TOTAL'!M123 -> APAGADO | H114: ='RESUMEN TOTAL'!N123 -> 0 | I114: ='RESUMEN TOTAL'!O123 -> 0 | J114: ='RESUMEN TOTAL'!P123 -> 0 | K114: ='RESUMEN TOTAL'!Q123 -> 0 | L114: ='RESUMEN TOTAL'!R123 -> 0 | M114: ='RESUMEN TOTAL'!S123 -> 0 | ... AI114: ='RESUMEN TOTAL'!AO123 -> 0
A115: ='RESUMEN TOTAL'!A124 -> LA COLORADA ESTE | B115: ='RESUMEN TOTAL'!B124 -> COL 04 | C115: ='RESUMEN TOTAL'!D124 -> EVA PERON Y SAVIO | D115: ='RESUMEN TOTAL'!E124 -> Domo | E115: ='RESUMEN TOTAL'!F124 -> Fibra Optica | F115: ='RESUMEN TOTAL'!L124 -> 0 | G115: ='RESUMEN TOTAL'!M124 -> 0 | H115: ='RESUMEN TOTAL'!N124 -> 0 | I115: ='RESUMEN TOTAL'!O124 -> 0 | J115: ='RESUMEN TOTAL'!P124 -> 0 | K115: ='RESUMEN TOTAL'!Q124 -> 0 | L115: ='RESUMEN TOTAL'!R124 -> 0 | M115: ='RESUMEN TOTAL'!S124 -> 0 | ... AI115: ='RESUMEN TOTAL'!AO124 -> 0
A116: ='RESUMEN TOTAL'!A125 -> DON JOSE | B116: ='RESUMEN TOTAL'!B125 -> DJO01 | C116: ='RESUMEN TOTAL'!D125 -> Monteverde y Donato Alvarez | D116: ='RESUMEN TOTAL'!E125 -> Domo | E116: ='RESUMEN TOTAL'!F125 -> Radio | F116: ='RESUMEN TOTAL'!L125 -> APAGADO | G116: ='RESUMEN TOTAL'!M125 -> APAGADO | H116: ='RESUMEN TOTAL'!N125 -> 0 | I116: ='RESUMEN TOTAL'!O125 -> 0 | J116: ='RESUMEN TOTAL'!P125 -> 0 | K116: ='RESUMEN TOTAL'!Q125 -> 0 | L116: ='RESUMEN TOTAL'!R125 -> 0 | M116: ='RESUMEN TOTAL'!S125 -> 0 | ... AI116: ='RESUMEN TOTAL'!AO125 -> 0
A117: ='RESUMEN TOTAL'!A126 -> DON JOSE | B117: ='RESUMEN TOTAL'!B126 -> DJO 02 (fija 1) | C117: ='RESUMEN TOTAL'!D126 -> DONATO ALVAREZ Y EL APERO | D117: ='RESUMEN TOTAL'!E126 -> Fija | E117: ='RESUMEN TOTAL'!F126 -> PTO A FO | F117: ='RESUMEN TOTAL'!L126 -> 0 | G117: ='RESUMEN TOTAL'!M126 -> 0 | H117: ='RESUMEN TOTAL'!N126 -> 0 | I117: ='RESUMEN TOTAL'!O126 -> 0 | J117: ='RESUMEN TOTAL'!P126 -> 0 | K117: ='RESUMEN TOTAL'!Q126 -> 0 | L117: ='RESUMEN TOTAL'!R126 -> 0 | M117: ='RESUMEN TOTAL'!S126 -> 0 | ... AI117: ='RESUMEN TOTAL'!AO126 -> 0
A118: ='RESUMEN TOTAL'!A127 -> DON JOSE | B118: ='RESUMEN TOTAL'!B127 -> DJO 03 (fija 2) | C118: ='RESUMEN TOTAL'!D127 -> DONATO ALVAREZ Y EL APERO | D118: ='RESUMEN TOTAL'!E127 -> Fija | E118: ='RESUMEN TOTAL'!F127 -> PTO A FO | F118: ='RESUMEN TOTAL'!L127 -> 0 | G118: ='RESUMEN TOTAL'!M127 -> 0 | H118: ='RESUMEN TOTAL'!N127 -> 0 | I118: ='RESUMEN TOTAL'!O127 -> 0 | J118: ='RESUMEN TOTAL'!P127 -> 0 | K118: ='RESUMEN TOTAL'!Q127 -> 0 | L118: ='RESUMEN TOTAL'!R127 -> 0 | M118: ='RESUMEN TOTAL'!S127 -> 0 | ... AI118: ='RESUMEN TOTAL'!AO127 -> 0
A119: ='RESUMEN TOTAL'!A128 -> DON JOSE | B119: ='RESUMEN TOTAL'!B128 -> DJO 04 (Fija 1) | C119: ='RESUMEN TOTAL'!D128 -> MONTEVERDE Y EL INDIO | D119: ='RESUMEN TOTAL'!E128 -> Fija | E119: ='RESUMEN TOTAL'!F128 -> PTO A FO | F119: ='RESUMEN TOTAL'!L128 -> APAGADO | G119: ='RESUMEN TOTAL'!M128 -> APAGADO | H119: ='RESUMEN TOTAL'!N128 -> 0 | I119: ='RESUMEN TOTAL'!O128 -> 0 | J119: ='RESUMEN TOTAL'!P128 -> 0 | K119: ='RESUMEN TOTAL'!Q128 -> 0 | L119: ='RESUMEN TOTAL'!R128 -> 0 | M119: ='RESUMEN TOTAL'!S128 -> 0 | ... AI119: ='RESUMEN TOTAL'!AO128 -> 0
... A122: ='RESUMEN TOTAL'!A131 -> DON JOSE | B122: ='RESUMEN TOTAL'!B131 -> DJ 07 | C122: ='RESUMEN TOTAL'!D131 -> Calle 414 y El Indio | D122: ='RESUMEN TOTAL'!E131 -> Fija | E122: ='RESUMEN TOTAL'!F131 -> PTO A FO | F122: ='RESUMEN TOTAL'!L131 -> 0 | G122: ='RESUMEN TOTAL'!M131 -> 0 | H122: ='RESUMEN TOTAL'!N131 -> 0 | I122: ='RESUMEN TOTAL'!O131 -> 0 | J122: ='RESUMEN TOTAL'!P131 -> 0 | K122: ='RESUMEN TOTAL'!Q131 -> 0 | L122: ='RESUMEN TOTAL'!R131 -> 0 | M122: ='RESUMEN TOTAL'!S131 -> 0 | ... AI122: ='RESUMEN TOTAL'!AO131 -> 0
A123: ='RESUMEN TOTAL'!A134 -> EL PARQUE | B123: ='RESUMEN TOTAL'!B134 -> EPQ 01 | C123: ='RESUMEN TOTAL'!D134 -> 1282 Y GRIERSON | D123: ='RESUMEN TOTAL'!E134 -> DOMO | E123: ='RESUMEN TOTAL'!F134 -> Fibra Optica | F123: ='RESUMEN TOTAL'!L134 -> 0 | G123: ='RESUMEN TOTAL'!M134 -> 0 | H123: ='RESUMEN TOTAL'!N134 -> 0 | I123: ='RESUMEN TOTAL'!O134 -> 0 | J123: ='RESUMEN TOTAL'!P134 -> 0 | K123: ='RESUMEN TOTAL'!Q134 -> 0 | L123: ='RESUMEN TOTAL'!R134 -> 0 | M123: ='RESUMEN TOTAL'!S134 -> 0 | ... AI123: ='RESUMEN TOTAL'!AO134 -> 0
A124: ='RESUMEN TOTAL'!A135 -> EL PARQUE | B124: ='RESUMEN TOTAL'!B135 -> EPQ 02 | C124: ='RESUMEN TOTAL'!D135 -> 1282 Y MASSE | D124: ='RESUMEN TOTAL'!E135 -> DOMO | E124: ='RESUMEN TOTAL'!F135 -> Fibra Optica | F124: ='RESUMEN TOTAL'!L135 -> 0 | G124: ='RESUMEN TOTAL'!M135 -> 0 | H124: ='RESUMEN TOTAL'!N135 -> 0 | I124: ='RESUMEN TOTAL'!O135 -> 0 | J124: ='RESUMEN TOTAL'!P135 -> 0 | K124: ='RESUMEN TOTAL'!Q135 -> 0 | L124: ='RESUMEN TOTAL'!R135 -> 0 | M124: ='RESUMEN TOTAL'!S135 -> 0 | ... AI124: ='RESUMEN TOTAL'!AO135 -> 0
A125: ='RESUMEN TOTAL'!A136 -> EL PARQUE | B125: ='RESUMEN TOTAL'!B136 -> EPQ 03 | C125: ='RESUMEN TOTAL'!D136 -> 1282 Y RP 36 | D125: ='RESUMEN TOTAL'!E136 -> Domo | E125: ='RESUMEN TOTAL'!F136 -> Fibra Optica | F125: ='RESUMEN TOTAL'!L136 -> 0 | G125: ='RESUMEN TOTAL'!M136 -> 0 | H125: ='RESUMEN TOTAL'!N136 -> 0 | I125: ='RESUMEN TOTAL'!O136 -> 0 | J125: ='RESUMEN TOTAL'!P136 -> 0 | K125: ='RESUMEN TOTAL'!Q136 -> 0 | L125: ='RESUMEN TOTAL'!R136 -> 0 | M125: ='RESUMEN TOTAL'!S136 -> 0 | ... AI125: ='RESUMEN TOTAL'!AO136 -> 0
A126: ='RESUMEN TOTAL'!A137 -> EL PARQUE | B126: ='RESUMEN TOTAL'!B137 -> EPQ 04 | C126: ='RESUMEN TOTAL'!D137 -> 1282 Y MORENO | D126: ='RESUMEN TOTAL'!E137 -> DOMO | E126: ='RESUMEN TOTAL'!F137 -> Fibra Optica | F126: ='RESUMEN TOTAL'!L137 -> 0 | G126: ='RESUMEN TOTAL'!M137 -> 0 | H126: ='RESUMEN TOTAL'!N137 -> 0 | I126: ='RESUMEN TOTAL'!O137 -> 0 | J126: ='RESUMEN TOTAL'!P137 -> 0 | K126: ='RESUMEN TOTAL'!Q137 -> 0 | L126: ='RESUMEN TOTAL'!R137 -> 0 | M126: ='RESUMEN TOTAL'!S137 -> 0 | ... AI126: ='RESUMEN TOTAL'!AO137 -> 0
A127: ='RESUMEN TOTAL'!A138 -> LA ESMERALDA | B127: ='RESUMEN TOTAL'!B138 -> ESM01 | C127: ='RESUMEN TOTAL'!D138 -> Cabello y Brasil | D127: ='RESUMEN TOTAL'!E138 -> Domo | E127: ='RESUMEN TOTAL'!F138 -> Radio | F127: ='RESUMEN TOTAL'!L138 -> 0 | G127: ='RESUMEN TOTAL'!M138 -> 0 | H127: ='RESUMEN TOTAL'!N138 -> 0 | I127: ='RESUMEN TOTAL'!O138 -> 0 | J127: ='RESUMEN TOTAL'!P138 -> 0 | K127: ='RESUMEN TOTAL'!Q138 -> 0 | L127: ='RESUMEN TOTAL'!R138 -> 0 | M127: ='RESUMEN TOTAL'!S138 -> 0 | ... AI127: ='RESUMEN TOTAL'!AO138 -> 0
A128: ='RESUMEN TOTAL'!A139 -> SAN JORGE | B128: ='RESUMEN TOTAL'!B139 -> ESM02 | C128: ='RESUMEN TOTAL'!D139 -> Novak y Cabello | D128: ='RESUMEN TOTAL'!E139 -> Domo | E128: ='RESUMEN TOTAL'!F139 -> PTO A FO | F128: ='RESUMEN TOTAL'!L139 -> APAGADO | G128: ='RESUMEN TOTAL'!M139 -> 0 | H128: ='RESUMEN TOTAL'!N139 -> 0 | I128: ='RESUMEN TOTAL'!O139 -> 0 | J128: ='RESUMEN TOTAL'!P139 -> 0 | K128: ='RESUMEN TOTAL'!Q139 -> 0 | L128: ='RESUMEN TOTAL'!R139 -> 0 | M128: ='RESUMEN TOTAL'!S139 -> 0 | ... AI128: ='RESUMEN TOTAL'!AO139 -> 0
A129: ='RESUMEN TOTAL'!A140 -> SAN JORGE | B129: ='RESUMEN TOTAL'!B140 -> ESM03 | C129: ='RESUMEN TOTAL'!D140 -> Novak y Humahuaca | D129: ='RESUMEN TOTAL'!E140 -> DOMO | E129: ='RESUMEN TOTAL'!F140 -> PTO A FO | F129: ='RESUMEN TOTAL'!L140 -> APAGADO | G129: ='RESUMEN TOTAL'!M140 -> 0 | H129: ='RESUMEN TOTAL'!N140 -> 0 | I129: ='RESUMEN TOTAL'!O140 -> 0 | J129: ='RESUMEN TOTAL'!P140 -> 0 | K129: ='RESUMEN TOTAL'!Q140 -> 0 | L129: ='RESUMEN TOTAL'!R140 -> 0 | M129: ='RESUMEN TOTAL'!S140 -> 0 | ... AI129: ='RESUMEN TOTAL'!AO140 -> 0
A130: ='RESUMEN TOTAL'!A141 -> LA ESMERALDA | B130: ='RESUMEN TOTAL'!B141 -> ESM04 | C130: ='RESUMEN TOTAL'!D141 -> Basualdo y Bengochea | D130: ='RESUMEN TOTAL'!E141 -> Domo | E130: ='RESUMEN TOTAL'!F141 -> Fibra Optica | F130: ='RESUMEN TOTAL'!L141 -> 0 | G130: ='RESUMEN TOTAL'!M141 -> 0 | H130: ='RESUMEN TOTAL'!N141 -> 0 | I130: ='RESUMEN TOTAL'!O141 -> 0 | J130: ='RESUMEN TOTAL'!P141 -> 0 | K130: ='RESUMEN TOTAL'!Q141 -> 0 | L130: ='RESUMEN TOTAL'!R141 -> 0 | M130: ='RESUMEN TOTAL'!S141 -> 0 | ... AI130: ='RESUMEN TOTAL'!AO141 -> 0
A131: ='RESUMEN TOTAL'!A142 -> LA ESMERALDA | B131: ='RESUMEN TOTAL'!B142 -> ESM05 | C131: ='RESUMEN TOTAL'!D142 -> Aniceto Diaz y Villar | D131: ='RESUMEN TOTAL'!E142 -> Domo | E131: ='RESUMEN TOTAL'!F142 -> Fibra Optica | F131: ='RESUMEN TOTAL'!L142 -> 0 | G131: ='RESUMEN TOTAL'!M142 -> 0 | H131: ='RESUMEN TOTAL'!N142 -> 0 | I131: ='RESUMEN TOTAL'!O142 -> 0 | J131: ='RESUMEN TOTAL'!P142 -> 0 | K131: ='RESUMEN TOTAL'!Q142 -> 0 | L131: ='RESUMEN TOTAL'!R142 -> 0 | M131: ='RESUMEN TOTAL'!S142 -> 0 | ... AI131: ='RESUMEN TOTAL'!AO142 -> 0
A132: ='RESUMEN TOTAL'!A143 -> LA ESMERALDA | B132: ='RESUMEN TOTAL'!B143 -> ESM06 | C132: ='RESUMEN TOTAL'!D143 -> Roselli y Cabello | D132: ='RESUMEN TOTAL'!E143 -> Domo | E132: ='RESUMEN TOTAL'!F143 -> Radio | F132: ='RESUMEN TOTAL'!L143 -> 0 | G132: ='RESUMEN TOTAL'!M143 -> 0 | H132: ='RESUMEN TOTAL'!N143 -> 0 | I132: ='RESUMEN TOTAL'!O143 -> 0 | J132: ='RESUMEN TOTAL'!P143 -> 0 | K132: ='RESUMEN TOTAL'!Q143 -> 0 | L132: ='RESUMEN TOTAL'!R143 -> 0 | M132: ='RESUMEN TOTAL'!S143 -> 0 | ... AI132: ='RESUMEN TOTAL'!AO143 -> 0
A133: ='RESUMEN TOTAL'!A144 -> LA ESMERALDA | B133: ='RESUMEN TOTAL'!B144 -> ESM07 | C133: ='RESUMEN TOTAL'!D144 -> AV. NOVAK Y SERRANO | D133: ='RESUMEN TOTAL'!E144 -> DOMO | E133: ='RESUMEN TOTAL'!F144 -> PTO A FO | F133: ='RESUMEN TOTAL'!L144 -> APAGADO | G133: ='RESUMEN TOTAL'!M144 -> 0 | H133: ='RESUMEN TOTAL'!N144 -> 0 | I133: ='RESUMEN TOTAL'!O144 -> 0 | J133: ='RESUMEN TOTAL'!P144 -> 0 | K133: ='RESUMEN TOTAL'!Q144 -> 0 | L133: ='RESUMEN TOTAL'!R144 -> 0 | M133: ='RESUMEN TOTAL'!S144 -> 0 | ... AI133: ='RESUMEN TOTAL'!AO144 -> 0
A134: ='RESUMEN TOTAL'!A145 -> LA ESMERALDA | B134: ='RESUMEN TOTAL'!B145 -> ESM 08 | C134: ='RESUMEN TOTAL'!D145 -> DAVINSON Y MORANCHEL | D134: ='RESUMEN TOTAL'!E145 -> FIJA | E134: ='RESUMEN TOTAL'!F145 -> Radio | F134: ='RESUMEN TOTAL'!L145 -> 0 | G134: ='RESUMEN TOTAL'!M145 -> 0 | H134: ='RESUMEN TOTAL'!N145 -> 0 | I134: ='RESUMEN TOTAL'!O145 -> 0 | J134: ='RESUMEN TOTAL'!P145 -> 0 | K134: ='RESUMEN TOTAL'!Q145 -> 0 | L134: ='RESUMEN TOTAL'!R145 -> 0 | M134: ='RESUMEN TOTAL'!S145 -> 0 | ... AI134: ='RESUMEN TOTAL'!AO145 -> 0
... A172: ='RESUMEN TOTAL'!A183 -> LA PILETA | B172: ='RESUMEN TOTAL'!B183 -> LPI04 (fija 1) | C172: ='RESUMEN TOTAL'!D183 -> MAIPU Y POSADAS | D172: ='RESUMEN TOTAL'!E183 -> FIJA | E172: ='RESUMEN TOTAL'!F183 -> Fibra Optica | F172: ='RESUMEN TOTAL'!L183 -> 0 | G172: ='RESUMEN TOTAL'!M183 -> 0 | H172: ='RESUMEN TOTAL'!N183 -> 0 | I172: ='RESUMEN TOTAL'!O183 -> 0 | J172: ='RESUMEN TOTAL'!P183 -> 0 | K172: ='RESUMEN TOTAL'!Q183 -> 0 | L172: ='RESUMEN TOTAL'!R183 -> 0 | M172: ='RESUMEN TOTAL'!S183 -> 0 | ... AI172: ='RESUMEN TOTAL'!AO183 -> 0
A173: ='RESUMEN TOTAL'!A186 -> LOS PILARES | B173: ='RESUMEN TOTAL'!B186 -> LPR 01 | C173: ='RESUMEN TOTAL'!D186 -> EVA PERON E/ CACHEUTA Y 1406 | D173: ='RESUMEN TOTAL'!E186 -> DOMO | E173: ='RESUMEN TOTAL'!F186 -> Fibra Optica | F173: ='RESUMEN TOTAL'!L186 -> 0 | G173: ='RESUMEN TOTAL'!M186 -> 0 | H173: ='RESUMEN TOTAL'!N186 -> 0 | I173: ='RESUMEN TOTAL'!O186 -> 0 | J173: ='RESUMEN TOTAL'!P186 -> 0 | K173: ='RESUMEN TOTAL'!Q186 -> 0 | L173: ='RESUMEN TOTAL'!R186 -> 0 | M173: ='RESUMEN TOTAL'!S186 -> 0 | ... AI173: ='RESUMEN TOTAL'!AO186 -> 0
A174: ='RESUMEN TOTAL'!A187 -> LOS PILARES | B174: ='RESUMEN TOTAL'!B187 -> LPR02 (fija 1) | C174: ='RESUMEN TOTAL'!D187 -> EVA PERON Y CACHEUTA | D174: ='RESUMEN TOTAL'!E187 -> Fija | E174: ='RESUMEN TOTAL'!F187 -> Fibra Optica | F174: ='RESUMEN TOTAL'!L187 -> 0 | G174: ='RESUMEN TOTAL'!M187 -> 0 | H174: ='RESUMEN TOTAL'!N187 -> 0 | I174: ='RESUMEN TOTAL'!O187 -> 0 | J174: ='RESUMEN TOTAL'!P187 -> 0 | K174: ='RESUMEN TOTAL'!Q187 -> 0 | L174: ='RESUMEN TOTAL'!R187 -> 0 | M174: ='RESUMEN TOTAL'!S187 -> 0 | ... AI174: ='RESUMEN TOTAL'!AO187 -> 0
A175: ='RESUMEN TOTAL'!A188 -> LOS PILARES | B175: ='RESUMEN TOTAL'!B188 -> LPR03 (fija 2) | C175: ='RESUMEN TOTAL'!D188 -> EVA PERON Y CACHEUTA | D175: ='RESUMEN TOTAL'!E188 -> Fija | E175: ='RESUMEN TOTAL'!F188 -> Fibra Optica | F175: ='RESUMEN TOTAL'!L188 -> 0 | G175: ='RESUMEN TOTAL'!M188 -> 0 | H175: ='RESUMEN TOTAL'!N188 -> 0 | I175: ='RESUMEN TOTAL'!O188 -> 0 | J175: ='RESUMEN TOTAL'!P188 -> 0 | K175: ='RESUMEN TOTAL'!Q188 -> 0 | L175: ='RESUMEN TOTAL'!R188 -> 0 | M175: ='RESUMEN TOTAL'!S188 -> 0 | ... AI175: ='RESUMEN TOTAL'!AO188 -> 0
A176: ='RESUMEN TOTAL'!A189 -> LOPEZ ROMERO | B176: ='RESUMEN TOTAL'!B189 -> LRO 05 | C176: ='RESUMEN TOTAL'!D189 -> Calchaqui y Las Americas | D176: ='RESUMEN TOTAL'!E189 -> Fija | E176: ='RESUMEN TOTAL'!F189 -> Fibra Optica | F176: ='RESUMEN TOTAL'!L189 -> 0 | G176: ='RESUMEN TOTAL'!M189 -> 0 | H176: ='RESUMEN TOTAL'!N189 -> 0 | I176: ='RESUMEN TOTAL'!O189 -> 0 | J176: ='RESUMEN TOTAL'!P189 -> 0 | K176: ='RESUMEN TOTAL'!Q189 -> 0 | L176: ='RESUMEN TOTAL'!R189 -> 0 | M176: ='RESUMEN TOTAL'!S189 -> 0 | ... AI176: ='RESUMEN TOTAL'!AO189 -> 0
A177: ='RESUMEN TOTAL'!A190 -> LOPEZ ROMERO | B177: ='RESUMEN TOTAL'!B190 -> LRO 09 | C177: ='RESUMEN TOTAL'!D190 -> Las Americas y Braile | D177: ='RESUMEN TOTAL'!E190 -> Domo | E177: ='RESUMEN TOTAL'!F190 -> Fibra Optica | F177: ='RESUMEN TOTAL'!L190 -> 0 | G177: ='RESUMEN TOTAL'!M190 -> 0 | H177: ='RESUMEN TOTAL'!N190 -> 0 | I177: ='RESUMEN TOTAL'!O190 -> 0 | J177: ='RESUMEN TOTAL'!P190 -> 0 | K177: ='RESUMEN TOTAL'!Q190 -> 0 | L177: ='RESUMEN TOTAL'!R190 -> 0 | M177: ='RESUMEN TOTAL'!S190 -> 0 | ... AI177: ='RESUMEN TOTAL'!AO190 -> 0
A178: ='RESUMEN TOTAL'!A191 -> LOPEZ ROMERO | B178: ='RESUMEN TOTAL'!B191 -> LRO 10 | C178: ='RESUMEN TOTAL'!D191 -> Con. Gral. Belgrano y Balcarce | D178: ='RESUMEN TOTAL'!E191 -> Domo | E178: ='RESUMEN TOTAL'!F191 -> Fibra Optica | F178: ='RESUMEN TOTAL'!L191 -> 0 | G178: ='RESUMEN TOTAL'!M191 -> 0 | H178: ='RESUMEN TOTAL'!N191 -> 0 | I178: ='RESUMEN TOTAL'!O191 -> 0 | J178: ='RESUMEN TOTAL'!P191 -> 0 | K178: ='RESUMEN TOTAL'!Q191 -> 0 | L178: ='RESUMEN TOTAL'!R191 -> 0 | M178: ='RESUMEN TOTAL'!S191 -> 0 | ... AI178: ='RESUMEN TOTAL'!AO191 -> 0
A179: ='RESUMEN TOTAL'!A192 -> LOPEZ ROMERO | B179: ='RESUMEN TOTAL'!B192 -> LRO 12 (fija 1) | C179: ='RESUMEN TOTAL'!D192 -> LAS AMERICAS E/ BRAILLE Y ALVARADO | D179: ='RESUMEN TOTAL'!E192 -> Fija | E179: ='RESUMEN TOTAL'!F192 -> Fibra Optica | F179: ='RESUMEN TOTAL'!L192 -> 0 | G179: ='RESUMEN TOTAL'!M192 -> 0 | H179: ='RESUMEN TOTAL'!N192 -> 0 | I179: ='RESUMEN TOTAL'!O192 -> 0 | J179: ='RESUMEN TOTAL'!P192 -> 0 | K179: ='RESUMEN TOTAL'!Q192 -> 0 | L179: ='RESUMEN TOTAL'!R192 -> 0 | M179: ='RESUMEN TOTAL'!S192 -> 0 | ... AI179: ='RESUMEN TOTAL'!AO192 -> 0
