Workbook
Name _25_de_agosto: 'RESUMEN TOTAL'!$A$7:$D$425
Name _25_de_agosto_3: 'RESUMEN TOTAL'!$A$7:$D$437
Name _30_mar: #REF!
Name BONOMOcam: Hoja1!$B$2
Name CANTIDAD_DE_CAMARAS: 'RESUMEN TOTAL'!$B$1
Name COSEIDIcam: Hoja1!$B$4

Sheet RESUMEN TOTAL
A1: CANTIDAD DE CAMARAS | B1: =COUNTA(B8:B657) -> 496 | D1: PORCIENTO DE CAIDAS | L1: =(L3)/(L2+L3) -> 0.12212389 | M1: =(M3)/(M2+M3) -> 0.14629948 | N1: =(N3)/(N2+N3) -> 0.14629948 | O1: =(O3)/(O2+O3) -> 0.17056856 | P1: =(P3)/(P2+P3) -> 0.18688525 | Q1: =(Q3)/(Q2+Q3) -> 0.16917923 | R1: =(R3)/(R2+R3) -> 0.197411 | S1: =(S3)/(S2+S3) -> 0.16498316 | ... X1: =(X3)/(X2+X3) -> 0.12056738 | Z1: =(Z3)/(Z2+Z3) -> 0.11111111 | AA1: =(AA3)/(AA2+AA3) -> 0.12212389 | AB1: =(AB3)/(AB2+AB3) -> 0 | AC1: =(AC3)/(AC2+AC3) -> 0 | AD1: =(AD3)/(AD2+AD3) -> 0 | AE1: =(AE3)/(AE2+AE3) -> 0 | AF1: =(AF3)/(AF2+AF3) -> 0 | AG1: =(AG3)/(AG2+AG3) -> 0 | ... AP1: =(AP3)/(AP2+AP3) -> 0
D2: FUNCIONAN | L2: =CANTIDAD_DE_CAMARAS -> 496 | M2: =CANTIDAD_DE_CAMARAS -> 496 | N2: =CANTIDAD_DE_CAMARAS -> 496 | O2: =CANTIDAD_DE_CAMARAS -> 496 | P2: =CANTIDAD_DE_CAMARAS -> 496 | Q2: =CANTIDAD_DE_CAMARAS -> 496 | R2: =CANTIDAD_DE_CAMARAS -> 496 | S2: =CANTIDAD_DE_CAMARAS -> 496 | ... AP2: =CANTIDAD_DE_CAMARAS -> 496
D3: CAIDAS | L3: =COUNTIF(L7:L657, "apagado") -> 69 | M3: =COUNTIF(M7:M657, "apagado") -> 85 | N3: =COUNTIF(N7:N657, "apagado") -> 85 | O3: =COUNTIF(O7:O657, "apagado") -> 102 | P3: =COUNTIF(P7:P657, "apagado") -> 114 | Q3: =COUNTIF(Q7:Q657, "apagado") -> 101 | R3: =COUNTIF(R7:R657, "apagado") -> 122 | S3: =COUNTIF(S7:S657, "apagado") -> 98 | ... AP3: =COUNTIF(AP7:AP657, "apagado") -> 0
D4: APAGADOS FIBRA | L4: =COUNTIFS(L8:L611, "=APAGADO",F8:F611,"=Fibra Optica") -> 40 | M4: =COUNTIFS(M8:M611, "=APAGADO",F8:F611,"=Fibra Optica") -> 54 | N4: =COUNTIFS(N8:N611, "=APAGADO",F8:F611,"=Fibra Optica") -> 54 | O4: =COUNTIFS(O8:O611, "=APAGADO",F8:F611,"=Fibra Optica") -> 64 | P4: =COUNTIFS(P8:P611, "=APAGADO",F8:F611,"=Fibra Optica") -> 83 | Q4: =COUNTIFS(Q8:Q611, "=APAGADO",F8:F611,"=Fibra Optica") -> 68 | R4: =COUNTIFS(R8:R611, "=APAGADO",F8:F611,"=Fibra Optica") -> 88 | S4: =COUNTIFS(S8:S611, "=APAGADO",F8:F611,"=Fibra Optica") -> 69 | T4: =COUNTIFS(T8:T611, "=APAGADO",F8:F611,"=Fibra Optica") -> 43 | U4: =COUNTIFS(U8:U611, "=APAGADO",F8:F611,"=Fibra Optica") -> 49 | V4: =COUNTIFS(V8:V611, "=APAGADO",F8:F611,"=Fibra Optica") -> 48 | W4: =COUNTIFS(W8:W611, "=APAGADO",F8:F611,"=Fibra Optica") -> 39 | X4: =COUNTIFS(X8:X611, "=APAGADO",F8:F611,"=Fibra Optica") -> 44 | Y4: =COUNTIFS(Y8:Y611, "=APAGADO",F8:F611,"=Fibra Optica") -> 32 | Z4: =COUNTIFS(Z8:Z611, "=APAGADO",F8:F611,"=Fibra Optica") -> 39 | AA4: =COUNTIFS(AA8:AA611, "=APAGADO",F8:F611,"=Fibra Optica") -> 48 | AB4: =COUNTIFS(AB8:AB611, "=APAGADO",F8:F611,"=Fibra Optica") -> 0 | AC4: =COUNTIFS(AC8:AC611, "=APAGADO",F8:F611,"=Fibra Optica") -> 0 | AD4: =COUNTIFS(AD8:AD611, "=APAGADO",F8:F611,"=Fibra Optica") -> 0 | AE4: =COUNTIFS(AE8:AE611, "=APAGADO",F8:F611,"=Fibra Optica") -> 0 | AF4: =COUNTIFS(AF8:AF611, "=APAGADO",F8:F611,"=Fibra Optica") -> 0 | AG4: =COUNTIFS(AG8:AG611, "=APAGADO",F8:F611,"=Fibra Optica") -> 0 | AH4: =COUNTIFS(AH8:AH611, "=APAGADO",F8:F611,"=Fibra Optica") -> 0 | AI4: =COUNTIFS(AI8:AI611, "=APAGADO",F8:F611,"=Fibra Optica") -> 0 | AJ4: =COUNTIFS(AJ8:AJ611, "=APAGADO",F8:F611,"=Fibra Optica") -> 0 | AK4: =COUNTIFS(AK8:AK611, "=APAGADO",F8:F611,"=Fibra Optica") -> 0 | AL4: =COUNTIFS(AL8:AL611, "=APAGADO",F8:F611,"=Fibra Optica") -> 0 | AM4: =COUNTIFS(AM8:AM611, "=APAGADO",F8:F611,"=Fibra Optica") -> 0 | AN4: =COUNTIFS(AN8:AN611, "=APAGADO",F8:F611,"=Fibra Optica") -> 0 | AO4: =COUNTIFS(AO8:AO611, "=APAGADO",F8:F611,"=Fibra Optica") -> 0 | AP4: =COUNTIFS(AP8:AP611, "=APAGADO",G8:G611,"=Fibra Optica") -> 0
D5: APAGADOS RADIO | L5: =COUNTIFS(L8:L611, "=APAGADO",F8:F611,"=RADIO") -> 13 | M5: =COUNTIFS(M8:M611, "=APAGADO",F8:F611,"=RADIO") -> 15 | N5: =COUNTIFS(N8:N611, "=APAGADO",F8:F611,"=RADIO") -> 15 | O5: =COUNTIFS(O8:O611, "=APAGADO",F8:F611,"=RADIO") -> 22 | P5: =COUNTIFS(P8:P611, "=APAGADO",F8:F611,"=RADIO") -> 17 | Q5: =COUNTIFS(Q8:Q611, "=APAGADO",F8:F611,"=RADIO") -> 21 | R5: =COUNTIFS(R8:R611, "=APAGADO",F8:F611,"=RADIO") -> 21 | S5: =COUNTIFS(S8:S611, "=APAGADO",F8:F611,"=RADIO") -> 17 | T5: =COUNTIFS(T8:T611, "=APAGADO",F8:F611,"=RADIO") -> 25 | U5: =COUNTIFS(U8:U611, "=APAGADO",F8:F611,"=RADIO") -> 17 | V5: =COUNTIFS(V8:V611, "=APAGADO",F8:F611,"=RADIO") -> 17 | W5: =COUNTIFS(W8:W611, "=APAGADO",F8:F611,"=RADIO") -> 13 | X5: =COUNTIFS(X8:X611, "=APAGADO",F8:F611,"=RADIO") -> 13 | Y5: =COUNTIFS(Y8:Y611, "=APAGADO",F8:F611,"=RADIO") -> 13 | Z5: =COUNTIFS(Z8:Z611, "=APAGADO",F8:F611,"=RADIO") -> 11 | AA5: =COUNTIFS(AA8:AA611, "=APAGADO",F8:F611,"=RADIO") -> 12 | AB5: =COUNTIFS(AB8:AB611, "=APAGADO",F8:F611,"=RADIO") -> 0 | AC5: =COUNTIFS(AC8:AC611, "=APAGADO",F8:F611,"=RADIO") -> 0 | AD5: =COUNTIFS(AD8:AD611, "=APAGADO",F8:F611,"=RADIO") -> 0 | AE5: =COUNTIFS(AE8:AE611, "=APAGADO",F8:F611,"=RADIO") -> 0 | AF5: =COUNTIFS(AF8:AF611, "=APAGADO",F8:F611,"=RADIO") -> 0 | AG5: =COUNTIFS(AG8:AG611, "=APAGADO",F8:F611,"=RADIO") -> 0 | AH5: =COUNTIFS(AH8:AH611, "=APAGADO",F8:F611,"=RADIO") -> 0 | AI5: =COUNTIFS(AI8:AI611, "=APAGADO",F8:F611,"=RADIO") -> 0 | AJ5: =COUNTIFS(AJ8:AJ611, "=APAGADO",F8:F611,"=RADIO") -> 0 | AK5: =COUNTIFS(AK8:AK611, "=APAGADO",F8:F611,"=RADIO") -> 0 | AL5: =COUNTIFS(AL8:AL611, "=APAGADO",F8:F611,"=RADIO") -> 0 | AM5: =COUNTIFS(AM8:AM611, "=APAGADO",F8:F611,"=RADIO") -> 0 | AN5: =COUNTIFS(AN8:AN611, "=APAGADO",F8:F611,"=RADIO") -> 0 | AO5: =COUNTIFS(AO8:AO611, "=APAGADO",F8:F611,"=RADIO") -> 0 | AP5: =COUNTIFS(AP8:AP611, "=APAGADO",G8:G611,"=RADIO") -> 0
D6: APAGADOS ANTENA | L6: =COUNTIFS(L8:L611, "=APAGADO",F8:F611,"=PTO A FO") -> 7 | M6: =COUNTIFS(M8:M611, "=APAGADO",F8:F611,"=PTO A FO") -> 8 | N6: =COUNTIFS(N8:N611, "=APAGADO",F8:F611,"=PTO A FO") -> 8 | O6: =COUNTIFS(O8:O611, "=APAGADO",F8:F611,"=PTO A FO") -> 10 | P6: =COUNTIFS(P8:P611, "=APAGADO",F8:F611,"=PTO A FO") -> 8 | Q6: =COUNTIFS(Q8:Q611, "=APAGADO",F8:F611,"=PTO A FO") -> 6 | R6: =COUNTIFS(R8:R611, "=APAGADO",F8:F611,"=PTO A FO") -> 7 | S6: =COUNTIFS(S8:S611, "=APAGADO",F8:F611,"=PTO A FO") -> 6 | T6: =COUNTIFS(T8:T611, "=APAGADO",F8:F611,"=PTO A FO") -> 6 | U6: =COUNTIFS(U8:U611, "=APAGADO",F8:F611,"=PTO A FO") -> 6 | V6: =COUNTIFS(V8:V611, "=APAGADO",F8:F611,"=PTO A FO") -> 7 | W6: =COUNTIFS(W8:W611, "=APAGADO",F8:F611,"=PTO A FO") -> 6 | X6: =COUNTIFS(X8:X611, "=APAGADO",F8:F611,"=PTO A FO") -> 6 | Y6: =COUNTIFS(Y8:Y611, "=APAGADO",F8:F611,"=PTO A FO") -> 6 | Z6: =COUNTIFS(Z8:Z611, "=APAGADO",F8:F611,"=PTO A FO") -> 7 | AA6: =COUNTIFS(AA8:AA611, "=APAGADO",F8:F611,"=PTO A FO") -> 6 | AB6: =COUNTIFS(AB8:AB611, "=APAGADO",F8:F611,"=PTO A FO") -> 0 | AC6: =COUNTIFS(AC8:AC611, "=APAGADO",F8:F611,"=PTO A FO") -> 0 | AD6: =COUNTIFS(AD8:AD611, "=APAGADO",F8:F611,"=PTO A FO") -> 0 | AE6: =COUNTIFS(AE8:AE611, "=APAGADO",F8:F611,"=PTO A FO") -> 0 | AF6: =COUNTIFS(AF8:AF611, "=APAGADO",F8:F611,"=PTO A FO") -> 0 | AG6: =COUNTIFS(AG8:AG611, "=APAGADO",F8:F611,"=PTO A FO") -> 0 | AH6: =COUNTIFS(AH8:AH611, "=APAGADO",F8:F611,"=PTO A FO") -> 0 | AI6: =COUNTIFS(AI8:AI611, "=APAGADO",F8:F611,"=PTO A FO") -> 0 | AJ6: =COUNTIFS(AJ8:AJ611, "=APAGADO",F8:F611,"=PTO A FO") -> 0 | AK6: =COUNTIFS(AK8:AK611, "=APAGADO",F8:F611,"=PTO A FO") -> 0 | AL6: =COUNTIFS(AL8:AL611, "=APAGADO",F8:F611,"=PTO A FO") -> 0 | AM6: =COUNTIFS(AM8:AM611, "=APAGADO",F8:F611,"=PTO A FO") -> 0 | AN6: =COUNTIFS(AN8:AN611, "=APAGADO",F8:F611,"=PTO A FO") -> 0 | AO6: =COUNTIFS(AO8:AO611, "=APAGADO",F8:F611,"=PTO A FO") -> 0 | AP6: =COUNTIFS(AP8:AP611, "=APAGADO",G8:G611,"=PTO A FO") -> 0
A7: Barrio | B7: [Denominacion] | C7: [Empresa Mantenimiento] | D7: [Ubicacion] | E7: [Tipo de Camara] | F7: [Tipo de Conexion] | G7: Destino | I7: DIAS FUNCIONANDO | J7: DIAS CAIDA | K7: EFECTIVIDAD | L7: 45839 | M7: 45840 | N7: 45841 | O7: 45842 | P7: 45843 | Q7: 45844 | R7: 45845 | S7: 45846 | T7: 45847 | U7: 45848 | V7: 45849 | W7: 45850 | X7: 45851 | Y7: 45852 | Z7: 45853 | AA7: 45854 | AB7: 45855 | AC7: 45856 | AD7: 45857 | AE7: 45858 | AF7: 45859 | AG7: 45860 | AH7: 45861 | AI7: 45862 | AJ7: 45863 | AK7: 45864 | AL7: 45865 | AM7: 45866 | AN7: 45867 | AO7: 45868 | AP7: 45869
A8: ALTAMIRA | B8: ALT01 | C8: BONOMO | D8: Calchaqui y Sgto. Cabral | E8: Domo | F8: Fibra Optica | H8: 172.20.10.6 | I8: =COUNTIF(L8:AM8,"") -> 28 | J8: =COUNTIF(L8:AM8,"APAGADO") -> 0 | K8: =(I8)/(J8+I8) -> 1
A9: ALTAMIRA | B9: ALT02 | C9: BONOMO | D9: Calchaqui y Lope de Vega | E9: Domo | F9: PTO A FO | G9: CABRAL Y CALCHAQUI | H9: 172.20.12.218 | I9: =COUNTIF(L9:AM9,"") -> 28 | J9: =COUNTIF(L9:AM9,"APAGADO") -> 0 | K9: =(I9)/(J9+I9) -> 1
A10: ALTAMIRA | B10: ALT 03 | C10: BONOMO | D10: Bombero Galarza y Necochea | E10: Domo | F10: Fibra Optica | H10: 172.20.12.54 | I10: =COUNTIF(L10:AM10,"") -> 25 | J10: =COUNTIF(L10:AM10,"APAGADO") -> 3 | K10: =(I10)/(J10+I10) -> 0.89285714 | M10: APAGADO | N10: APAGADO | O10: APAGADO
A11: ALTAMIRA | B11: ALT 04 | C11: BONOMO | D11: Francia y Necochea | E11: Domo | F11: Fibra Optica | H11: 172.20.12.55 | I11: =COUNTIF(L11:AM11,"") -> 21 | J11: =COUNTIF(L11:AM11,"APAGADO") -> 7 | K11: =(I11)/(J11+I11) -> 0.75 | O11: APAGADO | P11: APAGADO | R11: APAGADO | S11: APAGADO | U11: APAGADO | V11: APAGADO | Z11: APAGADO
A12: ALTAMIRA | B12: ALT05 | C12: BONOMO | D12: Av. Calchaqui y Bombero Galarza | E12: Domo | F12: PTO A FO | G12: NECOCHEA Y GALARZA | H12: 172.20.12.216 | I12: =COUNTIF(L12:AM12,"") -> 23 | J12: =COUNTIF(L12:AM12,"APAGADO") -> 5 | K12: =(I12)/(J12+I12) -> 0.82142857 | W12: APAGADO | X12: APAGADO | Y12: APAGADO | Z12: APAGADO | AA12: APAGADO
A13: ALTAMIRA | B13: ALT 06 | C13: BONOMO | D13: LOPE DE VEGA Y NECOCHEA | E13: Domo | F13: PTO A FO | G13: NECOCHEA Y GALARZA | H13: 172.20.12.12 | I13: =COUNTIF(L13:AM13,"") -> 28 | J13: =COUNTIF(L13:AM13,"APAGADO") -> 0 | K13: =(I13)/(J13+I13) -> 1
A14: ALTAMIRA | B14: ALT07 | C14: BONOMO | D14: AV. CALCHAQUI Y AV. DEL TRABAJO | E14: DOMO | F14: PTO A FO | G14: CABRAL Y CALCHAQUI | H14: 172.20.10.57 | I14: =COUNTIF(L14:AM14,"") -> 28 | J14: =COUNTIF(L14:AM14,"APAGADO") -> 0 | K14: =(I14)/(J14+I14) -> 1
A15: ALTAMIRA | B15: ALT 08 | C15: BONOMO | D15: HUMAITA Y NECOCHEA | E15: DOMO | F15: Fibra Optica | H15: 172.20.11.215 | I15: =COUNTIF(L15:AM15,"") -> 28 | J15: =COUNTIF(L15:AM15,"APAGADO") -> 0 | K15: =(I15)/(J15+I15) -> 1
A16: ALTAMIRA | B16: ALT 09 | C16: BONOMO | D16: NECOCHEA Y CURUPAITY | E16: DOMO | F16: Fibra Optica | H16: 172.20.11.216 | I16: =COUNTIF(L16:AM16,"") -> 28 | J16: =COUNTIF(L16:AM16,"APAGADO") -> 0 | K16: =(I16)/(J16+I16) -> 1
A17: ALTAMIRA | B17: ALT 10 | C17: BONOMO | D17: Calchaqui y Francia | E17: Domo | F17: Radio | H17: 172.20.12.156 | I17: =COUNTIF(L17:AM17,"") -> 20 | J17: =COUNTIF(L17:AM17,"APAGADO") -> 8 | K17: =(I17)/(J17+I17) -> 0.71428571 | T17: APAGADO | U17: APAGADO | V17: APAGADO | W17: APAGADO | X17: APAGADO | Y17: APAGADO | Z17: APAGADO | AA17: APAGADO
A18: ALTAMIRA | B18: ALT 11 | C18: BONOMO | D18: CALCHAQUÍ Y GALARZA FIJA | E18: Fija | F18: Fibra Optica | H18: 172.20.12.241 | I18: =COUNTIF(L18:AM18,"") -> 23 | J18: =COUNTIF(L18:AM18,"APAGADO") -> 5 | K18: =(I18)/(J18+I18) -> 0.82142857 | W18: APAGADO | X18: APAGADO | Y18: APAGADO | Z18: APAGADO | AA18: APAGADO
A19: AGUSTIN RAMIREZ | B19: ARA 01 | C19: BONOMO | D19: Malambo y Tranquera | E19: Domo | F19: Fibra Optica | H19: 172.20.12.110 | I19: =COUNTIF(L19:AM19,"") -> 26 | J19: =COUNTIF(L19:AM19,"APAGADO") -> 2 | K19: =(I19)/(J19+I19) -> 0.92857143 | W19: APAGADO | X19: APAGADO
A20: BELGRANO | B20: BEL 01 | C20: BONOMO | D20: San Martin y Dardo Rocha | E20: DOMO | F20: Fibra Optica | H20: 172.20.12.64 | I20: =COUNTIF(L20:AM20,"") -> 28 | J20: =COUNTIF(L20:AM20,"APAGADO") -> 0 | K20: =(I20)/(J20+I20) -> 1
A21: BELGRANO | B21: BEL 02 | C21: BONOMO | D21: Guardia vieja y Fronteriz | E21: DOMO | F21: Fibra Optica | H21: 172.20.10.117 | I21: =COUNTIF(L21:AM21,"") -> 28 | J21: =COUNTIF(L21:AM21,"APAGADO") -> 0 | K21: =(I21)/(J21+I21) -> 1
A22: BOSQUES CENTRO | B22: BOSQC 01 | C22: COSEIDI | D22: LUIS AGOTE E/DANUNCIO Y CAMPOAMOR | E22: Fija | F22: Radio | H22: 172.20.11.15 | I22: =COUNTIF(L22:AM22,"") -> 17 | J22: =COUNTIF(L22:AM22,"APAGADO") -> 11 | K22: =(I22)/(J22+I22) -> 0.60714286 | L22: APAGADO | M22: APAGADO | N22: APAGADO | O22: APAGADO | P22: APAGADO | Q22: APAGADO | R22: APAGADO | S22: APAGADO | T22: APAGADO | U22: APAGADO | V22: APAGADO
A23: BOSQUES CENTRO | B23: BOSQC 02 | C23: COSEIDI | D23: LUIS AGOTE E/DANUNCIO Y CAMPOAMOR | E23: Fija | F23: Radio | H23: 172.20.11.16 | I23: =COUNTIF(L23:AM23,"") -> 17 | J23: =COUNTIF(L23:AM23,"APAGADO") -> 11 | K23: =(I23)/(J23+I23) -> 0.60714286 | L23: APAGADO | M23: APAGADO | N23: APAGADO | O23: APAGADO | P23: APAGADO | Q23: APAGADO | R23: APAGADO | S23: APAGADO | T23: APAGADO | U23: APAGADO | V23: APAGADO
A24: BOSQUES CENTRO | B24: BOSQC 03 | C24: COSEIDI | D24: BENAVENTE Y LUIS AGOTE | E24: Fija | F24: Radio | H24: 172.20.11.13 | I24: =COUNTIF(L24:AM24,"") -> 17 | J24: =COUNTIF(L24:AM24,"APAGADO") -> 11 | K24: =(I24)/(J24+I24) -> 0.60714286 | L24: APAGADO | M24: APAGADO | N24: APAGADO | O24: APAGADO | P24: APAGADO | Q24: APAGADO | R24: APAGADO | S24: APAGADO | T24: APAGADO | U24: APAGADO | V24: APAGADO
A25: BOSQUES CENTRO | B25: BOSQC 04 | C25: COSEIDI | D25: BENAVENTE Y LUIS AGOTE | E25: Fija | F25: Radio | H25: 172.20.11.113 | I25: =COUNTIF(L25:AM25,"") -> 17 | J25: =COUNTIF(L25:AM25,"APAGADO") -> 11 | K25: =(I25)/(J25+I25) -> 0.60714286 | L25: APAGADO | M25: APAGADO | N25: APAGADO | O25: APAGADO | P25: APAGADO | Q25: APAGADO | R25: APAGADO | S25: APAGADO | T25: APAGADO | U25: APAGADO | V25: APAGADO
A26: BOSQUES CENTRO | B26: BOSQC 05 | C26: COSEIDI | D26: LUIS AGOTE Y RUTA 36 | E26: Fija | F26: Radio | H26: 172.20.11.17 | I26: =COUNTIF(L26:AM26,"") -> 23 | J26: =COUNTIF(L26:AM26,"APAGADO") -> 5 | K26: =(I26)/(J26+I26) -> 0.82142857 | O26: APAGADO | P26: APAGADO | Q26: APAGADO | R26: APAGADO | S26: APAGADO
A27: BOSQUES CENTRO | B27: BOSQC 06 | C27: COSEIDI | D27: LUIS AGOTE Y RUTA 36 | E27: Fija | F27: Radio | H27: 172.20.11.18 | I27: =COUNTIF(L27:AM27,"") -> 23 | J27: =COUNTIF(L27:AM27,"APAGADO") -> 5 | K27: =(I27)/(J27+I27) -> 0.82142857 | O27: APAGADO | P27: APAGADO | Q27: APAGADO | R27: APAGADO | S27: APAGADO
A28: BOSQUES CENTRO | B28: BOSQC 07 | C28: BONOMO | D28: Touring club y Sta Teresita | E28: Domo | F28: Fibra Optica | H28: 172.20.10.141 | I28: =COUNTIF(L28:AM28,"") -> 28 | J28: =COUNTIF(L28:AM28,"APAGADO") -> 0 | K28: =(I28)/(J28+I28) -> 1
A29: BOSQUES CENTRO | B29: PAVE01 | C29: COSEIDI | D29: Touring Club y Ramallo | E29: Domo | F29: Fibra Optica | H29: 172.20.10.144 | I29: =COUNTIF(L29:AM29,"") -> 13 | J29: =COUNTIF(L29:AM29,"APAGADO") -> 15 | K29: =(I29)/(J29+I29) -> 0.46428571 | L29: APAGADO | M29: APAGADO | N29: APAGADO | O29: APAGADO | P29: APAGADO | Q29: APAGADO | R29: APAGADO | S29: APAGADO | T29: APAGADO | U29: APAGADO | V29: APAGADO | W29: APAGADO | X29: APAGADO | Z29: APAGADO | AA29: APAGADO
A30: BOSQUES CENTRO | B30: PAVE02 | C30: COSEIDI | D30: Ramallo y Calingasta | F30: Fibra Optica | H30: 172.20.10.37 | I30: =COUNTIF(L30:AM30,"") -> 13 | J30: =COUNTIF(L30:AM30,"APAGADO") -> 15 | K30: =(I30)/(J30+I30) -> 0.46428571 | L30: APAGADO | M30: APAGADO | N30: APAGADO | O30: APAGADO | P30: APAGADO | Q30: APAGADO | R30: APAGADO | S30: APAGADO | T30: APAGADO | U30: APAGADO | V30: APAGADO | W30: APAGADO | X30: APAGADO | Z30: APAGADO | AA30: APAGADO
A31: BOSQUES CENTRO | B31: CVA01 | C31: COSEIDI | D31: CACHEUTA Y 1355 | F31: Fibra Optica | H31: 172.20.10.59 | S31: APAGADO
A32: LA CAROLINA 2 | B32: CAR01 (Fija 1) | C32: COSEIDI | D32: Azurduy y Vergara | E32: Fija | F32: Fibra Optica | H32: 172.20.10.60 | I32: =COUNTIF(L32:AM32,"") -> 28 | J32: =COUNTIF(L32:AM32,"APAGADO") -> 0 | K32: =(I32)/(J32+I32) -> 1
A33: LA CAROLINA 2 | B33: CAR02 (Fija 2) | C33: COSEIDI | D33: Azurduy y Vergara | E33: Fija | F33: Fibra Optica | H33: 172.20.10.73 | I33: =COUNTIF(L33:AM33,"") -> 28 | J33: =COUNTIF(L33:AM33,"APAGADO") -> 0 | K33: =(I33)/(J33+I33) -> 1
A34: CENTRO | B34: CEN01 | C34: BONOMO | D34: San Martin y 9 de Julio | E34: Fija | F34: Fibra Optica | H34: 172.20.11.10 | I34: =COUNTIF(L34:AM34,"") -> 28 | J34: =COUNTIF(L34:AM34,"APAGADO") -> 0 | K34: =(I34)/(J34+I34) -> 1
A35: CENTRO | B35: CEN02 | C35: BONOMO | D35: San Martin y Almafuerte | E35: Fija | F35: Fibra Optica | H35: 172.20.11.11 | I35: =COUNTIF(L35:AM35,"") -> 28 | J35: =COUNTIF(L35:AM35,"APAGADO") -> 0 | K35: =(I35)/(J35+I35) -> 1
A36: CENTRO | B36: CEN03 | C36: BONOMO | D36: San Martin y Sallares | E36: Domo | F36: Fibra Optica | H36: 172.20.12.30 | I36: =COUNTIF(L36:AM36,"") -> 28 | J36: =COUNTIF(L36:AM36,"APAGADO") -> 0 | K36: =(I36)/(J36+I36) -> 1
A37: CENTRO | B37: CEN04 | C37: BONOMO | D37: San Martin y Contreras | E37: Domo | F37: Fibra Optica | H37: 172.20.12.29 | I37: =COUNTIF(L37:AM37,"") -> 28 | J37: =COUNTIF(L37:AM37,"APAGADO") -> 0 | K37: =(I37)/(J37+I37) -> 1
A38: CENTRO | B38: CEN 05 | C38: BONOMO | D38: Bocuzzi e/España y San Martin | E38: DOMO | F38: Fibra Optica | H38: 172.20.10.200 | I38: =COUNTIF(L38:AM38,"") -> 28 | J38: =COUNTIF(L38:AM38,"APAGADO") -> 0 | K38: =(I38)/(J38+I38) -> 1
A39: CENTRO | B39: CEN06 | C39: BONOMO | D39: Monteagudo y A.del Valle | E39: Fija | F39: Fibra Optica | H39: 172.20.10.02 | I39: =COUNTIF(L39:AM39,"") -> 12 | J39: =COUNTIF(L39:AM39,"APAGADO") -> 16 | K39: =(I39)/(J39+I39) -> 0.42857143 | L39: APAGADO | M39: APAGADO | N39: APAGADO | O39: APAGADO | P39: APAGADO | Q39: APAGADO | R39: APAGADO | S39: APAGADO | T39: APAGADO | U39: APAGADO | V39: APAGADO | W39: APAGADO | X39: APAGADO | Y39: APAGADO | Z39: APAGADO | AA39: APAGADO
A40: CENTRO | B40: CEN07 | C40: BONOMO | D40: San Martin y Guemes | E40: DOMO | F40: Fibra Optica | H40: 172.20.11.20 | I40: =COUNTIF(L40:AM40,"") -> 28 | J40: =COUNTIF(L40:AM40,"APAGADO") -> 0 | K40: =(I40)/(J40+I40) -> 1
A41: CENTRO | B41: CEN08 | C41: BONOMO | D41: San Martin y Pte.Peron | E41: Domo | F41: Fibra Optica | H41: 172.20.11.21 | I41: =COUNTIF(L41:AM41,"") -> 28 | J41: =COUNTIF(L41:AM41,"APAGADO") -> 0 | K41: =(I41)/(J41+I41) -> 1
A42: CENTRO | B42: CEN09 | C42: BONOMO | D42: Chacabuco y 25 de Mayo | E42: Domo | F42: Fibra Optica | H42: 172.20.11.22 | I42: =COUNTIF(L42:AM42,"") -> 28 | J42: =COUNTIF(L42:AM42,"APAGADO") -> 0 | K42: =(I42)/(J42+I42) -> 1
A43: CENTRO | B43: CEN10 | C43: BONOMO | D43: Monteagudo y Pte. Peron | E43: Domo | F43: Fibra Optica | H43: 172.20.11.23 | I43: =COUNTIF(L43:AM43,"") -> 28 | J43: =COUNTIF(L43:AM43,"APAGADO") -> 0 | K43: =(I43)/(J43+I43) -> 1
A44: CENTRO | B44: CEN11 | C44: BONOMO | D44: Monteagudo y Bocuzzi | E44: Domo | F44: Fibra Optica | H44: 172.20.10.24 | I44: =COUNTIF(L44:AM44,"") -> 28 | J44: =COUNTIF(L44:AM44,"APAGADO") -> 0 | K44: =(I44)/(J44+I44) -> 1
A45: CENTRO | B45: CEN 12 | C45: BONOMO | D45: Monteagudo y Mitre | E45: Domo | F45: Fibra Optica | H45: 172.20.10.23 | I45: =COUNTIF(L45:AM45,"") -> 26 | J45: =COUNTIF(L45:AM45,"APAGADO") -> 2 | K45: =(I45)/(J45+I45) -> 0.92857143 | P45: APAGADO | R45: APAGADO
A46: CENTRO | B46: CEN 13 | C46: BONOMO | D46: 25 de Mayo y Maipu | E46: DOMO | F46: Fibra Optica | H46: 172.20.10.20 | I46: =COUNTIF(L46:AM46,"") -> 28 | J46: =COUNTIF(L46:AM46,"APAGADO") -> 0 | K46: =(I46)/(J46+I46) -> 1
A47: CENTRO | B47: CEN14 | C47: BONOMO | D47: Pte.Peron e/Pringles y Brown | E47: Domo | F47: Fibra Optica | H47: 172.20.10.21 | I47: =COUNTIF(L47:AM47,"") -> 28 | J47: =COUNTIF(L47:AM47,"APAGADO") -> 0 | K47: =(I47)/(J47+I47) -> 1
A48: CENTRO | B48: CEN15 | C48: BONOMO | D48: Alberdi y A.del Valle | E48: Domo | F48: Fibra Optica | H48: 172.20.10.35 | I48: =COUNTIF(L48:AM48,"") -> 28 | J48: =COUNTIF(L48:AM48,"APAGADO") -> 0 | K48: =(I48)/(J48+I48) -> 1
A49: CENTRO | B49: CEN16 | C49: BONOMO | D49: San Martin y Pte. Peron | E49: Fija | F49: Fibra Optica | H49: 172.20.12.36 | I49: =COUNTIF(L49:AM49,"") -> 28 | J49: =COUNTIF(L49:AM49,"APAGADO") -> 0 | K49: =(I49)/(J49+I49) -> 1
A50: CENTRO | B50: CEN17 | C50: BONOMO | D50: San Martin y Mitre | E50: Domo | F50: PTO A FO | G50: SAN MARTIN Y SALLARES | H50: 172.20.12.200 | I50: =COUNTIF(L50:AM50,"") -> 28 | J50: =COUNTIF(L50:AM50,"APAGADO") -> 0 | K50: =(I50)/(J50+I50) -> 1
A51: CENTRO | B51: CEN18 | C51: BONOMO | D51: Monteagudo e/Mitre y Sallares | E51: Fija | F51: Fibra Optica | H51: 172.20.10.26 | I51: =COUNTIF(L51:AM51,"") -> 26 | J51: =COUNTIF(L51:AM51,"APAGADO") -> 2 | K51: =(I51)/(J51+I51) -> 0.92857143 | P51: APAGADO | R51: APAGADO
A52: CENTRO | B52: CEN19 | C52: BONOMO | D52: Chacabuco y 25 de Mayo | E52: Fija | F52: Fibra Optica | H52: 172.20.10.27 | I52: =COUNTIF(L52:AM52,"") -> 28 | J52: =COUNTIF(L52:AM52,"APAGADO") -> 0 | K52: =(I52)/(J52+I52) -> 1
A53: LOMAS DE MONTEVERDE | B53: CEN20 | C53: BONOMO | D53: Pte. Illia y Las Heras | E53: Domo | F53: Fibra Optica | H53: 172.20.10.33 | I53: =COUNTIF(L53:AM53,"") -> 27 | J53: =COUNTIF(L53:AM53,"APAGADO") -> 1 | K53: =(I53)/(J53+I53) -> 0.96428571 | T53: APAGADO
A54: CENTRO | B54: CEN21 | C54: BONOMO | D54: Misiones y Urquiza | E54: Fija | F54: Radio | H54: 172.20.200.132 | I54: =COUNTIF(L54:AM54,"") -> 12 | J54: =COUNTIF(L54:AM54,"APAGADO") -> 16 | K54: =(I54)/(J54+I54) -> 0.42857143 | L54: APAGADO | M54: APAGADO | N54: APAGADO | O54: APAGADO | P54: APAGADO | Q54: APAGADO | R54: APAGADO | S54: APAGADO | T54: APAGADO | U54: APAGADO | V54: APAGADO | W54: APAGADO | X54: APAGADO | Y54: APAGADO | Z54: APAGADO | AA54: APAGADO
A55: CENTRO | B55: CEN22 | C55: BONOMO | D55: Las Heras y Chacabuco | E55: Domo | F55: Fibra Optica | H55: 172.20.10.163 | I55: =COUNTIF(L55:AM55,"") -> 26 | J55: =COUNTIF(L55:AM55,"APAGADO") -> 2 | K55: =(I55)/(J55+I55) -> 0.92857143 | L55: APAGADO | T55: APAGADO
A56: CENTRO | B56: CEN23 | C56: BONOMO | D56: Sallares y Monteagudo | E56: Domo | F56: Fibra Optica | H56: 172.20.12.05 | I56: =COUNTIF(L56:AM56,"") -> 27 | J56: =COUNTIF(L56:AM56,"APAGADO") -> 1 | K56: =(I56)/(J56+I56) -> 0.96428571 | R56: APAGADO
A57: CENTRO | B57: CEN24 | C57: BONOMO | D57: Sallares y España | E57: Domo | F57: Fibra Optica | H57: 172.20.11.04 | I57: =COUNTIF(L57:AM57,"") -> 20 | J57: =COUNTIF(L57:AM57,"APAGADO") -> 8 | K57: =(I57)/(J57+I57) -> 0.71428571 | P57: APAGADO | R57: APAGADO | V57: APAGADO | W57: APAGADO | X57: APAGADO | Y57: APAGADO | Z57: APAGADO | AA57: APAGADO
A58: CENTRO | B58: CEN25 | C58: BONOMO | D58: SAN MARTIN Y 9 DE JULIO | E58: Domo | F58: Fibra Optica | H58: 172.20.12.02 | I58: =COUNTIF(L58:AM58,"") -> 12 | J58: =COUNTIF(L58:AM58,"APAGADO") -> 16 | K58: =(I58)/(J58+I58) -> 0.42857143 | L58: APAGADO | M58: APAGADO | N58: APAGADO | O58: APAGADO | P58: APAGADO | Q58: APAGADO | R58: APAGADO | S58: APAGADO | T58: APAGADO | U58: APAGADO | V58: APAGADO | W58: APAGADO | X58: APAGADO | Y58: APAGADO | Z58: APAGADO | AA58: APAGADO
A59: CENTRO | B59: CEN26 | C59: BONOMO | D59: Mitre y España | E59: Domo | F59: Fibra Optica | H59: 172.20.11.38 | I59: =COUNTIF(L59:AM59,"") -> 26 | J59: =COUNTIF(L59:AM59,"APAGADO") -> 2 | K59: =(I59)/(J59+I59) -> 0.92857143 | P59: APAGADO | R59: APAGADO
A60: CENTRO | B60: CEN27 | C60: BONOMO | D60: San Juan y España | E60: Domo | F60: Fibra Optica | H60: 172.20.12.37 | I60: =COUNTIF(L60:AM60,"") -> 26 | J60: =COUNTIF(L60:AM60,"APAGADO") -> 2 | K60: =(I60)/(J60+I60) -> 0.92857143 | P60: APAGADO | R60: APAGADO
A61: CENTRO | B61: CEN28 | C61: BONOMO | D61: Mitre y Alberdi | E61: Domo | F61: Fibra Optica | H61: 172.20.12.38 | I61: =COUNTIF(L61:AM61,"") -> 26 | J61: =COUNTIF(L61:AM61,"APAGADO") -> 2 | K61: =(I61)/(J61+I61) -> 0.92857143 | P61: APAGADO | R61: APAGADO
A62: CENTRO | B62: CEN29 | C62: BONOMO | D62: Alberdi y San Juan | E62: Domo | F62: Fibra Optica | H62: 172.20.12.40 | I62: =COUNTIF(L62:AM62,"") -> 26 | J62: =COUNTIF(L62:AM62,"APAGADO") -> 2 | K62: =(I62)/(J62+I62) -> 0.92857143 | P62: APAGADO | R62: APAGADO
A63: CENTRO | B63: CEN30 | C63: BONOMO | D63: Mitre y Pringles | E63: Domo | F63: Fibra Optica | H63: 172.20.12.39 | I63: =COUNTIF(L63:AM63,"") -> 26 | J63: =COUNTIF(L63:AM63,"APAGADO") -> 2 | K63: =(I63)/(J63+I63) -> 0.92857143 | P63: APAGADO | R63: APAGADO
A64: CENTRO | B64: CEN31 | C64: BONOMO | D64: Mitre e/Monteagudo y Alberdi | E64: Domo | F64: Fibra Optica | H64: 172.20.12.41 | I64: =COUNTIF(L64:AM64,"") -> 26 | J64: =COUNTIF(L64:AM64,"APAGADO") -> 2 | K64: =(I64)/(J64+I64) -> 0.92857143 | P64: APAGADO | R64: APAGADO
A65: CENTRO | B65: CEN32 | C65: BONOMO | D65: Aristobulo del Valle y España | E65: Domo | F65: Fibra Optica | H65: 172.20.12.42 | I65: =COUNTIF(L65:AM65,"") -> 26 | J65: =COUNTIF(L65:AM65,"APAGADO") -> 2 | K65: =(I65)/(J65+I65) -> 0.92857143 | P65: APAGADO | R65: APAGADO
A66: CENTRO | B66: CEN33 | C66: BONOMO | D66: Peron y Alberdi | E66: Domo | F66: Fibra Optica | H66: 172.20.12.47 | I66: =COUNTIF(L66:AM66,"") -> 28 | J66: =COUNTIF(L66:AM66,"APAGADO") -> 0 | K66: =(I66)/(J66+I66) -> 1
A67: CENTRO | B67: CEN34 | C67: BONOMO | D67: Peron y España | E67: Domo | F67: Fibra Optica | H67: 172.20.12.49 | I67: =COUNTIF(L67:AM67,"") -> 28 | J67: =COUNTIF(L67:AM67,"APAGADO") -> 0 | K67: =(I67)/(J67+I67) -> 1
A68: CENTRO | B68: CEN35 | C68: BONOMO | D68: España y Marmol | E68: Domo | F68: Fibra Optica | H68: 172.20.12.50 | I68: =COUNTIF(L68:AM68,"") -> 28 | J68: =COUNTIF(L68:AM68,"APAGADO") -> 0 | K68: =(I68)/(J68+I68) -> 1
A69: CENTRO | B69: CEN36 | C69: BONOMO | D69: España y 9 de Julio | E69: Domo | F69: Fibra Optica | H69: 172.20.12.51 | I69: =COUNTIF(L69:AM69,"") -> 28 | J69: =COUNTIF(L69:AM69,"APAGADO") -> 0 | K69: =(I69)/(J69+I69) -> 1
A70: CENTRO | B70: CEN 37 | C70: BONOMO | D70: Diagonal Granaderos y Monteagudo | E70: Domo | F70: Fibra Optica | H70: 172.20.12.52 | I70: =COUNTIF(L70:AM70,"") -> 28 | J70: =COUNTIF(L70:AM70,"APAGADO") -> 0 | K70: =(I70)/(J70+I70) -> 1
A71: CENTRO | B71: CEN38 | C71: BONOMO | D71: Diagonal Constituyentes y Almafuerte | E71: Domo | F71: Fibra Optica | H71: 172.20.12.53 | I71: =COUNTIF(L71:AM71,"") -> 27 | J71: =COUNTIF(L71:AM71,"APAGADO") -> 1 | K71: =(I71)/(J71+I71) -> 0.96428571 | AA71: APAGADO
A72: CENTRO | B72: CEN39 | C72: BONOMO | D72: San Martin y Alem | E72: Domo | F72: Fibra Optica | H72: 172.20.12.56 | I72: =COUNTIF(L72:AM72,"") -> 28 | J72: =COUNTIF(L72:AM72,"APAGADO") -> 0 | K72: =(I72)/(J72+I72) -> 1
A73: CENTRO | B73: CEN40 | C73: BONOMO | D73: Contreras y Monteagudo | E73: Domo | F73: Fibra Optica | H73: 172.20.12.57 | I73: =COUNTIF(L73:AM73,"") -> 28 | J73: =COUNTIF(L73:AM73,"APAGADO") -> 0 | K73: =(I73)/(J73+I73) -> 1
A74: CENTRO | B74: CEN41 | C74: BONOMO | D74: Contreras y Alberdi | E74: Domo | F74: Fibra Optica | H74: 172.20.12.58 | I74: =COUNTIF(L74:AM74,"") -> 27 | J74: =COUNTIF(L74:AM74,"APAGADO") -> 1 | K74: =(I74)/(J74+I74) -> 0.96428571 | Z74: APAGADO
A75: CENTRO | B75: CEN42 | C75: BONOMO | D75: Diagonal Constitucion Y ALEM | E75: Domo | F75: GPON | H75: 172.20.12.59 | I75: =COUNTIF(L75:AM75,"") -> 22 | J75: =COUNTIF(L75:AM75,"APAGADO") -> 6 | K75: =(I75)/(J75+I75) -> 0.78571429 | L75: APAGADO | M75: APAGADO | N75: APAGADO | P75: APAGADO | Q75: APAGADO | R75: APAGADO
A76: CENTRO | B76: CEN43 | C76: BONOMO | D76: Sallares y Alberdi | E76: Domo | F76: Fibra Optica | H76: 172.20.12.61 | I76: =COUNTIF(L76:AM76,"") -> 24 | J76: =COUNTIF(L76:AM76,"APAGADO") -> 4 | K76: =(I76)/(J76+I76) -> 0.85714286 | P76: APAGADO | R76: APAGADO | U76: APAGADO | V76: APAGADO
A77: CENTRO | B77: CEN44 | C77: BONOMO | D77: Mitre y Brown | E77: Domo | F77: Fibra Optica | H77: 172.20.12.62 | I77: =COUNTIF(L77:AM77,"") -> 24 | J77: =COUNTIF(L77:AM77,"APAGADO") -> 4 | K77: =(I77)/(J77+I77) -> 0.85714286 | P77: APAGADO | R77: APAGADO | U77: APAGADO | V77: APAGADO
A78: CENTRO | B78: CEN45 (fija 2) | C78: BONOMO | D78: EEUU Y MORENO | E78: Fija | F78: Fibra Optica | H78: 172.20.11.74 | I78: =COUNTIF(L78:AM78,"") -> 28 | J78: =COUNTIF(L78:AM78,"APAGADO") -> 0 | K78: =(I78)/(J78+I78) -> 1
A79: CENTRO | B79: CEN46 (fija 1) | C79: BONOMO | D79: EEUU Y MORENO | E79: Fija | F79: Fibra Optica | H79: 172.20.11.75 | I79: =COUNTIF(L79:AM79,"") -> 28 | J79: =COUNTIF(L79:AM79,"APAGADO") -> 0 | K79: =(I79)/(J79+I79) -> 1
A80: CENTRO | B80: CEN47 | C80: BONOMO | D80: Sallares y Brown | E80: Domo | F80: Fibra Optica | H80: 172.20.12.65 | I80: =COUNTIF(L80:AM80,"") -> 25 | J80: =COUNTIF(L80:AM80,"APAGADO") -> 3 | K80: =(I80)/(J80+I80) -> 0.89285714 | R80: APAGADO | U80: APAGADO | V80: APAGADO
A81: CENTRO | B81: CEN48 | C81: BONOMO | D81: Velez Sarsfield y Las Heras | E81: Domo | F81: GPON | H81: 172.20.10.175 | I81: =COUNTIF(L81:AM81,"") -> 28 | J81: =COUNTIF(L81:AM81,"APAGADO") -> 0 | K81: =(I81)/(J81+I81) -> 1
A82: CENTRO | B82: CEN49 | C82: BONOMO | D82: Av. San Martin y Florencio Sanchez | E82: Domo | F82: Fibra Optica | H82: 172.20.10.209 | I82: =COUNTIF(L82:AM82,"") -> 28 | J82: =COUNTIF(L82:AM82,"APAGADO") -> 0 | K82: =(I82)/(J82+I82) -> 1
A83: CENTRO | B83: CEN 50 | C83: BONOMO | D83: Av. San Martin y Newbery | E83: Domo | F83: Fibra Optica | H83: 172.20.10.167 | I83: =COUNTIF(L83:AM83,"") -> 28 | J83: =COUNTIF(L83:AM83,"APAGADO") -> 0 | K83: =(I83)/(J83+I83) -> 1
A84: CENTRO | B84: CEN 51 | C84: BONOMO | D84: ILLIA Y LAS HERAS | E84: FIJA | F84: Fibra Optica | H84: 172.20.11.29 | I84: =COUNTIF(L84:AM84,"") -> 28 | J84: =COUNTIF(L84:AM84,"APAGADO") -> 0 | K84: =(I84)/(J84+I84) -> 1
A85: CENTRO | B85: CEN52 | C85: BONOMO | D85: San Martin y Almafuerte (ex San Martin y Dorrego) | E85: DOMO | F85: Radio | H85: 172.20.10.189 | I85: =COUNTIF(L85:AM85,"") -> 28 | J85: =COUNTIF(L85:AM85,"APAGADO") -> 0 | K85: =(I85)/(J85+I85) -> 1
A86: CENTRO | B86: CEN 53 | C86: BONOMO | D86: GUTIERREZ Y BROWN | E86: Domo | F86: Fibra Optica | H86: 172.20.10.168 | I86: =COUNTIF(L86:AM86,"") -> 25 | J86: =COUNTIF(L86:AM86,"APAGADO") -> 3 | K86: =(I86)/(J86+I86) -> 0.89285714 | L86: APAGADO | M86: APAGADO | N86: APAGADO
A87: CENTRO | B87: CEN 54 | C87: BONOMO | D87: GUTIERREZ Y PRINGLES | E87: Domo | F87: Fibra Optica | H87: 172.20.10.169 | I87: =COUNTIF(L87:AM87,"") -> 26 | J87: =COUNTIF(L87:AM87,"APAGADO") -> 2 | K87: =(I87)/(J87+I87) -> 0.92857143 | M87: APAGADO | N87: APAGADO
A88: CENTRO | B88: CEN 55 | C88: BONOMO | D88: BOUREL Y URQUIZA | E88: Domo | F88: Radio | H88: 172.20.10.127 | I88: =COUNTIF(L88:AM88,"") -> 28 | J88: =COUNTIF(L88:AM88,"APAGADO") -> 0 | K88: =(I88)/(J88+I88) -> 1
A89: CENTRO | B89: CEN 56 | C89: BONOMO | D89: Newbery y Falucho | E89: DOMO | F89: Radio | H89: 172.20.10.176 | I89: =COUNTIF(L89:AM89,"") -> 28 | J89: =COUNTIF(L89:AM89,"APAGADO") -> 0 | K89: =(I89)/(J89+I89) -> 1
A90: CENTRO | B90: CEN 57 | C90: BONOMO | D90: 25 DE MAYO Y DORREGO | E90: DOMO | F90: Fibra Optica | H90: 172.20.10.154 | I90: =COUNTIF(L90:AM90,"") -> 28 | J90: =COUNTIF(L90:AM90,"APAGADO") -> 0 | K90: =(I90)/(J90+I90) -> 1
A91: CENTRO | B91: CEN 58 | C91: BONOMO | D91: EEUU Y MORENO | E91: DOMO | F91: Fibra Optica | H91: 172.20.11.84 | I91: =COUNTIF(L91:AM91,"") -> 28 | J91: =COUNTIF(L91:AM91,"APAGADO") -> 0 | K91: =(I91)/(J91+I91) -> 1
A92: CENTRO | B92: CEN59 | C92: BONOMO | D92: CHACABUCO Y BOUREL | E92: DOMO | F92: Fibra Optica | H92: 172.20.10.161 | I92: =COUNTIF(L92:AM92,"") -> 28 | J92: =COUNTIF(L92:AM92,"APAGADO") -> 0 | K92: =(I92)/(J92+I92) -> 1
A93: CENTRO | B93: CEN 60 | C93: BONOMO | D93: RECONQUISTA Y ILLIA | E93: DOMO | F93: PTO A FO | G93: ILLIA Y LAS HERAS | H93: 172.20.12.67 | I93: =COUNTIF(L93:AM93,"") -> 26 | J93: =COUNTIF(L93:AM93,"APAGADO") -> 2 | K93: =(I93)/(J93+I93) -> 0.92857143 | O93: APAGADO | P93: APAGADO
A94: CENTRO | B94: CEN 61 | C94: BONOMO | D94: BOUREL Y MAIPU | E94: DOMO | F94: Fibra Optica | H94: 172.20.10.162 | I94: =COUNTIF(L94:AM94,"") -> 28 | J94: =COUNTIF(L94:AM94,"APAGADO") -> 0 | K94: =(I94)/(J94+I94) -> 1
A95: CENTRO | B95: CEN62 | C95: BONOMO | D95: ESPAÑA Y ALEM | E95: DOMO | F95: PTO A FO | G95: SAN MARTIN Y ALEM | H95: 172.20.12.82 | I95: =COUNTIF(L95:AM95,"") -> 28 | J95: =COUNTIF(L95:AM95,"APAGADO") -> 0 | K95: =(I95)/(J95+I95) -> 1
A96: CENTRO | B96: CEN63 | C96: BONOMO | D96: SAN MARTIN Y URQUIZA | E96: DOMO | F96: Fibra Optica | H96: 172.20.11.112 | I96: =COUNTIF(L96:AM96,"") -> 28 | J96: =COUNTIF(L96:AM96,"APAGADO") -> 0 | K96: =(I96)/(J96+I96) -> 1
A97: CENTRO | B97: CEN64 | C97: BONOMO | D97: SAN MARTIN Y BOCCUZZI | E97: FIJA | F97: Fibra Optica | H97: 172.20.11.134 | I97: =COUNTIF(L97:AM97,"") -> 28 | J97: =COUNTIF(L97:AM97,"APAGADO") -> 0 | K97: =(I97)/(J97+I97) -> 1
A98: CENTRO | B98: CEN 65 | C98: BONOMO | D98: SAN MARTIN Y JUAN PERON | E98: FIJA | F98: Fibra Optica | H98: 172.20.11.135 | I98: =COUNTIF(L98:AM98,"") -> 28 | J98: =COUNTIF(L98:AM98,"APAGADO") -> 0 | K98: =(I98)/(J98+I98) -> 1
A99: CENTRO | B99: CEN66 | C99: BONOMO | D99: SAN MARTIN Y JUAN PERON | E99: FIJA | F99: Fibra Optica | H99: 172.20.11.136 | I99: =COUNTIF(L99:AM99,"") -> 28 | J99: =COUNTIF(L99:AM99,"APAGADO") -> 0 | K99: =(I99)/(J99+I99) -> 1
A100: CENTRO | B100: CEN67 (fija 1) | C100: BONOMO | D100: 9 DE JULIO Y BROWN | E100: Fija | F100: GPON | H100: 172.20.11.188 | I100: =COUNTIF(L100:AM100,"") -> 25 | J100: =COUNTIF(L100:AM100,"APAGADO") -> 3 | K100: =(I100)/(J100+I100) -> 0.89285714 | L100: APAGADO | M100: APAGADO | N100: APAGADO
...

Sheet AUXILIAR

Sheet informe
C1: CANTIDAD | D1: APAGADAS | E1: %
B2: TOTAL | C2: =CANTIDAD_DE_CAMARAS -> 496 | F2: 45839
A3: L | B3: CAIDAS | C3: ='RESUMEN TOTAL'!L3 -> 69 | E3: =C3/C2 -> 0.1391129
B4: LLEGAMOS NOSOTROS | C4: 2 | D4: =C3-C4 -> 67 | E4: =D4/C2 -> 0.13508065
B5: NO ESTA LA CAMARA | C5: 6 | D5: =D4-C5 -> 61 | E5: =D5/C2 -> 0.12298387
A6: L | B6: RADIO | C6: ='RESUMEN TOTAL'!L5 -> 13 | D6: =D5-C6 -> 48 | E6: =D6/C2 -> 0.096774194
B7: ANTENA DESMONTADA | C7: 10 | D7: =D6-C7 -> 38 | E7: =D7/C2 -> 0.076612903
C8: CANTIDAD | D8: APAGADAS | E8: %
A9: F | B9: BONOMO | C9: =BONOMOcam -> 269 | D9: =Hoja1!F3 -> 26 | E9: =D9/C9 -> 0.096654275
A10: F | B10: COSEIDI | C10: =COSEIDIcam -> 226 | D10: =Hoja1!F5 -> 43 | E10: =D10/C10 -> 0.19026549
C12: CANTIDAD | D12: APAGADAS | E12: %
B13: TOTAL | C13: =CANTIDAD_DE_CAMARAS -> 496 | F13: 45840
A14: M | B14: CAIDAS | C14: ='RESUMEN TOTAL'!M3 -> 85 | E14: =C14/C13 -> 0.17137097
B15: LLEGAMOS NOSOTROS | C15: 2 | D15: =C14-C15 -> 83 | E15: =D15/C13 -> 0.16733871
B16: NO ESTA LA CAMARA | C16: 6 | D16: =D15-C16 -> 77 | E16: =D16/C13 -> 0.15524194
A17: M | B17: RADIO | C17: ='RESUMEN TOTAL'!M5 -> 15 | D17: =D16-C17 -> 62 | E17: =D17/C13 -> 0.125
B18: ANTENA DESMONTADA | C18: 10 | D18: =D17-C18 -> 52 | E18: =D18/C13 -> 0.10483871
C19: CANTIDAD | D19: APAGADAS | E19: %
A20: G | B20: BONOMO | C20: =BONOMOcam -> 269 | D20: =Hoja1!G3 -> 40 | E20: =D20/C20 -> 0.14869888
A21: G | B21: COSEIDI | C21: =COSEIDIcam -> 226 | D21: =Hoja1!G5 -> 45 | E21: =D21/C21 -> 0.19911504
C23: CANTIDAD | D23: APAGADAS | E23: %
B24: TOTAL | C24: =CANTIDAD_DE_CAMARAS -> 496 | F24: 45841
A25: N | B25: CAIDAS | C25: ='RESUMEN TOTAL'!N3 -> 85 | E25: =C25/C24 -> 0.17137097
B26: LLEGAMOS NOSOTROS | C26: 25 | D26: =C25-C26 -> 60 | E26: =D26/C24 -> 0.12096774
B27: NO ESTA LA CAMARA | C27: 6 | D27: =D26-C27 -> 54 | E27: =D27/C24 -> 0.10887097
A28: N | B28: RADIO | C28: ='RESUMEN TOTAL'!N5 -> 15 | D28: =D27-C28 -> 39 | E28: =D28/C24 -> 0.078629032
B29: ANTENA DESMONTADA | C29: 10 | D29: =D28-C29 -> 29 | E29: =D29/C24 -> 0.058467742
C30: CANTIDAD | D30: APAGADAS | E30: %
B31: BONOMO | C31: =BONOMOcam -> 269 | D31: =Hoja1!H3 -> 40 | E31: =D31/C31 -> 0.14869888
B32: COSEIDI | C32: =COSEIDIcam -> 226 | D32: =Hoja1!H5 -> 45 | E32: =D32/C32 -> 0.19911504
C34: CANTIDAD | D34: APAGADAS | E34: %
B35: TOTAL | C35: =CANTIDAD_DE_CAMARAS -> 496 | F35: 45842
A36: O | B36: CAIDAS | C36: ='RESUMEN TOTAL'!O3 -> 102 | E36: =C36/C35 -> 0.20564516
B37: LLEGAMOS NOSOTROS | C37: 8 | D37: =C36-C37 -> 94 | E37: =D37/C35 -> 0.18951613
B38: NO ESTA LA CAMARA | C38: 6 | D38: =D37-C38 -> 88 | E38: =D38/C35 -> 0.17741935
A39: O | B39: RADIO | C39: ='RESUMEN TOTAL'!O5 -> 22 | D39: =D38-C39 -> 66 | E39: =D39/C35 -> 0.13306452
B40: ANTENA DESMONTADA | C40: 10 | D40: =D39-C40 -> 56 | E40: =D40/C35 -> 0.11290323
C41: CANTIDAD | D41: APAGADAS | E41: %
B42: BONOMO | C42: =BONOMOcam -> 269 | D42: =Hoja1!I3 -> 30 | E42: =D42/C42 -> 0.11152416
B43: COSEIDI | C43: =COSEIDIcam -> 226 | D43: =Hoja1!I5 -> 72 | E43: =D43/C43 -> 0.31858407
C45: CANTIDAD | D45: APAGADAS | E45: %
B46: TOTAL | C46: =CANTIDAD_DE_CAMARAS -> 496 | F46: 45843
A47: P | B47: CAIDAS | C47: ='RESUMEN TOTAL'!P3 -> 114 | E47: =C47/C46 -> 0.22983871
B48: LLEGAMOS NOSOTROS | C48: 8 | D48: =C47-C48 -> 106 | E48: =D48/C46 -> 0.21370968
B49: NO ESTA LA CAMARA | C49: 6 | D49: =D48-C49 -> 100 | E49: =D49/C46 -> 0.2016129
A50: P | B50: RADIO | C50: ='RESUMEN TOTAL'!P5 -> 17 | D50: =D49-C50 -> 83 | E50: =D50/C46 -> 0.16733871
B51: ANTENA DESMONTADA | C51: 10 | D51: =D50-C51 -> 73 | E51: =D51/C46 -> 0.14717742
C52: CANTIDAD | D52: APAGADAS | E52: %
B53: BONOMO | C53: =BONOMOcam -> 269 | D53: =Hoja1!J3 -> 40 | E53: =D53/C53 -> 0.14869888
B54: COSEIDI | C54: =COSEIDIcam -> 226 | D54: =Hoja1!J5 -> 74 | E54: =D54/C54 -> 0.32743363
C56: CANTIDAD | D56: APAGADAS | E56: %
B57: TOTAL | C57: =CANTIDAD_DE_CAMARAS -> 496 | F57: 45844
A58: Q | B58: CAIDAS | C58: ='RESUMEN TOTAL'!Q3 -> 101 | E58: =C58/C57 -> 0.20362903
B59: LLEGAMOS NOSOTROS | C59: 4 | D59: 0 | E59: =D59/C57 -> 0
B60: NO ESTA LA CAMARA | C60: 6 | D60: 0 | E60: =D60/C57 -> 0
A61: Q | B61: RADIO | C61: ='RESUMEN TOTAL'!Q5 -> 21 | D61: =D60-C61 -> -21 | E61: =D61/C57 -> -0.04233871
B62: ANTENA DESMONTADA | C62: 10 | D62: 0 | E62: =D62/C57 -> 0
C63: CANTIDAD | D63: APAGADAS | E63: %
B64: BONOMO | C64: =BONOMOcam -> 269 | D64: =Hoja1!K3 -> 21 | E64: =D64/C64 -> 0.078066914
B65: COSEIDI | C65: =COSEIDIcam -> 226 | D65: =Hoja1!K5 -> 80 | E65: =D65/C65 -> 0.3539823
C67: CANTIDAD | D67: APAGADAS | E67: %
B68: TOTAL | C68: =CANTIDAD_DE_CAMARAS -> 496 | F68: 45845
A69: R | B69: CAIDAS | C69: ='RESUMEN TOTAL'!R3 -> 122 | E69: =C69/C68 -> 0.24596774
B70: LLEGAMOS NOSOTROS | C70: 19 | D70: =C69-C70 -> 103 | E70: =D70/C68 -> 0.20766129
B71: NO ESTA LA CAMARA | C71: 6 | D71: =D70-C71 -> 97 | E71: =D71/C68 -> 0.19556452
A72: R | B72: RADIO | C72: ='RESUMEN TOTAL'!R5 -> 21 | D72: =D71-C72 -> 76 | E72: =D72/C68 -> 0.15322581
B73: ANTENA DESMONTADA | C73: 10 | D73: =D72-C73 -> 66 | E73: =D73/C68 -> 0.13306452
C74: CANTIDAD | D74: APAGADAS | E74: %
B75: BONOMO | C75: =BONOMOcam -> 269 | D75: =Hoja1!L3 -> 41 | E75: =D75/C75 -> 0.15241636
B76: COSEIDI | C76: =COSEIDIcam -> 226 | D76: =Hoja1!L5 -> 81 | E76: =D76/C76 -> 0.35840708
C78: CANTIDAD | D78: APAGADAS | E78: %
B79: TOTAL | C79: =CANTIDAD_DE_CAMARAS -> 496 | F79: 45846
A80: S | B80: CAIDAS | C80: ='RESUMEN TOTAL'!S3 -> 98 | E80: =C80/C79 -> 0.19758065
B81: LLEGAMOS NOSOTROS | C81: 4 | D81: =C80-C81 -> 94 | E81: =D81/C79 -> 0.18951613
B82: NO ESTA LA CAMARA | C82: 6 | D82: =D81-C82 -> 88 | E82: =D82/C79 -> 0.17741935
A83: S | B83: RADIO | C83: ='RESUMEN TOTAL'!S5 -> 17 | D83: =D82-C83 -> 71 | E83: =D83/C79 -> 0.14314516
B84: ANTENA DESMONTADA | C84: 10 | D84: =D83-C84 -> 61 | E84: =D84/C79 -> 0.12298387
C85: CANTIDAD | D85: APAGADAS | E85: %
B86: BONOMO | C86: =BONOMOcam -> 269 | D86: =Hoja1!M3 -> 21 | E86: =D86/C86 -> 0.078066914
B87: COSEIDI | C87: =COSEIDIcam -> 226 | D87: =Hoja1!M5 -> 77 | E87: =D87/C87 -> 0.34070796
C89: CANTIDAD | D89: APAGADAS | E89: %
B90: TOTAL | C90: =CANTIDAD_DE_CAMARAS -> 496 | F90: 45847
A91: T | B91: CAIDAS | C91: ='RESUMEN TOTAL'!T3 -> 80 | E91: =C91/C90 -> 0.16129032
B92: LLEGAMOS NOSOTROS | C92: 0 | D92: 0 | E92: =D92/C90 -> 0
B93: NO ESTA LA CAMARA | C93: 0 | D93: =D92-C93 -> 0 | E93: =D93/C90 -> 0
A94: T | B94: RADIO | C94: ='RESUMEN TOTAL'!T5 -> 25 | D94: =D93-C94 -> -25 | E94: =D94/C90 -> -0.050403226
B95: ANTENA DESMONTADA | C95: 0 | D95: 0 | E95: =D95/C90 -> 0
C96: CANTIDAD | D96: APAGADAS | E96: %
B97: BONOMO | C97: =BONOMOcam -> 269 | D97: =Hoja1!N3 -> 28 | E97: =D97/C97 -> 0.10408922
B98: COSEIDI | C98: =COSEIDIcam -> 226 | D98: =Hoja1!N5 -> 52 | E98: =D98/C98 -> 0.2300885
C100: CANTIDAD | D100: APAGADAS | E100: %
B101: TOTAL | C101: =CANTIDAD_DE_CAMARAS -> 496 | F101: 45848
A102: U | B102: CAIDAS | C102: ='RESUMEN TOTAL'!U3 -> 78 | E102: =C102/C101 -> 0.15725806
B103: LLEGAMOS NOSOTROS | C103: 9 | D103: =C102-C103 -> 69 | E103: =D103/C101 -> 0.1391129
B104: NO ESTA LA CAMARA | C104: 6 | D104: =D103-C104 -> 63 | E104: =D104/C101 -> 0.12701613
A105: U | B105: RADIO | C105: ='RESUMEN TOTAL'!U5 -> 17 | D105: =D104-C105 -> 46 | E105: =D105/C101 -> 0.092741935
B106: ANTENA DESMONTADA | C106: 10 | D106: =D105-C106 -> 36 | E106: =D106/C101 -> 0.072580645
C107: CANTIDAD | D107: APAGADAS | E107: %
B108: BONOMO | C108: =BONOMOcam -> 269 | D108: =Hoja1!O3 -> 31 | E108: =D108/C108 -> 0.11524164
B109: COSEIDI | C109: =COSEIDIcam -> 226 | D109: =Hoja1!O5 -> 47 | E109: =D109/C109 -> 0.2079646
...

Sheet Hoja1
B1: CAMARAS
A2: BONOMO | B2: =COUNTIFS('RESUMEN TOTAL'!C8:C503,"=BONOMO") -> 269 | F2: 45839 | G2: 45840 | H2: 45841 | I2: 45842 | J2: 45843 | K2: 45844 | L2: 45845 | M2: 45846 | N2: 45847 | O2: 45848 | P2: 45849 | Q2: 45850 | R2: 45851 | S2: 45852 | T2: 45853 | U2: 45854 | V2: 45855 | W2: 45856 | X2: 45857 | Y2: 45858 | Z2: 45859 | AA2: 45860 | AB2: 45861 | AC2: 45862 | AD2: 45863 | AE2: 45864 | AF2: 45865 | AG2: 45866 | AH2: 45867 | AI2: 45868 | AJ2: 45869
D3: BONOMO | E3: APAGADAS BONOMO | F3: =COUNTIFS('RESUMEN TOTAL'!L8:L611,"=APAGADO",'RESUMEN TOTAL'!C8:C611,"=BONOMO") -> 26 | G3: =COUNTIFS('RESUMEN TOTAL'!M8:M611,"=APAGADO",'RESUMEN TOTAL'!C8:C611,"=BONOMO") -> 40 | H3: =COUNTIFS('RESUMEN TOTAL'!N8:N611,"=APAGADO",'RESUMEN TOTAL'!C8:C611,"=BONOMO") -> 40 | I3: =COUNTIFS('RESUMEN TOTAL'!O8:O611,"=APAGADO",'RESUMEN TOTAL'!C8:C611,"=BONOMO") -> 30 | J3: =COUNTIFS('RESUMEN TOTAL'!P8:P611,"=APAGADO",'RESUMEN TOTAL'!C8:C611,"=BONOMO") -> 40 | K3: =COUNTIFS('RESUMEN TOTAL'!Q8:Q611,"=APAGADO",'RESUMEN TOTAL'!C8:C611,"=BONOMO") -> 21 | L3: =COUNTIFS('RESUMEN TOTAL'!R8:R611,"=APAGADO",'RESUMEN TOTAL'!C8:C611,"=BONOMO") -> 41 | M3: =COUNTIFS('RESUMEN TOTAL'!S8:S611,"=APAGADO",'RESUMEN TOTAL'!C8:C611,"=BONOMO") -> 21 | N3: =COUNTIFS('RESUMEN TOTAL'!T8:T611,"=APAGADO",'RESUMEN TOTAL'!C8:C611,"=BONOMO") -> 28 | O3: =COUNTIFS('RESUMEN TOTAL'!U8:U611,"=APAGADO",'RESUMEN TOTAL'!C8:C611,"=BONOMO") -> 31 | P3: =COUNTIFS('RESUMEN TOTAL'!V8:V611,"=APAGADO",'RESUMEN TOTAL'!C8:C611,"=BONOMO") -> 28 | Q3: =COUNTIFS('RESUMEN TOTAL'!W8:W611,"=APAGADO",'RESUMEN TOTAL'!C8:C611,"=BONOMO") -> 27 | R3: =COUNTIFS('RESUMEN TOTAL'!X8:X611,"=APAGADO",'RESUMEN TOTAL'!C8:C611,"=BONOMO") -> 31 | S3: =COUNTIFS('RESUMEN TOTAL'!Y8:Y611,"=APAGADO",'RESUMEN TOTAL'!C8:C611,"=BONOMO") -> 23 | T3: =COUNTIFS('RESUMEN TOTAL'!Z8:Z611,"=APAGADO",'RESUMEN TOTAL'!C8:C611,"=BONOMO") -> 27 | U3: 0 | V3: =COUNTIFS('RESUMEN TOTAL'!AB8:AB611,"=APAGADO",'RESUMEN TOTAL'!C8:C611,"=BONOMO") -> 0 | W3: =COUNTIFS('RESUMEN TOTAL'!AC8:AC611,"=APAGADO",'RESUMEN TOTAL'!C8:C611,"=BONOMO") -> 0 | X3: =COUNTIFS('RESUMEN TOTAL'!AD8:AD611,"=APAGADO",'RESUMEN TOTAL'!C8:C611,"=BONOMO") -> 0 | Y3: =COUNTIFS('RESUMEN TOTAL'!AE8:AE611,"=APAGADO",'RESUMEN TOTAL'!C8:C611,"=BONOMO") -> 0 | Z3: =COUNTIFS('RESUMEN TOTAL'!AF8:AF611,"=APAGADO",'RESUMEN TOTAL'!C8:C611,"=BONOMO") -> 0 | AA3: =COUNTIFS('RESUMEN TOTAL'!AG8:AG611,"=APAGADO",'RESUMEN TOTAL'!C8:C611,"=BONOMO") -> 0 | AB3: =COUNTIFS('RESUMEN TOTAL'!AH8:AH611,"=APAGADO",'RESUMEN TOTAL'!C8:C611,"=BONOMO") -> 0 | AC3: =COUNTIFS('RESUMEN TOTAL'!AI8:AI611,"=APAGADO",'RESUMEN TOTAL'!C8:C611,"=BONOMO") -> 0 | AD3: =COUNTIFS('RESUMEN TOTAL'!AJ8:AJ611,"=APAGADO",'RESUMEN TOTAL'!C8:C611,"=BONOMO") -> 0 | AE3: 0 | AF3: =COUNTIFS('RESUMEN TOTAL'!AL8:AL611,"=APAGADO",'RESUMEN TOTAL'!C8:C611,"=BONOMO") -> 0 | AG3: =COUNTIFS('RESUMEN TOTAL'!AM8:AM611,"=APAGADO",'RESUMEN TOTAL'!C8:C611,"=BONOMO") -> 0 | AH3: =COUNTIFS('RESUMEN TOTAL'!AN8:AN611,"=APAGADO",'RESUMEN TOTAL'!C8:C611,"=BONOMO") -> 0 | AI3: =COUNTIFS('RESUMEN TOTAL'!AO8:AO611,"=APAGADO",'RESUMEN TOTAL'!C8:C611,"=BONOMO") -> 0 | AJ3: =COUNTIFS('RESUMEN TOTAL'!AP8:AP611,"=APAGADO",'RESUMEN TOTAL'!D8:D611,"=BONOMO") -> 0
A4: COSEIDI | B4: =COUNTIFS('RESUMEN TOTAL'!C8:C503,"=COSEIDI") -> 226 | E4: % BONOMO | F4: =F3/BONOMOcam -> 0.096654275 | G4: =G3/BONOMOcam -> 0.14869888 | H4: =H3/BONOMOcam -> 0.14869888 | I4: =I3/BONOMOcam -> 0.11152416 | J4: =J3/BONOMOcam -> 0.14869888 | K4: =K3/BONOMOcam -> 0.078066914 | L4: =L3/BONOMOcam -> 0.15241636 | M4: =M3/BONOMOcam -> 0.078066914 | ... O4: =O3/BONOMOcam -> 0.11524164 | P4: 0 | Q4: 0 | R4: 0 | S4: 0 | T4: 0 | U4: 0 | V4: 0 | W4: 0 | X4: 0 | Y4: 0 | Z4: 0 | AA4: 0 | AB4: 0 | AC4: 0 | AD4: 0 | AE4: 0 | AF4: 0 | AG4: =AG3/BONOMOcam -> 0 | AH4: =AH3/BONOMOcam -> 0 | AI4: =AI3/BONOMOcam -> 0 | AJ4: =AJ3/BONOMOcam -> 0
D5: COSEIDI | E5: APAGADAS COSEIDI | F5: =COUNTIFS('RESUMEN TOTAL'!L10:L613,"=APAGADO",'RESUMEN TOTAL'!C10:C613,"=COSEIDI") -> 43 | G5: =COUNTIFS('RESUMEN TOTAL'!M10:M613,"=APAGADO",'RESUMEN TOTAL'!C10:C613,"=COSEIDI") -> 45 | H5: =COUNTIFS('RESUMEN TOTAL'!N10:N613,"=APAGADO",'RESUMEN TOTAL'!C10:C613,"=COSEIDI") -> 45 | I5: =COUNTIFS('RESUMEN TOTAL'!O10:O613,"=APAGADO",'RESUMEN TOTAL'!C10:C613,"=COSEIDI") -> 72 | J5: =COUNTIFS('RESUMEN TOTAL'!P10:P613,"=APAGADO",'RESUMEN TOTAL'!C10:C613,"=COSEIDI") -> 74 | K5: =COUNTIFS('RESUMEN TOTAL'!Q10:Q613,"=APAGADO",'RESUMEN TOTAL'!C10:C613,"=COSEIDI") -> 80 | L5: =COUNTIFS('RESUMEN TOTAL'!R10:R613,"=APAGADO",'RESUMEN TOTAL'!C10:C613,"=COSEIDI") -> 81 | M5: =COUNTIFS('RESUMEN TOTAL'!S10:S613,"=APAGADO",'RESUMEN TOTAL'!C10:C613,"=COSEIDI") -> 77 | N5: =COUNTIFS('RESUMEN TOTAL'!T10:T613,"=APAGADO",'RESUMEN TOTAL'!C10:C613,"=COSEIDI") -> 52 | O5: =COUNTIFS('RESUMEN TOTAL'!U10:U613,"=APAGADO",'RESUMEN TOTAL'!C10:C613,"=COSEIDI") -> 47 | P5: =COUNTIFS('RESUMEN TOTAL'!V10:V613,"=APAGADO",'RESUMEN TOTAL'!C10:C613,"=COSEIDI") -> 49 | Q5: =COUNTIFS('RESUMEN TOTAL'!W10:W613,"=APAGADO",'RESUMEN TOTAL'!C10:C613,"=COSEIDI") -> 36 | R5: =COUNTIFS('RESUMEN TOTAL'!X10:X613,"=APAGADO",'RESUMEN TOTAL'!C10:C613,"=COSEIDI") -> 37 | S5: =COUNTIFS('RESUMEN TOTAL'!Y10:Y613,"=APAGADO",'RESUMEN TOTAL'!C10:C613,"=COSEIDI") -> 33 | T5: =COUNTIFS('RESUMEN TOTAL'!Z10:Z613,"=APAGADO",'RESUMEN TOTAL'!C10:C613,"=COSEIDI") -> 35 | U5: =COUNTIFS('RESUMEN TOTAL'!AA10:AA613,"=APAGADO",'RESUMEN TOTAL'!C10:C613,"=COSEIDI") -> 30 | V5: =COUNTIFS('RESUMEN TOTAL'!AB10:AB613,"=APAGADO",'RESUMEN TOTAL'!C10:C613,"=COSEIDI") -> 0 | W5: =COUNTIFS('RESUMEN TOTAL'!AC10:AC613,"=APAGADO",'RESUMEN TOTAL'!C10:C613,"=COSEIDI") -> 0 | X5: =COUNTIFS('RESUMEN TOTAL'!AD10:AD613,"=APAGADO",'RESUMEN TOTAL'!C10:C613,"=COSEIDI") -> 0 | Y5: =COUNTIFS('RESUMEN TOTAL'!AE10:AE613,"=APAGADO",'RESUMEN TOTAL'!C10:C613,"=COSEIDI") -> 0 | Z5: =COUNTIFS('RESUMEN TOTAL'!AF10:AF613,"=APAGADO",'RESUMEN TOTAL'!C10:C613,"=COSEIDI") -> 0 | AA5: =COUNTIFS('RESUMEN TOTAL'!AG10:AG613,"=APAGADO",'RESUMEN TOTAL'!C10:C613,"=COSEIDI") -> 0 | AB5: =COUNTIFS('RESUMEN TOTAL'!AH10:AH613,"=APAGADO",'RESUMEN TOTAL'!C10:C613,"=COSEIDI") -> 0 | AC5: =COUNTIFS('RESUMEN TOTAL'!AI10:AI613,"=APAGADO",'RESUMEN TOTAL'!C10:C613,"=COSEIDI") -> 0 | AD5: =COUNTIFS('RESUMEN TOTAL'!AJ10:AJ613,"=APAGADO",'RESUMEN TOTAL'!C10:C613,"=COSEIDI") -> 0 | AE5: =COUNTIFS('RESUMEN TOTAL'!AK10:AK613,"=APAGADO",'RESUMEN TOTAL'!C10:C613,"=COSEIDI") -> 0 | AF5: =COUNTIFS('RESUMEN TOTAL'!AL10:AL613,"=APAGADO",'RESUMEN TOTAL'!C10:C613,"=COSEIDI") -> 0 | AG5: =COUNTIFS('RESUMEN TOTAL'!AM10:AM613,"=APAGADO",'RESUMEN TOTAL'!C10:C613,"=COSEIDI") -> 0 | AH5: =COUNTIFS('RESUMEN TOTAL'!AN10:AN613,"=APAGADO",'RESUMEN TOTAL'!C10:C613,"=COSEIDI") -> 0 | AI5: =COUNTIFS('RESUMEN TOTAL'!AO10:AO613,"=APAGADO",'RESUMEN TOTAL'!C10:C613,"=COSEIDI") -> 0 | AJ5: =COUNTIFS('RESUMEN TOTAL'!AP10:AP613,"=APAGADO",'RESUMEN TOTAL'!D10:D613,"=COSEIDI") -> 0
E6: % COSEIDI | F6: =F5/COSEIDIcam -> 0.19026549 | G6: =G5/COSEIDIcam -> 0.19911504 | H6: =H5/COSEIDIcam -> 0.19911504 | I6: =I5/COSEIDIcam -> 0.31858407 | J6: =J5/COSEIDIcam -> 0.32743363 | K6: =K5/COSEIDIcam -> 0.3539823 | L6: =L5/COSEIDIcam -> 0.35840708 | M6: =M5/COSEIDIcam -> 0.34070796 | ... O6: =O5/COSEIDIcam -> 0.2079646 | P6: 0 | Q6: 0 | R6: 0 | S6: 0 | T6: 0 | U6: 0 | V6: 0 | W6: 0 | X6: 0 | Y6: 0 | Z6: 0 | AA6: 0 | AB6: 0 | AC6: 0 | AD6: 0 | AE6: 0 | AF6: 0 | AG6: 0 | AH6: 0 | AI6: 0 | AJ6: 0

Sheet paradas
C1: TOTAL PARADAS | D1: =COUNTIFS(A5:A602,"=paradas seguras")/2 -> 0 | E1: TOTAL DE CAMARAS EN PARADAS | H1: =COUNTIFS(A5:A602,"=paradas seguras") -> 0 | I1: TOTAL DE CAMARAS | K1: =COUNTIFS(D5:D602,"=GFIJA") -> 0 | L1: TOTAL DE INTERCOMUNICADORES | O1: =COUNTIFS(D5:D602,"=INTERCOMUNICADOR") -> 0
E2: FIJAS | F2: =COUNTIFS(F4:F601, "=APAGADO",D4:D601,"=GFIJA") -> 0 | G2: =COUNTIFS(G4:G601, "=APAGADO",D4:D601,"=GFIJA") -> 0 | H2: =COUNTIFS(H4:H601, "=APAGADO",D4:D601,"=GFIJA") -> 0 | I2: =COUNTIFS(I4:I601, "=APAGADO",D4:D601,"=GFIJA") -> 0 | J2: =COUNTIFS(J4:J601, "=APAGADO",D4:D601,"=GFIJA") -> 0 | K2: =COUNTIFS(K4:K601, "=APAGADO",D4:D601,"=GFIJA") -> 0 | L2: =COUNTIFS(L4:L601, "=APAGADO",D4:D601,"=GFIJA") -> 0 | M2: =COUNTIFS(M4:M601, "=APAGADO",D4:D601,"=GFIJA") -> 0 | N2: =COUNTIFS(N4:N601, "=APAGADO",D4:D601,"=GFIJA") -> 0 | O2: =COUNTIFS(O4:O601, "=APAGADO",D4:D601,"=GFIJA") -> 0 | P2: =COUNTIFS(P4:P601, "=APAGADO",D4:D601,"=GFIJA") -> 0 | Q2: =COUNTIFS(Q4:Q601, "=APAGADO",D4:D601,"=GFIJA") -> 0 | R2: =COUNTIFS(R4:R601, "=APAGADO",D4:D601,"=GFIJA") -> 0 | S2: =COUNTIFS(S4:S601, "=APAGADO",D4:D601,"=GFIJA") -> 0 | T2: =COUNTIFS(T4:T601, "=APAGADO",D4:D601,"=GFIJA") -> 0 | U2: =COUNTIFS(U4:U601, "=APAGADO",D4:D601,"=GFIJA") -> 0 | V2: =COUNTIFS(V4:V601, "=APAGADO",D4:D601,"=GFIJA") -> 0 | W2: =COUNTIFS(W4:W601, "=APAGADO",D4:D601,"=GFIJA") -> 0 | X2: =COUNTIFS(X4:X601, "=APAGADO",D4:D601,"=GFIJA") -> 0 | Y2: =COUNTIFS(Y4:Y601, "=APAGADO",D4:D601,"=GFIJA") -> 0 | Z2: =COUNTIFS(Z4:Z601, "=APAGADO",D4:D601,"=GFIJA") -> 0 | AA2: =COUNTIFS(AA4:AA601, "=APAGADO",D4:D601,"=GFIJA") -> 0 | AB2: =COUNTIFS(AB4:AB601, "=APAGADO",D4:D601,"=GFIJA") -> 0 | AC2: =COUNTIFS(AC4:AC601, "=APAGADO",D4:D601,"=GFIJA") -> 0 | AD2: =COUNTIFS(AD4:AD601, "=APAGADO",D4:D601,"=GFIJA") -> 0 | AE2: =COUNTIFS(AE4:AE601, "=APAGADO",D4:D601,"=GFIJA") -> 0 | AF2: =COUNTIFS(AF4:AF601, "=APAGADO",D4:D601,"=GFIJA") -> 0 | AG2: =COUNTIFS(AG4:AG601, "=APAGADO",D4:D601,"=GFIJA") -> 0 | AH2: =COUNTIFS(AH4:AH601, "=APAGADO",D4:D601,"=GFIJA") -> 0 | AI2: =COUNTIFS(AI4:AI601, "=APAGADO",D4:D601,"=GFIJA") -> 0 | AJ2: =COUNTIFS(AJ4:AJ601, "=APAGADO",E4:E601,"=GFIJA") -> 0
E3: INTERCOMUNICADOR | F3: =COUNTIFS(F6:F603, "=APAGADO",D4:D601,"=INTERCOMUNICADOR") -> 0 | G3: =COUNTIFS(G6:G603, "=APAGADO",D4:D601,"=INTERCOMUNICADOR") -> 0 | H3: =COUNTIFS(H6:H603, "=APAGADO",D4:D601,"=INTERCOMUNICADOR") -> 0 | I3: =COUNTIFS(I6:I603, "=APAGADO",D4:D601,"=INTERCOMUNICADOR") -> 0 | J3: =COUNTIFS(J6:J603, "=APAGADO",D4:D601,"=INTERCOMUNICADOR") -> 0 | K3: =COUNTIFS(K6:K603, "=APAGADO",D4:D601,"=INTERCOMUNICADOR") -> 0 | L3: =COUNTIFS(L6:L603, "=APAGADO",D4:D601,"=INTERCOMUNICADOR") -> 0 | M3: =COUNTIFS(M6:M603, "=APAGADO",D4:D601,"=INTERCOMUNICADOR") -> 0 | N3: =COUNTIFS(N6:N603, "=APAGADO",D4:D601,"=INTERCOMUNICADOR") -> 0 | O3: =COUNTIFS(O6:O603, "=APAGADO",D4:D601,"=INTERCOMUNICADOR") -> 0 | P3: =COUNTIFS(P6:P603, "=APAGADO",D4:D601,"=INTERCOMUNICADOR") -> 0 | Q3: =COUNTIFS(Q6:Q603, "=APAGADO",D4:D601,"=INTERCOMUNICADOR") -> 0 | R3: =COUNTIFS(R6:R603, "=APAGADO",D4:D601,"=INTERCOMUNICADOR") -> 0 | S3: =COUNTIFS(S6:S603, "=APAGADO",D4:D601,"=INTERCOMUNICADOR") -> 0 | T3: =COUNTIFS(T6:T603, "=APAGADO",D4:D601,"=INTERCOMUNICADOR") -> 0 | U3: =COUNTIFS(U6:U603, "=APAGADO",D4:D601,"=INTERCOMUNICADOR") -> 0 | V3: =COUNTIFS(V6:V603, "=APAGADO",D4:D601,"=INTERCOMUNICADOR") -> 0 | W3: =COUNTIFS(W6:W603, "=APAGADO",D4:D601,"=INTERCOMUNICADOR") -> 0 | X3: =COUNTIFS(X6:X603, "=APAGADO",D4:D601,"=INTERCOMUNICADOR") -> 0 | Y3: =COUNTIFS(Y6:Y603, "=APAGADO",D4:D601,"=INTERCOMUNICADOR") -> 0 | Z3: =COUNTIFS(Z6:Z603, "=APAGADO",D4:D601,"=INTERCOMUNICADOR") -> 0 | AA3: =COUNTIFS(AA6:AA603, "=APAGADO",D4:D601,"=INTERCOMUNICADOR") -> 0 | AB3: =COUNTIFS(AB6:AB603, "=APAGADO",D4:D601,"=INTERCOMUNICADOR") -> 0 | AC3: =COUNTIFS(AC6:AC603, "=APAGADO",D4:D601,"=INTERCOMUNICADOR") -> 0 | AD3: =COUNTIFS(AD6:AD603, "=APAGADO",D4:D601,"=INTERCOMUNICADOR") -> 0 | AE3: =COUNTIFS(AE6:AE603, "=APAGADO",D4:D601,"=INTERCOMUNICADOR") -> 0 | AF3: =COUNTIFS(AF6:AF603, "=APAGADO",D4:D601,"=INTERCOMUNICADOR") -> 0 | AG3: =COUNTIFS(AG6:AG603, "=APAGADO",D4:D601,"=INTERCOMUNICADOR") -> 0 | AH3: =COUNTIFS(AH6:AH603, "=APAGADO",D4:D601,"=INTERCOMUNICADOR") -> 0 | AI3: =COUNTIFS(AI6:AI603, "=APAGADO",D4:D601,"=INTERCOMUNICADOR") -> 0 | AJ3: =COUNTIFS(AJ6:AJ603, "=APAGADO",E4:E601,"=INTERCOMUNICADOR") -> 0
A4: ='RESUMEN TOTAL'!A7 -> Barrio | B4: ='RESUMEN TOTAL'!B7 -> [Denominacion] | C4: ='RESUMEN TOTAL'!D7 -> [Ubicacion] | D4: ='RESUMEN TOTAL'!E7 -> [Tipo de Camara] | E4: ='RESUMEN TOTAL'!F7 -> [Tipo de Conexion] | F4: ='RESUMEN TOTAL'!L7 -> 45839 | G4: ='RESUMEN TOTAL'!M7 -> 45840 | H4: ='RESUMEN TOTAL'!N7 -> 45841 | I4: ='RESUMEN TOTAL'!O7 -> 45842 | J4: ='RESUMEN TOTAL'!P7 -> 45843 | K4: ='RESUMEN TOTAL'!Q7 -> 45844 | L4: ='RESUMEN TOTAL'!R7 -> 45845 | M4: ='RESUMEN TOTAL'!S7 -> 45846 | ... AJ4: ='RESUMEN TOTAL'!AP7 -> 45869 | XFC4: =SUM(F4:XFB4) -> 1421474
A5: ='RESUMEN TOTAL'!A8 -> ALTAMIRA | B5: ='RESUMEN TOTAL'!B8 -> ALT01 | C5: ='RESUMEN TOTAL'!D8 -> Calchaqui y Sgto. Cabral | D5: ='RESUMEN TOTAL'!E8 -> Domo | E5: ='RESUMEN TOTAL'!F8 -> Fibra Optica | F5: ='RESUMEN TOTAL'!L8 -> 0 | G5: ='RESUMEN TOTAL'!M8 -> 0 | H5: ='RESUMEN TOTAL'!N8 -> 0 | I5: ='RESUMEN TOTAL'!O8 -> 0 | J5: ='RESUMEN TOTAL'!P8 -> 0 | K5: ='RESUMEN TOTAL'!Q8 -> 0 | L5: ='RESUMEN TOTAL'!R8 -> 0 | M5: ='RESUMEN TOTAL'!S8 -> 0 | ... AJ5: ='RESUMEN TOTAL'!AP8 -> 0
A6: ='RESUMEN TOTAL'!A9 -> ALTAMIRA | B6: ='RESUMEN TOTAL'!B9 -> ALT02 | C6: ='RESUMEN TOTAL'!D9 -> Calchaqui y Lope de Vega | D6: ='RESUMEN TOTAL'!E9 -> Domo | E6: ='RESUMEN TOTAL'!F9 -> PTO A FO | F6: ='RESUMEN TOTAL'!L9 -> 0 | G6: ='RESUMEN TOTAL'!M9 -> 0 | H6: ='RESUMEN TOTAL'!N9 -> 0 | I6: ='RESUMEN TOTAL'!O9 -> 0 | J6: ='RESUMEN TOTAL'!P9 -> 0 | K6: ='RESUMEN TOTAL'!Q9 -> 0 | L6: ='RESUMEN TOTAL'!R9 -> 0 | M6: ='RESUMEN TOTAL'!S9 -> 0 | ... AJ6: ='RESUMEN TOTAL'!AP9 -> 0
A7: ='RESUMEN TOTAL'!A10 -> ALTAMIRA | B7: ='RESUMEN TOTAL'!B10 -> ALT 03 | C7: ='RESUMEN TOTAL'!D10 -> Bombero Galarza y Necochea | D7: ='RESUMEN TOTAL'!E10 -> Domo | E7: ='RESUMEN TOTAL'!F10 -> Fibra Optica | F7: ='RESUMEN TOTAL'!L10 -> 0 | G7: ='RESUMEN TOTAL'!M10 -> APAGADO | H7: ='RESUMEN TOTAL'!N10 -> APAGADO | I7: ='RESUMEN TOTAL'!O10 -> APAGADO | J7: ='RESUMEN TOTAL'!P10 -> 0 | K7: ='RESUMEN TOTAL'!Q10 -> 0 | L7: ='RESUMEN TOTAL'!R10 -> 0 | M7: ='RESUMEN TOTAL'!S10 -> 0 | ... AJ7: ='RESUMEN TOTAL'!AP10 -> 0
A8: ='RESUMEN TOTAL'!A11 -> ALTAMIRA | B8: ='RESUMEN TOTAL'!B11 -> ALT 04 | C8: ='RESUMEN TOTAL'!D11 -> Francia y Necochea | D8: ='RESUMEN TOTAL'!E11 -> Domo | E8: ='RESUMEN TOTAL'!F11 -> Fibra Optica | F8: ='RESUMEN TOTAL'!L11 -> 0 | G8: ='RESUMEN TOTAL'!M11 -> 0 | H8: ='RESUMEN TOTAL'!N11 -> 0 | I8: ='RESUMEN TOTAL'!O11 -> APAGADO | J8: ='RESUMEN TOTAL'!P11 -> APAGADO | K8: ='RESUMEN TOTAL'!Q11 -> 0 | L8: ='RESUMEN TOTAL'!R11 -> APAGADO | M8: ='RESUMEN TOTAL'!S11 -> APAGADO | ... AJ8: ='RESUMEN TOTAL'!AP11 -> 0
A9: ='RESUMEN TOTAL'!A12 -> ALTAMIRA | B9: ='RESUMEN TOTAL'!B12 -> ALT05 | C9: ='RESUMEN TOTAL'!D12 -> Av. Calchaqui y Bombero Galarza | D9: ='RESUMEN TOTAL'!E12 -> Domo | E9: ='RESUMEN TOTAL'!F12 -> PTO A FO | F9: ='RESUMEN TOTAL'!L12 -> 0 | G9: ='RESUMEN TOTAL'!M12 -> 0 | H9: ='RESUMEN TOTAL'!N12 -> 0 | I9: ='RESUMEN TOTAL'!O12 -> 0 | J9: ='RESUMEN TOTAL'!P12 -> 0 | K9: ='RESUMEN TOTAL'!Q12 -> 0 | L9: ='RESUMEN TOTAL'!R12 -> 0 | M9: ='RESUMEN TOTAL'!S12 -> 0 | ... AJ9: ='RESUMEN TOTAL'!AP12 -> 0
A10: ='RESUMEN TOTAL'!A13 -> ALTAMIRA | B10: ='RESUMEN TOTAL'!B13 -> ALT 06 | C10: ='RESUMEN TOTAL'!D13 -> LOPE DE VEGA Y NECOCHEA | D10: ='RESUMEN TOTAL'!E13 -> Domo | E10: ='RESUMEN TOTAL'!F13 -> PTO A FO | F10: ='RESUMEN TOTAL'!L13 -> 0 | G10: ='RESUMEN TOTAL'!M13 -> 0 | H10: ='RESUMEN TOTAL'!N13 -> 0 | I10: ='RESUMEN TOTAL'!O13 -> 0 | J10: ='RESUMEN TOTAL'!P13 -> 0 | K10: ='RESUMEN TOTAL'!Q13 -> 0 | L10: ='RESUMEN TOTAL'!R13 -> 0 | M10: ='RESUMEN TOTAL'!S13 -> 0 | ... AJ10: ='RESUMEN TOTAL'!AP13 -> 0
A11: ='RESUMEN TOTAL'!A14 -> ALTAMIRA | B11: ='RESUMEN TOTAL'!B14 -> ALT07 | C11: ='RESUMEN TOTAL'!D14 -> AV. CALCHAQUI Y AV. DEL TRABAJO | D11: ='RESUMEN TOTAL'!E14 -> DOMO | E11: ='RESUMEN TOTAL'!F14 -> PTO A FO | F11: ='RESUMEN TOTAL'!L14 -> 0 | G11: ='RESUMEN TOTAL'!M14 -> 0 | H11: ='RESUMEN TOTAL'!N14 -> 0 | I11: ='RESUMEN TOTAL'!O14 -> 0 | J11: ='RESUMEN TOTAL'!P14 -> 0 | K11: ='RESUMEN TOTAL'!Q14 -> 0 | L11: ='RESUMEN TOTAL'!R14 -> 0 | M11: ='RESUMEN TOTAL'!S14 -> 0 | ... AJ11: ='RESUMEN TOTAL'!AP14 -> 0
A12: ='RESUMEN TOTAL'!A15 -> ALTAMIRA | B12: ='RESUMEN TOTAL'!B15 -> ALT 08 | C12: ='RESUMEN TOTAL'!D15 -> HUMAITA Y NECOCHEA | D12: ='RESUMEN TOTAL'!E15 -> DOMO | E12: ='RESUMEN TOTAL'!F15 -> Fibra Optica | F12: ='RESUMEN TOTAL'!L15 -> 0 | G12: ='RESUMEN TOTAL'!M15 -> 0 | H12: ='RESUMEN TOTAL'!N15 -> 0 | I12: ='RESUMEN TOTAL'!O15 -> 0 | J12: ='RESUMEN TOTAL'!P15 -> 0 | K12: ='RESUMEN TOTAL'!Q15 -> 0 | L12: ='RESUMEN TOTAL'!R15 -> 0 | M12: ='RESUMEN TOTAL'!S15 -> 0 | ... AJ12: ='RESUMEN TOTAL'!AP15 -> 0
A13: ='RESUMEN TOTAL'!A16 -> ALTAMIRA | B13: ='RESUMEN TOTAL'!B16 -> ALT 09 | C13: ='RESUMEN TOTAL'!D16 -> NECOCHEA Y CURUPAITY | D13: ='RESUMEN TOTAL'!E16 -> DOMO | E13: ='RESUMEN TOTAL'!F16 -> Fibra Optica | F13: ='RESUMEN TOTAL'!L16 -> 0 | G13: ='RESUMEN TOTAL'!M16 -> 0 | H13: ='RESUMEN TOTAL'!N16 -> 0 | I13: ='RESUMEN TOTAL'!O16 -> 0 | J13: ='RESUMEN TOTAL'!P16 -> 0 | K13: ='RESUMEN TOTAL'!Q16 -> 0 | L13: ='RESUMEN TOTAL'!R16 -> 0 | M13: ='RESUMEN TOTAL'!S16 -> 0 | ... AJ13: ='RESUMEN TOTAL'!AP16 -> 0
A14: ='RESUMEN TOTAL'!A17 -> ALTAMIRA | B14: ='RESUMEN TOTAL'!B17 -> ALT 10 | C14: ='RESUMEN TOTAL'!D17 -> Calchaqui y Francia | D14: ='RESUMEN TOTAL'!E17 -> Domo | E14: ='RESUMEN TOTAL'!F17 -> Radio | F14: ='RESUMEN TOTAL'!L17 -> 0 | G14: ='RESUMEN TOTAL'!M17 -> 0 | H14: ='RESUMEN TOTAL'!N17 -> 0 | I14: ='RESUMEN TOTAL'!O17 -> 0 | J14: ='RESUMEN TOTAL'!P17 -> 0 | K14: ='RESUMEN TOTAL'!Q17 -> 0 | L14: ='RESUMEN TOTAL'!R17 -> 0 | M14: ='RESUMEN TOTAL'!S17 -> 0 | ... AJ14: ='RESUMEN TOTAL'!AP17 -> 0
A15: ='RESUMEN TOTAL'!A18 -> ALTAMIRA | B15: ='RESUMEN TOTAL'!B18 -> ALT 11 | C15: CALCHAQUÍ Y GALARZA FIJA | D15: ='RESUMEN TOTAL'!E18 -> Fija | F15: ='RESUMEN TOTAL'!L18 -> 0 | G15: ='RESUMEN TOTAL'!M18 -> 0 | H15: ='RESUMEN TOTAL'!N18 -> 0 | I15: ='RESUMEN TOTAL'!O18 -> 0 | J15: ='RESUMEN TOTAL'!P18 -> 0 | K15: ='RESUMEN TOTAL'!Q18 -> 0 | L15: ='RESUMEN TOTAL'!R18 -> 0 | M15: ='RESUMEN TOTAL'!S18 -> 0 | ... AJ15: ='RESUMEN TOTAL'!AP18 -> 0
A16: ='RESUMEN TOTAL'!A19 -> AGUSTIN RAMIREZ | B16: ='RESUMEN TOTAL'!B19 -> ARA 01 | C16: ='RESUMEN TOTAL'!D19 -> Malambo y Tranquera | D16: ='RESUMEN TOTAL'!E19 -> Domo | E16: ='RESUMEN TOTAL'!F19 -> Fibra Optica | F16: ='RESUMEN TOTAL'!L19 -> 0 | G16: ='RESUMEN TOTAL'!M19 -> 0 | H16: ='RESUMEN TOTAL'!N19 -> 0 | I16: ='RESUMEN TOTAL'!O19 -> 0 | J16: ='RESUMEN TOTAL'!P19 -> 0 | K16: ='RESUMEN TOTAL'!Q19 -> 0 | L16: ='RESUMEN TOTAL'!R19 -> 0 | M16: ='RESUMEN TOTAL'!S19 -> 0 | ... AJ16: ='RESUMEN TOTAL'!AP19 -> 0
A17: ='RESUMEN TOTAL'!A20 -> BELGRANO | B17: ='RESUMEN TOTAL'!B20 -> BEL 01 | C17: ='RESUMEN TOTAL'!D20 -> San Martin y Dardo Rocha | D17: ='RESUMEN TOTAL'!E20 -> DOMO | E17: ='RESUMEN TOTAL'!F20 -> Fibra Optica | F17: ='RESUMEN TOTAL'!L20 -> 0 | G17: ='RESUMEN TOTAL'!M20 -> 0 | H17: ='RESUMEN TOTAL'!N20 -> 0 | I17: ='RESUMEN TOTAL'!O20 -> 0 | J17: ='RESUMEN TOTAL'!P20 -> 0 | K17: ='RESUMEN TOTAL'!Q20 -> 0 | L17: ='RESUMEN TOTAL'!R20 -> 0 | M17: ='RESUMEN TOTAL'!S20 -> 0 | ... AJ17: ='RESUMEN TOTAL'!AP20 -> 0
A18: ='RESUMEN TOTAL'!A21 -> BELGRANO | B18: ='RESUMEN TOTAL'!B21 -> BEL 02 | C18: ='RESUMEN TOTAL'!D21 -> Guardia vieja y Fronteriz | D18: ='RESUMEN TOTAL'!E21 -> DOMO | E18: ='RESUMEN TOTAL'!F21 -> Fibra Optica | F18: ='RESUMEN TOTAL'!L21 -> 0 | G18: ='RESUMEN TOTAL'!M21 -> 0 | H18: ='RESUMEN TOTAL'!N21 -> 0 | I18: ='RESUMEN TOTAL'!O21 -> 0 | J18: ='RESUMEN TOTAL'!P21 -> 0 | K18: ='RESUMEN TOTAL'!Q21 -> 0 | L18: ='RESUMEN TOTAL'!R21 -> 0 | M18: ='RESUMEN TOTAL'!S21 -> 0 | ... AJ18: ='RESUMEN TOTAL'!AP21 -> 0
A19: ='RESUMEN TOTAL'!A22 -> BOSQUES CENTRO | B19: ='RESUMEN TOTAL'!B22 -> BOSQC 01 | C19: ='RESUMEN TOTAL'!D22 -> LUIS AGOTE E/DANUNCIO Y CAMPOAMOR | D19: ='RESUMEN TOTAL'!E22 -> Fija | E19: ='RESUMEN TOTAL'!F22 -> Radio | F19: ='RESUMEN TOTAL'!L22 -> APAGADO | G19: ='RESUMEN TOTAL'!M22 -> APAGADO | H19: ='RESUMEN TOTAL'!N22 -> APAGADO | I19: ='RESUMEN TOTAL'!O22 -> APAGADO | J19: ='RESUMEN TOTAL'!P22 -> APAGADO | K19: ='RESUMEN TOTAL'!Q22 -> APAGADO | L19: ='RESUMEN TOTAL'!R22 -> APAGADO | M19: ='RESUMEN TOTAL'!S22 -> APAGADO | ... AJ19: ='RESUMEN TOTAL'!AP22 -> 0
A20: ='RESUMEN TOTAL'!A23 -> BOSQUES CENTRO | B20: ='RESUMEN TOTAL'!B23 -> BOSQC 02 | C20: ='RESUMEN TOTAL'!D23 -> LUIS AGOTE E/DANUNCIO Y CAMPOAMOR | D20: ='RESUMEN TOTAL'!E23 -> Fija | E20: ='RESUMEN TOTAL'!F23 -> Radio | F20: ='RESUMEN TOTAL'!L23 -> APAGADO | G20: ='RESUMEN TOTAL'!M23 -> APAGADO | H20: ='RESUMEN TOTAL'!N23 -> APAGADO | I20: ='RESUMEN TOTAL'!O23 -> APAGADO | J20: ='RESUMEN TOTAL'!P23 -> APAGADO | K20: ='RESUMEN TOTAL'!Q23 -> APAGADO | L20: ='RESUMEN TOTAL'!R23 -> APAGADO | M20: ='RESUMEN TOTAL'!S23 -> APAGADO | ... AJ20: ='RESUMEN TOTAL'!AP23 -> 0
A21: ='RESUMEN TOTAL'!A24 -> BOSQUES CENTRO | B21: ='RESUMEN TOTAL'!B24 -> BOSQC 03 | C21: ='RESUMEN TOTAL'!D24 -> BENAVENTE Y LUIS AGOTE | D21: ='RESUMEN TOTAL'!E24 -> Fija | E21: ='RESUMEN TOTAL'!F24 -> Radio | F21: ='RESUMEN TOTAL'!L24 -> APAGADO | G21: ='RESUMEN TOTAL'!M24 -> APAGADO | H21: ='RESUMEN TOTAL'!N24 -> APAGADO | I21: ='RESUMEN TOTAL'!O24 -> APAGADO | J21: ='RESUMEN TOTAL'!P24 -> APAGADO | K21: ='RESUMEN TOTAL'!Q24 -> APAGADO | L21: ='RESUMEN TOTAL'!R24 -> APAGADO | M21: ='RESUMEN TOTAL'!S24 -> APAGADO | ... AJ21: ='RESUMEN TOTAL'!AP24 -> 0
A22: ='RESUMEN TOTAL'!A25 -> BOSQUES CENTRO | B22: ='RESUMEN TOTAL'!B25 -> BOSQC 04 | C22: ='RESUMEN TOTAL'!D25 -> BENAVENTE Y LUIS AGOTE | D22: ='RESUMEN TOTAL'!E25 -> Fija | E22: ='RESUMEN TOTAL'!F25 -> Radio | F22: ='RESUMEN TOTAL'!L25 -> APAGADO | G22: ='RESUMEN TOTAL'!M25 -> APAGADO | H22: ='RESUMEN TOTAL'!N25 -> APAGADO | I22: ='RESUMEN TOTAL'!O25 -> APAGADO | J22: ='RESUMEN TOTAL'!P25 -> APAGADO | K22: ='RESUMEN TOTAL'!Q25 -> APAGADO | L22: ='RESUMEN TOTAL'!R25 -> APAGADO | M22: ='RESUMEN TOTAL'!S25 -> APAGADO | ... AJ22: ='RESUMEN TOTAL'!AP25 -> 0
A23: ='RESUMEN TOTAL'!A26 -> BOSQUES CENTRO | B23: ='RESUMEN TOTAL'!B26 -> BOSQC 05 | C23: ='RESUMEN TOTAL'!D26 -> LUIS AGOTE Y RUTA 36 | D23: ='RESUMEN TOTAL'!E26 -> Fija | E23: ='RESUMEN TOTAL'!F26 -> Radio | F23: ='RESUMEN TOTAL'!L26 -> 0 | G23: ='RESUMEN TOTAL'!M26 -> 0 | H23: ='RESUMEN TOTAL'!N26 -> 0 | I23: ='RESUMEN TOTAL'!O26 -> APAGADO | J23: ='RESUMEN TOTAL'!P26 -> APAGADO | K23: ='RESUMEN TOTAL'!Q26 -> APAGADO | L23: ='RESUMEN TOTAL'!R26 -> APAGADO | M23: ='RESUMEN TOTAL'!S26 -> APAGADO | ... AJ23: ='RESUMEN TOTAL'!AP26 -> 0
A24: ='RESUMEN TOTAL'!A27 -> BOSQUES CENTRO | B24: ='RESUMEN TOTAL'!B27 -> BOSQC 06 | C24: ='RESUMEN TOTAL'!D27 -> LUIS AGOTE Y RUTA 36 | D24: ='RESUMEN TOTAL'!E27 -> Fija | E24: ='RESUMEN TOTAL'!F27 -> Radio | F24: ='RESUMEN TOTAL'!L27 -> 0 | G24: ='RESUMEN TOTAL'!M27 -> 0 | H24: ='RESUMEN TOTAL'!N27 -> 0 | I24: ='RESUMEN TOTAL'!O27 -> APAGADO | J24: ='RESUMEN TOTAL'!P27 -> APAGADO | K24: ='RESUMEN TOTAL'!Q27 -> APAGADO | L24: ='RESUMEN TOTAL'!R27 -> APAGADO | M24: ='RESUMEN TOTAL'!S27 -> APAGADO | ... AJ24: ='RESUMEN TOTAL'!AP27 -> 0
A25: ='RESUMEN TOTAL'!A34 -> CENTRO | B25: ='RESUMEN TOTAL'!B34 -> CEN01 | C25: ='RESUMEN TOTAL'!D34 -> San Martin y 9 de Julio | D25: ='RESUMEN TOTAL'!E34 -> Fija | E25: ='RESUMEN TOTAL'!F34 -> Fibra Optica | F25: ='RESUMEN TOTAL'!L34 -> 0 | G25: ='RESUMEN TOTAL'!M34 -> 0 | H25: ='RESUMEN TOTAL'!N34 -> 0 | I25: ='RESUMEN TOTAL'!O34 -> 0 | J25: ='RESUMEN TOTAL'!P34 -> 0 | K25: ='RESUMEN TOTAL'!Q34 -> 0 | L25: ='RESUMEN TOTAL'!R34 -> 0 | M25: ='RESUMEN TOTAL'!S34 -> 0 | ... AJ25: ='RESUMEN TOTAL'!AP34 -> 0
A26: ='RESUMEN TOTAL'!A35 -> CENTRO | B26: ='RESUMEN TOTAL'!B35 -> CEN02 | C26: ='RESUMEN TOTAL'!D35 -> San Martin y Almafuerte | D26: ='RESUMEN TOTAL'!E35 -> Fija | E26: ='RESUMEN TOTAL'!F35 -> Fibra Optica | F26: ='RESUMEN TOTAL'!L35 -> 0 | G26: ='RESUMEN TOTAL'!M35 -> 0 | H26: ='RESUMEN TOTAL'!N35 -> 0 | I26: ='RESUMEN TOTAL'!O35 -> 0 | J26: ='RESUMEN TOTAL'!P35 -> 0 | K26: ='RESUMEN TOTAL'!Q35 -> 0 | L26: ='RESUMEN TOTAL'!R35 -> 0 | M26: ='RESUMEN TOTAL'!S35 -> 0 | ... AJ26: ='RESUMEN TOTAL'!AP35 -> 0
A27: ='RESUMEN TOTAL'!A36 -> CENTRO | B27: ='RESUMEN TOTAL'!B36 -> CEN03 | C27: ='RESUMEN TOTAL'!D36 -> San Martin y Sallares | D27: ='RESUMEN TOTAL'!E36 -> Domo | E27: ='RESUMEN TOTAL'!F36 -> Fibra Optica | F27: ='RESUMEN TOTAL'!L36 -> 0 | G27: ='RESUMEN TOTAL'!M36 -> 0 | H27: ='RESUMEN TOTAL'!N36 -> 0 | I27: ='RESUMEN TOTAL'!O36 -> 0 | J27: ='RESUMEN TOTAL'!P36 -> 0 | K27: ='RESUMEN TOTAL'!Q36 -> 0 | L27: ='RESUMEN TOTAL'!R36 -> 0 | M27: ='RESUMEN TOTAL'!S36 -> 0 | ... AJ27: ='RESUMEN TOTAL'!AP36 -> 0
A28: ='RESUMEN TOTAL'!A37 -> CENTRO | B28: ='RESUMEN TOTAL'!B37 -> CEN04 | C28: ='RESUMEN TOTAL'!D37 -> San Martin y Contreras | D28: ='RESUMEN TOTAL'!E37 -> Domo | E28: ='RESUMEN TOTAL'!F37 -> Fibra Optica | F28: ='RESUMEN TOTAL'!L37 -> 0 | G28: ='RESUMEN TOTAL'!M37 -> 0 | H28: ='RESUMEN TOTAL'!N37 -> 0 | I28: ='RESUMEN TOTAL'!O37 -> 0 | J28: ='RESUMEN TOTAL'!P37 -> 0 | K28: ='RESUMEN TOTAL'!Q37 -> 0 | L28: ='RESUMEN TOTAL'!R37 -> 0 | M28: ='RESUMEN TOTAL'!S37 -> 0 | ... AJ28: ='RESUMEN TOTAL'!AP37 -> 0
A29: ='RESUMEN TOTAL'!A38 -> CENTRO | B29: ='RESUMEN TOTAL'!B38 -> CEN 05 | C29: ='RESUMEN TOTAL'!D38 -> Bocuzzi e/España y San Martin | D29: ='RESUMEN TOTAL'!E38 -> DOMO | E29: ='RESUMEN TOTAL'!F38 -> Fibra Optica | F29: ='RESUMEN TOTAL'!L38 -> 0 | G29: ='RESUMEN TOTAL'!M38 -> 0 | H29: ='RESUMEN TOTAL'!N38 -> 0 | I29: ='RESUMEN TOTAL'!O38 -> 0 | J29: ='RESUMEN TOTAL'!P38 -> 0 | K29: ='RESUMEN TOTAL'!Q38 -> 0 | L29: ='RESUMEN TOTAL'!R38 -> 0 | M29: ='RESUMEN TOTAL'!S38 -> 0 | ... AJ29: ='RESUMEN TOTAL'!AP38 -> 0
A30: ='RESUMEN TOTAL'!A39 -> CENTRO | B30: ='RESUMEN TOTAL'!B39 -> CEN06 | C30: ='RESUMEN TOTAL'!D39 -> Monteagudo y A.del Valle | D30: ='RESUMEN TOTAL'!E39 -> Fija | E30: ='RESUMEN TOTAL'!F39 -> Fibra Optica | F30: ='RESUMEN TOTAL'!L39 -> APAGADO | G30: ='RESUMEN TOTAL'!M39 -> APAGADO | H30: ='RESUMEN TOTAL'!N39 -> APAGADO | I30: ='RESUMEN TOTAL'!O39 -> APAGADO | J30: ='RESUMEN TOTAL'!P39 -> APAGADO | K30: ='RESUMEN TOTAL'!Q39 -> APAGADO | L30: ='RESUMEN TOTAL'!R39 -> APAGADO | M30: ='RESUMEN TOTAL'!S39 -> APAGADO | ... AJ30: ='RESUMEN TOTAL'!AP39 -> 0
A31: ='RESUMEN TOTAL'!A40 -> CENTRO | B31: ='RESUMEN TOTAL'!B40 -> CEN07 | C31: ='RESUMEN TOTAL'!D40 -> San Martin y Guemes | D31: ='RESUMEN TOTAL'!E40 -> DOMO | E31: ='RESUMEN TOTAL'!F40 -> Fibra Optica | F31: ='RESUMEN TOTAL'!L40 -> 0 | G31: ='RESUMEN TOTAL'!M40 -> 0 | H31: ='RESUMEN TOTAL'!N40 -> 0 | I31: ='RESUMEN TOTAL'!O40 -> 0 | J31: ='RESUMEN TOTAL'!P40 -> 0 | K31: ='RESUMEN TOTAL'!Q40 -> 0 | L31: ='RESUMEN TOTAL'!R40 -> 0 | M31: ='RESUMEN TOTAL'!S40 -> 0 | ... AJ31: ='RESUMEN TOTAL'!AP40 -> 0
A32: ='RESUMEN TOTAL'!A41 -> CENTRO | B32: ='RESUMEN TOTAL'!B41 -> CEN08 | C32: ='RESUMEN TOTAL'!D41 -> San Martin y Pte.Peron | D32: ='RESUMEN TOTAL'!E41 -> Domo | E32: ='RESUMEN TOTAL'!F41 -> Fibra Optica | F32: ='RESUMEN TOTAL'!L41 -> 0 | G32: ='RESUMEN TOTAL'!M41 -> 0 | H32: ='RESUMEN TOTAL'!N41 -> 0 | I32: ='RESUMEN TOTAL'!O41 -> 0 | J32: ='RESUMEN TOTAL'!P41 -> 0 | K32: ='RESUMEN TOTAL'!Q41 -> 0 | L32: ='RESUMEN TOTAL'!R41 -> 0 | M32: ='RESUMEN TOTAL'!S41 -> 0 | ... AJ32: ='RESUMEN TOTAL'!AP41 -> 0
A33: ='RESUMEN TOTAL'!A42 -> CENTRO | B33: ='RESUMEN TOTAL'!B42 -> CEN09 | C33: ='RESUMEN TOTAL'!D42 -> Chacabuco y 25 de Mayo | D33: ='RESUMEN TOTAL'!E42 -> Domo | E33: ='RESUMEN TOTAL'!F42 -> Fibra Optica | F33: ='RESUMEN TOTAL'!L42 -> 0 | G33: ='RESUMEN TOTAL'!M42 -> 0 | H33: ='RESUMEN TOTAL'!N42 -> 0 | I33: ='RESUMEN TOTAL'!O42 -> 0 | J33: ='RESUMEN TOTAL'!P42 -> 0 | K33: ='RESUMEN TOTAL'!Q42 -> 0 | L33: ='RESUMEN TOTAL'!R42 -> 0 | M33: ='RESUMEN TOTAL'!S42 -> 0 | ... AJ33: ='RESUMEN TOTAL'!AP42 -> 0
A34: ='RESUMEN TOTAL'!A43 -> CENTRO | B34: ='RESUMEN TOTAL'!B43 -> CEN10 | C34: ='RESUMEN TOTAL'!D43 -> Monteagudo y Pte. Peron | D34: ='RESUMEN TOTAL'!E43 -> Domo | E34: ='RESUMEN TOTAL'!F43 -> Fibra Optica | F34: ='RESUMEN TOTAL'!L43 -> 0 | G34: ='RESUMEN TOTAL'!M43 -> 0 | H34: ='RESUMEN TOTAL'!N43 -> 0 | I34: ='RESUMEN TOTAL'!O43 -> 0 | J34: ='RESUMEN TOTAL'!P43 -> 0 | K34: ='RESUMEN TOTAL'!Q43 -> 0 | L34: ='RESUMEN TOTAL'!R43 -> 0 | M34: ='RESUMEN TOTAL'!S43 -> 0 | ... AJ34: ='RESUMEN TOTAL'!AP43 -> 0
A35: ='RESUMEN TOTAL'!A44 -> CENTRO | B35: ='RESUMEN TOTAL'!B44 -> CEN11 | C35: ='RESUMEN TOTAL'!D44 -> Monteagudo y Bocuzzi | D35: ='RESUMEN TOTAL'!E44 -> Domo | E35: ='RESUMEN TOTAL'!F44 -> Fibra Optica | F35: ='RESUMEN TOTAL'!L44 -> 0 | G35: ='RESUMEN TOTAL'!M44 -> 0 | H35: ='RESUMEN TOTAL'!N44 -> 0 | I35: ='RESUMEN TOTAL'!O44 -> 0 | J35: ='RESUMEN TOTAL'!P44 -> 0 | K35: ='RESUMEN TOTAL'!Q44 -> 0 | L35: ='RESUMEN TOTAL'!R44 -> 0 | M35: ='RESUMEN TOTAL'!S44 -> 0 | ... AJ35: ='RESUMEN TOTAL'!AP44 -> 0
A36: ='RESUMEN TOTAL'!A45 -> CENTRO | B36: ='RESUMEN TOTAL'!B45 -> CEN 12 | C36: ='RESUMEN TOTAL'!D45 -> Monteagudo y Mitre | D36: ='RESUMEN TOTAL'!E45 -> Domo | E36: ='RESUMEN TOTAL'!F45 -> Fibra Optica | F36: ='RESUMEN TOTAL'!L45 -> 0 | G36: ='RESUMEN TOTAL'!M45 -> 0 | H36: ='RESUMEN TOTAL'!N45 -> 0 | I36: ='RESUMEN TOTAL'!O45 -> 0 | J36: ='RESUMEN TOTAL'!P45 -> APAGADO | K36: ='RESUMEN TOTAL'!Q45 -> 0 | L36: ='RESUMEN TOTAL'!R45 -> APAGADO | M36: ='RESUMEN TOTAL'!S45 -> 0 | ... AJ36: ='RESUMEN TOTAL'!AP45 -> 0
... A71: ='RESUMEN TOTAL'!A80 -> CENTRO | B71: ='RESUMEN TOTAL'!B80 -> CEN47 | C71: ='RESUMEN TOTAL'!D80 -> Sallares y Brown | D71: ='RESUMEN TOTAL'!E80 -> Domo | E71: ='RESUMEN TOTAL'!F80 -> Fibra Optica | F71: ='RESUMEN TOTAL'!L80 -> 0 | G71: ='RESUMEN TOTAL'!M80 -> 0 | H71: ='RESUMEN TOTAL'!N80 -> 0 | I71: ='RESUMEN TOTAL'!O80 -> 0 | J71: ='RESUMEN TOTAL'!P80 -> 0 | K71: ='RESUMEN TOTAL'!Q80 -> 0 | L71: ='RESUMEN TOTAL'!R80 -> APAGADO | M71: ='RESUMEN TOTAL'!S80 -> 0 | ... AJ71: ='RESUMEN TOTAL'!AP80 -> 0
A72: ='RESUMEN TOTAL'!A81 -> CENTRO | B72: ='RESUMEN TOTAL'!B81 -> CEN48 | C72: ='RESUMEN TOTAL'!D81 -> Velez Sarsfield y Las Heras | D72: ='RESUMEN TOTAL'!E81 -> Domo | E72: ='RESUMEN TOTAL'!F81 -> GPON | F72: ='RESUMEN TOTAL'!L81 -> 0 | G72: ='RESUMEN TOTAL'!M81 -> 0 | H72: ='RESUMEN TOTAL'!N81 -> 0 | I72: ='RESUMEN TOTAL'!O81 -> 0 | J72: ='RESUMEN TOTAL'!P81 -> 0 | K72: ='RESUMEN TOTAL'!Q81 -> 0 | L72: ='RESUMEN TOTAL'!R81 -> 0 | M72: ='RESUMEN TOTAL'!S81 -> 0 | ... Z72: ='RESUMEN TOTAL'!AF81 -> 0 | AA72: ='RESUMEN TOTAL'!#REF! -> #REF! | AB72: ='RESUMEN TOTAL'!AH81 -> 0 | AC72: ='RESUMEN TOTAL'!AI81 -> 0 | AD72: ='RESUMEN TOTAL'!AJ81 -> 0 | AE72: ='RESUMEN TOTAL'!AK81 -> 0 | AF72: ='RESUMEN TOTAL'!AL81 -> 0 | AG72: ='RESUMEN TOTAL'!AM81 -> 0 | AH72: ='RESUMEN TOTAL'!AN81 -> 0 | AI72: ='RESUMEN TOTAL'!AO81 -> 0 | AJ72: ='RESUMEN TOTAL'!AP81 -> 0
A73: ='RESUMEN TOTAL'!A82 -> CENTRO | B73: ='RESUMEN TOTAL'!B82 -> CEN49 | C73: ='RESUMEN TOTAL'!D82 -> Av. San Martin y Florencio Sanchez | D73: ='RESUMEN TOTAL'!E82 -> Domo | E73: ='RESUMEN TOTAL'!F82 -> Fibra Optica | F73: ='RESUMEN TOTAL'!L82 -> 0 | G73: ='RESUMEN TOTAL'!M82 -> 0 | H73: ='RESUMEN TOTAL'!N82 -> 0 | I73: ='RESUMEN TOTAL'!O82 -> 0 | J73: ='RESUMEN TOTAL'!P82 -> 0 | K73: ='RESUMEN TOTAL'!Q82 -> 0 | L73: ='RESUMEN TOTAL'!R82 -> 0 | M73: ='RESUMEN TOTAL'!S82 -> 0 | ... AJ73: ='RESUMEN TOTAL'!AP82 -> 0
A74: ='RESUMEN TOTAL'!A83 -> CENTRO | B74: ='RESUMEN TOTAL'!B83 -> CEN 50 | C74: ='RESUMEN TOTAL'!D83 -> Av. San Martin y Newbery | D74: ='RESUMEN TOTAL'!E83 -> Domo | E74: ='RESUMEN TOTAL'!F83 -> Fibra Optica | F74: ='RESUMEN TOTAL'!L83 -> 0 | G74: ='RESUMEN TOTAL'!M83 -> 0 | H74: ='RESUMEN TOTAL'!N83 -> 0 | I74: ='RESUMEN TOTAL'!O83 -> 0 | J74: ='RESUMEN TOTAL'!P83 -> 0 | K74: ='RESUMEN TOTAL'!Q83 -> 0 | L74: ='RESUMEN TOTAL'!R83 -> 0 | M74: ='RESUMEN TOTAL'!S83 -> 0 | ... AJ74: ='RESUMEN TOTAL'!AP83 -> 0
A75: ='RESUMEN TOTAL'!A84 -> CENTRO | B75: ='RESUMEN TOTAL'!B84 -> CEN 51 | C75: ='RESUMEN TOTAL'!D84 -> ILLIA Y LAS HERAS | D75: ='RESUMEN TOTAL'!E84 -> FIJA | E75: ='RESUMEN TOTAL'!F84 -> Fibra Optica | F75: ='RESUMEN TOTAL'!L84 -> 0 | G75: ='RESUMEN TOTAL'!M84 -> 0 | H75: ='RESUMEN TOTAL'!N84 -> 0 | I75: ='RESUMEN TOTAL'!O84 -> 0 | J75: ='RESUMEN TOTAL'!P84 -> 0 | K75: ='RESUMEN TOTAL'!Q84 -> 0 | L75: ='RESUMEN TOTAL'!R84 -> 0 | M75: ='RESUMEN TOTAL'!S84 -> 0 | ... AJ75: ='RESUMEN TOTAL'!AP84 -> 0
A76: ='RESUMEN TOTAL'!A85 -> CENTRO | B76: ='RESUMEN TOTAL'!B85 -> CEN52 | C76: ='RESUMEN TOTAL'!D85 -> San Martin y Almafuerte (ex San Martin y Dorrego) | D76: ='RESUMEN TOTAL'!E85 -> DOMO | E76: ='RESUMEN TOTAL'!F85 -> Radio | F76: ='RESUMEN TOTAL'!L85 -> 0 | G76: ='RESUMEN TOTAL'!M85 -> 0 | H76: ='RESUMEN TOTAL'!N85 -> 0 | I76: ='RESUMEN TOTAL'!O85 -> 0 | J76: ='RESUMEN TOTAL'!P85 -> 0 | K76: ='RESUMEN TOTAL'!Q85 -> 0 | L76: ='RESUMEN TOTAL'!R85 -> 0 | M76: ='RESUMEN TOTAL'!S85 -> 0 | ... AJ76: ='RESUMEN TOTAL'!AP85 -> 0
A77: ='RESUMEN TOTAL'!A86 -> CENTRO | B77: ='RESUMEN TOTAL'!B86 -> CEN 53 | C77: ='RESUMEN TOTAL'!D86 -> GUTIERREZ Y BROWN | D77: ='RESUMEN TOTAL'!E86 -> Domo | E77: ='RESUMEN TOTAL'!F86 -> Fibra Optica | F77: ='RESUMEN TOTAL'!L86 -> APAGADO | G77: ='RESUMEN TOTAL'!M86 -> APAGADO | H77: ='RESUMEN TOTAL'!N86 -> APAGADO | I77: ='RESUMEN TOTAL'!O86 -> 0 | J77: ='RESUMEN TOTAL'!P86 -> 0 | K77: ='RESUMEN TOTAL'!Q86 -> 0 | L77: ='RESUMEN TOTAL'!R86 -> 0 | M77: ='RESUMEN TOTAL'!S86 -> 0 | ... AJ77: ='RESUMEN TOTAL'!AP86 -> 0
A78: ='RESUMEN TOTAL'!A87 -> CENTRO | B78: ='RESUMEN TOTAL'!B87 -> CEN 54 | C78: ='RESUMEN TOTAL'!D87 -> GUTIERREZ Y PRINGLES | D78: ='RESUMEN TOTAL'!E87 -> Domo | E78: ='RESUMEN TOTAL'!F87 -> Fibra Optica | F78: ='RESUMEN TOTAL'!L87 -> 0 | G78: ='RESUMEN TOTAL'!M87 -> APAGADO | H78: ='RESUMEN TOTAL'!N87 -> APAGADO | I78: ='RESUMEN TOTAL'!O87 -> 0 | J78: ='RESUMEN TOTAL'!P87 -> 0 | K78: ='RESUMEN TOTAL'!Q87 -> 0 | L78: ='RESUMEN TOTAL'!R87 -> 0 | M78: ='RESUMEN TOTAL'!S87 -> 0 | ... AJ78: ='RESUMEN TOTAL'!AP87 -> 0
A79: ='RESUMEN TOTAL'!A88 -> CENTRO | B79: ='RESUMEN TOTAL'!B88 -> CEN 55 | C79: ='RESUMEN TOTAL'!D88 -> BOUREL Y URQUIZA | D79: ='RESUMEN TOTAL'!E88 -> Domo | E79: ='RESUMEN TOTAL'!F88 -> Radio | F79: ='RESUMEN TOTAL'!L88 -> 0 | G79: ='RESUMEN TOTAL'!M88 -> 0 | H79: ='RESUMEN TOTAL'!N88 -> 0 | I79: ='RESUMEN TOTAL'!O88 -> 0 | J79: ='RESUMEN TOTAL'!P88 -> 0 | K79: ='RESUMEN TOTAL'!Q88 -> 0 | L79: ='RESUMEN TOTAL'!R88 -> 0 | M79: ='RESUMEN TOTAL'!S88 -> 0 | ... AJ79: ='RESUMEN TOTAL'!AP88 -> 0
A80: ='RESUMEN TOTAL'!A89 -> CENTRO | B80: ='RESUMEN TOTAL'!B89 -> CEN 56 | C80: ='RESUMEN TOTAL'!D89 -> Newbery y Falucho | D80: ='RESUMEN TOTAL'!E89 -> DOMO | E80: ='RESUMEN TOTAL'!F89 -> Radio | F80: ='RESUMEN TOTAL'!L89 -> 0 | G80: ='RESUMEN TOTAL'!M89 -> 0 | H80: ='RESUMEN TOTAL'!N89 -> 0 | I80: ='RESUMEN TOTAL'!O89 -> 0 | J80: ='RESUMEN TOTAL'!P89 -> 0 | K80: ='RESUMEN TOTAL'!Q89 -> 0 | L80: ='RESUMEN TOTAL'!R89 -> 0 | M80: ='RESUMEN TOTAL'!S89 -> 0 | ... AJ80: ='RESUMEN TOTAL'!AP89 -> 0
A81: ='RESUMEN TOTAL'!A90 -> CENTRO | B81: ='RESUMEN TOTAL'!B90 -> CEN 57 | C81: ='RESUMEN TOTAL'!D90 -> 25 DE MAYO Y DORREGO | D81: ='RESUMEN TOTAL'!E90 -> DOMO | E81: ='RESUMEN TOTAL'!F90 -> Fibra Optica | F81: ='RESUMEN TOTAL'!L90 -> 0 | G81: ='RESUMEN TOTAL'!M90 -> 0 | H81: ='RESUMEN TOTAL'!N90 -> 0 | I81: ='RESUMEN TOTAL'!O90 -> 0 | J81: ='RESUMEN TOTAL'!P90 -> 0 | K81: ='RESUMEN TOTAL'!Q90 -> 0 | L81: ='RESUMEN TOTAL'!R90 -> 0 | M81: ='RESUMEN TOTAL'!S90 -> 0 | ... AJ81: ='RESUMEN TOTAL'!AP90 -> 0
A82: ='RESUMEN TOTAL'!A91 -> CENTRO | B82: ='RESUMEN TOTAL'!B91 -> CEN 58 | C82: ='RESUMEN TOTAL'!D91 -> EEUU Y MORENO | D82: ='RESUMEN TOTAL'!E91 -> DOMO | E82: ='RESUMEN TOTAL'!F91 -> Fibra Optica | F82: ='RESUMEN TOTAL'!L91 -> 0 | G82: ='RESUMEN TOTAL'!M91 -> 0 | H82: ='RESUMEN TOTAL'!N91 -> 0 | I82: ='RESUMEN TOTAL'!O91 -> 0 | J82: ='RESUMEN TOTAL'!P91 -> 0 | K82: ='RESUMEN TOTAL'!Q91 -> 0 | L82: ='RESUMEN TOTAL'!R91 -> 0 | M82: ='RESUMEN TOTAL'!S91 -> 0 | ... AJ82: ='RESUMEN TOTAL'!AP91 -> 0
A83: ='RESUMEN TOTAL'!A92 -> CENTRO | B83: ='RESUMEN TOTAL'!B92 -> CEN59 | C83: ='RESUMEN TOTAL'!D92 -> CHACABUCO Y BOUREL | D83: ='RESUMEN TOTAL'!E92 -> DOMO | E83: ='RESUMEN TOTAL'!F92 -> Fibra Optica | F83: ='RESUMEN TOTAL'!L92 -> 0 | G83: ='RESUMEN TOTAL'!M92 -> 0 | H83: ='RESUMEN TOTAL'!N92 -> 0 | I83: ='RESUMEN TOTAL'!O92 -> 0 | J83: ='RESUMEN TOTAL'!P92 -> 0 | K83: ='RESUMEN TOTAL'!Q92 -> 0 | L83: ='RESUMEN TOTAL'!R92 -> 0 | M83: ='RESUMEN TOTAL'!S92 -> 0 | ... AJ83: ='RESUMEN TOTAL'!AP92 -> 0
A84: ='RESUMEN TOTAL'!A93 -> CENTRO | B84: ='RESUMEN TOTAL'!B93 -> CEN 60 | C84: ='RESUMEN TOTAL'!D93 -> RECONQUISTA Y ILLIA | D84: ='RESUMEN TOTAL'!E93 -> DOMO | E84: ='RESUMEN TOTAL'!F93 -> PTO A FO | F84: ='RESUMEN TOTAL'!L93 -> 0 | G84: ='RESUMEN TOTAL'!M93 -> 0 | H84: ='RESUMEN TOTAL'!N93 -> 0 | I84: ='RESUMEN TOTAL'!O93 -> APAGADO | J84: ='RESUMEN TOTAL'!P93 -> APAGADO | K84: ='RESUMEN TOTAL'!Q93 -> 0 | L84: ='RESUMEN TOTAL'!R93 -> 0 | M84: ='RESUMEN TOTAL'!S93 -> 0 | ... AJ84: ='RESUMEN TOTAL'!AP93 -> 0
... A110: ='RESUMEN TOTAL'!A119 -> CENTRO | B110: ='RESUMEN TOTAL'!B119 -> CEN 86 | C110: ='RESUMEN TOTAL'!D119 -> Monteagudo y Bocuzzi | D110: ='RESUMEN TOTAL'!E119 -> Fija | E110: ='RESUMEN TOTAL'!F119 -> Fibra Optica | F110: ='RESUMEN TOTAL'!L119 -> 0 | G110: ='RESUMEN TOTAL'!M119 -> 0 | H110: ='RESUMEN TOTAL'!N119 -> 0 | I110: ='RESUMEN TOTAL'!O119 -> 0 | J110: ='RESUMEN TOTAL'!P119 -> 0 | K110: ='RESUMEN TOTAL'!Q119 -> 0 | L110: ='RESUMEN TOTAL'!R119 -> 0 | M110: ='RESUMEN TOTAL'!S119 -> 0 | ... AJ110: ='RESUMEN TOTAL'!AP119 -> 0
A111: ='RESUMEN TOTAL'!A127 -> SAN NICOLAS | B111: ='RESUMEN TOTAL'!B127 -> CHA01 | C111: ='RESUMEN TOTAL'!D127 -> Novak y Pte Illia | D111: ='RESUMEN TOTAL'!E127 -> Domo | E111: ='RESUMEN TOTAL'!F127 -> Radio | F111: ='RESUMEN TOTAL'!L127 -> 0 | G111: ='RESUMEN TOTAL'!M127 -> 0 | H111: ='RESUMEN TOTAL'!N127 -> 0 | I111: ='RESUMEN TOTAL'!O127 -> 0 | J111: ='RESUMEN TOTAL'!P127 -> 0 | K111: ='RESUMEN TOTAL'!Q127 -> 0 | L111: ='RESUMEN TOTAL'!R127 -> 0 | M111: ='RESUMEN TOTAL'!S127 -> 0 | ... AJ111: ='RESUMEN TOTAL'!AP127 -> 0
A112: ='RESUMEN TOTAL'!A128 -> CHACABUCO | B112: ='RESUMEN TOTAL'!B128 -> CHA02 | C112: ='RESUMEN TOTAL'!D128 -> Pte. Illia y Posadas | D112: ='RESUMEN TOTAL'!E128 -> Domo | E112: ='RESUMEN TOTAL'!F128 -> Radio | F112: ='RESUMEN TOTAL'!L128 -> APAGADO | G112: ='RESUMEN TOTAL'!M128 -> APAGADO | H112: ='RESUMEN TOTAL'!N128 -> APAGADO | I112: ='RESUMEN TOTAL'!O128 -> APAGADO | J112: ='RESUMEN TOTAL'!P128 -> APAGADO | K112: ='RESUMEN TOTAL'!Q128 -> APAGADO | L112: ='RESUMEN TOTAL'!R128 -> APAGADO | M112: ='RESUMEN TOTAL'!S128 -> APAGADO | ... AJ112: ='RESUMEN TOTAL'!AP128 -> 0
A113: ='RESUMEN TOTAL'!A129 -> CHACABUCO | B113: ='RESUMEN TOTAL'!B129 -> CHA03 | C113: ='RESUMEN TOTAL'!D129 -> MAIPU Y ALVAREZ THOMAS | D113: ='RESUMEN TOTAL'!E129 -> DOMO | E113: ='RESUMEN TOTAL'!F129 -> Fibra Optica | F113: ='RESUMEN TOTAL'!L129 -> 0 | G113: ='RESUMEN TOTAL'!M129 -> 0 | H113: ='RESUMEN TOTAL'!N129 -> 0 | I113: ='RESUMEN TOTAL'!O129 -> 0 | J113: ='RESUMEN TOTAL'!P129 -> 0 | K113: ='RESUMEN TOTAL'!Q129 -> 0 | L113: ='RESUMEN TOTAL'!R129 -> 0 | M113: ='RESUMEN TOTAL'!S129 -> 0 | ... AJ113: ='RESUMEN TOTAL'!AP129 -> 0
A114: ='RESUMEN TOTAL'!A130 -> CHACABUCO | B114: ='RESUMEN TOTAL'!B130 -> CHA04 | C114: ='RESUMEN TOTAL'!D130 -> ESTADOS UNIDOS DE A. E ILLIA | D114: ='RESUMEN TOTAL'!E130 -> DOMO | E114: ='RESUMEN TOTAL'!F130 -> Fibra Optica | F114: ='RESUMEN TOTAL'!L130 -> 0 | G114: ='RESUMEN TOTAL'!M130 -> 0 | H114: ='RESUMEN TOTAL'!N130 -> 0 | I114: ='RESUMEN TOTAL'!O130 -> 0 | J114: ='RESUMEN TOTAL'!P130 -> 0 | K114: ='RESUMEN TOTAL'!Q130 -> 0 | L114: ='RESUMEN TOTAL'!R130 -> 0 | M114: ='RESUMEN TOTAL'!S130 -> 0 | ... AJ114: ='RESUMEN TOTAL'!AP130 -> 0
A115: ='RESUMEN TOTAL'!A131 -> VILLA MONICA NUEVA | B115: ='RESUMEN TOTAL'!B131 -> COL01 | C115: ='RESUMEN TOTAL'!D131 -> Eva Peron y Cariboni | D115: ='RESUMEN TOTAL'!E131 -> Domo | E115: ='RESUMEN TOTAL'!F131 -> Radio | F115: ='RESUMEN TOTAL'!L131 -> 0 | G115: ='RESUMEN TOTAL'!M131 -> 0 | H115: ='RESUMEN TOTAL'!N131 -> 0 | I115: ='RESUMEN TOTAL'!O131 -> 0 | J115: ='RESUMEN TOTAL'!P131 -> 0 | K115: ='RESUMEN TOTAL'!Q131 -> 0 | L115: ='RESUMEN TOTAL'!R131 -> 0 | M115: ='RESUMEN TOTAL'!S131 -> 0 | ... AJ115: ='RESUMEN TOTAL'!AP131 -> 0
A116: ='RESUMEN TOTAL'!A132 -> LA COLORADA ESTE | B116: ='RESUMEN TOTAL'!B132 -> COL02 | C116: ='RESUMEN TOTAL'!D132 -> Av. Eva Peron y Pompeya | D116: ='RESUMEN TOTAL'!E132 -> Domo | E116: ='RESUMEN TOTAL'!F132 -> Radio | F116: ='RESUMEN TOTAL'!L132 -> 0 | G116: ='RESUMEN TOTAL'!M132 -> 0 | H116: ='RESUMEN TOTAL'!N132 -> 0 | I116: ='RESUMEN TOTAL'!O132 -> 0 | J116: ='RESUMEN TOTAL'!P132 -> 0 | K116: ='RESUMEN TOTAL'!Q132 -> 0 | L116: ='RESUMEN TOTAL'!R132 -> 0 | M116: ='RESUMEN TOTAL'!S132 -> 0 | ... AJ116: ='RESUMEN TOTAL'!AP132 -> 0
A117: ='RESUMEN TOTAL'!A133 -> LA COLORADA ESTE | B117: ='RESUMEN TOTAL'!B133 -> COL 03 | C117: ='RESUMEN TOTAL'!D133 -> CARIBONI Y LA ANCIANIDAD | D117: ='RESUMEN TOTAL'!E133 -> DOMO | E117: ='RESUMEN TOTAL'!F133 -> Radio | F117: ='RESUMEN TOTAL'!L133 -> 0 | G117: ='RESUMEN TOTAL'!M133 -> APAGADO | H117: ='RESUMEN TOTAL'!N133 -> APAGADO | I117: ='RESUMEN TOTAL'!O133 -> 0 | J117: ='RESUMEN TOTAL'!P133 -> 0 | K117: ='RESUMEN TOTAL'!Q133 -> 0 | L117: ='RESUMEN TOTAL'!R133 -> 0 | M117: ='RESUMEN TOTAL'!S133 -> 0 | ... AJ117: ='RESUMEN TOTAL'!AP133 -> 0
A118: ='RESUMEN TOTAL'!A134 -> LA COLORADA ESTE | B118: ='RESUMEN TOTAL'!B134 -> COL 04 | C118: ='RESUMEN TOTAL'!D134 -> EVA PERON Y SAVIO | D118: ='RESUMEN TOTAL'!E134 -> Domo | E118: ='RESUMEN TOTAL'!F134 -> Fibra Optica | F118: ='RESUMEN TOTAL'!L134 -> 0 | G118: ='RESUMEN TOTAL'!M134 -> 0 | H118: ='RESUMEN TOTAL'!N134 -> 0 | I118: ='RESUMEN TOTAL'!O134 -> 0 | J118: ='RESUMEN TOTAL'!P134 -> 0 | K118: ='RESUMEN TOTAL'!Q134 -> 0 | L118: ='RESUMEN TOTAL'!R134 -> 0 | M118: ='RESUMEN TOTAL'!S134 -> 0 | ... AJ118: ='RESUMEN TOTAL'!AP134 -> 0
A119: ='RESUMEN TOTAL'!A135 -> DON JOSE | B119: ='RESUMEN TOTAL'!B135 -> DJO01 | C119: ='RESUMEN TOTAL'!D135 -> Monteverde y Donato Alvarez | D119: ='RESUMEN TOTAL'!E135 -> Domo | E119: ='RESUMEN TOTAL'!F135 -> Radio | F119: ='RESUMEN TOTAL'!L135 -> APAGADO | G119: ='RESUMEN TOTAL'!M135 -> APAGADO | H119: ='RESUMEN TOTAL'!N135 -> APAGADO | I119: ='RESUMEN TOTAL'!O135 -> APAGADO | J119: ='RESUMEN TOTAL'!P135 -> APAGADO | K119: ='RESUMEN TOTAL'!Q135 -> APAGADO | L119: ='RESUMEN TOTAL'!R135 -> APAGADO | M119: ='RESUMEN TOTAL'!S135 -> APAGADO | ... AJ119: ='RESUMEN TOTAL'!AP135 -> 0
A120: ='RESUMEN TOTAL'!A136 -> DON JOSE | B120: ='RESUMEN TOTAL'!B136 -> DJO 02 (fija 1) | C120: ='RESUMEN TOTAL'!D136 -> DONATO ALVAREZ Y EL APERO | D120: ='RESUMEN TOTAL'!E136 -> Fija | E120: ='RESUMEN TOTAL'!F136 -> PTO A FO | F120: ='RESUMEN TOTAL'!L136 -> 0 | G120: ='RESUMEN TOTAL'!M136 -> 0 | H120: ='RESUMEN TOTAL'!N136 -> 0 | I120: ='RESUMEN TOTAL'!O136 -> 0 | J120: ='RESUMEN TOTAL'!P136 -> 0 | K120: ='RESUMEN TOTAL'!Q136 -> 0 | L120: ='RESUMEN TOTAL'!R136 -> 0 | M120: ='RESUMEN TOTAL'!S136 -> 0 | ... AJ120: ='RESUMEN TOTAL'!AP136 -> 0
A121: ='RESUMEN TOTAL'!A137 -> DON JOSE | B121: ='RESUMEN TOTAL'!B137 -> DJO 03 (fija 2) | C121: ='RESUMEN TOTAL'!D137 -> DONATO ALVAREZ Y EL APERO | D121: ='RESUMEN TOTAL'!E137 -> Fija | E121: ='RESUMEN TOTAL'!F137 -> PTO A FO | F121: ='RESUMEN TOTAL'!L137 -> 0 | G121: ='RESUMEN TOTAL'!M137 -> 0 | H121: ='RESUMEN TOTAL'!N137 -> 0 | I121: ='RESUMEN TOTAL'!O137 -> 0 | J121: ='RESUMEN TOTAL'!P137 -> 0 | K121: ='RESUMEN TOTAL'!Q137 -> 0 | L121: ='RESUMEN TOTAL'!R137 -> 0 | M121: ='RESUMEN TOTAL'!S137 -> 0 | ... AJ121: ='RESUMEN TOTAL'!AP137 -> 0
A122: ='RESUMEN TOTAL'!A138 -> DON JOSE | B122: ='RESUMEN TOTAL'!B138 -> DJO 04 (Fija 1) | C122: ='RESUMEN TOTAL'!D138 -> MONTEVERDE Y EL INDIO | D122: ='RESUMEN TOTAL'!E138 -> Fija | E122: ='RESUMEN TOTAL'!F138 -> PTO A FO | F122: ='RESUMEN TOTAL'!L138 -> APAGADO | G122: ='RESUMEN TOTAL'!M138 -> APAGADO | H122: ='RESUMEN TOTAL'!N138 -> APAGADO | I122: ='RESUMEN TOTAL'!O138 -> APAGADO | J122: ='RESUMEN TOTAL'!P138 -> APAGADO | K122: ='RESUMEN TOTAL'!Q138 -> APAGADO | L122: ='RESUMEN TOTAL'!R138 -> APAGADO | M122: ='RESUMEN TOTAL'!S138 -> APAGADO | ... AJ122: ='RESUMEN TOTAL'!AP138 -> 0
... A125: ='RESUMEN TOTAL'!A141 -> DON JOSE | B125: ='RESUMEN TOTAL'!B141 -> DJ 07 | C125: ='RESUMEN TOTAL'!D141 -> Calle 414 y El Indio | D125: ='RESUMEN TOTAL'!E141 -> Fija | E125: ='RESUMEN TOTAL'!F141 -> PTO A FO | F125: ='RESUMEN TOTAL'!L141 -> 0 | G125: ='RESUMEN TOTAL'!M141 -> 0 | H125: ='RESUMEN TOTAL'!N141 -> 0 | I125: ='RESUMEN TOTAL'!O141 -> 0 | J125: ='RESUMEN TOTAL'!P141 -> 0 | K125: ='RESUMEN TOTAL'!Q141 -> 0 | L125: ='RESUMEN TOTAL'!R141 -> 0 | M125: ='RESUMEN TOTAL'!S141 -> 0 | ... AJ125: ='RESUMEN TOTAL'!AP141 -> 0
A126: ='RESUMEN TOTAL'!A144 -> EL PARQUE | B126: ='RESUMEN TOTAL'!B144 -> EPQ 01 | C126: ='RESUMEN TOTAL'!D144 -> 1282 Y GRIERSON | D126: ='RESUMEN TOTAL'!E144 -> DOMO | E126: ='RESUMEN TOTAL'!F144 -> Fibra Optica | F126: ='RESUMEN TOTAL'!L144 -> 0 | G126: ='RESUMEN TOTAL'!M144 -> 0 | H126: ='RESUMEN TOTAL'!N144 -> 0 | I126: ='RESUMEN TOTAL'!O144 -> 0 | J126: ='RESUMEN TOTAL'!P144 -> APAGADO | K126: ='RESUMEN TOTAL'!Q144 -> APAGADO | L126: ='RESUMEN TOTAL'!R144 -> APAGADO | M126: ='RESUMEN TOTAL'!S144 -> APAGADO | ... AJ126: ='RESUMEN TOTAL'!AP144 -> 0
A127: ='RESUMEN TOTAL'!A145 -> EL PARQUE | B127: ='RESUMEN TOTAL'!B145 -> EPQ 02 | C127: ='RESUMEN TOTAL'!D145 -> 1282 Y MASSE | D127: ='RESUMEN TOTAL'!E145 -> DOMO | E127: ='RESUMEN TOTAL'!F145 -> Fibra Optica | F127: ='RESUMEN TOTAL'!L145 -> 0 | G127: ='RESUMEN TOTAL'!M145 -> 0 | H127: ='RESUMEN TOTAL'!N145 -> 0 | I127: ='RESUMEN TOTAL'!O145 -> 0 | J127: ='RESUMEN TOTAL'!P145 -> APAGADO | K127: ='RESUMEN TOTAL'!Q145 -> APAGADO | L127: ='RESUMEN TOTAL'!R145 -> APAGADO | M127: ='RESUMEN TOTAL'!S145 -> APAGADO | ... AJ127: ='RESUMEN TOTAL'!AP145 -> 0
A128: ='RESUMEN TOTAL'!A146 -> EL PARQUE | B128: ='RESUMEN TOTAL'!B146 -> EPQ 03 | C128: ='RESUMEN TOTAL'!D146 -> 1282 Y RP 36 | D128: ='RESUMEN TOTAL'!E146 -> Domo | E128: ='RESUMEN TOTAL'!F146 -> Fibra Optica | F128: ='RESUMEN TOTAL'!L146 -> 0 | G128: ='RESUMEN TOTAL'!M146 -> 0 | H128: ='RESUMEN TOTAL'!N146 -> 0 | I128: ='RESUMEN TOTAL'!O146 -> 0 | J128: ='RESUMEN TOTAL'!P146 -> APAGADO | K128: ='RESUMEN TOTAL'!Q146 -> APAGADO | L128: ='RESUMEN TOTAL'!R146 -> APAGADO | M128: ='RESUMEN TOTAL'!S146 -> APAGADO | ... AJ128: ='RESUMEN TOTAL'!AP146 -> 0
A129: ='RESUMEN TOTAL'!A147 -> EL PARQUE | B129: ='RESUMEN TOTAL'!B147 -> EPQ 04 | C129: ='RESUMEN TOTAL'!D147 -> 1282 Y MORENO | D129: ='RESUMEN TOTAL'!E147 -> DOMO | E129: ='RESUMEN TOTAL'!F147 -> Fibra Optica | F129: ='RESUMEN TOTAL'!L147 -> 0 | G129: ='RESUMEN TOTAL'!M147 -> 0 | H129: ='RESUMEN TOTAL'!N147 -> 0 | I129: ='RESUMEN TOTAL'!O147 -> 0 | J129: ='RESUMEN TOTAL'!P147 -> APAGADO | K129: ='RESUMEN TOTAL'!Q147 -> APAGADO | L129: ='RESUMEN TOTAL'!R147 -> APAGADO | M129: ='RESUMEN TOTAL'!S147 -> APAGADO | ... AJ129: ='RESUMEN TOTAL'!AP147 -> 0
A130: ='RESUMEN TOTAL'!A148 -> LA ESMERALDA | B130: ='RESUMEN TOTAL'!B148 -> ESM01 | C130: ='RESUMEN TOTAL'!D148 -> Cabello y Brasil | D130: ='RESUMEN TOTAL'!E148 -> Domo | E130: ='RESUMEN TOTAL'!F148 -> Radio | F130: ='RESUMEN TOTAL'!L148 -> 0 | G130: ='RESUMEN TOTAL'!M148 -> 0 | H130: ='RESUMEN TOTAL'!N148 -> 0 | I130: ='RESUMEN TOTAL'!O148 -> 0 | J130: ='RESUMEN TOTAL'!P148 -> 0 | K130: ='RESUMEN TOTAL'!Q148 -> 0 | L130: ='RESUMEN TOTAL'!R148 -> 0 | M130: ='RESUMEN TOTAL'!S148 -> 0 | ... AJ130: ='RESUMEN TOTAL'!AP148 -> 0
A131: ='RESUMEN TOTAL'!A149 -> SAN JORGE | B131: ='RESUMEN TOTAL'!B149 -> ESM02 | C131: ='RESUMEN TOTAL'!D149 -> Novak y Cabello | D131: ='RESUMEN TOTAL'!E149 -> Domo | E131: ='RESUMEN TOTAL'!F149 -> PTO A FO | F131: ='RESUMEN TOTAL'!L149 -> 0 | G131: ='RESUMEN TOTAL'!M149 -> 0 | H131: ='RESUMEN TOTAL'!N149 -> 0 | I131: ='RESUMEN TOTAL'!O149 -> 0 | J131: ='RESUMEN TOTAL'!P149 -> 0 | K131: ='RESUMEN TOTAL'!Q149 -> 0 | L131: ='RESUMEN TOTAL'!R149 -> 0 | M131: ='RESUMEN TOTAL'!S149 -> 0 | ... AJ131: ='RESUMEN TOTAL'!AP149 -> 0
A132: ='RESUMEN TOTAL'!A150 -> SAN JORGE | B132: ='RESUMEN TOTAL'!B150 -> ESM03 | C132: ='RESUMEN TOTAL'!D150 -> Novak y Humahuaca | D132: ='RESUMEN TOTAL'!E150 -> DOMO | E132: ='RESUMEN TOTAL'!F150 -> PTO A FO | F132: ='RESUMEN TOTAL'!L150 -> 0 | G132: ='RESUMEN TOTAL'!M150 -> 0 | H132: ='RESUMEN TOTAL'!N150 -> 0 | I132: ='RESUMEN TOTAL'!O150 -> 0 | J132: ='RESUMEN TOTAL'!P150 -> 0 | K132: ='RESUMEN TOTAL'!Q150 -> 0 | L132: ='RESUMEN TOTAL'!R150 -> 0 | M132: ='RESUMEN TOTAL'!S150 -> 0 | ... AJ132: ='RESUMEN TOTAL'!AP150 -> 0
A133: ='RESUMEN TOTAL'!A151 -> LA ESMERALDA | B133: ='RESUMEN TOTAL'!B151 -> ESM04 | C133: ='RESUMEN TOTAL'!D151 -> Basualdo y Bengochea | D133: ='RESUMEN TOTAL'!E151 -> Domo | E133: ='RESUMEN TOTAL'!F151 -> Fibra Optica | F133: ='RESUMEN TOTAL'!L151 -> 0 | G133: ='RESUMEN TOTAL'!M151 -> 0 | H133: ='RESUMEN TOTAL'!N151 -> 0 | I133: ='RESUMEN TOTAL'!O151 -> 0 | J133: ='RESUMEN TOTAL'!P151 -> 0 | K133: ='RESUMEN TOTAL'!Q151 -> 0 | L133: ='RESUMEN TOTAL'!R151 -> 0 | M133: ='RESUMEN TOTAL'!S151 -> 0 | ... AJ133: ='RESUMEN TOTAL'!AP151 -> 0
A134: ='RESUMEN TOTAL'!A152 -> LA ESMERALDA | B134: ='RESUMEN TOTAL'!B152 -> ESM05 | C134: ='RESUMEN TOTAL'!D152 -> Aniceto Diaz y Villar | D134: ='RESUMEN TOTAL'!E152 -> Domo | E134: ='RESUMEN TOTAL'!F152 -> Fibra Optica | F134: ='RESUMEN TOTAL'!L152 -> 0 | G134: ='RESUMEN TOTAL'!M152 -> 0 | H134: ='RESUMEN TOTAL'!N152 -> 0 | I134: ='RESUMEN TOTAL'!O152 -> 0 | J134: ='RESUMEN TOTAL'!P152 -> 0 | K134: ='RESUMEN TOTAL'!Q152 -> 0 | L134: ='RESUMEN TOTAL'!R152 -> 0 | M134: ='RESUMEN TOTAL'!S152 -> 0 | ... AJ134: ='RESUMEN TOTAL'!AP152 -> 0
A135: ='RESUMEN TOTAL'!A153 -> LA ESMERALDA | B135: ='RESUMEN TOTAL'!B153 -> ESM06 | C135: ='RESUMEN TOTAL'!D153 -> Roselli y Cabello | D135: ='RESUMEN TOTAL'!E153 -> Domo | E135: ='RESUMEN TOTAL'!F153 -> Radio | F135: ='RESUMEN TOTAL'!L153 -> 0 | G135: ='RESUMEN TOTAL'!M153 -> 0 | H135: ='RESUMEN TOTAL'!N153 -> 0 | I135: ='RESUMEN TOTAL'!O153 -> 0 | J135: ='RESUMEN TOTAL'!P153 -> 0 | K135: ='RESUMEN TOTAL'!Q153 -> 0 | L135: ='RESUMEN TOTAL'!R153 -> 0 | M135: ='RESUMEN TOTAL'!S153 -> 0 | ... AJ135: ='RESUMEN TOTAL'!AP153 -> 0
A136: ='RESUMEN TOTAL'!A154 -> LA ESMERALDA | B136: ='RESUMEN TOTAL'!B154 -> ESM07 | C136: ='RESUMEN TOTAL'!D154 -> AV. NOVAK Y SERRANO | D136: ='RESUMEN TOTAL'!E154 -> DOMO | E136: ='RESUMEN TOTAL'!F154 -> PTO A FO | F136: ='RESUMEN TOTAL'!L154 -> 0 | G136: ='RESUMEN TOTAL'!M154 -> 0 | H136: ='RESUMEN TOTAL'!N154 -> 0 | I136: ='RESUMEN TOTAL'!O154 -> 0 | J136: ='RESUMEN TOTAL'!P154 -> 0 | K136: ='RESUMEN TOTAL'!Q154 -> 0 | L136: ='RESUMEN TOTAL'!R154 -> 0 | M136: ='RESUMEN TOTAL'!S154 -> 0 | ... AJ136: ='RESUMEN TOTAL'!AP154 -> 0
A137: ='RESUMEN TOTAL'!A155 -> LA ESMERALDA | B137: ='RESUMEN TOTAL'!B155 -> ESM 08 | C137: ='RESUMEN TOTAL'!D155 -> DAVINSON Y MORANCHEL | D137: ='RESUMEN TOTAL'!E155 -> FIJA | E137: ='RESUMEN TOTAL'!F155 -> Radio | F137: ='RESUMEN TOTAL'!L155 -> 0 | G137: ='RESUMEN TOTAL'!M155 -> 0 | H137: ='RESUMEN TOTAL'!N155 -> 0 | I137: ='RESUMEN TOTAL'!O155 -> 0 | J137: ='RESUMEN TOTAL'!P155 -> 0 | K137: ='RESUMEN TOTAL'!Q155 -> 0 | L137: ='RESUMEN TOTAL'!R155 -> 0 | M137: ='RESUMEN TOTAL'!S155 -> 0 | ... AJ137: ='RESUMEN TOTAL'!AP155 -> 0
... A145: ='RESUMEN TOTAL'!A163 -> LA ESMERALDA | B145: ='RESUMEN TOTAL'!B163 -> ESM 16 | C145: ='RESUMEN TOTAL'!D163 -> Basualdo y Lieja | D145: ='RESUMEN TOTAL'!E163 -> Fija | E145: ='RESUMEN TOTAL'!F163 -> Fibra Optica | F145: ='RESUMEN TOTAL'!L163 -> 0 | G145: ='RESUMEN TOTAL'!M163 -> 0 | H145: ='RESUMEN TOTAL'!N163 -> 0 | I145: ='RESUMEN TOTAL'!O163 -> 0 | J145: ='RESUMEN TOTAL'!P163 -> 0 | K145: ='RESUMEN TOTAL'!Q163 -> 0 | L145: ='RESUMEN TOTAL'!R163 -> 0 | M145: ='RESUMEN TOTAL'!S163 -> 0 | ... AJ145: ='RESUMEN TOTAL'!AP163 -> 0
A146: ='RESUMEN TOTAL'!A165 -> INGENIERO ALLAN | B146: ='RESUMEN TOTAL'!B165 -> INA 01 | C146: ='RESUMEN TOTAL'!D165 -> 1138 Y 1155 | D146: ='RESUMEN TOTAL'!E165 -> DOMO | E146: ='RESUMEN TOTAL'!F165 -> Fibra Optica | F146: ='RESUMEN TOTAL'!L165 -> 0 | G146: ='RESUMEN TOTAL'!M165 -> 0 | H146: ='RESUMEN TOTAL'!N165 -> 0 | I146: ='RESUMEN TOTAL'!O165 -> 0 | J146: ='RESUMEN TOTAL'!P165 -> APAGADO | K146: ='RESUMEN TOTAL'!Q165 -> APAGADO | L146: ='RESUMEN TOTAL'!R165 -> APAGADO | M146: ='RESUMEN TOTAL'!S165 -> APAGADO | ... AJ146: ='RESUMEN TOTAL'!AP165 -> 0
A147: ='RESUMEN TOTAL'!A166 -> INGENIERO ALLAN | B147: ='RESUMEN TOTAL'!B166 -> INA 02 | C147: ='RESUMEN TOTAL'!D166 -> 1144 Y 1155 | D147: ='RESUMEN TOTAL'!E166 -> DOMO | E147: ='RESUMEN TOTAL'!F166 -> Fibra Optica | F147: ='RESUMEN TOTAL'!L166 -> 0 | G147: ='RESUMEN TOTAL'!M166 -> 0 | H147: ='RESUMEN TOTAL'!N166 -> 0 | I147: ='RESUMEN TOTAL'!O166 -> 0 | J147: ='RESUMEN TOTAL'!P166 -> APAGADO | K147: ='RESUMEN TOTAL'!Q166 -> APAGADO | L147: ='RESUMEN TOTAL'!R166 -> APAGADO | M147: ='RESUMEN TOTAL'!S166 -> APAGADO | ... AJ147: ='RESUMEN TOTAL'!AP166 -> 0
A148: ='RESUMEN TOTAL'!A167 -> INFICO | B148: ='RESUMEN TOTAL'!B167 -> INF 01 | C148: ='RESUMEN TOTAL'!D167 -> AV. HUDSON Y CARIBONI | D148: ='RESUMEN TOTAL'!E167 -> 0 | E148: ='RESUMEN TOTAL'!F167 -> Fibra Optica | F148: ='RESUMEN TOTAL'!L167 -> APAGADO | G148: ='RESUMEN TOTAL'!M167 -> APAGADO | H148: ='RESUMEN TOTAL'!N167 -> APAGADO | I148: ='RESUMEN TOTAL'!O167 -> APAGADO | J148: ='RESUMEN TOTAL'!P167 -> APAGADO | K148: ='RESUMEN TOTAL'!Q167 -> APAGADO | L148: ='RESUMEN TOTAL'!R167 -> APAGADO | M148: ='RESUMEN TOTAL'!S167 -> APAGADO | ... AJ148: ='RESUMEN TOTAL'!AP167 -> 0
A149: ='RESUMEN TOTAL'!A168 -> VILLA ARGENTINA | B149: ='RESUMEN TOTAL'!B168 -> KM01 | C149: ='RESUMEN TOTAL'!D168 -> Vias FFCC y La Pulperia | D149: ='RESUMEN TOTAL'!E168 -> DOMO | E149: ='RESUMEN TOTAL'!F168 -> Radio | F149: ='RESUMEN TOTAL'!L168 -> 0 | G149: ='RESUMEN TOTAL'!M168 -> 0 | H149: ='RESUMEN TOTAL'!N168 -> 0 | I149: ='RESUMEN TOTAL'!O168 -> 0 | J149: ='RESUMEN TOTAL'!P168 -> 0 | K149: ='RESUMEN TOTAL'!Q168 -> 0 | L149: ='RESUMEN TOTAL'!R168 -> 0 | M149: ='RESUMEN TOTAL'!S168 -> 0 | ... AJ149: ='RESUMEN TOTAL'!AP168 -> 0
A150: ='RESUMEN TOTAL'!A169 -> CHACABUCO | B150: ='RESUMEN TOTAL'!B169 -> KM02 | C150: ='RESUMEN TOTAL'!D169 -> Novak e/El Overo y el Mangrullo | D150: ='RESUMEN TOTAL'!E169 -> Domo | E150: ='RESUMEN TOTAL'!F169 -> GPON | F150: ='RESUMEN TOTAL'!L169 -> 0 | G150: ='RESUMEN TOTAL'!M169 -> 0 | H150: ='RESUMEN TOTAL'!N169 -> 0 | I150: ='RESUMEN TOTAL'!O169 -> 0 | J150: ='RESUMEN TOTAL'!P169 -> 0 | K150: ='RESUMEN TOTAL'!Q169 -> 0 | L150: ='RESUMEN TOTAL'!R169 -> 0 | M150: ='RESUMEN TOTAL'!S169 -> 0 | ... AJ150: ='RESUMEN TOTAL'!AP169 -> 0
A151: ='RESUMEN TOTAL'!A170 -> KM 26700 (JULIO A. COSTA) | B151: ='RESUMEN TOTAL'!B170 -> KM03 | C151: ='RESUMEN TOTAL'!D170 -> Novak y La Pulperia | D151: ='RESUMEN TOTAL'!E170 -> Domo | E151: ='RESUMEN TOTAL'!F170 -> Radio | F151: ='RESUMEN TOTAL'!L170 -> 0 | G151: ='RESUMEN TOTAL'!M170 -> 0 | H151: ='RESUMEN TOTAL'!N170 -> 0 | I151: ='RESUMEN TOTAL'!O170 -> 0 | J151: ='RESUMEN TOTAL'!P170 -> 0 | K151: ='RESUMEN TOTAL'!Q170 -> 0 | L151: ='RESUMEN TOTAL'!R170 -> 0 | M151: ='RESUMEN TOTAL'!S170 -> 0 | ... AJ151: ='RESUMEN TOTAL'!AP170 -> 0
A152: ='RESUMEN TOTAL'!A171 -> KM 26700 (JULIO A. COSTA) | B152: ='RESUMEN TOTAL'!B171 -> KM04 | C152: ='RESUMEN TOTAL'!D171 -> El Ombu y El Zonda | D152: ='RESUMEN TOTAL'!E171 -> Domo | E152: ='RESUMEN TOTAL'!F171 -> Radio | F152: ='RESUMEN TOTAL'!L171 -> 0 | G152: ='RESUMEN TOTAL'!M171 -> 0 | H152: ='RESUMEN TOTAL'!N171 -> 0 | I152: ='RESUMEN TOTAL'!O171 -> 0 | J152: ='RESUMEN TOTAL'!P171 -> 0 | K152: ='RESUMEN TOTAL'!Q171 -> 0 | L152: ='RESUMEN TOTAL'!R171 -> 0 | M152: ='RESUMEN TOTAL'!S171 -> 0 | ... AJ152: ='RESUMEN TOTAL'!AP171 -> 0
A153: ='RESUMEN TOTAL'!A172 -> KM 26700 (JULIO A. COSTA) | B153: ='RESUMEN TOTAL'!B172 -> KM05 | C153: ='RESUMEN TOTAL'!D172 -> El Ombu y Los Charruas | D153: ='RESUMEN TOTAL'!E172 -> Domo | E153: ='RESUMEN TOTAL'!F172 -> Radio | F153: ='RESUMEN TOTAL'!L172 -> 0 | G153: ='RESUMEN TOTAL'!M172 -> 0 | H153: ='RESUMEN TOTAL'!N172 -> 0 | I153: ='RESUMEN TOTAL'!O172 -> 0 | J153: ='RESUMEN TOTAL'!P172 -> 0 | K153: ='RESUMEN TOTAL'!Q172 -> 0 | L153: ='RESUMEN TOTAL'!R172 -> 0 | M153: ='RESUMEN TOTAL'!S172 -> 0 | ... AJ153: ='RESUMEN TOTAL'!AP172 -> 0
A154: ='RESUMEN TOTAL'!A173 -> KM 26700 (JULIO A. COSTA) | B154: ='RESUMEN TOTAL'!B173 -> KM06 | C154: ='RESUMEN TOTAL'!D173 -> El Ombu y La Cautiva | D154: ='RESUMEN TOTAL'!E173 -> DOMO | E154: ='RESUMEN TOTAL'!F173 -> Radio | F154: ='RESUMEN TOTAL'!L173 -> APAGADO | G154: ='RESUMEN TOTAL'!M173 -> APAGADO | H154: ='RESUMEN TOTAL'!N173 -> APAGADO | I154: ='RESUMEN TOTAL'!O173 -> APAGADO | J154: ='RESUMEN TOTAL'!P173 -> APAGADO | K154: ='RESUMEN TOTAL'!Q173 -> APAGADO | L154: ='RESUMEN TOTAL'!R173 -> APAGADO | M154: ='RESUMEN TOTAL'!S173 -> APAGADO | ... AJ154: ='RESUMEN TOTAL'!AP173 -> 0
A155: ='RESUMEN TOTAL'!A174 -> KM 26700 (JULIO A. COSTA) | B155: ='RESUMEN TOTAL'!B174 -> KM 07 | C155: ='RESUMEN TOTAL'!D174 -> EL ALJIBE E/ EL ZONDA Y DON SEGUNDO SOMBRA | D155: ='RESUMEN TOTAL'!E174 -> DOMO | E155: ='RESUMEN TOTAL'!F174 -> Radio | F155: ='RESUMEN TOTAL'!L174 -> 0 | G155: ='RESUMEN TOTAL'!M174 -> 0 | H155: ='RESUMEN TOTAL'!N174 -> 0 | I155: ='RESUMEN TOTAL'!O174 -> 0 | J155: ='RESUMEN TOTAL'!P174 -> 0 | K155: ='RESUMEN TOTAL'!Q174 -> 0 | L155: ='RESUMEN TOTAL'!R174 -> 0 | M155: ='RESUMEN TOTAL'!S174 -> 0 | ... AJ155: ='RESUMEN TOTAL'!AP174 -> 0
A156: ='RESUMEN TOTAL'!A175 -> KM 26700 (JULIO A. COSTA) | B156: ='RESUMEN TOTAL'!B175 -> KM08 / UPA 03 | C156: ='RESUMEN TOTAL'!D175 -> LOS CHARRUAS Y BLANDENGUES | D156: ='RESUMEN TOTAL'!E175 -> DOMO | E156: ='RESUMEN TOTAL'!F175 -> Radio | F156: ='RESUMEN TOTAL'!L175 -> 0 | G156: ='RESUMEN TOTAL'!M175 -> 0 | H156: ='RESUMEN TOTAL'!N175 -> 0 | I156: ='RESUMEN TOTAL'!O175 -> 0 | J156: ='RESUMEN TOTAL'!P175 -> 0 | K156: ='RESUMEN TOTAL'!Q175 -> 0 | L156: ='RESUMEN TOTAL'!R175 -> 0 | M156: ='RESUMEN TOTAL'!S175 -> 0 | ... AJ156: ='RESUMEN TOTAL'!AP175 -> 0
A157: ='RESUMEN TOTAL'!A176 -> KM 26700 (JULIO A. COSTA) | B157: ='RESUMEN TOTAL'!B176 -> KM09 / UPA 1 | C157: ='RESUMEN TOTAL'!D176 -> NOVAK Y LA POSTA | D157: ='RESUMEN TOTAL'!E176 -> DOMO | E157: ='RESUMEN TOTAL'!F176 -> Radio | F157: ='RESUMEN TOTAL'!L176 -> 0 | G157: ='RESUMEN TOTAL'!M176 -> 0 | H157: ='RESUMEN TOTAL'!N176 -> 0 | I157: ='RESUMEN TOTAL'!O176 -> 0 | J157: ='RESUMEN TOTAL'!P176 -> 0 | K157: ='RESUMEN TOTAL'!Q176 -> 0 | L157: ='RESUMEN TOTAL'!R176 -> 0 | M157: ='RESUMEN TOTAL'!S176 -> 0 | ... AJ157: ='RESUMEN TOTAL'!AP176 -> 0
... A169: ='RESUMEN TOTAL'!A188 -> LOMAS DE MONTEVERDE | B169: ='RESUMEN TOTAL'!B188 -> LDM 03 | C169: ='RESUMEN TOTAL'!D188 -> LAS HERAS Y FRANKLIN | D169: ='RESUMEN TOTAL'!E188 -> DOMO | E169: ='RESUMEN TOTAL'!F188 -> PTO A FO | F169: ='RESUMEN TOTAL'!L188 -> APAGADO | G169: ='RESUMEN TOTAL'!M188 -> APAGADO | H169: ='RESUMEN TOTAL'!N188 -> APAGADO | I169: ='RESUMEN TOTAL'!O188 -> APAGADO | J169: ='RESUMEN TOTAL'!P188 -> 0 | K169: ='RESUMEN TOTAL'!Q188 -> 0 | L169: ='RESUMEN TOTAL'!R188 -> 0 | M169: ='RESUMEN TOTAL'!S188 -> 0 | ... AJ169: ='RESUMEN TOTAL'!AP188 -> 0
A170: ='RESUMEN TOTAL'!A190 -> LIBERTAD | B170: ='RESUMEN TOTAL'!B190 -> LIBER 01 | C170: ='RESUMEN TOTAL'!D190 -> 511 Y 574 FIJA 01 | D170: ='RESUMEN TOTAL'!E190 -> Fija | E170: ='RESUMEN TOTAL'!F190 -> RADIO | F170: ='RESUMEN TOTAL'!L190 -> 0 | G170: ='RESUMEN TOTAL'!M190 -> 0 | H170: ='RESUMEN TOTAL'!N190 -> 0 | I170: ='RESUMEN TOTAL'!O190 -> APAGADO | J170: ='RESUMEN TOTAL'!P190 -> 0 | K170: ='RESUMEN TOTAL'!Q190 -> APAGADO | L170: ='RESUMEN TOTAL'!R190 -> APAGADO | M170: ='RESUMEN TOTAL'!S190 -> APAGADO | ... AJ170: ='RESUMEN TOTAL'!AP190 -> 0
A171: ='RESUMEN TOTAL'!A191 -> LIBERTAD | B171: ='RESUMEN TOTAL'!B191 -> LIBER 02 | C171: ='RESUMEN TOTAL'!D191 -> 511 Y 574 FIJA 02 | D171: ='RESUMEN TOTAL'!E191 -> Fija | E171: ='RESUMEN TOTAL'!F191 -> Radio | F171: ='RESUMEN TOTAL'!L191 -> 0 | G171: ='RESUMEN TOTAL'!M191 -> 0 | H171: ='RESUMEN TOTAL'!N191 -> 0 | I171: ='RESUMEN TOTAL'!O191 -> APAGADO | J171: ='RESUMEN TOTAL'!P191 -> 0 | K171: ='RESUMEN TOTAL'!Q191 -> APAGADO | L171: ='RESUMEN TOTAL'!R191 -> APAGADO | M171: ='RESUMEN TOTAL'!S191 -> APAGADO | ... AJ171: ='RESUMEN TOTAL'!AP191 -> 0
A172: ='RESUMEN TOTAL'!A192 -> z | B172: ='RESUMEN TOTAL'!B192 -> LPI 01 | C172: ='RESUMEN TOTAL'!D192 -> Maipu y Posadas | D172: ='RESUMEN TOTAL'!E192 -> Domo | E172: ='RESUMEN TOTAL'!F192 -> Radio | F172: ='RESUMEN TOTAL'!L192 -> 0 | G172: ='RESUMEN TOTAL'!M192 -> 0 | H172: ='RESUMEN TOTAL'!N192 -> 0 | I172: ='RESUMEN TOTAL'!O192 -> 0 | J172: ='RESUMEN TOTAL'!P192 -> 0 | K172: ='RESUMEN TOTAL'!Q192 -> 0 | L172: ='RESUMEN TOTAL'!R192 -> 0 | M172: ='RESUMEN TOTAL'!S192 -> 0 | ... AJ172: ='RESUMEN TOTAL'!AP192 -> 0
A173: ='RESUMEN TOTAL'!A193 -> CHACABUCO | B173: ='RESUMEN TOTAL'!B193 -> LPI02 | C173: ='RESUMEN TOTAL'!D193 -> EE.UU y Ayacucho | D173: ='RESUMEN TOTAL'!E193 -> Domo | E173: ='RESUMEN TOTAL'!F193 -> GPON | F173: ='RESUMEN TOTAL'!L193 -> 0 | G173: ='RESUMEN TOTAL'!M193 -> 0 | H173: ='RESUMEN TOTAL'!N193 -> 0 | I173: ='RESUMEN TOTAL'!O193 -> 0 | J173: ='RESUMEN TOTAL'!P193 -> 0 | K173: ='RESUMEN TOTAL'!Q193 -> 0 | L173: ='RESUMEN TOTAL'!R193 -> 0 | M173: ='RESUMEN TOTAL'!S193 -> 0 | ... AJ173: ='RESUMEN TOTAL'!AP193 -> 0
A174: ='RESUMEN TOTAL'!A194 -> LA PILETA | B174: ='RESUMEN TOTAL'!B194 -> LPI03 (fija 2) | C174: ='RESUMEN TOTAL'!D194 -> MAIPU Y POSADAS | D174: ='RESUMEN TOTAL'!E194 -> Fija | E174: ='RESUMEN TOTAL'!F194 -> Fibra Optica | F174: ='RESUMEN TOTAL'!L194 -> 0 | G174: ='RESUMEN TOTAL'!M194 -> 0 | H174: ='RESUMEN TOTAL'!N194 -> 0 | I174: ='RESUMEN TOTAL'!O194 -> 0 | J174: ='RESUMEN TOTAL'!P194 -> 0 | K174: ='RESUMEN TOTAL'!Q194 -> 0 | L174: ='RESUMEN TOTAL'!R194 -> 0 | M174: ='RESUMEN TOTAL'!S194 -> 0 | ... AJ174: ='RESUMEN TOTAL'!AP194 -> 0
A175: ='RESUMEN TOTAL'!A195 -> LA PILETA | B175: ='RESUMEN TOTAL'!B195 -> LPI04 (fija 1) | C175: ='RESUMEN TOTAL'!D195 -> MAIPU Y POSADAS | D175: ='RESUMEN TOTAL'!E195 -> FIJA | E175: ='RESUMEN TOTAL'!F195 -> Fibra Optica | F175: ='RESUMEN TOTAL'!L195 -> 0 | G175: ='RESUMEN TOTAL'!M195 -> 0 | H175: ='RESUMEN TOTAL'!N195 -> 0 | I175: ='RESUMEN TOTAL'!O195 -> 0 | J175: ='RESUMEN TOTAL'!P195 -> 0 | K175: ='RESUMEN TOTAL'!Q195 -> 0 | L175: ='RESUMEN TOTAL'!R195 -> 0 | M175: ='RESUMEN TOTAL'!S195 -> 0 | ... AJ175: ='RESUMEN TOTAL'!AP195 -> 0
A176: ='RESUMEN TOTAL'!A198 -> LOS PILARES | B176: ='RESUMEN TOTAL'!B198 -> LPR 01 | C176: ='RESUMEN TOTAL'!D198 -> EVA PERON E/ CACHEUTA Y 1406 | D176: ='RESUMEN TOTAL'!E198 -> DOMO | E176: ='RESUMEN TOTAL'!F198 -> Fibra Optica | F176: ='RESUMEN TOTAL'!L198 -> 0 | G176: ='RESUMEN TOTAL'!M198 -> 0 | H176: ='RESUMEN TOTAL'!N198 -> 0 | I176: ='RESUMEN TOTAL'!O198 -> 0 | J176: ='RESUMEN TOTAL'!P198 -> 0 | K176: ='RESUMEN TOTAL'!Q198 -> 0 | L176: ='RESUMEN TOTAL'!R198 -> 0 | M176: ='RESUMEN TOTAL'!S198 -> 0 | ... AJ176: ='RESUMEN TOTAL'!AP198 -> 0
A177: ='RESUMEN TOTAL'!A199 -> LOS PILARES | B177: ='RESUMEN TOTAL'!B199 -> LPR02 (fija 1) | C177: ='RESUMEN TOTAL'!D199 -> EVA PERON Y CACHEUTA | D177: ='RESUMEN TOTAL'!E199 -> Fija | E177: ='RESUMEN TOTAL'!F199 -> Fibra Optica | F177: ='RESUMEN TOTAL'!L199 -> 0 | G177: ='RESUMEN TOTAL'!M199 -> 0 | H177: ='RESUMEN TOTAL'!N199 -> 0 | I177: ='RESUMEN TOTAL'!O199 -> 0 | J177: ='RESUMEN TOTAL'!P199 -> 0 | K177: ='RESUMEN TOTAL'!Q199 -> 0 | L177: ='RESUMEN TOTAL'!R199 -> 0 | M177: ='RESUMEN TOTAL'!S199 -> 0 | ... AJ177: ='RESUMEN TOTAL'!AP199 -> 0
A178: ='RESUMEN TOTAL'!A200 -> LOS PILARES | B178: ='RESUMEN TOTAL'!B200 -> LPR03 (fija 2) | C178: ='RESUMEN TOTAL'!D200 -> EVA PERON Y CACHEUTA | D178: ='RESUMEN TOTAL'!E200 -> Fija | E178: ='RESUMEN TOTAL'!F200 -> Fibra Optica | F178: ='RESUMEN TOTAL'!L200 -> 0 | G178: ='RESUMEN TOTAL'!M200 -> 0 | H178: ='RESUMEN TOTAL'!N200 -> 0 | I178: ='RESUMEN TOTAL'!O200 -> 0 | J178: ='RESUMEN TOTAL'!P200 -> 0 | K178: ='RESUMEN TOTAL'!Q200 -> 0 | L178: ='RESUMEN TOTAL'!R200 -> 0 | M178: ='RESUMEN TOTAL'!S200 -> 0 | ... AJ178: ='RESUMEN TOTAL'!AP200 -> 0
A179: ='RESUMEN TOTAL'!A201 -> LOPEZ ROMERO | B179: ='RESUMEN TOTAL'!B201 -> LRO 05 | C179: ='RESUMEN TOTAL'!D201 -> Calchaqui y Las Americas | D179: ='RESUMEN TOTAL'!E201 -> Fija | E179: ='RESUMEN TOTAL'!F201 -> Fibra Optica | F179: ='RESUMEN TOTAL'!L201 -> 0 | G179: ='RESUMEN TOTAL'!M201 -> 0 | H179: ='RESUMEN TOTAL'!N201 -> 0 | I179: ='RESUMEN TOTAL'!O201 -> 0 | J179: ='RESUMEN TOTAL'!P201 -> 0 | K179: ='RESUMEN TOTAL'!Q201 -> 0 | L179: ='RESUMEN TOTAL'!R201 -> 0 | M179: ='RESUMEN TOTAL'!S201 -> 0 | ... AJ179: ='RESUMEN TOTAL'!AP201 -> 0
...
