Workbook
Name _25_de_agosto: 'RESUMEN TOTAL'!$A$4:$D$396
Name _25_de_agosto_3: 'RESUMEN TOTAL'!$A$4:$D$408
Name _30_mar: 'APAGADOS ANTENA'!$AI$3
Name BONOMOcam: Hoja1!$B$2
Name CANTIDAD_DE_CAMARAS: 'RESUMEN TOTAL'!$B$1
Name COSEIDIcam: Hoja1!$B$4

Sheet RESUMEN TOTAL
A1: CANTIDAD DE CAMARAS | B1: =COUNTA(B5:B633) -> 547 | D1: PORCIENTO DE CAIDAS | L1: =(L3)/(L2+L3) -> 0.12845528 | M1: =(M3)/(M2+M3) -> 0.12703583 | N1: =(N3)/(N2+N3) -> 0.13408724 | O1: =(O3)/(O2+O3) -> 0 | P1: =(P3)/(P2+P3) -> 0.12845528 | Q1: =(Q3)/(Q2+Q3) -> 0.13548387 | R1: =(R3)/(R2+R3) -> 0.12845528 | S1: =(S3)/(S2+S3) -> 0.12418301 | ... X1: =(X3)/(X2+X3) -> 0.12561175 | Z1: =(Z3)/(Z2+Z3) -> 0.13548387 | AA1: =(AA3)/(AA2+AA3) -> 0.13548387 | AB1: =(AB3)/(AB2+AB3) -> 0.13548387 | AC1: =(AC3)/(AC2+AC3) -> 0.14376997 | AD1: =(AD3)/(AD2+AD3) -> 0.14376997 | AE1: =(AE3)/(AE2+AE3) -> 0.12703583 | AF1: =(AF3)/(AF2+AF3) -> 0 | AG1: =(AG3)/(AG2+AG3) -> 0 | ... AO1: =(AO3)/(AO2+AO3) -> 0
D2: FUNCIONAN | L2: 536 | M2: 536 | N2: 536 | O2: 536 | P2: 536 | Q2: 536 | R2: 536 | S2: 536 | T2: 536 | U2: 536 | V2: 536 | W2: 536 | X2: 536 | Y2: 536 | Z2: 536 | AA2: 536 | AB2: 536 | AC2: 536 | AD2: 536 | AE2: 536 | AF2: 536 | AG2: 536 | AH2: 536 | AI2: 536 | AJ2: 536 | AK2: 536 | AL2: 536 | AM2: 536 | AN2: 536 | AO2: 536
D3: CAIDAS | L3: =COUNTIF(L4:L633, "apagado") -> 79 | M3: =COUNTIF(M4:M633, "apagado") -> 78 | N3: =COUNTIF(N4:N633, "apagado") -> 83 | O3: =COUNTIF(O4:O633, "apagado") -> 0 | P3: =COUNTIF(P4:P633, "apagado") -> 79 | Q3: =COUNTIF(Q4:Q633, "apagado") -> 84 | R3: =COUNTIF(R4:R633, "apagado") -> 79 | S3: =COUNTIF(S4:S633, "apagado") -> 76 | ... W3: =COUNTIF(W4:W633, "apagado") -> 96 | X3: =COUNTIF(X4:X533, "apagado") -> 77 | Y3: =COUNTIF(Y4:Y533, "apagado") -> 76 | Z3: =COUNTIF(Z4:Z633, "apagado") -> 84 | AA3: =COUNTIF(AA4:AA633, "apagado") -> 84 | AB3: =COUNTIF(AB4:AB633, "apagado") -> 84 | AC3: =COUNTIF(AC4:AC633, "apagado") -> 90 | AD3: =COUNTIF(AD4:AD633, "apagado") -> 90 | AE3: =COUNTIF(AE4:AE633, "apagado") -> 78 | AF3: =COUNTIF(AF4:AF633, "apagado") -> 0 | AG3: =COUNTIF(AG4:AG633, "apagado") -> 0 | ... AO3: =COUNTIF(AO4:AO633, "apagado") -> 0
A4: Barrio | B4: [Denominacion] | C4: [Empresa Mantenimiento] | D4: [Ubicacion] | E4: [Tipo de Camara] | F4: [Tipo de Conexion] | G4: Destino | I4: DIAS FUNCIONANDO | J4: DIAS CAIDA | K4: EFECTIVIDAD | L4: 45597 | M4: 45598 | N4: 45599 | O4: 45600 | P4: 45601 | Q4: 45602 | R4: 45603 | S4: 45604 | T4: 45605 | U4: 45606 | V4: 45607 | W4: 45608 | X4: 45609 | Y4: 45610 | Z4: 45611 | AA4: 45612 | AB4: 45613 | AC4: 45614 | AD4: 45615 | AE4: 45616 | AF4: 45617 | AG4: 45618 | AH4: 45619 | AI4: 45620 | AJ4: 45621 | AK4: 45622 | AL4: 45623 | AM4: 45624 | AN4: 45625 | AO4: 45626
A5: ALTAMIRA | B5: ALT01 | C5: BONOMO | D5: Calchaqui y Sgto. Cabral | E5: Domo | F5: Fibra Optica | H5: 172.20.10.6 | I5: =COUNTIF(L5:AM5,"") -> 28 | J5: =COUNTIF(L5:AM5,"APAGADO") -> 0 | K5: =(I5)/(J5+I5) -> 1
A6: ALTAMIRA | B6: ALT02 | C6: BONOMO | D6: Calchaqui y Lope de Vega | E6: Domo | F6: PTO A FO | G6: CABRAL Y CALCHAQUI | H6: 172.20.12.218 | I6: =COUNTIF(L6:AM6,"") -> 28 | J6: =COUNTIF(L6:AM6,"APAGADO") -> 0 | K6: =(I6)/(J6+I6) -> 1
A7: ALTAMIRA | B7: ALT 03 | C7: BONOMO | D7: Bombero Galarza y Necochea | E7: Domo | F7: Fibra Optica | H7: 172.20.12.54 | I7: =COUNTIF(L7:AM7,"") -> 28 | J7: =COUNTIF(L7:AM7,"APAGADO") -> 0 | K7: =(I7)/(J7+I7) -> 1
A8: ALTAMIRA | B8: ALT 04 | C8: BONOMO | D8: Francia y Necochea | E8: Domo | F8: Fibra Optica | H8: 172.20.12.55 | I8: =COUNTIF(L8:AM8,"") -> 28 | J8: =COUNTIF(L8:AM8,"APAGADO") -> 0 | K8: =(I8)/(J8+I8) -> 1
A9: ALTAMIRA | B9: ALT05 | C9: BONOMO | D9: Av. Calchaqui y Bombero Galarza | E9: Domo | F9: PTO A FO | G9: NECOCHEA Y GALARZA | H9: 172.20.12.216 | I9: =COUNTIF(L9:AM9,"") -> 28 | J9: =COUNTIF(L9:AM9,"APAGADO") -> 0 | K9: =(I9)/(J9+I9) -> 1
A10: ALTAMIRA | B10: ALT 06 | C10: BONOMO | D10: LOPE DE VEGA Y NECOCHEA | E10: Domo | F10: PTO A FO | G10: NECOCHEA Y GALARZA | H10: 172.20.12.12 | I10: =COUNTIF(L10:AM10,"") -> 28 | J10: =COUNTIF(L10:AM10,"APAGADO") -> 0 | K10: =(I10)/(J10+I10) -> 1
A11: ALTAMIRA | B11: ALT07 | C11: BONOMO | D11: AV. CALCHAQUI Y AV. DEL TRABAJO | E11: DOMO | F11: PTO A FO | G11: CABRAL Y CALCHAQUI | H11: 172.20.10.57 | I11: =COUNTIF(L11:AM11,"") -> 28 | J11: =COUNTIF(L11:AM11,"APAGADO") -> 0 | K11: =(I11)/(J11+I11) -> 1
A12: ALTAMIRA | B12: ALT 08 | C12: BONOMO | D12: HUMAITA Y NECOCHEA | E12: DOMO | F12: Fibra Optica | H12: 172.20.11.215 | I12: =COUNTIF(L12:AM12,"") -> 28 | J12: =COUNTIF(L12:AM12,"APAGADO") -> 0 | K12: =(I12)/(J12+I12) -> 1
A13: ALTAMIRA | B13: ALT 09 | C13: BONOMO | D13: NECOCHEA Y CURUPAITY | E13: DOMO | F13: Fibra Optica | H13: 172.20.11.216 | I13: =COUNTIF(L13:AM13,"") -> 28 | J13: =COUNTIF(L13:AM13,"APAGADO") -> 0 | K13: =(I13)/(J13+I13) -> 1
A14: ALTAMIRA | B14: ALT 10 | C14: BONOMO | D14: Calchaqui y Francia | E14: Domo | F14: Radio | H14: 172.20.12.156 | I14: =COUNTIF(L14:AM14,"") -> 28 | J14: =COUNTIF(L14:AM14,"APAGADO") -> 0 | K14: =(I14)/(J14+I14) -> 1
A15: AGUSTIN RAMIREZ | B15: ARA 01 | C15: BONOMO | D15: Malambo y Tranquera | E15: Domo | F15: Fibra Optica | H15: 172.20.12.110 | I15: =COUNTIF(L15:AM15,"") -> 28 | J15: =COUNTIF(L15:AM15,"APAGADO") -> 0 | K15: =(I15)/(J15+I15) -> 1
A16: BELGRANO | B16: BEL 01 | C16: BONOMO | D16: San Martin y Dardo Rocha | E16: DOMO | F16: Fibra Optica | H16: 172.20.12.64 | I16: =COUNTIF(L16:AM16,"") -> 21 | J16: =COUNTIF(L16:AM16,"APAGADO") -> 7 | K16: =(I16)/(J16+I16) -> 0.75 | V16: APAGADO | W16: APAGADO | X16: APAGADO | Y16: APAGADO | Z16: APAGADO | AA16: APAGADO | AB16: APAGADO
A17: BELGRANO | B17: BEL 02 | C17: BONOMO | D17: Guardia vieja y Fronteriz | E17: DOMO | F17: Fibra Optica | H17: 172.20.10.117 | I17: =COUNTIF(L17:AM17,"") -> 21 | J17: =COUNTIF(L17:AM17,"APAGADO") -> 7 | K17: =(I17)/(J17+I17) -> 0.75 | V17: APAGADO | W17: APAGADO | X17: APAGADO | Y17: APAGADO | Z17: APAGADO | AA17: APAGADO | AB17: APAGADO
A18: BOSQUES CENTRO | B18: BOSQC 01 | C18: COSEIDI | D18: LUIS AGOTE E/DANUNCIO Y CAMPOAMOR | E18: Fija | F18: Radio | H18: 172.20.11.15 | I18: =COUNTIF(L18:AM18,"") -> 26 | J18: =COUNTIF(L18:AM18,"APAGADO") -> 2 | K18: =(I18)/(J18+I18) -> 0.92857143 | N18: APAGADO | P18: APAGADO
A19: BOSQUES CENTRO | B19: BOSQC 02 | C19: COSEIDI | D19: LUIS AGOTE E/DANUNCIO Y CAMPOAMOR | E19: Fija | F19: Radio | H19: 172.20.11.16 | I19: =COUNTIF(L19:AM19,"") -> 26 | J19: =COUNTIF(L19:AM19,"APAGADO") -> 2 | K19: =(I19)/(J19+I19) -> 0.92857143 | N19: APAGADO | P19: APAGADO
A20: BOSQUES CENTRO | B20: BOSQC 03 | C20: COSEIDI | D20: BENAVENTE Y LUIS AGOTE | E20: Fija | F20: Radio | H20: 172.20.11.13 | I20: =COUNTIF(L20:AM20,"") -> 26 | J20: =COUNTIF(L20:AM20,"APAGADO") -> 2 | K20: =(I20)/(J20+I20) -> 0.92857143 | N20: APAGADO | P20: APAGADO
A21: BOSQUES CENTRO | B21: BOSQC 04 | C21: COSEIDI | D21: BENAVENTE Y LUIS AGOTE | E21: Fija | F21: Radio | H21: 172.20.11.113 | I21: =COUNTIF(L21:AM21,"") -> 26 | J21: =COUNTIF(L21:AM21,"APAGADO") -> 2 | K21: =(I21)/(J21+I21) -> 0.92857143 | N21: APAGADO | P21: APAGADO
A22: BOSQUES CENTRO | B22: BOSQC 05 | C22: COSEIDI | D22: LUIS AGOTE Y RUTA 36 | E22: Fija | F22: Radio | H22: 172.20.11.17 | I22: =COUNTIF(L22:AM22,"") -> 28 | J22: =COUNTIF(L22:AM22,"APAGADO") -> 0 | K22: =(I22)/(J22+I22) -> 1
A23: BOSQUES CENTRO | B23: BOSQC 06 | C23: COSEIDI | D23: LUIS AGOTE Y RUTA 36 | E23: Fija | F23: Radio | H23: 172.20.11.18 | I23: =COUNTIF(L23:AM23,"") -> 28 | J23: =COUNTIF(L23:AM23,"APAGADO") -> 0 | K23: =(I23)/(J23+I23) -> 1
A24: BOSQUES CENTRO | B24: BOSQC 07 | C24: BONOMO | D24: Touring club y Sta Teresita | E24: Domo | F24: Fibra Optica | H24: 172320,10,141 | I24: =COUNTIF(L24:AM24,"") -> 27 | J24: =COUNTIF(L24:AM24,"APAGADO") -> 1 | K24: =(I24)/(J24+I24) -> 0.96428571 | W24: APAGADO
A25: BOSQUES CENTRO | B25: PAVE01 | C25: BONOMO | D25: Touring Club y Ramallo | E25: Domo | F25: Fibra Optica | H25: 172,20,10,144 | I25: =COUNTIF(L25:AM25,"") -> 27 | J25: =COUNTIF(L25:AM25,"APAGADO") -> 1 | K25: =(I25)/(J25+I25) -> 0.96428571 | W25: APAGADO
A26: CENTRO | B26: CEN01 | C26: BONOMO | D26: San Martin y 9 de Julio | E26: Fija | F26: Fibra Optica | H26: 172.20.11.10 | I26: =COUNTIF(L26:AM26,"") -> 9 | J26: =COUNTIF(L26:AM26,"APAGADO") -> 19 | K26: =(I26)/(J26+I26) -> 0.32142857 | L26: APAGADO | M26: APAGADO | N26: APAGADO | P26: APAGADO | Q26: APAGADO | R26: APAGADO | S26: APAGADO | T26: APAGADO | U26: APAGADO | V26: APAGADO | W26: APAGADO | X26: APAGADO | Y26: APAGADO | Z26: APAGADO | AA26: APAGADO | AB26: APAGADO | AC26: APAGADO | AD26: APAGADO | AE26: APAGADO
A27: CENTRO | B27: CEN02 | C27: BONOMO | D27: San Martin y Almafuerte | E27: Fija | F27: Fibra Optica | H27: 172.20.11.11 | I27: =COUNTIF(L27:AM27,"") -> 9 | J27: =COUNTIF(L27:AM27,"APAGADO") -> 19 | K27: =(I27)/(J27+I27) -> 0.32142857 | L27: APAGADO | M27: APAGADO | N27: APAGADO | P27: APAGADO | Q27: APAGADO | R27: APAGADO | S27: APAGADO | T27: APAGADO | U27: APAGADO | V27: APAGADO | W27: APAGADO | X27: APAGADO | Y27: APAGADO | Z27: APAGADO | AA27: APAGADO | AB27: APAGADO | AC27: APAGADO | AD27: APAGADO | AE27: APAGADO
A28: CENTRO | B28: CEN03 | C28: BONOMO | D28: San Martin y Sallares | E28: Domo | F28: Fibra Optica | H28: 172.20.12.30 | I28: =COUNTIF(L28:AM28,"") -> 28 | J28: =COUNTIF(L28:AM28,"APAGADO") -> 0 | K28: =(I28)/(J28+I28) -> 1
A29: CENTRO | B29: CEN04 | C29: BONOMO | D29: San Martin y Contreras | E29: Domo | F29: Fibra Optica | H29: 172.20.12.29 | I29: =COUNTIF(L29:AM29,"") -> 28 | J29: =COUNTIF(L29:AM29,"APAGADO") -> 0 | K29: =(I29)/(J29+I29) -> 1
A30: CENTRO | B30: CEN 05 | C30: BONOMO | D30: Bocuzzi e/España y San Martin | E30: DOMO | F30: Fibra Optica | H30: 172.20.10.200 | I30: =COUNTIF(L30:AM30,"") -> 26 | J30: =COUNTIF(L30:AM30,"APAGADO") -> 2 | K30: =(I30)/(J30+I30) -> 0.92857143 | AC30: APAGADO | AD30: APAGADO
A31: CENTRO | B31: CEN06 | C31: BONOMO | D31: Monteagudo y A.del Valle | E31: Fija | F31: Fibra Optica | H31: 172.20.10.02 | I31: =COUNTIF(L31:AM31,"") -> 20 | J31: =COUNTIF(L31:AM31,"APAGADO") -> 8 | K31: =(I31)/(J31+I31) -> 0.71428571 | X31: APAGADO | Y31: APAGADO | Z31: APAGADO | AA31: APAGADO | AB31: APAGADO | AC31: APAGADO | AD31: APAGADO | AE31: APAGADO
A32: CENTRO | B32: CEN07 | C32: BONOMO | D32: San Martin y Guemes | E32: DOMO | F32: Fibra Optica | H32: 172.20.11.20 | I32: =COUNTIF(L32:AM32,"") -> 19 | J32: =COUNTIF(L32:AM32,"APAGADO") -> 8 | K32: =(I32)/(J32+I32) -> 0.7037037 | Q32: APAGADO | V32: APAGADO | W32: APAGADO | X32: APAGADO | Y32: APAGADO | Z32: APAGADO | AA32: APAGADO | AB32: APAGADO
A33: CENTRO | B33: CEN08 | C33: BONOMO | D33: San Martin y Pte.Peron | E33: Domo | F33: Fibra Optica | H33: 172.20.11.21 | I33: =COUNTIF(L33:AM33,"") -> 26 | J33: =COUNTIF(L33:AM33,"APAGADO") -> 2 | K33: =(I33)/(J33+I33) -> 0.92857143 | AC33: APAGADO | AD33: APAGADO
A34: CENTRO | B34: CEN09 | C34: BONOMO | D34: Chacabuco y 25 de Mayo | E34: Domo | F34: Fibra Optica | H34: 172.20.11.22 | I34: =COUNTIF(L34:AM34,"") -> 28 | J34: =COUNTIF(L34:AM34,"APAGADO") -> 0 | K34: =(I34)/(J34+I34) -> 1
A35: CENTRO | B35: CEN10 | C35: BONOMO | D35: Monteagudo y Pte. Peron | E35: Domo | F35: Fibra Optica | H35: 172.20.11.23 | I35: =COUNTIF(L35:AM35,"") -> 28 | J35: =COUNTIF(L35:AM35,"APAGADO") -> 0 | K35: =(I35)/(J35+I35) -> 1
A36: CENTRO | B36: CEN11 | C36: BONOMO | D36: Monteagudo y Bocuzzi | E36: Domo | F36: Fibra Optica | H36: 172.20.10.24 | I36: =COUNTIF(L36:AM36,"") -> 28 | J36: =COUNTIF(L36:AM36,"APAGADO") -> 0 | K36: =(I36)/(J36+I36) -> 1
A37: CENTRO | B37: CEN 12 | C37: BONOMO | D37: Monteagudo y Mitre | E37: Domo | F37: Fibra Optica | H37: 172.20.10.23 | I37: =COUNTIF(L37:AM37,"") -> 28 | J37: =COUNTIF(L37:AM37,"APAGADO") -> 0 | K37: =(I37)/(J37+I37) -> 1
A38: CENTRO | B38: CEN 13 | C38: BONOMO | D38: 25 de Mayo y Maipu | E38: DOMO | F38: Fibra Optica | H38: 172.20.10.20 | I38: =COUNTIF(L38:AM38,"") -> 17 | J38: =COUNTIF(L38:AM38,"APAGADO") -> 11 | K38: =(I38)/(J38+I38) -> 0.60714286 | L38: APAGADO | M38: APAGADO | N38: APAGADO | P38: APAGADO | Q38: APAGADO | R38: APAGADO | S38: APAGADO | T38: APAGADO | U38: APAGADO | V38: APAGADO | W38: APAGADO
A39: CENTRO | B39: CEN14 | C39: BONOMO | D39: Pte.Peron e/Pringles y Brown | E39: Domo | F39: Fibra Optica | H39: 172.20.10.94 | I39: =COUNTIF(L39:AM39,"") -> 28 | J39: =COUNTIF(L39:AM39,"APAGADO") -> 0 | K39: =(I39)/(J39+I39) -> 1
A40: CENTRO | B40: CEN15 | C40: BONOMO | D40: Alberdi y A.del Valle | E40: Domo | F40: Fibra Optica | H40: 172.20.10.35 | I40: =COUNTIF(L40:AM40,"") -> 28 | J40: =COUNTIF(L40:AM40,"APAGADO") -> 0 | K40: =(I40)/(J40+I40) -> 1
A41: CENTRO | B41: CEN16 | C41: BONOMO | D41: San Martin y Pte. Peron | E41: Fija | F41: Fibra Optica | H41: 172.20.12.36 | I41: =COUNTIF(L41:AM41,"") -> 26 | J41: =COUNTIF(L41:AM41,"APAGADO") -> 2 | K41: =(I41)/(J41+I41) -> 0.92857143 | AC41: APAGADO | AD41: APAGADO
A42: CENTRO | B42: CEN17 | C42: BONOMO | D42: San Martin y Mitre | E42: Domo | F42: PTO A FO | G42: SAN MARTIN Y SALLARES | H42: 172.20.12.200 | I42: =COUNTIF(L42:AM42,"") -> 28 | J42: =COUNTIF(L42:AM42,"APAGADO") -> 0 | K42: =(I42)/(J42+I42) -> 1
A43: CENTRO | B43: CEN18 | C43: BONOMO | D43: Monteagudo e/Mitre y Sallares | E43: Fija | F43: Fibra Optica | H43: 172.20.10.26 | I43: =COUNTIF(L43:AM43,"") -> 28 | J43: =COUNTIF(L43:AM43,"APAGADO") -> 0 | K43: =(I43)/(J43+I43) -> 1
A44: CENTRO | B44: CEN19 | C44: BONOMO | D44: Chacabuco y 25 de Mayo | E44: Fija | F44: Fibra Optica | H44: 172.20.10.27 | I44: =COUNTIF(L44:AM44,"") -> 28 | J44: =COUNTIF(L44:AM44,"APAGADO") -> 0 | K44: =(I44)/(J44+I44) -> 1
A45: LOMAS DE MONTEVERDE | B45: CEN20 | C45: BONOMO | D45: Pte. Illia y Las Heras | E45: Domo | F45: Fibra Optica | H45: 172.20.10.33 | I45: =COUNTIF(L45:AM45,"") -> 28 | J45: =COUNTIF(L45:AM45,"APAGADO") -> 0 | K45: =(I45)/(J45+I45) -> 1
A46: CENTRO | B46: CEN21 | C46: BONOMO | D46: Misiones y Urquiza | E46: Fija | F46: Radio | H46: 172.20.200.132 | I46: =COUNTIF(L46:AM46,"") -> 13 | J46: =COUNTIF(L46:AM46,"APAGADO") -> 15 | K46: =(I46)/(J46+I46) -> 0.46428571 | L46: APAGADO | N46: APAGADO | P46: APAGADO | Q46: APAGADO | R46: APAGADO | S46: APAGADO | V46: APAGADO | W46: APAGADO | X46: APAGADO | Y46: APAGADO | Z46: APAGADO | AA46: APAGADO | AB46: APAGADO | AD46: APAGADO | AE46: APAGADO
A47: CENTRO | B47: CEN22 | C47: BONOMO | D47: Las Heras y Chacabuco | E47: Domo | F47: Radio | H47: 172.20.200.125 | I47: =COUNTIF(L47:AM47,"") -> 28 | J47: =COUNTIF(L47:AM47,"APAGADO") -> 0 | K47: =(I47)/(J47+I47) -> 1
A48: CENTRO | B48: CEN23 | C48: BONOMO | D48: Sallares y Monteagudo | E48: Domo | F48: Fibra Optica | H48: 172.20.12.05 | I48: =COUNTIF(L48:AM48,"") -> 28 | J48: =COUNTIF(L48:AM48,"APAGADO") -> 0 | K48: =(I48)/(J48+I48) -> 1
A49: CENTRO | B49: CEN24 | C49: BONOMO | D49: Sallares y España | E49: Domo | F49: Fibra Optica | H49: 172.20.12.04 | I49: =COUNTIF(L49:AM49,"") -> 27 | J49: =COUNTIF(L49:AM49,"APAGADO") -> 1 | K49: =(I49)/(J49+I49) -> 0.96428571 | W49: APAGADO
A50: CENTRO | B50: CEN25 | C50: BONOMO | D50: SAN MARTIN Y 9 DE JULIO | E50: Domo | F50: Fibra Optica | H50: 172.20.12.02 | I50: =COUNTIF(L50:AM50,"") -> 9 | J50: =COUNTIF(L50:AM50,"APAGADO") -> 19 | K50: =(I50)/(J50+I50) -> 0.32142857 | L50: APAGADO | M50: APAGADO | N50: APAGADO | P50: APAGADO | Q50: APAGADO | R50: APAGADO | S50: APAGADO | T50: APAGADO | U50: APAGADO | V50: APAGADO | W50: APAGADO | X50: APAGADO | Y50: APAGADO | Z50: APAGADO | AA50: APAGADO | AB50: APAGADO | AC50: APAGADO | AD50: APAGADO | AE50: APAGADO
A51: CENTRO | B51: CEN26 | C51: BONOMO | D51: Mitre y España | E51: Domo | F51: Fibra Optica | H51: 172.20.12.06 | I51: =COUNTIF(L51:AM51,"") -> 28 | J51: =COUNTIF(L51:AM51,"APAGADO") -> 0 | K51: =(I51)/(J51+I51) -> 1
A52: CENTRO | B52: CEN27 | C52: BONOMO | D52: San Juan y España | E52: Domo | F52: Fibra Optica | H52: 172.20.12.37 | I52: =COUNTIF(L52:AM52,"") -> 28 | J52: =COUNTIF(L52:AM52,"APAGADO") -> 0 | K52: =(I52)/(J52+I52) -> 1
A53: CENTRO | B53: CEN28 | C53: BONOMO | D53: Mitre y Alberdi | E53: Domo | F53: Fibra Optica | H53: 172.20.12.38 | I53: =COUNTIF(L53:AM53,"") -> 21 | J53: =COUNTIF(L53:AM53,"APAGADO") -> 7 | K53: =(I53)/(J53+I53) -> 0.75 | V53: APAGADO | W53: APAGADO | X53: APAGADO | Y53: APAGADO | Z53: APAGADO | AA53: APAGADO | AB53: APAGADO
A54: CENTRO | B54: CEN29 | C54: BONOMO | D54: Alberdi y San Juan | E54: Domo | F54: Fibra Optica | H54: 172.20.12.40 | I54: =COUNTIF(L54:AM54,"") -> 28 | J54: =COUNTIF(L54:AM54,"APAGADO") -> 0 | K54: =(I54)/(J54+I54) -> 1
A55: CENTRO | B55: CEN30 | C55: BONOMO | D55: Mitre y Pringles | E55: Domo | F55: Fibra Optica | H55: 172.20.12.39 | I55: =COUNTIF(L55:AM55,"") -> 21 | J55: =COUNTIF(L55:AM55,"APAGADO") -> 7 | K55: =(I55)/(J55+I55) -> 0.75 | V55: APAGADO | W55: APAGADO | X55: APAGADO | Y55: APAGADO | Z55: APAGADO | AA55: APAGADO | AB55: APAGADO
A56: CENTRO | B56: CEN31 | C56: BONOMO | D56: Mitre e/Monteagudo y Alberdi | E56: Domo | F56: Fibra Optica | H56: 172.20.12.41 | I56: =COUNTIF(L56:AM56,"") -> 21 | J56: =COUNTIF(L56:AM56,"APAGADO") -> 7 | K56: =(I56)/(J56+I56) -> 0.75 | V56: APAGADO | W56: APAGADO | X56: APAGADO | Y56: APAGADO | Z56: APAGADO | AA56: APAGADO | AB56: APAGADO
A57: CENTRO | B57: CEN32 | C57: BONOMO | D57: Aristobulo del Valle y España | E57: Domo | F57: Fibra Optica | H57: 172.20.12.42 | I57: =COUNTIF(L57:AM57,"") -> 28 | J57: =COUNTIF(L57:AM57,"APAGADO") -> 0 | K57: =(I57)/(J57+I57) -> 1
A58: CENTRO | B58: CEN33 | C58: BONOMO | D58: Peron y Alberdi | E58: Domo | F58: Fibra Optica | H58: 172.20.12.47 | I58: =COUNTIF(L58:AM58,"") -> 28 | J58: =COUNTIF(L58:AM58,"APAGADO") -> 0 | K58: =(I58)/(J58+I58) -> 1
A59: CENTRO | B59: CEN34 | C59: BONOMO | D59: Peron y España | E59: Domo | F59: Fibra Optica | H59: 172.20.12.49 | I59: =COUNTIF(L59:AM59,"") -> 26 | J59: =COUNTIF(L59:AM59,"APAGADO") -> 2 | K59: =(I59)/(J59+I59) -> 0.92857143 | AC59: APAGADO | AD59: APAGADO
A60: CENTRO | B60: CEN35 | C60: BONOMO | D60: España y Marmol | E60: Domo | F60: Fibra Optica | H60: 172.20.12.50 | I60: =COUNTIF(L60:AM60,"") -> 28 | J60: =COUNTIF(L60:AM60,"APAGADO") -> 0 | K60: =(I60)/(J60+I60) -> 1
A61: CENTRO | B61: CEN36 | C61: BONOMO | D61: España y 9 de Julio | E61: Domo | F61: Fibra Optica | H61: 172.20.12.51 | I61: =COUNTIF(L61:AM61,"") -> 25 | J61: =COUNTIF(L61:AM61,"APAGADO") -> 3 | K61: =(I61)/(J61+I61) -> 0.89285714 | AC61: APAGADO | AD61: APAGADO | AE61: APAGADO
A62: CENTRO | B62: CEN 37 | C62: BONOMO | D62: Diagonal Granaderos y Monteagudo | E62: Domo | F62: Fibra Optica | H62: 172.20.12.52 | I62: =COUNTIF(L62:AM62,"") -> 28 | J62: =COUNTIF(L62:AM62,"APAGADO") -> 0 | K62: =(I62)/(J62+I62) -> 1
A63: CENTRO | B63: CEN38 | C63: BONOMO | D63: Diagonal Constituyentes y Almafuerte | E63: Domo | F63: Fibra Optica | H63: 172.20.12.53 | I63: =COUNTIF(L63:AM63,"") -> 28 | J63: =COUNTIF(L63:AM63,"APAGADO") -> 0 | K63: =(I63)/(J63+I63) -> 1
A64: CENTRO | B64: CEN39 | C64: BONOMO | D64: San Martin y Alem | E64: Domo | F64: Fibra Optica | H64: 172.20.12.56 | I64: =COUNTIF(L64:AM64,"") -> 28 | J64: =COUNTIF(L64:AM64,"APAGADO") -> 0 | K64: =(I64)/(J64+I64) -> 1
A65: CENTRO | B65: CEN40 | C65: BONOMO | D65: Contreras y Monteagudo | E65: Domo | F65: Fibra Optica | H65: 172.20.12.57 | I65: =COUNTIF(L65:AM65,"") -> 28 | J65: =COUNTIF(L65:AM65,"APAGADO") -> 0 | K65: =(I65)/(J65+I65) -> 1
A66: CENTRO | B66: CEN41 | C66: BONOMO | D66: Contreras y Alberdi | E66: Domo | F66: Fibra Optica | H66: 172.20.12.58 | I66: =COUNTIF(L66:AM66,"") -> 25 | J66: =COUNTIF(L66:AM66,"APAGADO") -> 3 | K66: =(I66)/(J66+I66) -> 0.89285714 | AC66: APAGADO | AD66: APAGADO | AE66: APAGADO
A67: CENTRO | B67: CEN42 | C67: BONOMO | D67: Diagonal Constituyentes y Alem | E67: Domo | F67: Fibra Optica | H67: 172.20.12.59 | I67: =COUNTIF(L67:AM67,"") -> 28 | J67: =COUNTIF(L67:AM67,"APAGADO") -> 0 | K67: =(I67)/(J67+I67) -> 1
A68: CENTRO | B68: CEN43 | C68: BONOMO | D68: Sallares y Alberdi | E68: Domo | F68: Fibra Optica | H68: 172.20.12.61 | I68: =COUNTIF(L68:AM68,"") -> 28 | J68: =COUNTIF(L68:AM68,"APAGADO") -> 0 | K68: =(I68)/(J68+I68) -> 1
A69: CENTRO | B69: CEN44 | C69: BONOMO | D69: Mitre y Brown | E69: Domo | F69: Fibra Optica | H69: 172.20.12.62 | I69: =COUNTIF(L69:AM69,"") -> 28 | J69: =COUNTIF(L69:AM69,"APAGADO") -> 0 | K69: =(I69)/(J69+I69) -> 1
A70: CENTRO | B70: CEN45 (fija 1) | C70: BONOMO | D70: EEUU Y MORENO | E70: Fija | F70: Fibra Optica | H70: 172.20.11.74 | I70: =COUNTIF(L70:AM70,"") -> 28 | J70: =COUNTIF(L70:AM70,"APAGADO") -> 0 | K70: =(I70)/(J70+I70) -> 1
A71: CENTRO | B71: CEN46 (fija 2) | C71: BONOMO | D71: EEUU Y MORENO | E71: Fija | F71: Fibra Optica | H71: 172.20.11.75 | I71: =COUNTIF(L71:AM71,"") -> 28 | J71: =COUNTIF(L71:AM71,"APAGADO") -> 0 | K71: =(I71)/(J71+I71) -> 1
A72: CENTRO | B72: CEN47 | C72: BONOMO | D72: Sallares y Brown | E72: Domo | F72: Fibra Optica | H72: 172.20.12.65 | I72: =COUNTIF(L72:AM72,"") -> 28 | J72: =COUNTIF(L72:AM72,"APAGADO") -> 0 | K72: =(I72)/(J72+I72) -> 1
A73: CENTRO | B73: CEN48 | C73: BONOMO | D73: Velez Sarsfield y Las Heras | E73: Domo | F73: Radio | H73: 172.20.200.181 | I73: =COUNTIF(L73:AM73,"") -> 28 | J73: =COUNTIF(L73:AM73,"APAGADO") -> 0 | K73: =(I73)/(J73+I73) -> 1
A74: CENTRO | B74: CEN49 | C74: BONOMO | D74: Av. San Martin y Florencio Sanchez | E74: Domo | F74: Radio | H74: 172.20.200.182 | I74: =COUNTIF(L74:AM74,"") -> 28 | J74: =COUNTIF(L74:AM74,"APAGADO") -> 0 | K74: =(I74)/(J74+I74) -> 1
A75: CENTRO | B75: CEN 50 | C75: BONOMO | D75: Av. San Martin y Newbery | E75: Domo | F75: Radio | H75: 172.20.200.184 | I75: =COUNTIF(L75:AM75,"") -> 11 | J75: =COUNTIF(L75:AM75,"APAGADO") -> 17 | K75: =(I75)/(J75+I75) -> 0.39285714 | L75: APAGADO | M75: APAGADO | N75: APAGADO | P75: APAGADO | Q75: APAGADO | R75: APAGADO | S75: APAGADO | T75: APAGADO | U75: APAGADO | V75: APAGADO | X75: APAGADO | Z75: APAGADO | AA75: APAGADO | AB75: APAGADO | AC75: APAGADO | AD75: APAGADO | AE75: APAGADO
A76: CENTRO | B76: CEN 51 | C76: BONOMO | D76: ILLIA Y LAS HERAS | E76: FIJA | F76: Fibra Optica | H76: 172.20.11.29 | I76: =COUNTIF(L76:AM76,"") -> 28 | J76: =COUNTIF(L76:AM76,"APAGADO") -> 0 | K76: =(I76)/(J76+I76) -> 1
A77: CENTRO | B77: CEN52 | C77: BONOMO | D77: San Martin y Almafuerte (ex San Martin y Dorrego) | E77: DOMO | F77: Radio | H77: 172.20.200.191 | I77: =COUNTIF(L77:AM77,"") -> 28 | J77: =COUNTIF(L77:AM77,"APAGADO") -> 0 | K77: =(I77)/(J77+I77) -> 1
A78: CENTRO | B78: CEN 53 | C78: BONOMO | D78: GUTIERREZ Y BROWN | E78: Domo | F78: Radio | H78: 172.20.200.166 | I78: =COUNTIF(L78:AM78,"") -> 28 | J78: =COUNTIF(L78:AM78,"APAGADO") -> 0 | K78: =(I78)/(J78+I78) -> 1
A79: CENTRO | B79: CEN 54 | C79: BONOMO | D79: GUTIERREZ Y PRINGLES | E79: Domo | F79: Radio | H79: 172.20.200.165 | I79: =COUNTIF(L79:AM79,"") -> 28 | J79: =COUNTIF(L79:AM79,"APAGADO") -> 0 | K79: =(I79)/(J79+I79) -> 1
A80: CENTRO | B80: CEN 55 | C80: BONOMO | D80: BOUREL Y URQUIZA | E80: Domo | F80: Radio | H80: 172.20.200.163 | I80: =COUNTIF(L80:AM80,"") -> 28 | J80: =COUNTIF(L80:AM80,"APAGADO") -> 0 | K80: =(I80)/(J80+I80) -> 1
A81: CENTRO | B81: CEN 56 | C81: BONOMO | D81: Newbery y Falucho | E81: DOMO | F81: Radio | H81: 172.20.200.161 | I81: =COUNTIF(L81:AM81,"") -> 28 | J81: =COUNTIF(L81:AM81,"APAGADO") -> 0 | K81: =(I81)/(J81+I81) -> 1
A82: CENTRO | B82: CEN 57 | C82: BONOMO | D82: 25 DE MAYO Y DORREGO | E82: DOMO | F82: Radio | H82: 172.20.200.199 | I82: =COUNTIF(L82:AM82,"") -> 28 | J82: =COUNTIF(L82:AM82,"APAGADO") -> 0 | K82: =(I82)/(J82+I82) -> 1
A83: CENTRO | B83: CEN 58 | C83: BONOMO | D83: EEUU Y MORENO | E83: DOMO | F83: Fibra Optica | H83: 172.20.11.84 | I83: =COUNTIF(L83:AM83,"") -> 28 | J83: =COUNTIF(L83:AM83,"APAGADO") -> 0 | K83: =(I83)/(J83+I83) -> 1
A84: CENTRO | B84: CEN59 | C84: BONOMO | D84: CHACABUCO Y BOUREL | E84: DOMO | F84: Radio | H84: 172.20.200.188 | I84: =COUNTIF(L84:AM84,"") -> 28 | J84: =COUNTIF(L84:AM84,"APAGADO") -> 0 | K84: =(I84)/(J84+I84) -> 1
A85: CENTRO | B85: CEN 60 | C85: BONOMO | D85: RECONQUISTA Y ILLIA | E85: DOMO | F85: PTO A FO | G85: ILLIA Y LAS HERAS | H85: 172.20.12.67 | I85: =COUNTIF(L85:AM85,"") -> 28 | J85: =COUNTIF(L85:AM85,"APAGADO") -> 0 | K85: =(I85)/(J85+I85) -> 1
A86: CENTRO | B86: CEN 61 | C86: BONOMO | D86: BOUREL Y MAIPU | E86: DOMO | F86: Radio | H86: 172.20.200.159 | I86: =COUNTIF(L86:AM86,"") -> 28 | J86: =COUNTIF(L86:AM86,"APAGADO") -> 0 | K86: =(I86)/(J86+I86) -> 1
A87: CENTRO | B87: CEN62 | C87: BONOMO | D87: ESPAÑA Y ALEM | E87: DOMO | F87: PTO A FO | G87: SAN MARTIN Y ALEM | H87: 172.20.12.82 | I87: =COUNTIF(L87:AM87,"") -> 28 | J87: =COUNTIF(L87:AM87,"APAGADO") -> 0 | K87: =(I87)/(J87+I87) -> 1
A88: CENTRO | B88: CEN63 | C88: BONOMO | D88: SAN MARTIN Y URQUIZA | E88: DOMO | F88: Fibra Optica | H88: 172.20.11.112 | I88: =COUNTIF(L88:AM88,"") -> 28 | J88: =COUNTIF(L88:AM88,"APAGADO") -> 0 | K88: =(I88)/(J88+I88) -> 1
A89: CENTRO | B89: CEN64 | C89: BONOMO | D89: SAN MARTIN Y BOCCUZZI | E89: FIJA | F89: Fibra Optica | H89: 172.20.11.134 | I89: =COUNTIF(L89:AM89,"") -> 26 | J89: =COUNTIF(L89:AM89,"APAGADO") -> 2 | K89: =(I89)/(J89+I89) -> 0.92857143 | AC89: APAGADO | AD89: APAGADO
A90: CENTRO | B90: CEN 65 | C90: BONOMO | D90: SAN MARTIN Y JUAN PERON | E90: FIJA | F90: Fibra Optica | H90: 172.20.11.135 | I90: =COUNTIF(L90:AM90,"") -> 26 | J90: =COUNTIF(L90:AM90,"APAGADO") -> 2 | K90: =(I90)/(J90+I90) -> 0.92857143 | AC90: APAGADO | AD90: APAGADO
A91: CENTRO | B91: CEN66 | C91: BONOMO | D91: SAN MARTIN Y JUAN PERON | E91: FIJA | F91: Fibra Optica | H91: 172.20.11.136 | I91: =COUNTIF(L91:AM91,"") -> 26 | J91: =COUNTIF(L91:AM91,"APAGADO") -> 2 | K91: =(I91)/(J91+I91) -> 0.92857143 | AC91: APAGADO | AD91: APAGADO
A92: CENTRO | B92: CEN67 (fija 1) | C92: BONOMO | D92: 9 DE JULIO Y BROWN | E92: Fija | F92: Fibra Optica | H92: 172.20.11.188 | I92: =COUNTIF(L92:AM92,"") -> 15 | J92: =COUNTIF(L92:AM92,"APAGADO") -> 13 | K92: =(I92)/(J92+I92) -> 0.53571429 | Q92: APAGADO | R92: APAGADO | T92: APAGADO | U92: APAGADO | W92: APAGADO | X92: APAGADO | Y92: APAGADO | Z92: APAGADO | AA92: APAGADO | AB92: APAGADO | AC92: APAGADO | AD92: APAGADO | AE92: APAGADO
A93: CENTRO | B93: CEN68 (fija 2) | C93: BONOMO | D93: 9 DE JULIO Y BROWN | E93: Fija | F93: Fibra Optica | H93: 172.20.11.189 | I93: =COUNTIF(L93:AM93,"") -> 15 | J93: =COUNTIF(L93:AM93,"APAGADO") -> 13 | K93: =(I93)/(J93+I93) -> 0.53571429 | Q93: APAGADO | R93: APAGADO | T93: APAGADO | U93: APAGADO | W93: APAGADO | X93: APAGADO | Y93: APAGADO | Z93: APAGADO | AA93: APAGADO | AB93: APAGADO | AC93: APAGADO | AD93: APAGADO | AE93: APAGADO
A94: CENTRO | B94: CEN69 | C94: BONOMO | D94: RIVADAVIA Y BOUREL | E94: DOMO | F94: Fibra Optica | H94: 172.20.11.222 | I94: =COUNTIF(L94:AM94,"") -> 28 | J94: =COUNTIF(L94:AM94,"APAGADO") -> 0 | K94: =(I94)/(J94+I94) -> 1
A95: CENTRO | B95: CEN 70 | C95: BONOMO | D95: RIVADAVIA Y 25 MAYO | E95: Domo | F95: Fibra Optica | H95: 172.20.11.221 | I95: =COUNTIF(L95:AM95,"") -> 28 | J95: =COUNTIF(L95:AM95,"APAGADO") -> 0 | K95: =(I95)/(J95+I95) -> 1
A96: CENTRO | B96: CEN 71 | C96: BONOMO | D96: MORENO Y BOUREL | E96: Domo | F96: Fibra Optica | H96: 172.20.11.220 | I96: =COUNTIF(L96:AM96,"") -> 28 | J96: =COUNTIF(L96:AM96,"APAGADO") -> 0 | K96: =(I96)/(J96+I96) -> 1
A97: CENTRO | B97: CEN 72 | C97: BONOMO | D97: MORENO Y 25 DE MAYO | E97: Domo | F97: Fibra Optica | H97: 172.20.11.219 | I97: =COUNTIF(L97:AM97,"") -> 28 | J97: =COUNTIF(L97:AM97,"APAGADO") -> 0 | K97: =(I97)/(J97+I97) -> 1
A98: CENTRO | B98: CEN73 | C98: BONOMO | D98: BOUREL Y DEFENSA | E98: DOMO | F98: Fibra Optica | H98: 172.20.11.223 | I98: =COUNTIF(L98:AM98,"") -> 28 | J98: =COUNTIF(L98:AM98,"APAGADO") -> 0 | K98: =(I98)/(J98+I98) -> 1
A99: CENTRO | B99: CEN74 | C99: BONOMO | D99: Las Heras y Maipu | E99: Domo | F99: Fibra Optica | H99: 172.20.11.53 | I99: =COUNTIF(L99:AM99,"") -> 28 | J99: =COUNTIF(L99:AM99,"APAGADO") -> 0 | K99: =(I99)/(J99+I99) -> 1
A100: CENTRO | B100: CEN 75 | C100: BONOMO | D100: 25 DE MAYO Y CASTELLI | E100: Domo | F100: Fibra Optica | H100: 172.20.11.114 | I100: =COUNTIF(L100:AM100,"") -> 28 | J100: =COUNTIF(L100:AM100,"APAGADO") -> 0 | K100: =(I100)/(J100+I100) -> 1
...

Sheet Hoja3

Sheet ESTADISTICA
A1: ='RESUMEN TOTAL'!A4 -> Barrio | B1: ='RESUMEN TOTAL'!B4 -> [Denominacion] | C1: ='RESUMEN TOTAL'!D4 -> [Ubicacion] | D1: ='RESUMEN TOTAL'!E4 -> [Tipo de Camara] | E1: ='RESUMEN TOTAL'!F4 -> [Tipo de Conexion] | F1: ='RESUMEN TOTAL'!L4 -> 45597 | G1: ='RESUMEN TOTAL'!M4 -> 45598 | H1: ='RESUMEN TOTAL'!N4 -> 45599 | I1: ='RESUMEN TOTAL'!O4 -> 45600 | J1: ='RESUMEN TOTAL'!P4 -> 45601 | K1: ='RESUMEN TOTAL'!Q4 -> 45602 | L1: ='RESUMEN TOTAL'!R4 -> 45603 | M1: ='RESUMEN TOTAL'!S4 -> 45604 | ... AI1: ='RESUMEN TOTAL'!AO4 -> 45626
A2: ='RESUMEN TOTAL'!A5 -> ALTAMIRA | B2: ='RESUMEN TOTAL'!B5 -> ALT01 | C2: ='RESUMEN TOTAL'!D5 -> Calchaqui y Sgto. Cabral | D2: ='RESUMEN TOTAL'!E5 -> Domo | E2: ='RESUMEN TOTAL'!F5 -> Fibra Optica | F2: ='RESUMEN TOTAL'!L5 -> 0 | G2: ='RESUMEN TOTAL'!M5 -> 0 | H2: ='RESUMEN TOTAL'!N5 -> 0 | I2: ='RESUMEN TOTAL'!O5 -> 0 | J2: ='RESUMEN TOTAL'!P5 -> 0 | K2: ='RESUMEN TOTAL'!Q5 -> 0 | L2: ='RESUMEN TOTAL'!R5 -> 0 | M2: ='RESUMEN TOTAL'!S5 -> 0 | ... AI2: ='RESUMEN TOTAL'!AO5 -> 0
A3: ='RESUMEN TOTAL'!A6 -> ALTAMIRA | B3: ='RESUMEN TOTAL'!B6 -> ALT02 | C3: ='RESUMEN TOTAL'!D6 -> Calchaqui y Lope de Vega | D3: ='RESUMEN TOTAL'!E6 -> Domo | E3: ='RESUMEN TOTAL'!F6 -> PTO A FO | F3: ='RESUMEN TOTAL'!L6 -> 0 | G3: ='RESUMEN TOTAL'!M6 -> 0 | H3: ='RESUMEN TOTAL'!N6 -> 0 | I3: ='RESUMEN TOTAL'!O6 -> 0 | J3: ='RESUMEN TOTAL'!P6 -> 0 | K3: ='RESUMEN TOTAL'!Q6 -> 0 | L3: ='RESUMEN TOTAL'!R6 -> 0 | M3: ='RESUMEN TOTAL'!S6 -> 0 | ... AI3: ='RESUMEN TOTAL'!AO6 -> 0
A4: ='RESUMEN TOTAL'!A7 -> ALTAMIRA | B4: ='RESUMEN TOTAL'!B7 -> ALT 03 | C4: ='RESUMEN TOTAL'!D7 -> Bombero Galarza y Necochea | D4: ='RESUMEN TOTAL'!E7 -> Domo | E4: ='RESUMEN TOTAL'!F7 -> Fibra Optica | F4: ='RESUMEN TOTAL'!L7 -> 0 | G4: ='RESUMEN TOTAL'!M7 -> 0 | H4: ='RESUMEN TOTAL'!N7 -> 0 | I4: ='RESUMEN TOTAL'!O7 -> 0 | J4: ='RESUMEN TOTAL'!P7 -> 0 | K4: ='RESUMEN TOTAL'!Q7 -> 0 | L4: ='RESUMEN TOTAL'!R7 -> 0 | M4: ='RESUMEN TOTAL'!S7 -> 0 | ... AI4: ='RESUMEN TOTAL'!AO7 -> 0
A5: ='RESUMEN TOTAL'!A8 -> ALTAMIRA | B5: ='RESUMEN TOTAL'!B8 -> ALT 04 | C5: ='RESUMEN TOTAL'!D8 -> Francia y Necochea | D5: ='RESUMEN TOTAL'!E8 -> Domo | E5: ='RESUMEN TOTAL'!F8 -> Fibra Optica | F5: ='RESUMEN TOTAL'!L8 -> 0 | G5: ='RESUMEN TOTAL'!M8 -> 0 | H5: ='RESUMEN TOTAL'!N8 -> 0 | I5: ='RESUMEN TOTAL'!O8 -> 0 | J5: ='RESUMEN TOTAL'!P8 -> 0 | K5: ='RESUMEN TOTAL'!Q8 -> 0 | L5: ='RESUMEN TOTAL'!R8 -> 0 | M5: ='RESUMEN TOTAL'!S8 -> 0 | ... AI5: ='RESUMEN TOTAL'!AO8 -> 0
A6: ='RESUMEN TOTAL'!A9 -> ALTAMIRA | B6: ='RESUMEN TOTAL'!B9 -> ALT05 | C6: ='RESUMEN TOTAL'!D9 -> Av. Calchaqui y Bombero Galarza | D6: ='RESUMEN TOTAL'!E9 -> Domo | E6: ='RESUMEN TOTAL'!F9 -> PTO A FO | F6: ='RESUMEN TOTAL'!L9 -> 0 | G6: ='RESUMEN TOTAL'!M9 -> 0 | H6: ='RESUMEN TOTAL'!N9 -> 0 | I6: ='RESUMEN TOTAL'!O9 -> 0 | J6: ='RESUMEN TOTAL'!P9 -> 0 | K6: ='RESUMEN TOTAL'!Q9 -> 0 | L6: ='RESUMEN TOTAL'!R9 -> 0 | M6: ='RESUMEN TOTAL'!S9 -> 0 | ... AI6: ='RESUMEN TOTAL'!AO9 -> 0
A7: ='RESUMEN TOTAL'!A10 -> ALTAMIRA | B7: ='RESUMEN TOTAL'!B10 -> ALT 06 | C7: ='RESUMEN TOTAL'!D10 -> LOPE DE VEGA Y NECOCHEA | D7: ='RESUMEN TOTAL'!E10 -> Domo | E7: ='RESUMEN TOTAL'!F10 -> PTO A FO | F7: ='RESUMEN TOTAL'!L10 -> 0 | G7: ='RESUMEN TOTAL'!M10 -> 0 | H7: ='RESUMEN TOTAL'!N10 -> 0 | I7: ='RESUMEN TOTAL'!O10 -> 0 | J7: ='RESUMEN TOTAL'!P10 -> 0 | K7: ='RESUMEN TOTAL'!Q10 -> 0 | L7: ='RESUMEN TOTAL'!R10 -> 0 | M7: ='RESUMEN TOTAL'!S10 -> 0 | ... AI7: ='RESUMEN TOTAL'!AO10 -> 0
A8: ='RESUMEN TOTAL'!A11 -> ALTAMIRA | B8: ='RESUMEN TOTAL'!B11 -> ALT07 | C8: ='RESUMEN TOTAL'!D11 -> AV. CALCHAQUI Y AV. DEL TRABAJO | D8: ='RESUMEN TOTAL'!E11 -> DOMO | E8: ='RESUMEN TOTAL'!F11 -> PTO A FO | F8: ='RESUMEN TOTAL'!L11 -> 0 | G8: ='RESUMEN TOTAL'!M11 -> 0 | H8: ='RESUMEN TOTAL'!N11 -> 0 | I8: ='RESUMEN TOTAL'!O11 -> 0 | J8: ='RESUMEN TOTAL'!P11 -> 0 | K8: ='RESUMEN TOTAL'!Q11 -> 0 | L8: ='RESUMEN TOTAL'!R11 -> 0 | M8: ='RESUMEN TOTAL'!S11 -> 0 | ... AI8: ='RESUMEN TOTAL'!AO11 -> 0
A9: ='RESUMEN TOTAL'!A12 -> ALTAMIRA | B9: ='RESUMEN TOTAL'!B12 -> ALT 08 | C9: ='RESUMEN TOTAL'!D12 -> HUMAITA Y NECOCHEA | D9: ='RESUMEN TOTAL'!E12 -> DOMO | E9: ='RESUMEN TOTAL'!F12 -> Fibra Optica | F9: ='RESUMEN TOTAL'!L12 -> 0 | G9: ='RESUMEN TOTAL'!M12 -> 0 | H9: ='RESUMEN TOTAL'!N12 -> 0 | I9: ='RESUMEN TOTAL'!O12 -> 0 | J9: ='RESUMEN TOTAL'!P12 -> 0 | K9: ='RESUMEN TOTAL'!Q12 -> 0 | L9: ='RESUMEN TOTAL'!R12 -> 0 | M9: ='RESUMEN TOTAL'!S12 -> 0 | ... AI9: ='RESUMEN TOTAL'!AO12 -> 0
A10: ='RESUMEN TOTAL'!A13 -> ALTAMIRA | B10: ='RESUMEN TOTAL'!B13 -> ALT 09 | C10: ='RESUMEN TOTAL'!D13 -> NECOCHEA Y CURUPAITY | D10: ='RESUMEN TOTAL'!E13 -> DOMO | E10: ='RESUMEN TOTAL'!F13 -> Fibra Optica | F10: ='RESUMEN TOTAL'!L13 -> 0 | G10: ='RESUMEN TOTAL'!M13 -> 0 | H10: ='RESUMEN TOTAL'!N13 -> 0 | I10: ='RESUMEN TOTAL'!O13 -> 0 | J10: ='RESUMEN TOTAL'!P13 -> 0 | K10: ='RESUMEN TOTAL'!Q13 -> 0 | L10: ='RESUMEN TOTAL'!R13 -> 0 | M10: ='RESUMEN TOTAL'!S13 -> 0 | ... AI10: ='RESUMEN TOTAL'!AO13 -> 0
A11: ='RESUMEN TOTAL'!A14 -> ALTAMIRA | B11: ='RESUMEN TOTAL'!B14 -> ALT 10 | C11: ='RESUMEN TOTAL'!D14 -> Calchaqui y Francia | D11: ='RESUMEN TOTAL'!E14 -> Domo | E11: ='RESUMEN TOTAL'!F14 -> Radio | F11: ='RESUMEN TOTAL'!L14 -> 0 | G11: ='RESUMEN TOTAL'!M14 -> 0 | H11: ='RESUMEN TOTAL'!N14 -> 0 | I11: ='RESUMEN TOTAL'!O14 -> 0 | J11: ='RESUMEN TOTAL'!P14 -> 0 | K11: ='RESUMEN TOTAL'!Q14 -> 0 | L11: ='RESUMEN TOTAL'!R14 -> 0 | M11: ='RESUMEN TOTAL'!S14 -> 0 | ... AI11: ='RESUMEN TOTAL'!AO14 -> 0
A12: ='RESUMEN TOTAL'!A15 -> AGUSTIN RAMIREZ | B12: ='RESUMEN TOTAL'!B15 -> ARA 01 | C12: ='RESUMEN TOTAL'!D15 -> Malambo y Tranquera | D12: ='RESUMEN TOTAL'!E15 -> Domo | E12: ='RESUMEN TOTAL'!F15 -> Fibra Optica | F12: ='RESUMEN TOTAL'!L15 -> 0 | G12: ='RESUMEN TOTAL'!M15 -> 0 | H12: ='RESUMEN TOTAL'!N15 -> 0 | I12: ='RESUMEN TOTAL'!O15 -> 0 | J12: ='RESUMEN TOTAL'!P15 -> 0 | K12: ='RESUMEN TOTAL'!Q15 -> 0 | L12: ='RESUMEN TOTAL'!R15 -> 0 | M12: ='RESUMEN TOTAL'!S15 -> 0 | ... AI12: ='RESUMEN TOTAL'!AO15 -> 0
... A20: ='RESUMEN TOTAL'!A23 -> BOSQUES CENTRO | B20: ='RESUMEN TOTAL'!B23 -> BOSQC 06 | C20: ='RESUMEN TOTAL'!D23 -> LUIS AGOTE Y RUTA 36 | D20: ='RESUMEN TOTAL'!E23 -> Fija | E20: ='RESUMEN TOTAL'!F23 -> Radio | F20: ='RESUMEN TOTAL'!L23 -> 0 | G20: ='RESUMEN TOTAL'!M23 -> 0 | H20: ='RESUMEN TOTAL'!N23 -> 0 | I20: ='RESUMEN TOTAL'!O23 -> 0 | J20: ='RESUMEN TOTAL'!P23 -> 0 | K20: ='RESUMEN TOTAL'!Q23 -> 0 | L20: ='RESUMEN TOTAL'!R23 -> 0 | M20: ='RESUMEN TOTAL'!S23 -> 0 | ... AI20: ='RESUMEN TOTAL'!AO23 -> 0
A21: ='RESUMEN TOTAL'!A26 -> CENTRO | B21: ='RESUMEN TOTAL'!B26 -> CEN01 | C21: ='RESUMEN TOTAL'!D26 -> San Martin y 9 de Julio | D21: ='RESUMEN TOTAL'!E26 -> Fija | E21: ='RESUMEN TOTAL'!F26 -> Fibra Optica | F21: ='RESUMEN TOTAL'!L26 -> APAGADO | G21: ='RESUMEN TOTAL'!M26 -> APAGADO | H21: ='RESUMEN TOTAL'!N26 -> APAGADO | I21: ='RESUMEN TOTAL'!O26 -> 0 | J21: ='RESUMEN TOTAL'!P26 -> APAGADO | K21: ='RESUMEN TOTAL'!Q26 -> APAGADO | L21: ='RESUMEN TOTAL'!R26 -> APAGADO | M21: ='RESUMEN TOTAL'!S26 -> APAGADO | ... AI21: ='RESUMEN TOTAL'!AO26 -> 0
A22: ='RESUMEN TOTAL'!A27 -> CENTRO | B22: ='RESUMEN TOTAL'!B27 -> CEN02 | C22: ='RESUMEN TOTAL'!D27 -> San Martin y Almafuerte | D22: ='RESUMEN TOTAL'!E27 -> Fija | E22: ='RESUMEN TOTAL'!F27 -> Fibra Optica | F22: ='RESUMEN TOTAL'!L27 -> APAGADO | G22: ='RESUMEN TOTAL'!M27 -> APAGADO | H22: ='RESUMEN TOTAL'!N27 -> APAGADO | I22: ='RESUMEN TOTAL'!O27 -> 0 | J22: ='RESUMEN TOTAL'!P27 -> APAGADO | K22: ='RESUMEN TOTAL'!Q27 -> APAGADO | L22: ='RESUMEN TOTAL'!R27 -> APAGADO | M22: ='RESUMEN TOTAL'!S27 -> APAGADO | ... AI22: ='RESUMEN TOTAL'!AO27 -> 0
A23: ='RESUMEN TOTAL'!A28 -> CENTRO | B23: ='RESUMEN TOTAL'!B28 -> CEN03 | C23: ='RESUMEN TOTAL'!D28 -> San Martin y Sallares | D23: ='RESUMEN TOTAL'!E28 -> Domo | E23: ='RESUMEN TOTAL'!F28 -> Fibra Optica | F23: ='RESUMEN TOTAL'!L28 -> 0 | G23: ='RESUMEN TOTAL'!M28 -> 0 | H23: ='RESUMEN TOTAL'!N28 -> 0 | I23: ='RESUMEN TOTAL'!O28 -> 0 | J23: ='RESUMEN TOTAL'!P28 -> 0 | K23: ='RESUMEN TOTAL'!Q28 -> 0 | L23: ='RESUMEN TOTAL'!R28 -> 0 | M23: ='RESUMEN TOTAL'!S28 -> 0 | ... AI23: ='RESUMEN TOTAL'!AO28 -> 0
A24: ='RESUMEN TOTAL'!A29 -> CENTRO | B24: ='RESUMEN TOTAL'!B29 -> CEN04 | C24: ='RESUMEN TOTAL'!D29 -> San Martin y Contreras | D24: ='RESUMEN TOTAL'!E29 -> Domo | E24: ='RESUMEN TOTAL'!F29 -> Fibra Optica | F24: ='RESUMEN TOTAL'!L29 -> 0 | G24: ='RESUMEN TOTAL'!M29 -> 0 | H24: ='RESUMEN TOTAL'!N29 -> 0 | I24: ='RESUMEN TOTAL'!O29 -> 0 | J24: ='RESUMEN TOTAL'!P29 -> 0 | K24: ='RESUMEN TOTAL'!Q29 -> 0 | L24: ='RESUMEN TOTAL'!R29 -> 0 | M24: ='RESUMEN TOTAL'!S29 -> 0 | ... AI24: ='RESUMEN TOTAL'!AO29 -> 0
A25: ='RESUMEN TOTAL'!A30 -> CENTRO | B25: ='RESUMEN TOTAL'!B30 -> CEN 05 | C25: ='RESUMEN TOTAL'!D30 -> Bocuzzi e/España y San Martin | D25: ='RESUMEN TOTAL'!E30 -> DOMO | E25: ='RESUMEN TOTAL'!F30 -> Fibra Optica | F25: ='RESUMEN TOTAL'!L30 -> 0 | G25: ='RESUMEN TOTAL'!M30 -> 0 | H25: ='RESUMEN TOTAL'!N30 -> 0 | I25: ='RESUMEN TOTAL'!O30 -> 0 | J25: ='RESUMEN TOTAL'!P30 -> 0 | K25: ='RESUMEN TOTAL'!Q30 -> 0 | L25: ='RESUMEN TOTAL'!R30 -> 0 | M25: ='RESUMEN TOTAL'!S30 -> 0 | ... AI25: ='RESUMEN TOTAL'!AO30 -> 0
A26: ='RESUMEN TOTAL'!A31 -> CENTRO | B26: ='RESUMEN TOTAL'!B31 -> CEN06 | C26: ='RESUMEN TOTAL'!D31 -> Monteagudo y A.del Valle | D26: ='RESUMEN TOTAL'!E31 -> Fija | E26: ='RESUMEN TOTAL'!F31 -> Fibra Optica | F26: ='RESUMEN TOTAL'!L31 -> 0 | G26: ='RESUMEN TOTAL'!M31 -> 0 | H26: ='RESUMEN TOTAL'!N31 -> 0 | I26: ='RESUMEN TOTAL'!O31 -> 0 | J26: ='RESUMEN TOTAL'!P31 -> 0 | K26: ='RESUMEN TOTAL'!Q31 -> 0 | L26: ='RESUMEN TOTAL'!R31 -> 0 | M26: ='RESUMEN TOTAL'!S31 -> 0 | ... AI26: ='RESUMEN TOTAL'!AO31 -> 0
A27: ='RESUMEN TOTAL'!A32 -> CENTRO | B27: ='RESUMEN TOTAL'!B32 -> CEN07 | C27: ='RESUMEN TOTAL'!D32 -> San Martin y Guemes | D27: ='RESUMEN TOTAL'!E32 -> DOMO | E27: ='RESUMEN TOTAL'!F32 -> Fibra Optica | F27: ='RESUMEN TOTAL'!L32 -> 0 | G27: ='RESUMEN TOTAL'!M32 -> 0 | H27: ='RESUMEN TOTAL'!N32 -> 0 | I27: ='RESUMEN TOTAL'!O32 -> 0 | J27: ='RESUMEN TOTAL'!P32 -> 0 | K27: ='RESUMEN TOTAL'!Q32 -> APAGADO | L27: ='RESUMEN TOTAL'!R32 -> 0 | M27: ='RESUMEN TOTAL'!S32 -> 0 | ... AI27: ='RESUMEN TOTAL'!AO32 -> 0
A28: ='RESUMEN TOTAL'!A33 -> CENTRO | B28: ='RESUMEN TOTAL'!B33 -> CEN08 | C28: ='RESUMEN TOTAL'!D33 -> San Martin y Pte.Peron | D28: ='RESUMEN TOTAL'!E33 -> Domo | E28: ='RESUMEN TOTAL'!F33 -> Fibra Optica | F28: ='RESUMEN TOTAL'!L33 -> 0 | G28: ='RESUMEN TOTAL'!M33 -> 0 | H28: ='RESUMEN TOTAL'!N33 -> 0 | I28: ='RESUMEN TOTAL'!O33 -> 0 | J28: ='RESUMEN TOTAL'!P33 -> 0 | K28: ='RESUMEN TOTAL'!Q33 -> 0 | L28: ='RESUMEN TOTAL'!R33 -> 0 | M28: ='RESUMEN TOTAL'!S33 -> 0 | ... AI28: ='RESUMEN TOTAL'!AO33 -> 0
A29: ='RESUMEN TOTAL'!A34 -> CENTRO | B29: ='RESUMEN TOTAL'!B34 -> CEN09 | C29: ='RESUMEN TOTAL'!D34 -> Chacabuco y 25 de Mayo | D29: ='RESUMEN TOTAL'!E34 -> Domo | E29: ='RESUMEN TOTAL'!F34 -> Fibra Optica | F29: ='RESUMEN TOTAL'!L34 -> 0 | G29: ='RESUMEN TOTAL'!M34 -> 0 | H29: ='RESUMEN TOTAL'!N34 -> 0 | I29: ='RESUMEN TOTAL'!O34 -> 0 | J29: ='RESUMEN TOTAL'!P34 -> 0 | K29: ='RESUMEN TOTAL'!Q34 -> 0 | L29: ='RESUMEN TOTAL'!R34 -> 0 | M29: ='RESUMEN TOTAL'!S34 -> 0 | ... AI29: ='RESUMEN TOTAL'!AO34 -> 0
A30: ='RESUMEN TOTAL'!A35 -> CENTRO | B30: ='RESUMEN TOTAL'!B35 -> CEN10 | C30: ='RESUMEN TOTAL'!D35 -> Monteagudo y Pte. Peron | D30: ='RESUMEN TOTAL'!E35 -> Domo | E30: ='RESUMEN TOTAL'!F35 -> Fibra Optica | F30: ='RESUMEN TOTAL'!L35 -> 0 | G30: ='RESUMEN TOTAL'!M35 -> 0 | H30: ='RESUMEN TOTAL'!N35 -> 0 | I30: ='RESUMEN TOTAL'!O35 -> 0 | J30: ='RESUMEN TOTAL'!P35 -> 0 | K30: ='RESUMEN TOTAL'!Q35 -> 0 | L30: ='RESUMEN TOTAL'!R35 -> 0 | M30: ='RESUMEN TOTAL'!S35 -> 0 | ... AI30: ='RESUMEN TOTAL'!AO35 -> 0
A31: ='RESUMEN TOTAL'!A36 -> CENTRO | B31: ='RESUMEN TOTAL'!B36 -> CEN11 | C31: ='RESUMEN TOTAL'!D36 -> Monteagudo y Bocuzzi | D31: ='RESUMEN TOTAL'!E36 -> Domo | E31: ='RESUMEN TOTAL'!F36 -> Fibra Optica | F31: ='RESUMEN TOTAL'!L36 -> 0 | G31: ='RESUMEN TOTAL'!M36 -> 0 | H31: ='RESUMEN TOTAL'!N36 -> 0 | I31: ='RESUMEN TOTAL'!O36 -> 0 | J31: ='RESUMEN TOTAL'!P36 -> 0 | K31: ='RESUMEN TOTAL'!Q36 -> 0 | L31: ='RESUMEN TOTAL'!R36 -> 0 | M31: ='RESUMEN TOTAL'!S36 -> 0 | ... AI31: ='RESUMEN TOTAL'!AO36 -> 0
A32: ='RESUMEN TOTAL'!A37 -> CENTRO | B32: ='RESUMEN TOTAL'!B37 -> CEN 12 | C32: ='RESUMEN TOTAL'!D37 -> Monteagudo y Mitre | D32: ='RESUMEN TOTAL'!E37 -> Domo | E32: ='RESUMEN TOTAL'!F37 -> Fibra Optica | F32: ='RESUMEN TOTAL'!L37 -> 0 | G32: ='RESUMEN TOTAL'!M37 -> 0 | H32: ='RESUMEN TOTAL'!N37 -> 0 | I32: ='RESUMEN TOTAL'!O37 -> 0 | J32: ='RESUMEN TOTAL'!P37 -> 0 | K32: ='RESUMEN TOTAL'!Q37 -> 0 | L32: ='RESUMEN TOTAL'!R37 -> 0 | M32: ='RESUMEN TOTAL'!S37 -> 0 | ... AI32: ='RESUMEN TOTAL'!AO37 -> 0
... A123: ='RESUMEN TOTAL'!A128 -> DON ORIONE | B123: ='RESUMEN TOTAL'!B128 -> DORIO1 | C123: ='RESUMEN TOTAL'!D128 -> AV Bosques Y Theran | D123: ='RESUMEN TOTAL'!E128 -> Domo | E123: ='RESUMEN TOTAL'!F128 -> GPON | F123: ='RESUMEN TOTAL'!L128 -> 0 | G123: ='RESUMEN TOTAL'!M128 -> 0 | H123: ='RESUMEN TOTAL'!N128 -> 0 | I123: ='RESUMEN TOTAL'!O128 -> 0 | J123: ='RESUMEN TOTAL'!P128 -> 0 | K123: ='RESUMEN TOTAL'!Q128 -> 0 | L123: ='RESUMEN TOTAL'!R128 -> 0 | M123: ='RESUMEN TOTAL'!S128 -> 0 | ... AI123: ='RESUMEN TOTAL'!AO128 -> 0
A124: ='RESUMEN TOTAL'!A130 -> EL PARQUE | B124: ='RESUMEN TOTAL'!B130 -> EPQ 01 | C124: ='RESUMEN TOTAL'!D130 -> 1282 Y GRIERSON | D124: ='RESUMEN TOTAL'!E130 -> DOMO | E124: ='RESUMEN TOTAL'!F130 -> Fibra Optica | F124: ='RESUMEN TOTAL'!L130 -> 0 | G124: ='RESUMEN TOTAL'!M130 -> 0 | H124: ='RESUMEN TOTAL'!N130 -> 0 | I124: ='RESUMEN TOTAL'!O130 -> 0 | J124: ='RESUMEN TOTAL'!P130 -> 0 | K124: ='RESUMEN TOTAL'!Q130 -> 0 | L124: ='RESUMEN TOTAL'!R130 -> 0 | M124: ='RESUMEN TOTAL'!S130 -> 0 | ... AI124: ='RESUMEN TOTAL'!AO130 -> 0
A125: ='RESUMEN TOTAL'!A131 -> EL PARQUE | B125: ='RESUMEN TOTAL'!B131 -> EPQ 02 | C125: ='RESUMEN TOTAL'!D131 -> 1282 Y MASSE | D125: ='RESUMEN TOTAL'!E131 -> DOMO | E125: ='RESUMEN TOTAL'!F131 -> Fibra Optica | F125: ='RESUMEN TOTAL'!L131 -> 0 | G125: ='RESUMEN TOTAL'!M131 -> 0 | H125: ='RESUMEN TOTAL'!N131 -> 0 | I125: ='RESUMEN TOTAL'!O131 -> 0 | J125: ='RESUMEN TOTAL'!P131 -> 0 | K125: ='RESUMEN TOTAL'!Q131 -> 0 | L125: ='RESUMEN TOTAL'!R131 -> 0 | M125: ='RESUMEN TOTAL'!S131 -> 0 | ... AI125: ='RESUMEN TOTAL'!AO131 -> 0
A126: ='RESUMEN TOTAL'!A132 -> EL PARQUE | B126: ='RESUMEN TOTAL'!B132 -> EPQ 03 | C126: ='RESUMEN TOTAL'!D132 -> 1282 Y RP 36 | D126: ='RESUMEN TOTAL'!E132 -> Domo | E126: ='RESUMEN TOTAL'!F132 -> Fibra Optica | F126: ='RESUMEN TOTAL'!L132 -> APAGADO | G126: ='RESUMEN TOTAL'!M132 -> APAGADO | H126: ='RESUMEN TOTAL'!N132 -> APAGADO | I126: ='RESUMEN TOTAL'!O132 -> 0 | J126: ='RESUMEN TOTAL'!P132 -> APAGADO | K126: ='RESUMEN TOTAL'!Q132 -> APAGADO | L126: ='RESUMEN TOTAL'!R132 -> APAGADO | M126: ='RESUMEN TOTAL'!S132 -> APAGADO | ... AI126: ='RESUMEN TOTAL'!AO132 -> 0
A127: ='RESUMEN TOTAL'!A133 -> EL PARQUE | B127: ='RESUMEN TOTAL'!B133 -> EPQ 04 | C127: ='RESUMEN TOTAL'!D133 -> 1282 Y MORENO | D127: ='RESUMEN TOTAL'!E133 -> DOMO | E127: ='RESUMEN TOTAL'!F133 -> Fibra Optica | F127: ='RESUMEN TOTAL'!L133 -> 0 | G127: ='RESUMEN TOTAL'!M133 -> 0 | H127: ='RESUMEN TOTAL'!N133 -> 0 | I127: ='RESUMEN TOTAL'!O133 -> 0 | J127: ='RESUMEN TOTAL'!P133 -> 0 | K127: ='RESUMEN TOTAL'!Q133 -> 0 | L127: ='RESUMEN TOTAL'!R133 -> 0 | M127: ='RESUMEN TOTAL'!S133 -> 0 | ... AI127: ='RESUMEN TOTAL'!AO133 -> 0
A128: ='RESUMEN TOTAL'!A134 -> LA ESMERALDA | B128: ='RESUMEN TOTAL'!B134 -> ESM01 | C128: ='RESUMEN TOTAL'!D134 -> Cabello y Brasil | D128: ='RESUMEN TOTAL'!E134 -> Domo | E128: ='RESUMEN TOTAL'!F134 -> Radio | F128: ='RESUMEN TOTAL'!L134 -> 0 | G128: ='RESUMEN TOTAL'!M134 -> 0 | H128: ='RESUMEN TOTAL'!N134 -> 0 | I128: ='RESUMEN TOTAL'!O134 -> 0 | J128: ='RESUMEN TOTAL'!P134 -> 0 | K128: ='RESUMEN TOTAL'!Q134 -> 0 | L128: ='RESUMEN TOTAL'!R134 -> 0 | M128: ='RESUMEN TOTAL'!S134 -> 0 | ... AI128: ='RESUMEN TOTAL'!AO134 -> 0
A129: ='RESUMEN TOTAL'!A135 -> SAN JORGE | B129: ='RESUMEN TOTAL'!B135 -> ESM02 | C129: ='RESUMEN TOTAL'!D135 -> Novak y Cabello | D129: ='RESUMEN TOTAL'!E135 -> Domo | E129: ='RESUMEN TOTAL'!F135 -> PTO A FO | F129: ='RESUMEN TOTAL'!L135 -> 0 | G129: ='RESUMEN TOTAL'!M135 -> 0 | H129: ='RESUMEN TOTAL'!N135 -> 0 | I129: ='RESUMEN TOTAL'!O135 -> 0 | J129: ='RESUMEN TOTAL'!P135 -> 0 | K129: ='RESUMEN TOTAL'!Q135 -> 0 | L129: ='RESUMEN TOTAL'!R135 -> 0 | M129: ='RESUMEN TOTAL'!S135 -> 0 | ... AI129: ='RESUMEN TOTAL'!AO135 -> 0
A130: ='RESUMEN TOTAL'!A136 -> SAN JORGE | B130: ='RESUMEN TOTAL'!B136 -> ESM03 | C130: ='RESUMEN TOTAL'!D136 -> Novak y Humahuaca | D130: ='RESUMEN TOTAL'!E136 -> DOMO | E130: ='RESUMEN TOTAL'!F136 -> PTO A FO | F130: ='RESUMEN TOTAL'!L136 -> 0 | G130: ='RESUMEN TOTAL'!M136 -> 0 | H130: ='RESUMEN TOTAL'!N136 -> 0 | I130: ='RESUMEN TOTAL'!O136 -> 0 | J130: ='RESUMEN TOTAL'!P136 -> 0 | K130: ='RESUMEN TOTAL'!Q136 -> 0 | L130: ='RESUMEN TOTAL'!R136 -> 0 | M130: ='RESUMEN TOTAL'!S136 -> 0 | ... AI130: ='RESUMEN TOTAL'!AO136 -> 0
A131: ='RESUMEN TOTAL'!A137 -> LA ESMERALDA | B131: ='RESUMEN TOTAL'!B137 -> ESM04 | C131: ='RESUMEN TOTAL'!D137 -> Basualdo y Bengochea | D131: ='RESUMEN TOTAL'!E137 -> Domo | E131: ='RESUMEN TOTAL'!F137 -> Fibra Optica | F131: ='RESUMEN TOTAL'!L137 -> 0 | G131: ='RESUMEN TOTAL'!M137 -> 0 | H131: ='RESUMEN TOTAL'!N137 -> 0 | I131: ='RESUMEN TOTAL'!O137 -> 0 | J131: ='RESUMEN TOTAL'!P137 -> 0 | K131: ='RESUMEN TOTAL'!Q137 -> 0 | L131: ='RESUMEN TOTAL'!R137 -> 0 | M131: ='RESUMEN TOTAL'!S137 -> 0 | ... AI131: ='RESUMEN TOTAL'!AO137 -> 0
A132: ='RESUMEN TOTAL'!A138 -> LA ESMERALDA | B132: ='RESUMEN TOTAL'!B138 -> ESM05 | C132: ='RESUMEN TOTAL'!D138 -> Aniceto Diaz y Villar | D132: ='RESUMEN TOTAL'!E138 -> Domo | E132: ='RESUMEN TOTAL'!F138 -> Fibra Optica | F132: ='RESUMEN TOTAL'!L138 -> 0 | G132: ='RESUMEN TOTAL'!M138 -> 0 | H132: ='RESUMEN TOTAL'!N138 -> 0 | I132: ='RESUMEN TOTAL'!O138 -> 0 | J132: ='RESUMEN TOTAL'!P138 -> 0 | K132: ='RESUMEN TOTAL'!Q138 -> 0 | L132: ='RESUMEN TOTAL'!R138 -> 0 | M132: ='RESUMEN TOTAL'!S138 -> 0 | ... AI132: ='RESUMEN TOTAL'!AO138 -> 0
A133: ='RESUMEN TOTAL'!A139 -> LA ESMERALDA | B133: ='RESUMEN TOTAL'!B139 -> ESM06 | C133: ='RESUMEN TOTAL'!D139 -> Roselli y Cabello | D133: ='RESUMEN TOTAL'!E139 -> Domo | E133: ='RESUMEN TOTAL'!F139 -> Radio | F133: ='RESUMEN TOTAL'!L139 -> 0 | G133: ='RESUMEN TOTAL'!M139 -> 0 | H133: ='RESUMEN TOTAL'!N139 -> 0 | I133: ='RESUMEN TOTAL'!O139 -> 0 | J133: ='RESUMEN TOTAL'!P139 -> 0 | K133: ='RESUMEN TOTAL'!Q139 -> 0 | L133: ='RESUMEN TOTAL'!R139 -> APAGADO | M133: ='RESUMEN TOTAL'!S139 -> APAGADO | ... AI133: ='RESUMEN TOTAL'!AO139 -> 0
A134: ='RESUMEN TOTAL'!A140 -> LA ESMERALDA | B134: ='RESUMEN TOTAL'!B140 -> ESM07 | C134: ='RESUMEN TOTAL'!D140 -> AV. NOVAK Y SERRANO | D134: ='RESUMEN TOTAL'!E140 -> DOMO | E134: ='RESUMEN TOTAL'!F140 -> PTO A FO | F134: ='RESUMEN TOTAL'!L140 -> 0 | G134: ='RESUMEN TOTAL'!M140 -> 0 | H134: ='RESUMEN TOTAL'!N140 -> 0 | I134: ='RESUMEN TOTAL'!O140 -> 0 | J134: ='RESUMEN TOTAL'!P140 -> 0 | K134: ='RESUMEN TOTAL'!Q140 -> 0 | L134: ='RESUMEN TOTAL'!R140 -> 0 | M134: ='RESUMEN TOTAL'!S140 -> 0 | ... AI134: ='RESUMEN TOTAL'!AO140 -> 0
A135: ='RESUMEN TOTAL'!A141 -> LA ESMERALDA | B135: ='RESUMEN TOTAL'!B141 -> ESM 08 | C135: ='RESUMEN TOTAL'!D141 -> DAVINSON Y MORANCHEL | D135: ='RESUMEN TOTAL'!E141 -> FIJA | E135: ='RESUMEN TOTAL'!F141 -> Radio | F135: ='RESUMEN TOTAL'!L141 -> APAGADO | G135: ='RESUMEN TOTAL'!M141 -> APAGADO | H135: ='RESUMEN TOTAL'!N141 -> APAGADO | I135: ='RESUMEN TOTAL'!O141 -> 0 | J135: ='RESUMEN TOTAL'!P141 -> 0 | K135: ='RESUMEN TOTAL'!Q141 -> 0 | L135: ='RESUMEN TOTAL'!R141 -> APAGADO | M135: ='RESUMEN TOTAL'!S141 -> APAGADO | ... AI135: ='RESUMEN TOTAL'!AO141 -> 0
... A225: ='RESUMEN TOTAL'!A231 -> 9 DE JULIO | B225: ='RESUMEN TOTAL'!B231 -> NJU09 | C225: ='RESUMEN TOTAL'!D231 -> PARRILLO Y CONTRERAS | D225: ='RESUMEN TOTAL'!E231 -> DOMO | E225: ='RESUMEN TOTAL'!F231 -> Fibra Optica | F225: ='RESUMEN TOTAL'!L231 -> 0 | G225: ='RESUMEN TOTAL'!M231 -> 0 | H225: ='RESUMEN TOTAL'!N231 -> 0 | I225: ='RESUMEN TOTAL'!O231 -> 0 | J225: ='RESUMEN TOTAL'!P231 -> 0 | K225: ='RESUMEN TOTAL'!Q231 -> 0 | L225: ='RESUMEN TOTAL'!R231 -> 0 | M225: ='RESUMEN TOTAL'!S231 -> 0 | ... AI225: ='RESUMEN TOTAL'!AO231 -> 0
A226: ='RESUMEN TOTAL'!A233 -> PICO DE ORO | B226: ='RESUMEN TOTAL'!B233 -> PCO 01 | C226: ='RESUMEN TOTAL'!D233 -> CEMENTERIO | D226: ='RESUMEN TOTAL'!E233 -> DOMO | E226: ='RESUMEN TOTAL'!F233 -> Fibra Optica | F226: ='RESUMEN TOTAL'!L233 -> 0 | G226: ='RESUMEN TOTAL'!M233 -> 0 | H226: ='RESUMEN TOTAL'!N233 -> 0 | I226: ='RESUMEN TOTAL'!O233 -> 0 | J226: ='RESUMEN TOTAL'!P233 -> 0 | K226: ='RESUMEN TOTAL'!Q233 -> 0 | L226: ='RESUMEN TOTAL'!R233 -> 0 | M226: ='RESUMEN TOTAL'!S233 -> 0 | ... AI226: ='RESUMEN TOTAL'!AO233 -> 0
A227: ='RESUMEN TOTAL'!A234 -> PICO DE ORO | B227: ='RESUMEN TOTAL'!B234 -> PCO02 (fija 1) | C227: ='RESUMEN TOTAL'!D234 -> SICILIA E/ VIENA Y VARSOVIA | D227: ='RESUMEN TOTAL'!E234 -> Fija | E227: ='RESUMEN TOTAL'!F234 -> Fibra Optica | F227: ='RESUMEN TOTAL'!L234 -> 0 | G227: ='RESUMEN TOTAL'!M234 -> 0 | H227: ='RESUMEN TOTAL'!N234 -> 0 | I227: ='RESUMEN TOTAL'!O234 -> 0 | J227: ='RESUMEN TOTAL'!P234 -> 0 | K227: ='RESUMEN TOTAL'!Q234 -> 0 | L227: ='RESUMEN TOTAL'!R234 -> 0 | M227: ='RESUMEN TOTAL'!S234 -> 0 | ... AI227: ='RESUMEN TOTAL'!AO234 -> 0
A228: ='RESUMEN TOTAL'!A235 -> PICO DE ORO | B228: ='RESUMEN TOTAL'!B235 -> PCO03 (fija 2) | C228: ='RESUMEN TOTAL'!D235 -> SICILIA E/ VIENA Y VARSOVIA | D228: ='RESUMEN TOTAL'!E235 -> Fija | E228: ='RESUMEN TOTAL'!F235 -> Fibra Optica | F228: ='RESUMEN TOTAL'!L235 -> 0 | G228: ='RESUMEN TOTAL'!M235 -> 0 | H228: ='RESUMEN TOTAL'!N235 -> 0 | I228: ='RESUMEN TOTAL'!O235 -> 0 | J228: ='RESUMEN TOTAL'!P235 -> 0 | K228: ='RESUMEN TOTAL'!Q235 -> 0 | L228: ='RESUMEN TOTAL'!R235 -> 0 | M228: ='RESUMEN TOTAL'!S235 -> 0 | ... AI228: ='RESUMEN TOTAL'!AO235 -> 0
A229: ='RESUMEN TOTAL'!A236 -> PICO DE ORO | B229: ='RESUMEN TOTAL'!B236 -> PCO04 (fija 1) | C229: ='RESUMEN TOTAL'!D236 -> BERNA Y POLONIA | D229: ='RESUMEN TOTAL'!E236 -> Fija | E229: ='RESUMEN TOTAL'!F236 -> Fibra Optica | F229: ='RESUMEN TOTAL'!L236 -> 0 | G229: ='RESUMEN TOTAL'!M236 -> 0 | H229: ='RESUMEN TOTAL'!N236 -> 0 | I229: ='RESUMEN TOTAL'!O236 -> 0 | J229: ='RESUMEN TOTAL'!P236 -> 0 | K229: ='RESUMEN TOTAL'!Q236 -> 0 | L229: ='RESUMEN TOTAL'!R236 -> 0 | M229: ='RESUMEN TOTAL'!S236 -> 0 | ... AI229: ='RESUMEN TOTAL'!AO236 -> 0
A230: ='RESUMEN TOTAL'!A237 -> PICO DE ORO | B230: ='RESUMEN TOTAL'!B237 -> PCO05 (fija 2) | C230: ='RESUMEN TOTAL'!D237 -> BERNA Y POLONIA | D230: ='RESUMEN TOTAL'!E237 -> Fija | E230: ='RESUMEN TOTAL'!F237 -> Fibra Optica | F230: ='RESUMEN TOTAL'!L237 -> 0 | G230: ='RESUMEN TOTAL'!M237 -> 0 | H230: ='RESUMEN TOTAL'!N237 -> 0 | I230: ='RESUMEN TOTAL'!O237 -> 0 | J230: ='RESUMEN TOTAL'!P237 -> 0 | K230: ='RESUMEN TOTAL'!Q237 -> 0 | L230: ='RESUMEN TOTAL'!R237 -> 0 | M230: ='RESUMEN TOTAL'!S237 -> 0 | ... AI230: ='RESUMEN TOTAL'!AO237 -> 0
A231: ='RESUMEN TOTAL'!A238 -> AGUSTIN RAMIREZ | B231: ='RESUMEN TOTAL'!B238 -> PUNTO SEGURO - AGUSTIN RAMIREZ (domo) | C231: ='RESUMEN TOTAL'!D238 -> EL MALAMBO Y LA TRANQUERA | D231: ='RESUMEN TOTAL'!E238 -> DOMO | E231: ='RESUMEN TOTAL'!F238 -> Fibra Optica | F231: ='RESUMEN TOTAL'!L238 -> 0 | G231: ='RESUMEN TOTAL'!M238 -> 0 | H231: ='RESUMEN TOTAL'!N238 -> 0 | I231: ='RESUMEN TOTAL'!O238 -> 0 | J231: ='RESUMEN TOTAL'!P238 -> 0 | K231: ='RESUMEN TOTAL'!Q238 -> 0 | L231: ='RESUMEN TOTAL'!R238 -> 0 | M231: ='RESUMEN TOTAL'!S238 -> 0 | ... AI231: ='RESUMEN TOTAL'!AO238 -> 0
A232: ='RESUMEN TOTAL'!A239 -> AGUSTIN RAMIREZ | B232: ='RESUMEN TOTAL'!B239 -> PUNTO SEGURO - AGUSTIN RAMIREZ (fija) | C232: ='RESUMEN TOTAL'!D239 -> EL MALAMBO Y LA TRANQUERA | D232: ='RESUMEN TOTAL'!E239 -> Fija | E232: ='RESUMEN TOTAL'!F239 -> Fibra Optica | F232: ='RESUMEN TOTAL'!L239 -> 0 | G232: ='RESUMEN TOTAL'!M239 -> 0 | H232: ='RESUMEN TOTAL'!N239 -> 0 | I232: ='RESUMEN TOTAL'!O239 -> 0 | J232: ='RESUMEN TOTAL'!P239 -> 0 | K232: ='RESUMEN TOTAL'!Q239 -> 0 | L232: ='RESUMEN TOTAL'!R239 -> 0 | M232: ='RESUMEN TOTAL'!S239 -> 0 | ... AI232: ='RESUMEN TOTAL'!AO239 -> 0
A233: ='RESUMEN TOTAL'!A240 -> AGUSTIN RAMIREZ | B233: ='RESUMEN TOTAL'!B240 -> PUNTO SEGURO AGUSTIN RAMIREZ INTERCOMUNICADOR | C233: ='RESUMEN TOTAL'!D240 -> MALAMBO Y LA TRANQUERA | D233: ='RESUMEN TOTAL'!E240 -> Fija | E233: ='RESUMEN TOTAL'!F240 -> Fibra Optica | F233: ='RESUMEN TOTAL'!L240 -> 0 | G233: ='RESUMEN TOTAL'!M240 -> 0 | H233: ='RESUMEN TOTAL'!N240 -> 0 | I233: ='RESUMEN TOTAL'!O240 -> 0 | J233: ='RESUMEN TOTAL'!P240 -> 0 | K233: ='RESUMEN TOTAL'!Q240 -> 0 | L233: ='RESUMEN TOTAL'!R240 -> 0 | M233: ='RESUMEN TOTAL'!S240 -> 0 | ... AI233: ='RESUMEN TOTAL'!AO240 -> 0
A234: ='RESUMEN TOTAL'!A241 -> EL PARQUE | B234: ='RESUMEN TOTAL'!B241 -> PUNTO SEGURO - EL PARQUE (domo) | C234: ='RESUMEN TOTAL'!D241 -> CALLE 1282 Y 1201 | D234: ='RESUMEN TOTAL'!E241 -> DOMO | E234: ='RESUMEN TOTAL'!F241 -> Fibra Optica | F234: ='RESUMEN TOTAL'!L241 -> APAGADO | G234: ='RESUMEN TOTAL'!M241 -> APAGADO | H234: ='RESUMEN TOTAL'!N241 -> APAGADO | I234: ='RESUMEN TOTAL'!O241 -> 0 | J234: ='RESUMEN TOTAL'!P241 -> APAGADO | K234: ='RESUMEN TOTAL'!Q241 -> APAGADO | L234: ='RESUMEN TOTAL'!R241 -> APAGADO | M234: ='RESUMEN TOTAL'!S241 -> APAGADO | ... AI234: ='RESUMEN TOTAL'!AO241 -> 0
A235: ='RESUMEN TOTAL'!A242 -> EL PARQUE | B235: ='RESUMEN TOTAL'!B242 -> PUNTO SEGURO - EL PARQUE (fija) | C235: ='RESUMEN TOTAL'!D242 -> CALLE 1282 Y 1201 | D235: ='RESUMEN TOTAL'!E242 -> Fija | E235: ='RESUMEN TOTAL'!F242 -> Fibra Optica | F235: ='RESUMEN TOTAL'!L242 -> APAGADO | G235: ='RESUMEN TOTAL'!M242 -> APAGADO | H235: ='RESUMEN TOTAL'!N242 -> APAGADO | I235: ='RESUMEN TOTAL'!O242 -> 0 | J235: ='RESUMEN TOTAL'!P242 -> APAGADO | K235: ='RESUMEN TOTAL'!Q242 -> APAGADO | L235: ='RESUMEN TOTAL'!R242 -> APAGADO | M235: ='RESUMEN TOTAL'!S242 -> APAGADO | ... AI235: ='RESUMEN TOTAL'!AO242 -> 0
A236: ='RESUMEN TOTAL'!A243 -> EL PARQUE | B236: ='RESUMEN TOTAL'!B243 -> PUNTO SEGURO - EL PARQUE INTERCOMUNICADOR | C236: ='RESUMEN TOTAL'!D243 -> 1282 Y 1201 | D236: ='RESUMEN TOTAL'!E243 -> Fija | E236: ='RESUMEN TOTAL'!F243 -> Fibra Optica | F236: ='RESUMEN TOTAL'!L243 -> 0 | G236: ='RESUMEN TOTAL'!M243 -> 0 | H236: ='RESUMEN TOTAL'!N243 -> 0 | I236: ='RESUMEN TOTAL'!O243 -> 0 | J236: ='RESUMEN TOTAL'!P243 -> 0 | K236: ='RESUMEN TOTAL'!Q243 -> 0 | L236: ='RESUMEN TOTAL'!R243 -> 0 | M236: ='RESUMEN TOTAL'!S243 -> 0 | ... AI236: ='RESUMEN TOTAL'!AO243 -> 0
A237: ='RESUMEN TOTAL'!A244 -> INGENIERO ALLAN | B237: ='RESUMEN TOTAL'!B244 -> PUNTO SEGURO - ING. ALLAN (domo) | C237: ='RESUMEN TOTAL'!D244 -> DIAG. LOS YAGANES Y 1148 | D237: ='RESUMEN TOTAL'!E244 -> DOMO | E237: ='RESUMEN TOTAL'!F244 -> Fibra Optica | F237: ='RESUMEN TOTAL'!L244 -> 0 | G237: ='RESUMEN TOTAL'!M244 -> 0 | H237: ='RESUMEN TOTAL'!N244 -> 0 | I237: ='RESUMEN TOTAL'!O244 -> 0 | J237: ='RESUMEN TOTAL'!P244 -> 0 | K237: ='RESUMEN TOTAL'!Q244 -> 0 | L237: ='RESUMEN TOTAL'!R244 -> 0 | M237: ='RESUMEN TOTAL'!S244 -> 0 | ... AI237: ='RESUMEN TOTAL'!AO244 -> 0
... A264: ='RESUMEN TOTAL'!A271 -> EL ROCIO | B264: ='RESUMEN TOTAL'!B271 -> RCO06 (fija 2) | C264: ='RESUMEN TOTAL'!D271 -> LOBOS Y CHASCOMUS | D264: ='RESUMEN TOTAL'!E271 -> FIJA | E264: ='RESUMEN TOTAL'!F271 -> Fibra Optica | F264: ='RESUMEN TOTAL'!L271 -> 0 | G264: ='RESUMEN TOTAL'!M271 -> 0 | H264: ='RESUMEN TOTAL'!N271 -> 0 | I264: ='RESUMEN TOTAL'!O271 -> 0 | J264: ='RESUMEN TOTAL'!P271 -> 0 | K264: ='RESUMEN TOTAL'!Q271 -> 0 | L264: ='RESUMEN TOTAL'!R271 -> 0 | M264: ='RESUMEN TOTAL'!S271 -> 0 | ... AI264: ='RESUMEN TOTAL'!AO271 -> 0
A265: ='RESUMEN TOTAL'!A273 -> RICARDO ROJAS | B265: ='RESUMEN TOTAL'!B273 -> RRJ01 | C265: ='RESUMEN TOTAL'!D273 -> AV. LUJAN Y BRAGADO | D265: ='RESUMEN TOTAL'!E273 -> DOMO | E265: ='RESUMEN TOTAL'!F273 -> Fibra Optica | F265: ='RESUMEN TOTAL'!L273 -> 0 | G265: ='RESUMEN TOTAL'!M273 -> 0 | H265: ='RESUMEN TOTAL'!N273 -> 0 | I265: ='RESUMEN TOTAL'!O273 -> 0 | J265: ='RESUMEN TOTAL'!P273 -> 0 | K265: ='RESUMEN TOTAL'!Q273 -> 0 | L265: ='RESUMEN TOTAL'!R273 -> 0 | M265: ='RESUMEN TOTAL'!S273 -> 0 | ... AI265: ='RESUMEN TOTAL'!AO273 -> 0
A266: ='RESUMEN TOTAL'!A274 -> RICARDO ROJAS | B266: ='RESUMEN TOTAL'!B274 -> RRJ02 | C266: ='RESUMEN TOTAL'!D274 -> AV. LUJAN Y DIAG. LOS POETAS | D266: ='RESUMEN TOTAL'!E274 -> DOMO | E266: ='RESUMEN TOTAL'!F274 -> Fibra Optica | F266: ='RESUMEN TOTAL'!L274 -> 0 | G266: ='RESUMEN TOTAL'!M274 -> 0 | H266: ='RESUMEN TOTAL'!N274 -> 0 | I266: ='RESUMEN TOTAL'!O274 -> 0 | J266: ='RESUMEN TOTAL'!P274 -> 0 | K266: ='RESUMEN TOTAL'!Q274 -> 0 | L266: ='RESUMEN TOTAL'!R274 -> 0 | M266: ='RESUMEN TOTAL'!S274 -> 0 | ... AI266: ='RESUMEN TOTAL'!AO274 -> 0
A267: ='RESUMEN TOTAL'!A275 -> RICARDO ROJAS | B267: ='RESUMEN TOTAL'!B275 -> RRJ03 (fija 1) | C267: ='RESUMEN TOTAL'!D275 -> RUBEN DARIO E/ FADER Y DIAG. LOS POETAS | D267: ='RESUMEN TOTAL'!E275 -> Fija | E267: ='RESUMEN TOTAL'!F275 -> Fibra Optica | F267: ='RESUMEN TOTAL'!L275 -> 0 | G267: ='RESUMEN TOTAL'!M275 -> 0 | H267: ='RESUMEN TOTAL'!N275 -> 0 | I267: ='RESUMEN TOTAL'!O275 -> 0 | J267: ='RESUMEN TOTAL'!P275 -> 0 | K267: ='RESUMEN TOTAL'!Q275 -> 0 | L267: ='RESUMEN TOTAL'!R275 -> 0 | M267: ='RESUMEN TOTAL'!S275 -> 0 | ... AI267: ='RESUMEN TOTAL'!AO275 -> 0
A268: ='RESUMEN TOTAL'!A276 -> RICARDO ROJAS | B268: ='RESUMEN TOTAL'!B276 -> RRJ04 (fija 2) | C268: ='RESUMEN TOTAL'!D276 -> RUBEN DARIO E/ FADER Y DIAG. LOS POETAS | D268: ='RESUMEN TOTAL'!E276 -> Fija | E268: ='RESUMEN TOTAL'!F276 -> Fibra Optica | F268: ='RESUMEN TOTAL'!L276 -> 0 | G268: ='RESUMEN TOTAL'!M276 -> 0 | H268: ='RESUMEN TOTAL'!N276 -> 0 | I268: ='RESUMEN TOTAL'!O276 -> 0 | J268: ='RESUMEN TOTAL'!P276 -> 0 | K268: ='RESUMEN TOTAL'!Q276 -> 0 | L268: ='RESUMEN TOTAL'!R276 -> 0 | M268: ='RESUMEN TOTAL'!S276 -> 0 | ... AI268: ='RESUMEN TOTAL'!AO276 -> 0
A269: ='RESUMEN TOTAL'!A277 -> RICARDO ROJAS | B269: ='RESUMEN TOTAL'!B277 -> RRJ 05 | C269: ='RESUMEN TOTAL'!D277 -> LUJAN Y RUTA 36 | D269: ='RESUMEN TOTAL'!E277 -> DOMO | E269: ='RESUMEN TOTAL'!F277 -> Fibra Optica | F269: ='RESUMEN TOTAL'!L277 -> 0 | G269: ='RESUMEN TOTAL'!M277 -> 0 | H269: ='RESUMEN TOTAL'!N277 -> 0 | I269: ='RESUMEN TOTAL'!O277 -> 0 | J269: ='RESUMEN TOTAL'!P277 -> 0 | K269: ='RESUMEN TOTAL'!Q277 -> 0 | L269: ='RESUMEN TOTAL'!R277 -> 0 | M269: ='RESUMEN TOTAL'!S277 -> 0 | ... AI269: ='RESUMEN TOTAL'!AO277 -> 0
A270: ='RESUMEN TOTAL'!A278 -> RICARDO ROJAS | B270: ='RESUMEN TOTAL'!B278 -> RRJ 06 | C270: ='RESUMEN TOTAL'!D278 -> Constancio Vigil y Pablo Groussac | D270: ='RESUMEN TOTAL'!E278 -> Domo | E270: ='RESUMEN TOTAL'!F278 -> Fibra Optica | F270: ='RESUMEN TOTAL'!L278 -> APAGADO | G270: ='RESUMEN TOTAL'!M278 -> 0 | H270: ='RESUMEN TOTAL'!N278 -> 0 | I270: ='RESUMEN TOTAL'!O278 -> 0 | J270: ='RESUMEN TOTAL'!P278 -> APAGADO | K270: ='RESUMEN TOTAL'!Q278 -> 0 | L270: ='RESUMEN TOTAL'!R278 -> 0 | M270: ='RESUMEN TOTAL'!S278 -> 0 | ... AI270: ='RESUMEN TOTAL'!AO278 -> 0
A271: ='RESUMEN TOTAL'!A279 -> RICARDO ROJAS | B271: ='RESUMEN TOTAL'!B279 -> RRJ 07 | C271: ='RESUMEN TOTAL'!D279 -> Constancio Vigil y Estanislao del Campo | D271: ='RESUMEN TOTAL'!E279 -> Domo | E271: ='RESUMEN TOTAL'!F279 -> Fibra Optica | F271: ='RESUMEN TOTAL'!L279 -> 0 | G271: ='RESUMEN TOTAL'!M279 -> 0 | H271: ='RESUMEN TOTAL'!N279 -> 0 | I271: ='RESUMEN TOTAL'!O279 -> 0 | J271: ='RESUMEN TOTAL'!P279 -> 0 | K271: ='RESUMEN TOTAL'!Q279 -> 0 | L271: ='RESUMEN TOTAL'!R279 -> 0 | M271: ='RESUMEN TOTAL'!S279 -> 0 | ... AI271: ='RESUMEN TOTAL'!AO279 -> 0
A272: ='RESUMEN TOTAL'!A280 -> RICARDO ROJAS | B272: ='RESUMEN TOTAL'!B280 -> RRJ 08 | C272: ='RESUMEN TOTAL'!D280 -> Constancio Vigil y Pablo Podesta | D272: ='RESUMEN TOTAL'!E280 -> Domo | E272: ='RESUMEN TOTAL'!F280 -> Fibra Optica | F272: ='RESUMEN TOTAL'!L280 -> 0 | G272: ='RESUMEN TOTAL'!M280 -> 0 | H272: ='RESUMEN TOTAL'!N280 -> 0 | I272: ='RESUMEN TOTAL'!O280 -> 0 | J272: ='RESUMEN TOTAL'!P280 -> 0 | K272: ='RESUMEN TOTAL'!Q280 -> 0 | L272: ='RESUMEN TOTAL'!R280 -> 0 | M272: ='RESUMEN TOTAL'!S280 -> 0 | ... AI272: ='RESUMEN TOTAL'!AO280 -> 0
A273: ='RESUMEN TOTAL'!A281 -> RICARDO ROJAS | B273: ='RESUMEN TOTAL'!B281 -> RRJ 09 | C273: ='RESUMEN TOTAL'!D281 -> Constancio Vigil y Jose Ingeniero | D273: ='RESUMEN TOTAL'!E281 -> Domo | E273: ='RESUMEN TOTAL'!F281 -> Fibra Optica | F273: ='RESUMEN TOTAL'!L281 -> 0 | G273: ='RESUMEN TOTAL'!M281 -> 0 | H273: ='RESUMEN TOTAL'!N281 -> APAGADO | I273: ='RESUMEN TOTAL'!O281 -> 0 | J273: ='RESUMEN TOTAL'!P281 -> APAGADO | K273: ='RESUMEN TOTAL'!Q281 -> 0 | L273: ='RESUMEN TOTAL'!R281 -> 0 | M273: ='RESUMEN TOTAL'!S281 -> 0 | ... AI273: ='RESUMEN TOTAL'!AO281 -> 0
A274: ='RESUMEN TOTAL'!A282 -> RICARDO ROJAS | B274: ='RESUMEN TOTAL'!B282 -> RRJ 10 | C274: ='RESUMEN TOTAL'!D282 -> LUGONES Y OBLIGADO | D274: ='RESUMEN TOTAL'!E282 -> Domo | E274: ='RESUMEN TOTAL'!F282 -> Fibra Optica | F274: ='RESUMEN TOTAL'!L282 -> 0 | G274: ='RESUMEN TOTAL'!M282 -> 0 | H274: ='RESUMEN TOTAL'!N282 -> 0 | I274: ='RESUMEN TOTAL'!O282 -> 0 | J274: ='RESUMEN TOTAL'!P282 -> 0 | K274: ='RESUMEN TOTAL'!Q282 -> 0 | L274: ='RESUMEN TOTAL'!R282 -> 0 | M274: ='RESUMEN TOTAL'!S282 -> 0 | ... AI274: ='RESUMEN TOTAL'!AO282 -> 0
A275: ='RESUMEN TOTAL'!A283 -> RICARDO ROJAS | B275: ='RESUMEN TOTAL'!B283 -> RRJ 11 | C275: ='RESUMEN TOTAL'!D283 -> LUGONES Y OBLIGADO | D275: ='RESUMEN TOTAL'!E283 -> Domo | E275: ='RESUMEN TOTAL'!F283 -> Fibra Optica | F275: ='RESUMEN TOTAL'!L283 -> 0 | G275: ='RESUMEN TOTAL'!M283 -> 0 | H275: ='RESUMEN TOTAL'!N283 -> 0 | I275: ='RESUMEN TOTAL'!O283 -> 0 | J275: ='RESUMEN TOTAL'!P283 -> 0 | K275: ='RESUMEN TOTAL'!Q283 -> 0 | L275: ='RESUMEN TOTAL'!R283 -> 0 | M275: ='RESUMEN TOTAL'!S283 -> 0 | ... AI275: ='RESUMEN TOTAL'!AO283 -> 0
A276: ='RESUMEN TOTAL'!A284 -> RICARDO ROJAS | B276: ='RESUMEN TOTAL'!B284 -> RRJ 12 | C276: ='RESUMEN TOTAL'!D284 -> FADER Y DIAGONAL LOS POETAS | D276: ='RESUMEN TOTAL'!E284 -> DOMO | E276: ='RESUMEN TOTAL'!F284 -> Fibra Optica | F276: ='RESUMEN TOTAL'!L284 -> 0 | G276: ='RESUMEN TOTAL'!M284 -> 0 | H276: ='RESUMEN TOTAL'!N284 -> 0 | I276: ='RESUMEN TOTAL'!O284 -> 0 | J276: ='RESUMEN TOTAL'!P284 -> 0 | K276: ='RESUMEN TOTAL'!Q284 -> 0 | L276: ='RESUMEN TOTAL'!R284 -> 0 | M276: ='RESUMEN TOTAL'!S284 -> 0 | ... AI276: ='RESUMEN TOTAL'!AO284 -> 0
... A315: ='RESUMEN TOTAL'!A323 -> SAN JORGE | B315: ='RESUMEN TOTAL'!B323 -> SJO 03 | C315: ='RESUMEN TOTAL'!D323 -> 517 Y 580 | D315: ='RESUMEN TOTAL'!E323 -> DOMO | E315: ='RESUMEN TOTAL'!F323 -> Radio | F315: ='RESUMEN TOTAL'!L323 -> APAGADO | G315: ='RESUMEN TOTAL'!M323 -> APAGADO | H315: ='RESUMEN TOTAL'!N323 -> APAGADO | I315: ='RESUMEN TOTAL'!O323 -> 0 | J315: ='RESUMEN TOTAL'!P323 -> 0 | K315: ='RESUMEN TOTAL'!Q323 -> APAGADO | L315: ='RESUMEN TOTAL'!R323 -> 0 | M315: ='RESUMEN TOTAL'!S323 -> 0 | ... AI315: ='RESUMEN TOTAL'!AO323 -> 0
A316: ='RESUMEN TOTAL'!A324 -> SAN JORGE | B316: ='RESUMEN TOTAL'!B324 -> SJO 04 | C316: ='RESUMEN TOTAL'!D324 -> 552 Y 519 | D316: ='RESUMEN TOTAL'!E324 -> DOMO | E316: ='RESUMEN TOTAL'!F324 -> Radio | F316: ='RESUMEN TOTAL'!L324 -> 0 | G316: ='RESUMEN TOTAL'!M324 -> 0 | H316: ='RESUMEN TOTAL'!O324 -> 0 | I316: ='RESUMEN TOTAL'!#REF! -> #REF! | J316: ='RESUMEN TOTAL'!P324 -> 0 | K316: ='RESUMEN TOTAL'!Q324 -> 0 | L316: ='RESUMEN TOTAL'!R324 -> 0 | M316: ='RESUMEN TOTAL'!S324 -> 0 | N316: ='RESUMEN TOTAL'!T324 -> 0 | O316: ='RESUMEN TOTAL'!U324 -> 0 | P316: ='RESUMEN TOTAL'!V324 -> 0 | Q316: ='RESUMEN TOTAL'!W324 -> 0 | ... AI316: ='RESUMEN TOTAL'!AO324 -> 0
A317: ='RESUMEN TOTAL'!A325 -> SAN JORGE | B317: ='RESUMEN TOTAL'!B325 -> SJO 09 (FIJA 1) | C317: ='RESUMEN TOTAL'!D325 -> 515 Y 566 | D317: ='RESUMEN TOTAL'!E325 -> Fija | E317: ='RESUMEN TOTAL'!F325 -> Radio | F317: ='RESUMEN TOTAL'!L325 -> 0 | G317: ='RESUMEN TOTAL'!M325 -> 0 | H317: ='RESUMEN TOTAL'!N325 -> 0 | I317: ='RESUMEN TOTAL'!O325 -> 0 | J317: ='RESUMEN TOTAL'!P325 -> 0 | K317: ='RESUMEN TOTAL'!Q325 -> 0 | L317: ='RESUMEN TOTAL'!R325 -> 0 | M317: ='RESUMEN TOTAL'!S325 -> 0 | ... AI317: ='RESUMEN TOTAL'!AO325 -> 0
A318: ='RESUMEN TOTAL'!A326 -> SAN JORGE | B318: ='RESUMEN TOTAL'!B326 -> SJO 10 (FIJA 2) | C318: ='RESUMEN TOTAL'!D326 -> 515 Y 566 | D318: ='RESUMEN TOTAL'!E326 -> Fija | E318: ='RESUMEN TOTAL'!F326 -> Radio | F318: ='RESUMEN TOTAL'!L326 -> 0 | G318: ='RESUMEN TOTAL'!M326 -> 0 | H318: ='RESUMEN TOTAL'!N326 -> 0 | I318: ='RESUMEN TOTAL'!O326 -> 0 | J318: ='RESUMEN TOTAL'!P326 -> 0 | K318: ='RESUMEN TOTAL'!Q326 -> 0 | L318: ='RESUMEN TOTAL'!R326 -> 0 | M318: ='RESUMEN TOTAL'!S326 -> 0 | ... AI318: ='RESUMEN TOTAL'!AO326 -> 0
A319: ='RESUMEN TOTAL'!A327 -> SAN JORGE | B319: ='RESUMEN TOTAL'!B327 -> SJO01 | C319: ='RESUMEN TOTAL'!D327 -> Calle 554 y 527 | D319: ='RESUMEN TOTAL'!E327 -> Domo | E319: ='RESUMEN TOTAL'!F327 -> Radio | F319: ='RESUMEN TOTAL'!L327 -> 0 | G319: ='RESUMEN TOTAL'!M327 -> 0 | H319: ='RESUMEN TOTAL'!N327 -> 0 | I319: ='RESUMEN TOTAL'!O327 -> 0 | J319: ='RESUMEN TOTAL'!P327 -> 0 | K319: ='RESUMEN TOTAL'!Q327 -> 0 | L319: ='RESUMEN TOTAL'!R327 -> 0 | M319: ='RESUMEN TOTAL'!S327 -> 0 | ... AI319: ='RESUMEN TOTAL'!AO327 -> 0
A320: ='RESUMEN TOTAL'!A328 -> SAN JORGE | B320: ='RESUMEN TOTAL'!B328 -> SJO02 | C320: ='RESUMEN TOTAL'!D328 -> Calle 554 y 511 | D320: ='RESUMEN TOTAL'!E328 -> Domo | E320: ='RESUMEN TOTAL'!F328 -> Radio | F320: ='RESUMEN TOTAL'!L328 -> 0 | G320: ='RESUMEN TOTAL'!M328 -> 0 | H320: ='RESUMEN TOTAL'!O328 -> 0 | I320: ='RESUMEN TOTAL'!#REF! -> #REF! | J320: ='RESUMEN TOTAL'!P328 -> 0 | K320: ='RESUMEN TOTAL'!Q328 -> 0 | L320: ='RESUMEN TOTAL'!R328 -> 0 | M320: ='RESUMEN TOTAL'!S328 -> 0 | N320: ='RESUMEN TOTAL'!T328 -> 0 | O320: ='RESUMEN TOTAL'!U328 -> 0 | P320: ='RESUMEN TOTAL'!V328 -> 0 | Q320: ='RESUMEN TOTAL'!W328 -> APAGADO | ... AI320: ='RESUMEN TOTAL'!AO328 -> 0
A321: ='RESUMEN TOTAL'!A329 -> SAN JORGE | B321: ='RESUMEN TOTAL'!B329 -> SJO05 (fija 1) | C321: ='RESUMEN TOTAL'!D329 -> 511 Y 560 | D321: ='RESUMEN TOTAL'!E329 -> Fija | E321: ='RESUMEN TOTAL'!F329 -> Fibra Optica | F321: ='RESUMEN TOTAL'!L329 -> 0 | G321: ='RESUMEN TOTAL'!M329 -> 0 | H321: ='RESUMEN TOTAL'!O329 -> 0 | I321: ='RESUMEN TOTAL'!#REF! -> #REF! | J321: ='RESUMEN TOTAL'!P329 -> 0 | K321: ='RESUMEN TOTAL'!Q329 -> 0 | L321: ='RESUMEN TOTAL'!R329 -> 0 | M321: ='RESUMEN TOTAL'!S329 -> 0 | N321: ='RESUMEN TOTAL'!T329 -> 0 | O321: ='RESUMEN TOTAL'!U329 -> 0 | P321: ='RESUMEN TOTAL'!V329 -> 0 | Q321: ='RESUMEN TOTAL'!W329 -> 0 | ... AI321: ='RESUMEN TOTAL'!AO329 -> 0
A322: ='RESUMEN TOTAL'!A330 -> SAN JORGE | B322: ='RESUMEN TOTAL'!B330 -> SJO06 (fija 2) | C322: ='RESUMEN TOTAL'!D330 -> 511 Y 560 | D322: ='RESUMEN TOTAL'!E330 -> Fija | E322: ='RESUMEN TOTAL'!F330 -> Fibra Optica | F322: ='RESUMEN TOTAL'!L330 -> 0 | G322: ='RESUMEN TOTAL'!M330 -> 0 | H322: ='RESUMEN TOTAL'!O330 -> 0 | I322: ='RESUMEN TOTAL'!#REF! -> #REF! | J322: ='RESUMEN TOTAL'!P330 -> 0 | K322: ='RESUMEN TOTAL'!Q330 -> 0 | L322: ='RESUMEN TOTAL'!R330 -> 0 | M322: ='RESUMEN TOTAL'!S330 -> 0 | N322: ='RESUMEN TOTAL'!T330 -> 0 | O322: ='RESUMEN TOTAL'!U330 -> 0 | P322: ='RESUMEN TOTAL'!V330 -> 0 | Q322: ='RESUMEN TOTAL'!W330 -> 0 | ... AI322: ='RESUMEN TOTAL'!AO330 -> 0
A323: ='RESUMEN TOTAL'!A331 -> SAN JORGE | B323: ='RESUMEN TOTAL'!B331 -> SJO07 (fija 1) | C323: ='RESUMEN TOTAL'!D331 -> 503 Y 556 | D323: ='RESUMEN TOTAL'!E331 -> Fija | E323: ='RESUMEN TOTAL'!F331 -> Fibra Optica | F323: ='RESUMEN TOTAL'!L331 -> 0 | G323: ='RESUMEN TOTAL'!M331 -> 0 | H323: ='RESUMEN TOTAL'!O331 -> 0 | I323: ='RESUMEN TOTAL'!#REF! -> #REF! | J323: ='RESUMEN TOTAL'!P331 -> 0 | K323: ='RESUMEN TOTAL'!Q331 -> 0 | L323: ='RESUMEN TOTAL'!R331 -> 0 | M323: ='RESUMEN TOTAL'!S331 -> 0 | N323: ='RESUMEN TOTAL'!T331 -> 0 | O323: ='RESUMEN TOTAL'!U331 -> 0 | P323: ='RESUMEN TOTAL'!V331 -> 0 | Q323: ='RESUMEN TOTAL'!W331 -> 0 | ... AI323: ='RESUMEN TOTAL'!AO331 -> 0
A324: ='RESUMEN TOTAL'!A332 -> SAN JORGE | B324: ='RESUMEN TOTAL'!B332 -> SJO08 (fija 2) | C324: ='RESUMEN TOTAL'!D332 -> 503 Y 556 | D324: ='RESUMEN TOTAL'!E332 -> Fija | E324: ='RESUMEN TOTAL'!F332 -> Fibra Optica | F324: ='RESUMEN TOTAL'!L332 -> 0 | G324: ='RESUMEN TOTAL'!M332 -> 0 | H324: ='RESUMEN TOTAL'!O332 -> 0 | I324: ='RESUMEN TOTAL'!#REF! -> #REF! | J324: ='RESUMEN TOTAL'!P332 -> 0 | K324: ='RESUMEN TOTAL'!Q332 -> 0 | L324: ='RESUMEN TOTAL'!R332 -> 0 | M324: ='RESUMEN TOTAL'!S332 -> 0 | N324: ='RESUMEN TOTAL'!T332 -> 0 | O324: ='RESUMEN TOTAL'!U332 -> 0 | P324: ='RESUMEN TOTAL'!V332 -> 0 | Q324: ='RESUMEN TOTAL'!W332 -> 0 | ... AI324: ='RESUMEN TOTAL'!AO332 -> 0
A325: ='RESUMEN TOTAL'!A333 -> SANTO TOMAS | B325: ='RESUMEN TOTAL'!B333 -> SJU01 | C325: ='RESUMEN TOTAL'!D333 -> Ruta 36 y Pte.Peron | D325: ='RESUMEN TOTAL'!E333 -> Domo | E325: ='RESUMEN TOTAL'!F333 -> Radio | F325: ='RESUMEN TOTAL'!L333 -> 0 | G325: ='RESUMEN TOTAL'!M333 -> 0 | H325: ='RESUMEN TOTAL'!N333 -> 0 | I325: ='RESUMEN TOTAL'!O333 -> 0 | J325: ='RESUMEN TOTAL'!P333 -> 0 | K325: ='RESUMEN TOTAL'!Q333 -> 0 | L325: ='RESUMEN TOTAL'!R333 -> 0 | M325: ='RESUMEN TOTAL'!S333 -> 0 | ... AI325: ='RESUMEN TOTAL'!AO333 -> 0
A326: ='RESUMEN TOTAL'!A335 -> VILLA GENERAL SAN MARTIN | B326: ='RESUMEN TOTAL'!B335 -> SMA01 | C326: ='RESUMEN TOTAL'!D335 -> Hudson y Montevideo | D326: ='RESUMEN TOTAL'!E335 -> DOMO | E326: ='RESUMEN TOTAL'!F335 -> Radio | F326: ='RESUMEN TOTAL'!L335 -> 0 | G326: ='RESUMEN TOTAL'!M335 -> 0 | H326: ='RESUMEN TOTAL'!N335 -> 0 | I326: ='RESUMEN TOTAL'!O335 -> 0 | J326: ='RESUMEN TOTAL'!P335 -> 0 | K326: ='RESUMEN TOTAL'!Q335 -> 0 | L326: ='RESUMEN TOTAL'!R335 -> 0 | M326: ='RESUMEN TOTAL'!S335 -> 0 | ... AI326: ='RESUMEN TOTAL'!AO335 -> 0
A327: ='RESUMEN TOTAL'!A336 -> VILLA GENERAL SAN MARTIN | B327: ='RESUMEN TOTAL'!B336 -> SMA02 | C327: ='RESUMEN TOTAL'!D336 -> Hudson y San Nicolas | D327: ='RESUMEN TOTAL'!E336 -> Domo | E327: ='RESUMEN TOTAL'!F336 -> Radio | F327: ='RESUMEN TOTAL'!L336 -> 0 | G327: ='RESUMEN TOTAL'!M336 -> 0 | H327: ='RESUMEN TOTAL'!N336 -> 0 | I327: ='RESUMEN TOTAL'!O336 -> 0 | J327: ='RESUMEN TOTAL'!P336 -> 0 | K327: ='RESUMEN TOTAL'!Q336 -> 0 | L327: ='RESUMEN TOTAL'!R336 -> 0 | M327: ='RESUMEN TOTAL'!S336 -> 0 | ... AI327: ='RESUMEN TOTAL'!AO336 -> 0
A328: ='RESUMEN TOTAL'!A337 -> VILLA GENERAL SAN MARTIN | B328: ='RESUMEN TOTAL'!B337 -> SMA 03 | C328: ='RESUMEN TOTAL'!D337 -> ROSARIO Y SAN NICOLAS | D328: ='RESUMEN TOTAL'!E337 -> Domo | E328: ='RESUMEN TOTAL'!F337 -> Radio | F328: ='RESUMEN TOTAL'!L337 -> APAGADO | G328: ='RESUMEN TOTAL'!M337 -> 0 | H328: ='RESUMEN TOTAL'!N337 -> 0 | I328: ='RESUMEN TOTAL'!O337 -> 0 | J328: ='RESUMEN TOTAL'!P337 -> 0 | K328: ='RESUMEN TOTAL'!Q337 -> APAGADO | L328: ='RESUMEN TOTAL'!R337 -> 0 | M328: ='RESUMEN TOTAL'!S337 -> 0 | ... AI328: ='RESUMEN TOTAL'!AO337 -> 0
A329: ='RESUMEN TOTAL'!A338 -> VILLA GENERAL SAN MARTIN | B329: ='RESUMEN TOTAL'!B338 -> SMA 04 | C329: ='RESUMEN TOTAL'!D338 -> HUDSON Y MONTEVIDEO | D329: ='RESUMEN TOTAL'!E338 -> FIJA | E329: ='RESUMEN TOTAL'!F338 -> Radio | F329: ='RESUMEN TOTAL'!L338 -> 0 | G329: ='RESUMEN TOTAL'!M338 -> 0 | H329: ='RESUMEN TOTAL'!N338 -> 0 | I329: ='RESUMEN TOTAL'!O338 -> 0 | J329: ='RESUMEN TOTAL'!P338 -> 0 | K329: ='RESUMEN TOTAL'!Q338 -> 0 | L329: ='RESUMEN TOTAL'!R338 -> 0 | M329: ='RESUMEN TOTAL'!S338 -> 0 | ... AI329: ='RESUMEN TOTAL'!AO338 -> 0
A330: ='RESUMEN TOTAL'!A339 -> VILLA GENERAL SAN MARTIN | B330: ='RESUMEN TOTAL'!B339 -> SMA05 | C330: ='RESUMEN TOTAL'!D339 -> MONTEVIDEO Y VILLEGAS | D330: ='RESUMEN TOTAL'!E339 -> DOMO | E330: ='RESUMEN TOTAL'!F339 -> PTO A FO | F330: ='RESUMEN TOTAL'!L339 -> 0 | G330: ='RESUMEN TOTAL'!M339 -> 0 | H330: ='RESUMEN TOTAL'!N339 -> 0 | I330: ='RESUMEN TOTAL'!O339 -> 0 | J330: ='RESUMEN TOTAL'!P339 -> 0 | K330: ='RESUMEN TOTAL'!Q339 -> 0 | L330: ='RESUMEN TOTAL'!R339 -> 0 | M330: ='RESUMEN TOTAL'!S339 -> 0 | ... AI330: ='RESUMEN TOTAL'!AO339 -> 0
A331: ='RESUMEN TOTAL'!A340 -> VILLA GENERAL SAN MARTIN | B331: ='RESUMEN TOTAL'!B340 -> SMA 06 | C331: ='RESUMEN TOTAL'!D340 -> AV. HUDSON Y RIO IGUAZU | D331: ='RESUMEN TOTAL'!E340 -> DOMO | E331: ='RESUMEN TOTAL'!F340 -> Fibra Optica | F331: ='RESUMEN TOTAL'!L340 -> 0 | G331: ='RESUMEN TOTAL'!M340 -> 0 | H331: ='RESUMEN TOTAL'!N340 -> 0 | I331: ='RESUMEN TOTAL'!O340 -> 0 | J331: ='RESUMEN TOTAL'!P340 -> 0 | K331: ='RESUMEN TOTAL'!Q340 -> APAGADO | L331: ='RESUMEN TOTAL'!R340 -> 0 | M331: ='RESUMEN TOTAL'!S340 -> 0 | ... AI331: ='RESUMEN TOTAL'!AO340 -> 0
A332: ='RESUMEN TOTAL'!A341 -> VILLA GENERAL SAN MARTIN | B332: ='RESUMEN TOTAL'!B341 -> SMA 07 | C332: ='RESUMEN TOTAL'!D341 -> AV. HUDSON Y RIO TURBIO | D332: ='RESUMEN TOTAL'!E341 -> DOMO | E332: ='RESUMEN TOTAL'!F341 -> Fibra Optica | F332: ='RESUMEN TOTAL'!L341 -> 0 | G332: ='RESUMEN TOTAL'!M341 -> 0 | H332: ='RESUMEN TOTAL'!N341 -> 0 | I332: ='RESUMEN TOTAL'!O341 -> 0 | J332: ='RESUMEN TOTAL'!P341 -> 0 | K332: ='RESUMEN TOTAL'!Q341 -> APAGADO | L332: ='RESUMEN TOTAL'!R341 -> 0 | M332: ='RESUMEN TOTAL'!S341 -> 0 | ... AI332: ='RESUMEN TOTAL'!AO341 -> 0
A333: ='RESUMEN TOTAL'!A342 -> SAN MARTIN | B333: ='RESUMEN TOTAL'!B342 -> SMA 08 | C333: ='RESUMEN TOTAL'!D342 -> 12 De Octubre y H. Lagos | D333: ='RESUMEN TOTAL'!E342 -> fija | E333: ='RESUMEN TOTAL'!F342 -> Fibra Optica | F333: ='RESUMEN TOTAL'!L342 -> 0 | G333: ='RESUMEN TOTAL'!M342 -> 0 | H333: ='RESUMEN TOTAL'!O342 -> 0 | I333: ='RESUMEN TOTAL'!#REF! -> #REF! | J333: ='RESUMEN TOTAL'!P342 -> 0 | K333: ='RESUMEN TOTAL'!Q342 -> 0 | L333: ='RESUMEN TOTAL'!R342 -> 0 | M333: ='RESUMEN TOTAL'!S342 -> 0 | N333: ='RESUMEN TOTAL'!T342 -> 0 | O333: ='RESUMEN TOTAL'!U342 -> 0 | P333: ='RESUMEN TOTAL'!V342 -> 0 | Q333: ='RESUMEN TOTAL'!W342 -> 0 | ... AI333: ='RESUMEN TOTAL'!AO342 -> 0
A334: ='RESUMEN TOTAL'!A343 -> SAN MARTIN | B334: ='RESUMEN TOTAL'!B343 -> SMA 09 | C334: ='RESUMEN TOTAL'!D343 -> 12 De Octubre y H. Lagos | D334: ='RESUMEN TOTAL'!E343 -> fija | E334: ='RESUMEN TOTAL'!F343 -> Fibra Optica | F334: ='RESUMEN TOTAL'!L343 -> 0 | G334: ='RESUMEN TOTAL'!M343 -> 0 | H334: ='RESUMEN TOTAL'!O343 -> 0 | I334: ='RESUMEN TOTAL'!#REF! -> #REF! | J334: ='RESUMEN TOTAL'!P343 -> 0 | K334: ='RESUMEN TOTAL'!Q343 -> 0 | L334: ='RESUMEN TOTAL'!R343 -> 0 | M334: ='RESUMEN TOTAL'!S343 -> 0 | N334: ='RESUMEN TOTAL'!T343 -> 0 | O334: ='RESUMEN TOTAL'!U343 -> 0 | P334: ='RESUMEN TOTAL'!V343 -> 0 | Q334: ='RESUMEN TOTAL'!W343 -> 0 | ... AI334: ='RESUMEN TOTAL'!AO343 -> 0
A335: ='RESUMEN TOTAL'!A344 -> SAN NICOLAS | B335: ='RESUMEN TOTAL'!B344 -> SNI01 (fija 1) | C335: ='RESUMEN TOTAL'!D344 -> SARRATEA E/ EEUU DE A. Y AGRELO | D335: ='RESUMEN TOTAL'!E344 -> Fija | E335: ='RESUMEN TOTAL'!F344 -> Fibra Optica | F335: ='RESUMEN TOTAL'!L344 -> 0 | G335: ='RESUMEN TOTAL'!M344 -> 0 | H335: ='RESUMEN TOTAL'!N344 -> 0 | I335: ='RESUMEN TOTAL'!O344 -> 0 | J335: ='RESUMEN TOTAL'!P344 -> 0 | K335: ='RESUMEN TOTAL'!Q344 -> 0 | L335: ='RESUMEN TOTAL'!R344 -> 0 | M335: ='RESUMEN TOTAL'!S344 -> 0 | ... AI335: ='RESUMEN TOTAL'!AO344 -> 0
A336: ='RESUMEN TOTAL'!A345 -> SAN NICOLAS | B336: ='RESUMEN TOTAL'!B345 -> SNI02 (fija 2) | C336: ='RESUMEN TOTAL'!D345 -> SARRATEA E/ EEUU DE A. Y AGRELO | D336: ='RESUMEN TOTAL'!E345 -> Fija | E336: ='RESUMEN TOTAL'!F345 -> Fibra Optica | F336: ='RESUMEN TOTAL'!L345 -> 0 | G336: ='RESUMEN TOTAL'!M345 -> 0 | H336: ='RESUMEN TOTAL'!N345 -> 0 | I336: ='RESUMEN TOTAL'!O345 -> 0 | J336: ='RESUMEN TOTAL'!P345 -> 0 | K336: ='RESUMEN TOTAL'!Q345 -> 0 | L336: ='RESUMEN TOTAL'!R345 -> 0 | M336: ='RESUMEN TOTAL'!S345 -> 0 | ... AI336: ='RESUMEN TOTAL'!AO345 -> 0
A337: ='RESUMEN TOTAL'!A346 -> SAN NICOLAS | B337: ='RESUMEN TOTAL'!B346 -> SNI 03 (fija 1) | C337: ='RESUMEN TOTAL'!D346 -> SARRATEA Y LOS TREBOLES | D337: ='RESUMEN TOTAL'!E346 -> Fija | E337: ='RESUMEN TOTAL'!F346 -> Fibra Optica | F337: ='RESUMEN TOTAL'!L346 -> 0 | G337: ='RESUMEN TOTAL'!M346 -> 0 | H337: ='RESUMEN TOTAL'!N346 -> 0 | I337: ='RESUMEN TOTAL'!O346 -> 0 | J337: ='RESUMEN TOTAL'!P346 -> 0 | K337: ='RESUMEN TOTAL'!Q346 -> 0 | L337: ='RESUMEN TOTAL'!R346 -> 0 | M337: ='RESUMEN TOTAL'!S346 -> 0 | ... AI337: ='RESUMEN TOTAL'!AO346 -> 0
A338: ='RESUMEN TOTAL'!A347 -> SAN NICOLAS | B338: ='RESUMEN TOTAL'!B347 -> SNI 04 (fija 2) | C338: ='RESUMEN TOTAL'!D347 -> SARRATEA Y LOS TREBOLES | D338: ='RESUMEN TOTAL'!E347 -> Fija | E338: ='RESUMEN TOTAL'!F347 -> Fibra Optica | F338: ='RESUMEN TOTAL'!L347 -> 0 | G338: ='RESUMEN TOTAL'!M347 -> 0 | H338: ='RESUMEN TOTAL'!N347 -> 0 | I338: ='RESUMEN TOTAL'!O347 -> 0 | J338: ='RESUMEN TOTAL'!P347 -> 0 | K338: ='RESUMEN TOTAL'!Q347 -> 0 | L338: ='RESUMEN TOTAL'!R347 -> 0 | M338: ='RESUMEN TOTAL'!S347 -> 0 | ... AI338: ='RESUMEN TOTAL'!AO347 -> 0
A339: ='RESUMEN TOTAL'!A348 -> SANTA ROSA | B339: ='RESUMEN TOTAL'!B348 -> SRO01 | C339: ='RESUMEN TOTAL'!D348 -> Yugoslavia y MilÃ¡n | D339: ='RESUMEN TOTAL'!E348 -> Domo | E339: ='RESUMEN TOTAL'!F348 -> Radio | F339: ='RESUMEN TOTAL'!L348 -> 0 | G339: ='RESUMEN TOTAL'!M348 -> 0 | H339: ='RESUMEN TOTAL'!N348 -> 0 | I339: ='RESUMEN TOTAL'!O348 -> 0 | J339: ='RESUMEN TOTAL'!P348 -> 0 | K339: ='RESUMEN TOTAL'!Q348 -> 0 | L339: ='RESUMEN TOTAL'!R348 -> 0 | M339: ='RESUMEN TOTAL'!S348 -> 0 | ... AI339: ='RESUMEN TOTAL'!AO348 -> 0
A340: ='RESUMEN TOTAL'!A349 -> ZONA RURAL SANTA ROSA | B340: ='RESUMEN TOTAL'!B349 -> SRO02 | C340: ='RESUMEN TOTAL'!D349 -> Bruselas y Calle 647 | D340: ='RESUMEN TOTAL'!E349 -> Domo | E340: ='RESUMEN TOTAL'!F349 -> Radio | F340: ='RESUMEN TOTAL'!L349 -> 0 | G340: ='RESUMEN TOTAL'!M349 -> 0 | H340: ='RESUMEN TOTAL'!N349 -> 0 | I340: ='RESUMEN TOTAL'!O349 -> 0 | J340: ='RESUMEN TOTAL'!P349 -> 0 | K340: ='RESUMEN TOTAL'!Q349 -> 0 | L340: ='RESUMEN TOTAL'!R349 -> 0 | M340: ='RESUMEN TOTAL'!S349 -> 0 | ... AI340: ='RESUMEN TOTAL'!AO349 -> 0
A341: ='RESUMEN TOTAL'!A350 -> SANTA ROSA | B341: ='RESUMEN TOTAL'!B350 -> SRO03 | C341: ='RESUMEN TOTAL'!D350 -> Eva Peron y Paysandu | D341: ='RESUMEN TOTAL'!E350 -> Domo | E341: ='RESUMEN TOTAL'!F350 -> Radio | F341: ='RESUMEN TOTAL'!L350 -> 0 | G341: ='RESUMEN TOTAL'!M350 -> 0 | H341: ='RESUMEN TOTAL'!N350 -> 0 | I341: ='RESUMEN TOTAL'!O350 -> 0 | J341: ='RESUMEN TOTAL'!P350 -> 0 | K341: ='RESUMEN TOTAL'!Q350 -> APAGADO | L341: ='RESUMEN TOTAL'!R350 -> APAGADO | M341: ='RESUMEN TOTAL'!S350 -> APAGADO | ... AI341: ='RESUMEN TOTAL'!AO350 -> 0
A342: ='RESUMEN TOTAL'!A351 -> SANTA ROSA | B342: ='RESUMEN TOTAL'!B351 -> SRO 04 | C342: ='RESUMEN TOTAL'!D351 -> Belgica y Andorra | D342: ='RESUMEN TOTAL'!E351 -> Domo | E342: ='RESUMEN TOTAL'!F351 -> Radio | F342: ='RESUMEN TOTAL'!L351 -> 0 | G342: ='RESUMEN TOTAL'!M351 -> 0 | H342: ='RESUMEN TOTAL'!N351 -> 0 | I342: ='RESUMEN TOTAL'!O351 -> 0 | J342: ='RESUMEN TOTAL'!P351 -> 0 | K342: ='RESUMEN TOTAL'!Q351 -> 0 | L342: ='RESUMEN TOTAL'!R351 -> 0 | M342: ='RESUMEN TOTAL'!S351 -> 0 | ... AI342: ='RESUMEN TOTAL'!AO351 -> 0
A343: ='RESUMEN TOTAL'!A352 -> SANTA ROSA | B343: ='RESUMEN TOTAL'!B352 -> SRO05 | C343: ='RESUMEN TOTAL'!D352 -> CAFFERATA Y BONN | D343: ='RESUMEN TOTAL'!E352 -> DOMO | E343: ='RESUMEN TOTAL'!F352 -> Radio | F343: ='RESUMEN TOTAL'!L352 -> 0 | G343: ='RESUMEN TOTAL'!M352 -> 0 | H343: ='RESUMEN TOTAL'!N352 -> 0 | I343: ='RESUMEN TOTAL'!O352 -> 0 | J343: ='RESUMEN TOTAL'!P352 -> 0 | K343: ='RESUMEN TOTAL'!Q352 -> 0 | L343: ='RESUMEN TOTAL'!R352 -> 0 | M343: ='RESUMEN TOTAL'!S352 -> 0 | ... AI343: ='RESUMEN TOTAL'!AO352 -> 0
A344: ='RESUMEN TOTAL'!A353 -> SANTA ROSA | B344: ='RESUMEN TOTAL'!B353 -> SRO06 | C344: ='RESUMEN TOTAL'!D353 -> Novak y Bonn | D344: ='RESUMEN TOTAL'!E353 -> Domo | E344: ='RESUMEN TOTAL'!F353 -> Fibra Optica | F344: ='RESUMEN TOTAL'!L353 -> 0 | G344: ='RESUMEN TOTAL'!M353 -> 0 | H344: ='RESUMEN TOTAL'!N353 -> 0 | I344: ='RESUMEN TOTAL'!O353 -> 0 | J344: ='RESUMEN TOTAL'!P353 -> 0 | K344: ='RESUMEN TOTAL'!Q353 -> 0 | L344: ='RESUMEN TOTAL'!R353 -> 0 | M344: ='RESUMEN TOTAL'!S353 -> 0 | ... AI344: ='RESUMEN TOTAL'!AO353 -> 0
A345: ='RESUMEN TOTAL'!A354 -> SANTA ROSA | B345: ='RESUMEN TOTAL'!B354 -> SRO07 | C345: ='RESUMEN TOTAL'!D354 -> NOVAK Y BELGICA | D345: ='RESUMEN TOTAL'!E354 -> Domo | E345: ='RESUMEN TOTAL'!F354 -> Fibra Optica | F345: ='RESUMEN TOTAL'!L354 -> 0 | G345: ='RESUMEN TOTAL'!M354 -> 0 | H345: ='RESUMEN TOTAL'!N354 -> 0 | I345: ='RESUMEN TOTAL'!O354 -> 0 | J345: ='RESUMEN TOTAL'!P354 -> 0 | K345: ='RESUMEN TOTAL'!Q354 -> 0 | L345: ='RESUMEN TOTAL'!R354 -> 0 | M345: ='RESUMEN TOTAL'!S354 -> 0 | ... AI345: ='RESUMEN TOTAL'!AO354 -> 0
A346: ='RESUMEN TOTAL'!A355 -> SANTA ROSA | B346: ='RESUMEN TOTAL'!B355 -> SRO 08 | C346: ='RESUMEN TOTAL'!D355 -> NOVAK E/ DESSY Y BELGICA (POLIDEPORTIVO LA PATRIADA) | D346: ='RESUMEN TOTAL'!E355 -> Domo | E346: ='RESUMEN TOTAL'!F355 -> Fibra Optica | F346: ='RESUMEN TOTAL'!L355 -> 0 | G346: ='RESUMEN TOTAL'!M355 -> 0 | H346: ='RESUMEN TOTAL'!N355 -> 0 | I346: ='RESUMEN TOTAL'!O355 -> 0 | J346: ='RESUMEN TOTAL'!P355 -> 0 | K346: ='RESUMEN TOTAL'!Q355 -> 0 | L346: ='RESUMEN TOTAL'!R355 -> 0 | M346: ='RESUMEN TOTAL'!S355 -> 0 | ... AI346: ='RESUMEN TOTAL'!AO355 -> 0
... A375: ='RESUMEN TOTAL'!A384 -> VILLA ANGELICA | B375: ='RESUMEN TOTAL'!B384 -> VANG13 | C375: ='RESUMEN TOTAL'!D384 -> TAPALQUE E/ BOLIVAR Y GORRITI | D375: ='RESUMEN TOTAL'!E384 -> Fija | E375: ='RESUMEN TOTAL'!F384 -> Fibra Optica | F375: ='RESUMEN TOTAL'!L384 -> 0 | G375: ='RESUMEN TOTAL'!M384 -> 0 | H375: ='RESUMEN TOTAL'!N384 -> 0 | I375: ='RESUMEN TOTAL'!O384 -> 0 | J375: ='RESUMEN TOTAL'!P384 -> 0 | K375: ='RESUMEN TOTAL'!Q384 -> 0 | L375: ='RESUMEN TOTAL'!R384 -> 0 | M375: ='RESUMEN TOTAL'!S384 -> 0 | ... AI375: ='RESUMEN TOTAL'!AO384 -> 0
A376: ='RESUMEN TOTAL'!A387 -> VILLA ARGENTINA | B376: ='RESUMEN TOTAL'!B387 -> VAR 01 | C376: ='RESUMEN TOTAL'!D387 -> Calle 519 y 546 | D376: ='RESUMEN TOTAL'!E387 -> Domo | E376: ='RESUMEN TOTAL'!F387 -> Radio | F376: ='RESUMEN TOTAL'!L387 -> 0 | G376: ='RESUMEN TOTAL'!M387 -> 0 | H376: ='RESUMEN TOTAL'!N387 -> 0 | I376: ='RESUMEN TOTAL'!O387 -> 0 | J376: ='RESUMEN TOTAL'!P387 -> 0 | K376: ='RESUMEN TOTAL'!Q387 -> 0 | L376: ='RESUMEN TOTAL'!R387 -> 0 | M376: ='RESUMEN TOTAL'!S387 -> 0 | ... AI376: ='RESUMEN TOTAL'!AO387 -> 0
A377: ='RESUMEN TOTAL'!A388 -> VILLA ARGENTINA | B377: ='RESUMEN TOTAL'!B388 -> VAR 02 | C377: ='RESUMEN TOTAL'!D388 -> DIAGONAL LOS TILOS Y 542 | D377: ='RESUMEN TOTAL'!E388 -> DOMO | E377: ='RESUMEN TOTAL'!F388 -> Radio | F377: ='RESUMEN TOTAL'!L388 -> 0 | G377: ='RESUMEN TOTAL'!M388 -> 0 | H377: ='RESUMEN TOTAL'!N388 -> 0 | I377: ='RESUMEN TOTAL'!O388 -> 0 | J377: ='RESUMEN TOTAL'!P388 -> 0 | K377: ='RESUMEN TOTAL'!Q388 -> 0 | L377: ='RESUMEN TOTAL'!R388 -> 0 | M377: ='RESUMEN TOTAL'!S388 -> 0 | ... AI377: ='RESUMEN TOTAL'!AO388 -> 0
A378: ='RESUMEN TOTAL'!A389 -> VILLA ARGENTINA | B378: ='RESUMEN TOTAL'!B389 -> VAR03 (fija 1) | C378: ='RESUMEN TOTAL'!D389 -> 509 y 546 | D378: ='RESUMEN TOTAL'!E389 -> Fija | E378: ='RESUMEN TOTAL'!F389 -> Radio | F378: ='RESUMEN TOTAL'!L389 -> 0 | G378: ='RESUMEN TOTAL'!M389 -> 0 | H378: ='RESUMEN TOTAL'!N389 -> 0 | I378: ='RESUMEN TOTAL'!O389 -> 0 | J378: ='RESUMEN TOTAL'!P389 -> 0 | K378: ='RESUMEN TOTAL'!Q389 -> 0 | L378: ='RESUMEN TOTAL'!R389 -> 0 | M378: ='RESUMEN TOTAL'!S389 -> 0 | ... AI378: ='RESUMEN TOTAL'!AO389 -> 0
...

Sheet APAGADOS
E1: APAGADOS | F1: =COUNTIF(F3:F404, "APAGADO") -> 30 | G1: =COUNTIF(G3:G404, "APAGADO") -> 28 | H1: =COUNTIF(H3:H504, "APAGADO") -> 65 | I1: =COUNTIF(I3:I404, "APAGADO") -> 0 | J1: =COUNTIF(J3:J404, "APAGADO") -> 35 | K1: =COUNTIF(K3:K404, "APAGADO") -> 38 | L1: =COUNTIF(L3:L404, "APAGADO") -> 31 | M1: =COUNTIF(M3:M404, "APAGADO") -> 27 | N1: =COUNTIF(N3:N404, "APAGADO") -> 30 | O1: =COUNTIF(O3:O404, "APAGADO") -> 29 | P1: =COUNTIF(P3:P404, "APAGADO") -> 37 | ... AD1: =COUNTIF(AD3:AD404, "APAGADO") -> 0 | AE1: =COUNTIF(AE3:AE504, "APAGADO") -> 0 | AF1: =COUNTIF(AF3:AF404, "APAGADO") -> 0 | AG1: =COUNTIF(AG3:AG404, "APAGADO") -> 0 | AH1: =COUNTIF(AH3:AH404, "APAGADO") -> 0 | AI1: =COUNTIF(AI3:AI404, "APAGADO") -> 0
A2: =ESTADISTICA!A1 -> Barrio | B2: =ESTADISTICA!B1 -> [Denominacion] | C2: =ESTADISTICA!C1 -> [Ubicacion] | D2: =ESTADISTICA!D1 -> [Tipo de Camara] | E2: =ESTADISTICA!E1 -> [Tipo de Conexion] | F2: =ESTADISTICA!F1 -> 45597 | G2: =ESTADISTICA!G1 -> 45598 | H2: =ESTADISTICA!H1 -> 45599 | ... AH2: =ESTADISTICA!AH1 -> 45625 | AI2: 335
A3: =ESTADISTICA!A2 -> ALTAMIRA | B3: =ESTADISTICA!B2 -> ALT01 | C3: =ESTADISTICA!C2 -> Calchaqui y Sgto. Cabral | D3: =ESTADISTICA!D2 -> Domo | E3: =ESTADISTICA!E2 -> Fibra Optica | F3: =ESTADISTICA!F2 -> 0 | G3: =ESTADISTICA!G2 -> 0 | H3: =ESTADISTICA!H2 -> 0 | ... AI3: =ESTADISTICA!AI2 -> 0
A4: =ESTADISTICA!A3 -> ALTAMIRA | B4: =ESTADISTICA!B3 -> ALT02 | C4: =ESTADISTICA!C3 -> Calchaqui y Lope de Vega | D4: =ESTADISTICA!D3 -> Domo | E4: =ESTADISTICA!E3 -> PTO A FO | F4: =ESTADISTICA!F3 -> 0 | G4: =ESTADISTICA!G3 -> 0 | H4: =ESTADISTICA!H3 -> 0 | ... AI4: =ESTADISTICA!AI3 -> 0
A5: =ESTADISTICA!A4 -> ALTAMIRA | B5: =ESTADISTICA!B4 -> ALT 03 | C5: =ESTADISTICA!C4 -> Bombero Galarza y Necochea | D5: =ESTADISTICA!D4 -> Domo | E5: =ESTADISTICA!E4 -> Fibra Optica | F5: =ESTADISTICA!F4 -> 0 | G5: =ESTADISTICA!G4 -> 0 | H5: =ESTADISTICA!H4 -> 0 | ... AI5: =ESTADISTICA!AI4 -> 0
A6: =ESTADISTICA!A5 -> ALTAMIRA | B6: =ESTADISTICA!B5 -> ALT 04 | C6: =ESTADISTICA!C5 -> Francia y Necochea | D6: =ESTADISTICA!D5 -> Domo | E6: =ESTADISTICA!E5 -> Fibra Optica | F6: =ESTADISTICA!F5 -> 0 | G6: =ESTADISTICA!G5 -> 0 | H6: =ESTADISTICA!H5 -> 0 | ... AI6: =ESTADISTICA!AI5 -> 0
A7: =ESTADISTICA!A6 -> ALTAMIRA | B7: =ESTADISTICA!B6 -> ALT05 | C7: =ESTADISTICA!C6 -> Av. Calchaqui y Bombero Galarza | D7: =ESTADISTICA!D6 -> Domo | E7: =ESTADISTICA!E6 -> PTO A FO | F7: =ESTADISTICA!F6 -> 0 | G7: =ESTADISTICA!G6 -> 0 | H7: =ESTADISTICA!H6 -> 0 | ... AI7: =ESTADISTICA!AI6 -> 0
A8: =ESTADISTICA!A7 -> ALTAMIRA | B8: =ESTADISTICA!B7 -> ALT 06 | C8: =ESTADISTICA!C7 -> LOPE DE VEGA Y NECOCHEA | D8: =ESTADISTICA!D7 -> Domo | E8: =ESTADISTICA!E7 -> PTO A FO | F8: =ESTADISTICA!F7 -> 0 | G8: =ESTADISTICA!G7 -> 0 | H8: =ESTADISTICA!H7 -> 0 | ... AI8: =ESTADISTICA!AI7 -> 0
A9: =ESTADISTICA!A8 -> ALTAMIRA | B9: =ESTADISTICA!B8 -> ALT07 | C9: =ESTADISTICA!C8 -> AV. CALCHAQUI Y AV. DEL TRABAJO | D9: =ESTADISTICA!D8 -> DOMO | E9: =ESTADISTICA!E8 -> PTO A FO | F9: =ESTADISTICA!F8 -> 0 | G9: =ESTADISTICA!G8 -> 0 | H9: =ESTADISTICA!H8 -> 0 | ... AI9: =ESTADISTICA!AI8 -> 0
A10: =ESTADISTICA!A9 -> ALTAMIRA | B10: =ESTADISTICA!B9 -> ALT 08 | C10: =ESTADISTICA!C9 -> HUMAITA Y NECOCHEA | D10: =ESTADISTICA!D9 -> DOMO | E10: =ESTADISTICA!E9 -> Fibra Optica | F10: =ESTADISTICA!F9 -> 0 | G10: =ESTADISTICA!G9 -> 0 | H10: =ESTADISTICA!H9 -> 0 | ... AI10: =ESTADISTICA!AI9 -> 0
A11: =ESTADISTICA!A10 -> ALTAMIRA | B11: =ESTADISTICA!B10 -> ALT 09 | C11: =ESTADISTICA!C10 -> NECOCHEA Y CURUPAITY | D11: =ESTADISTICA!D10 -> DOMO | E11: =ESTADISTICA!E10 -> Fibra Optica | F11: =ESTADISTICA!F10 -> 0 | G11: =ESTADISTICA!G10 -> 0 | H11: =ESTADISTICA!H10 -> 0 | ... AI11: =ESTADISTICA!AI10 -> 0
A12: =ESTADISTICA!A11 -> ALTAMIRA | B12: =ESTADISTICA!B11 -> ALT 10 | C12: =ESTADISTICA!C11 -> Calchaqui y Francia | D12: =ESTADISTICA!D11 -> Domo | E12: =ESTADISTICA!E11 -> Radio | F12: =ESTADISTICA!F11 -> 0 | G12: =ESTADISTICA!G11 -> 0 | H12: =ESTADISTICA!H11 -> 0 | ... AI12: =ESTADISTICA!AI11 -> 0
A13: =ESTADISTICA!A12 -> AGUSTIN RAMIREZ | B13: =ESTADISTICA!B12 -> ARA 01 | C13: =ESTADISTICA!C12 -> Malambo y Tranquera | D13: =ESTADISTICA!D12 -> Domo | E13: =ESTADISTICA!E12 -> Fibra Optica | F13: =ESTADISTICA!F12 -> 0 | G13: =ESTADISTICA!G12 -> 0 | H13: =ESTADISTICA!H12 -> 0 | ... AI13: =ESTADISTICA!AI12 -> 0
A14: =ESTADISTICA!A13 -> BELGRANO | B14: =ESTADISTICA!B13 -> BEL 01 | C14: =ESTADISTICA!C13 -> San Martin y Dardo Rocha | D14: =ESTADISTICA!D13 -> DOMO | E14: =ESTADISTICA!E13 -> Fibra Optica | F14: =ESTADISTICA!F13 -> 0 | G14: =ESTADISTICA!G13 -> 0 | H14: =ESTADISTICA!H13 -> 0 | ... AI14: =ESTADISTICA!AI13 -> 0
... A124: =ESTADISTICA!A123 -> DON ORIONE | B124: =ESTADISTICA!B123 -> DORIO1 | C124: =ESTADISTICA!C123 -> AV Bosques Y Theran | D124: =ESTADISTICA!D123 -> Domo | E124: =ESTADISTICA!E123 -> GPON | F124: =ESTADISTICA!F123 -> 0 | G124: =ESTADISTICA!G123 -> 0 | H124: =ESTADISTICA!H123 -> 0 | ... AI124: =ESTADISTICA!AI123 -> 0
A125: DON ORIONE | B125: DORI02 | C125: QUINQUELA MARTIN Y AV BOSQUES | F125: =ESTADISTICA!F124 -> 0 | G125: =ESTADISTICA!G124 -> 0 | H125: =ESTADISTICA!H124 -> 0 | I125: =ESTADISTICA!I124 -> 0 | J125: =ESTADISTICA!J124 -> 0 | K125: =ESTADISTICA!K124 -> 0 | L125: =ESTADISTICA!L124 -> 0 | M125: =ESTADISTICA!M124 -> 0 | ... AI125: =ESTADISTICA!AI124 -> 0
A126: =ESTADISTICA!A124 -> EL PARQUE | B126: =ESTADISTICA!B124 -> EPQ 01 | C126: =ESTADISTICA!C124 -> 1282 Y GRIERSON | D126: =ESTADISTICA!D124 -> DOMO | E126: =ESTADISTICA!E124 -> Fibra Optica | F126: =ESTADISTICA!F124 -> 0 | G126: =ESTADISTICA!G124 -> 0 | H126: =ESTADISTICA!H124 -> 0 | ... AI126: =ESTADISTICA!AI124 -> 0
A127: =ESTADISTICA!A125 -> EL PARQUE | B127: =ESTADISTICA!B125 -> EPQ 02 | C127: =ESTADISTICA!C125 -> 1282 Y MASSE | D127: =ESTADISTICA!D125 -> DOMO | E127: =ESTADISTICA!E125 -> Fibra Optica | F127: =ESTADISTICA!F125 -> 0 | G127: =ESTADISTICA!G125 -> 0 | H127: =ESTADISTICA!H125 -> 0 | ... AI127: =ESTADISTICA!AI125 -> 0
A128: =ESTADISTICA!A126 -> EL PARQUE | B128: =ESTADISTICA!B126 -> EPQ 03 | C128: =ESTADISTICA!C126 -> 1282 Y RP 36 | D128: =ESTADISTICA!D126 -> Domo | E128: =ESTADISTICA!E126 -> Fibra Optica | F128: =ESTADISTICA!F126 -> APAGADO | G128: =ESTADISTICA!G126 -> APAGADO | H128: =ESTADISTICA!H126 -> APAGADO | ... AI128: =ESTADISTICA!AI126 -> 0
A129: =ESTADISTICA!A127 -> EL PARQUE | B129: =ESTADISTICA!B127 -> EPQ 04 | C129: =ESTADISTICA!C127 -> 1282 Y MORENO | D129: =ESTADISTICA!D127 -> DOMO | E129: =ESTADISTICA!E127 -> Fibra Optica | F129: =ESTADISTICA!F127 -> 0 | G129: =ESTADISTICA!G127 -> 0 | H129: =ESTADISTICA!H127 -> 0 | ... AI129: =ESTADISTICA!AI127 -> 0
A130: =ESTADISTICA!A128 -> LA ESMERALDA | B130: =ESTADISTICA!B128 -> ESM01 | C130: =ESTADISTICA!C128 -> Cabello y Brasil | D130: =ESTADISTICA!D128 -> Domo | E130: =ESTADISTICA!E128 -> Radio | F130: =ESTADISTICA!F128 -> 0 | G130: =ESTADISTICA!G128 -> 0 | H130: =ESTADISTICA!H128 -> 0 | ... AI130: =ESTADISTICA!AI128 -> 0
A131: =ESTADISTICA!A129 -> SAN JORGE | B131: =ESTADISTICA!B129 -> ESM02 | C131: =ESTADISTICA!C129 -> Novak y Cabello | D131: =ESTADISTICA!D129 -> Domo | E131: =ESTADISTICA!E129 -> PTO A FO | F131: =ESTADISTICA!F129 -> 0 | G131: =ESTADISTICA!G129 -> 0 | H131: =ESTADISTICA!H129 -> 0 | ... AI131: =ESTADISTICA!AI129 -> 0
A132: =ESTADISTICA!A130 -> SAN JORGE | B132: =ESTADISTICA!B130 -> ESM03 | C132: =ESTADISTICA!C130 -> Novak y Humahuaca | D132: =ESTADISTICA!D130 -> DOMO | E132: =ESTADISTICA!E130 -> PTO A FO | F132: =ESTADISTICA!F130 -> 0 | G132: =ESTADISTICA!G130 -> 0 | H132: =ESTADISTICA!H130 -> 0 | ... AI132: =ESTADISTICA!AI130 -> 0
A133: =ESTADISTICA!A131 -> LA ESMERALDA | B133: =ESTADISTICA!B131 -> ESM04 | C133: =ESTADISTICA!C131 -> Basualdo y Bengochea | D133: =ESTADISTICA!D131 -> Domo | E133: =ESTADISTICA!E131 -> Fibra Optica | F133: =ESTADISTICA!F131 -> 0 | G133: =ESTADISTICA!G131 -> 0 | H133: =ESTADISTICA!H131 -> 0 | ... AI133: =ESTADISTICA!AI131 -> 0
A134: =ESTADISTICA!A132 -> LA ESMERALDA | B134: =ESTADISTICA!B132 -> ESM05 | C134: =ESTADISTICA!C132 -> Aniceto Diaz y Villar | D134: =ESTADISTICA!D132 -> Domo | E134: =ESTADISTICA!E132 -> Fibra Optica | F134: =ESTADISTICA!F132 -> 0 | G134: =ESTADISTICA!G132 -> 0 | H134: =ESTADISTICA!H132 -> 0 | ... AI134: =ESTADISTICA!AI132 -> 0
A135: =ESTADISTICA!A133 -> LA ESMERALDA | B135: =ESTADISTICA!B133 -> ESM06 | C135: =ESTADISTICA!C133 -> Roselli y Cabello | D135: =ESTADISTICA!D133 -> Domo | E135: =ESTADISTICA!E133 -> Radio | F135: =ESTADISTICA!F133 -> 0 | G135: =ESTADISTICA!G133 -> 0 | H135: =ESTADISTICA!H133 -> 0 | ... AI135: =ESTADISTICA!AI133 -> 0
A136: =ESTADISTICA!A134 -> LA ESMERALDA | B136: =ESTADISTICA!B134 -> ESM07 | C136: =ESTADISTICA!C134 -> AV. NOVAK Y SERRANO | D136: =ESTADISTICA!D134 -> DOMO | E136: =ESTADISTICA!E134 -> PTO A FO | F136: =ESTADISTICA!F134 -> 0 | G136: =ESTADISTICA!G134 -> 0 | H136: =ESTADISTICA!H134 -> 0 | ... AI136: =ESTADISTICA!AI134 -> 0
A137: =ESTADISTICA!A135 -> LA ESMERALDA | B137: =ESTADISTICA!B135 -> ESM 08 | C137: =ESTADISTICA!C135 -> DAVINSON Y MORANCHEL | D137: =ESTADISTICA!D135 -> FIJA | E137: =ESTADISTICA!E135 -> Radio | F137: =ESTADISTICA!F135 -> APAGADO | G137: =ESTADISTICA!G135 -> APAGADO | H137: =ESTADISTICA!H135 -> APAGADO | ... AI137: =ESTADISTICA!AI135 -> 0
... A204: =ESTADISTICA!A202 -> MAYOL | B204: =ESTADISTICA!B202 -> MAY 04 | C204: =ESTADISTICA!C202 -> MAR CHIQUITA Y RIO JACHAL | D204: =ESTADISTICA!D202 -> DOMO | E204: =ESTADISTICA!E202 -> Radio | F204: =ESTADISTICA!F202 -> 0 | G204: =ESTADISTICA!G202 -> 0 | H204: =ESTADISTICA!H202 -> 0 | ... AI204: =ESTADISTICA!AI202 -> 0
A205: MONTE CUDINE | B205: =ESTADISTICA!B203 -> MCUD 01 | C205: =ESTADISTICA!C203 -> TINOGASTA Y SAN LORENZO | D205: =ESTADISTICA!D203 -> Domo | E205: =ESTADISTICA!E203 -> Fibra Optica | F205: =ESTADISTICA!F203 -> 0 | G205: =ESTADISTICA!G203 -> 0 | H205: =ESTADISTICA!H203 -> 0 | I205: =ESTADISTICA!I203 -> 0 | ... AI205: =ESTADISTICA!AI203 -> 0
A206: MONTE CUDINE | B206: =ESTADISTICA!B204 -> MCUD 02 | C206: =ESTADISTICA!C204 -> CALLE 115 A Y 158 | D206: =ESTADISTICA!D204 -> DOMO | E206: =ESTADISTICA!E204 -> Fibra Optica | F206: =ESTADISTICA!F204 -> 0 | G206: =ESTADISTICA!G204 -> 0 | H206: =ESTADISTICA!H204 -> APAGADO | I206: =ESTADISTICA!I204 -> 0 | ... AI206: =ESTADISTICA!AI204 -> 0
A207: =ESTADISTICA!A205 -> MARTIN FIERRO | B207: =ESTADISTICA!B205 -> MFI 01 | C207: =ESTADISTICA!C205 -> Belgrano y Sgto. Cabral | D207: =ESTADISTICA!D205 -> Fija | E207: =ESTADISTICA!E205 -> Fibra Optica | F207: =ESTADISTICA!F205 -> 0 | G207: =ESTADISTICA!G205 -> 0 | H207: =ESTADISTICA!H205 -> 0 | ... AI207: =ESTADISTICA!AI205 -> 0
A208: =ESTADISTICA!A206 -> LOPEZ ROMERO | B208: =ESTADISTICA!B206 -> MFI02 | C208: =ESTADISTICA!C206 -> Calchaqui y Balcarce | D208: =ESTADISTICA!D206 -> Fija | E208: =ESTADISTICA!E206 -> Fibra Optica | F208: =ESTADISTICA!F206 -> 0 | G208: =ESTADISTICA!G206 -> 0 | H208: =ESTADISTICA!H206 -> 0 | ... AI208: =ESTADISTICA!AI206 -> 0
A209: =ESTADISTICA!A208 -> MARTIN FIERRO | B209: =ESTADISTICA!B208 -> MFI04 | C209: =ESTADISTICA!C208 -> Calchaqui y balcarce | D209: =ESTADISTICA!D208 -> Domo | E209: =ESTADISTICA!E208 -> Fibra Optica | F209: =ESTADISTICA!F208 -> 0 | G209: =ESTADISTICA!G208 -> 0 | H209: =ESTADISTICA!H208 -> 0 | ... AI209: =ESTADISTICA!AI208 -> 0
A210: =ESTADISTICA!A209 -> SAN EMILIO | B210: =ESTADISTICA!B209 -> MFI 05 | C210: =ESTADISTICA!C209 -> Cno. Gral. Belgrano y Guayaquil | D210: =ESTADISTICA!D209 -> Domo | E210: =ESTADISTICA!E209 -> Fibra Optica | F210: =ESTADISTICA!F209 -> 0 | G210: =ESTADISTICA!G209 -> 0 | H210: =ESTADISTICA!H209 -> 0 | ... AI210: =ESTADISTICA!AI209 -> 0
A211: =ESTADISTICA!A210 -> SAN EMILIO | B211: =ESTADISTICA!B210 -> MFI06 | C211: =ESTADISTICA!C210 -> Con. Gral. Belgrano y Bombero Galarza | D211: =ESTADISTICA!D210 -> DOMO | E211: =ESTADISTICA!E210 -> Radio | F211: =ESTADISTICA!F210 -> 0 | G211: =ESTADISTICA!G210 -> 0 | H211: =ESTADISTICA!H210 -> 0 | ... AI211: =ESTADISTICA!AI210 -> 0
A212: =ESTADISTICA!A211 -> MARTIN FIERRO | B212: =ESTADISTICA!B211 -> MFI 07 | C212: =ESTADISTICA!C211 -> Sargento Cabral y Carlos Gardel | D212: =ESTADISTICA!D211 -> Domo | E212: =ESTADISTICA!E211 -> PTO A FO | F212: =ESTADISTICA!F211 -> 0 | G212: =ESTADISTICA!G211 -> 0 | H212: =ESTADISTICA!H211 -> 0 | ... AI212: =ESTADISTICA!AI211 -> 0
A213: =ESTADISTICA!A212 -> MARTIN FIERRO | B213: =ESTADISTICA!B212 -> MFI 08 | C213: =ESTADISTICA!C212 -> Braile y Batalla de Callao | D213: =ESTADISTICA!D212 -> Domo | E213: =ESTADISTICA!E212 -> PTO A FO | F213: =ESTADISTICA!F212 -> 0 | G213: =ESTADISTICA!G212 -> 0 | H213: =ESTADISTICA!H212 -> 0 | ... AI213: =ESTADISTICA!AI212 -> 0
A214: =ESTADISTICA!A213 -> GOBERNADOR MONTEVERDE | B214: =ESTADISTICA!B213 -> MON01 | C214: =ESTADISTICA!C213 -> San Martin y Patricias Argentinas | D214: =ESTADISTICA!D213 -> Fija | E214: =ESTADISTICA!E213 -> Fibra Optica | F214: =ESTADISTICA!F213 -> 0 | G214: =ESTADISTICA!G213 -> 0 | H214: =ESTADISTICA!H213 -> 0 | ... AI214: =ESTADISTICA!AI213 -> 0
A215: =ESTADISTICA!A214 -> GOBERNADOR MONTEVERDE | B215: =ESTADISTICA!B214 -> MON02 | C215: =ESTADISTICA!C214 -> Senzabello y Famatina | D215: =ESTADISTICA!D214 -> Domo | E215: =ESTADISTICA!E214 -> Radio | F215: =ESTADISTICA!F214 -> 0 | G215: =ESTADISTICA!G214 -> 0 | H215: =ESTADISTICA!H214 -> 0 | ... AI215: =ESTADISTICA!AI214 -> 0
A216: =ESTADISTICA!A215 -> GOBERNADOR MONTEVERDE | B216: =ESTADISTICA!B215 -> MON03 | C216: =ESTADISTICA!C215 -> Senzabello y Guemes | D216: =ESTADISTICA!D215 -> Domo | E216: =ESTADISTICA!E215 -> Radio | F216: =ESTADISTICA!F215 -> 0 | G216: =ESTADISTICA!G215 -> 0 | H216: =ESTADISTICA!H215 -> 0 | ... AI216: =ESTADISTICA!AI215 -> 0
A217: =ESTADISTICA!A216 -> GOBERNADOR MONTEVERDE | B217: =ESTADISTICA!B216 -> MON04 | C217: =ESTADISTICA!C216 -> Av. Yrigoyen y San Lorenzo | D217: =ESTADISTICA!D216 -> Domo | E217: =ESTADISTICA!E216 -> Radio | F217: =ESTADISTICA!F216 -> 0 | G217: =ESTADISTICA!G216 -> 0 | H217: =ESTADISTICA!H216 -> 0 | ... AI217: =ESTADISTICA!AI216 -> 0
A218: =ESTADISTICA!A217 -> 9 DE JULIO | B218: =ESTADISTICA!B217 -> NJU 01 | C218: =ESTADISTICA!C217 -> Sallares y Parrillo | D218: =ESTADISTICA!D217 -> Domo | E218: =ESTADISTICA!E217 -> Fibra Optica | F218: =ESTADISTICA!F217 -> 0 | G218: =ESTADISTICA!G217 -> 0 | H218: =ESTADISTICA!H217 -> 0 | ... AI218: =ESTADISTICA!AI217 -> 0
A219: =ESTADISTICA!A218 -> 9 DE JULIO | B219: =ESTADISTICA!B218 -> NJU02 | C219: =ESTADISTICA!C218 -> Ituzaingo y Boccuzzi | D219: =ESTADISTICA!D218 -> Domo | E219: =ESTADISTICA!E218 -> Radio | F219: =ESTADISTICA!F218 -> APAGADO | G219: =ESTADISTICA!G218 -> APAGADO | H219: =ESTADISTICA!H218 -> APAGADO | ... AI219: =ESTADISTICA!AI218 -> 0
A220: =ESTADISTICA!A219 -> 9 DE JULIO | B220: =ESTADISTICA!B219 -> NJU03 | C220: =ESTADISTICA!C219 -> San Juan y Parrillo | D220: =ESTADISTICA!D219 -> Domo | E220: =ESTADISTICA!E219 -> PTO A FO | F220: =ESTADISTICA!F219 -> 0 | G220: =ESTADISTICA!G219 -> 0 | H220: =ESTADISTICA!H219 -> 0 | ... AI220: =ESTADISTICA!AI219 -> 0
... A517: =ESTADISTICA!A516 -> PARADAS SEGURAS | B517: =ESTADISTICA!B516 -> 39 C | C517: =ESTADISTICA!C516 -> Hudson y Groussac Este | D517: =ESTADISTICA!D516 -> GFIJA | E517: =ESTADISTICA!E516 -> GPON | F517: =ESTADISTICA!F516 -> APAGADO | G517: =ESTADISTICA!G516 -> APAGADO | H517: =ESTADISTICA!H516 -> APAGADO | ... AI517: =ESTADISTICA!AI516 -> 0
A518: PARADAS SEGURAS | B518: 39 I | C518: Hudson y Groussac Este | D518: INTERCOMUNICADOR | E518: GPON | F518: =ESTADISTICA!F517 -> 0 | G518: =ESTADISTICA!G517 -> 0 | H518: =ESTADISTICA!H517 -> 0 | I518: =ESTADISTICA!I517 -> 0 | J518: =ESTADISTICA!J517 -> APAGADO | K518: =ESTADISTICA!K517 -> APAGADO | L518: =ESTADISTICA!L517 -> APAGADO | M518: =ESTADISTICA!M517 -> APAGADO | ... AI518: =ESTADISTICA!AI517 -> 0
A519: PARADAS SEGURAS | B519: 40 C | C519: Hudson y Groussac Oeste | D519: GFIJA | E519: GPON | F519: =ESTADISTICA!F518 -> 0 | G519: =ESTADISTICA!G518 -> 0 | H519: =ESTADISTICA!H518 -> 0 | I519: =ESTADISTICA!I518 -> 0 | J519: =ESTADISTICA!J518 -> 0 | K519: =ESTADISTICA!K518 -> 0 | L519: =ESTADISTICA!L518 -> 0 | M519: =ESTADISTICA!M518 -> 0 | ... AI519: =ESTADISTICA!AI518 -> 0
A520: PARADAS SEGURAS | B520: 40 I | C520: Hudson y Groussac Oeste | D520: INTERCOMUNICADOR | E520: GPON | F520: =ESTADISTICA!F519 -> 0 | G520: =ESTADISTICA!G519 -> 0 | H520: =ESTADISTICA!H519 -> 0 | I520: =ESTADISTICA!I519 -> 0 | J520: =ESTADISTICA!J519 -> 0 | K520: =ESTADISTICA!K519 -> 0 | L520: =ESTADISTICA!L519 -> 0 | M520: =ESTADISTICA!M519 -> 0 | ... AI520: =ESTADISTICA!AI519 -> 0
A521: PARADAS SEGURAS | B521: 41 C | C521: Hudson y Dumas Este | D521: GFIJA | E521: GPON | F521: =ESTADISTICA!F520 -> APAGADO | G521: =ESTADISTICA!G520 -> APAGADO | H521: =ESTADISTICA!H520 -> APAGADO | I521: =ESTADISTICA!I520 -> 0 | J521: =ESTADISTICA!J520 -> APAGADO | K521: =ESTADISTICA!K520 -> APAGADO | L521: =ESTADISTICA!L520 -> APAGADO | M521: =ESTADISTICA!M520 -> APAGADO | ... AI521: =ESTADISTICA!AI520 -> 0
A522: PARADAS SEGURAS | B522: 41 I | C522: Hudson y Dumas Este | D522: INTERCOMUNICADOR | E522: GPON | F522: =ESTADISTICA!F521 -> APAGADO | G522: =ESTADISTICA!G521 -> APAGADO | H522: =ESTADISTICA!H521 -> APAGADO | I522: =ESTADISTICA!I521 -> 0 | J522: =ESTADISTICA!J521 -> APAGADO | K522: =ESTADISTICA!K521 -> APAGADO | L522: =ESTADISTICA!L521 -> APAGADO | M522: =ESTADISTICA!M521 -> APAGADO | ... AI522: =ESTADISTICA!AI521 -> 0
A523: PARADAS SEGURAS | B523: 42 C | C523: Hudson y Dumas Oeste | D523: GFIJA | E523: GPON | F523: =ESTADISTICA!F522 -> 0 | G523: =ESTADISTICA!G522 -> 0 | H523: =ESTADISTICA!H522 -> 0 | I523: =ESTADISTICA!I522 -> 0 | J523: =ESTADISTICA!J522 -> 0 | K523: =ESTADISTICA!K522 -> 0 | L523: =ESTADISTICA!L522 -> 0 | M523: =ESTADISTICA!M522 -> 0 | ... AI523: =ESTADISTICA!AI522 -> 0
A524: PARADAS SEGURAS | B524: 42 I | C524: Hudson y Dumas Oeste | D524: INTERCOMUNICADOR | E524: GPON | F524: =ESTADISTICA!F523 -> 0 | G524: =ESTADISTICA!G523 -> 0 | H524: =ESTADISTICA!H523 -> 0 | I524: =ESTADISTICA!I523 -> 0 | J524: =ESTADISTICA!J523 -> 0 | K524: =ESTADISTICA!K523 -> 0 | L524: =ESTADISTICA!L523 -> 0 | M524: =ESTADISTICA!M523 -> 0 | ... AI524: =ESTADISTICA!AI523 -> 0
A525: PARADAS SEGURAS | B525: 43 C | C525: Hudson y Manuel de Falla Este | D525: GFIJA | E525: GPON | F525: =ESTADISTICA!F524 -> APAGADO | G525: =ESTADISTICA!G524 -> APAGADO | H525: =ESTADISTICA!H524 -> APAGADO | I525: =ESTADISTICA!I524 -> 0 | J525: =ESTADISTICA!J524 -> APAGADO | K525: =ESTADISTICA!K524 -> APAGADO | L525: =ESTADISTICA!L524 -> APAGADO | M525: =ESTADISTICA!M524 -> APAGADO | ... AI525: =ESTADISTICA!AI524 -> 0
A526: PARADAS SEGURAS | B526: 43 I | C526: Hudson y Manuel de Falla Este | D526: INTERCOMUNICADOR | E526: GPON | F526: =ESTADISTICA!F525 -> APAGADO | G526: =ESTADISTICA!G525 -> APAGADO | H526: =ESTADISTICA!H525 -> APAGADO | I526: =ESTADISTICA!I525 -> 0 | J526: =ESTADISTICA!J525 -> APAGADO | K526: =ESTADISTICA!K525 -> APAGADO | L526: =ESTADISTICA!L525 -> APAGADO | M526: =ESTADISTICA!M525 -> APAGADO | ... AI526: =ESTADISTICA!AI525 -> 0
A527: PARADAS SEGURAS | B527: 45 C | C527: Hudson y Benito Perez Galdos Este | D527: GFIJA | E527: GPON | F527: =ESTADISTICA!F526 -> 0 | G527: =ESTADISTICA!G526 -> 0 | H527: =ESTADISTICA!H526 -> 0 | I527: =ESTADISTICA!I526 -> 0 | J527: =ESTADISTICA!J526 -> 0 | K527: =ESTADISTICA!K526 -> 0 | L527: =ESTADISTICA!L526 -> 0 | M527: =ESTADISTICA!M526 -> 0 | ... AI527: =ESTADISTICA!AI526 -> 0
A528: PARADAS SEGURAS | B528: 45 I | C528: Hudson y Benito Perez Galdos Este | D528: INTERCOMUNICADOR | E528: GPON | F528: =ESTADISTICA!F527 -> 0 | G528: =ESTADISTICA!G527 -> 0 | H528: =ESTADISTICA!H527 -> 0 | I528: =ESTADISTICA!I527 -> 0 | J528: =ESTADISTICA!J527 -> 0 | K528: =ESTADISTICA!K527 -> 0 | L528: =ESTADISTICA!L527 -> 0 | M528: =ESTADISTICA!M527 -> 0 | ... AI528: =ESTADISTICA!AI527 -> 0
A529: PARADAS SEGURAS | B529: 46 C | C529: Hudson y Avenida Bosques Este | D529: GFIJA | E529: GPON | F529: =ESTADISTICA!F528 -> APAGADO | G529: =ESTADISTICA!G528 -> APAGADO | H529: =ESTADISTICA!H528 -> APAGADO | I529: =ESTADISTICA!I528 -> 0 | J529: =ESTADISTICA!J528 -> APAGADO | K529: =ESTADISTICA!K528 -> APAGADO | L529: =ESTADISTICA!L528 -> APAGADO | M529: =ESTADISTICA!M528 -> APAGADO | ... AI529: =ESTADISTICA!AI528 -> 0
... A540: PARADAS SEGURAS | B540: 74I | C540: GORRITI NORTE | D540: INTERCOMUNICADOR | E540: GPON | F540: =ESTADISTICA!F539 -> APAGADO | G540: =ESTADISTICA!G539 -> APAGADO | H540: =ESTADISTICA!H539 -> APAGADO | I540: =ESTADISTICA!I539 -> 0 | J540: =ESTADISTICA!J539 -> APAGADO | K540: =ESTADISTICA!K539 -> APAGADO | L540: =ESTADISTICA!L539 -> APAGADO | M540: =ESTADISTICA!M539 -> APAGADO | ... AI540: =ESTADISTICA!AI539 -> 0

Sheet APAGADOS FIBRA
C1: TOTAL FIBRA | D1: =COUNTIFS(E4:E401,"=Fibra Optica") -> 270
E2: APAGADOS | F2: =COUNTIFS(F4:F501, "=APAGADO",E4:E501,"=Fibra Optica") -> 21 | G2: =COUNTIFS(G4:G501, "=APAGADO",E4:E501,"=Fibra Optica") -> 21 | H2: =COUNTIFS(H4:H501, "=APAGADO",E4:E501,"=Fibra Optica") -> 22 | I2: =COUNTIFS(I4:I501, "=APAGADO",E4:E501,"=Fibra Optica") -> 0 | J2: =COUNTIFS(J4:J501, "=APAGADO",E4:E501,"=Fibra Optica") -> 22 | K2: =COUNTIFS(K4:K501, "=APAGADO",E4:E501,"=Fibra Optica") -> 29 | L2: =COUNTIFS(L4:L501, "=APAGADO",E4:E501,"=Fibra Optica") -> 22 | M2: =COUNTIFS(M4:M501, "=APAGADO",E4:E501,"=Fibra Optica") -> 19 | N2: =COUNTIFS(N4:N501, "=APAGADO",E4:E501,"=Fibra Optica") -> 21 | O2: =COUNTIFS(O4:O501, "=APAGADO",E4:E501,"=Fibra Optica") -> 21 | P2: =COUNTIFS(P4:P601, "=APAGADO",E4:E601,"=Fibra Optica") -> 26 | Q2: =COUNTIFS(Q4:Q501, "=APAGADO",E4:E501,"=Fibra Optica") -> 32 | R2: =COUNTIFS(R4:R501, "=APAGADO",E4:E501,"=Fibra Optica") -> 32 | S2: =COUNTIFS(S4:S501, "=APAGADO",E4:E501,"=Fibra Optica") -> 33 | T2: =COUNTIFS(T4:T501, "=APAGADO",E4:E501,"=Fibra Optica") -> 34 | U2: =COUNTIFS(U4:U501, "=APAGADO",E4:E501,"=Fibra Optica") -> 34 | V2: =COUNTIFS(V4:V501, "=APAGADO",E4:E501,"=Fibra Optica") -> 34 | W2: =COUNTIFS(W4:W501, "=APAGADO",E4:E501,"=Fibra Optica") -> 35 | X2: =COUNTIFS(X4:X501, "=APAGADO",E4:E501,"=Fibra Optica") -> 34 | Y2: =COUNTIFS(Y4:Y501, "=APAGADO",E4:E501,"=Fibra Optica") -> 24 | Z2: =COUNTIFS(Z4:Z501, "=APAGADO",E4:E501,"=Fibra Optica") -> 0 | AA2: =COUNTIFS(AA4:AA501, "=APAGADO",E4:E501,"=Fibra Optica") -> 0 | AB2: =COUNTIFS(AB4:AB501, "=APAGADO",E4:E501,"=Fibra Optica") -> 0 | AC2: =COUNTIFS(AC4:AC601, "=APAGADO",E4:E601,"=Fibra Optica") -> 0 | AD2: =COUNTIFS(AD4:AD501, "=APAGADO",E4:E501,"=Fibra Optica") -> 0 | AE2: =COUNTIFS(AE4:AE501, "=APAGADO",E4:E501,"=Fibra Optica") -> 0 | AF2: =COUNTIFS(AF4:AF501, "=APAGADO",E4:E501,"=Fibra Optica") -> 0 | AG2: =COUNTIFS(AG4:AG501, "=APAGADO",E4:E501,"=Fibra Optica") -> 0 | AH2: =COUNTIFS(AH4:AH501, "=APAGADO",E4:E501,"=Fibra Optica") -> 0 | AI2: =COUNTIFS(AI4:AI501, "=APAGADO",F4:F501,"=Fibra Optica") -> 0 | AJ2: =COUNTIFS(AJ4:AJ501, "=APAGADO",G4:G501,"=Fibra Optica") -> 0
A3: =ESTADISTICA!A1 -> Barrio | B3: =ESTADISTICA!B1 -> [Denominacion] | C3: =ESTADISTICA!C1 -> [Ubicacion] | D3: =ESTADISTICA!D1 -> [Tipo de Camara] | E3: =ESTADISTICA!E1 -> [Tipo de Conexion] | F3: =ESTADISTICA!F1 -> 45597 | G3: =ESTADISTICA!G1 -> 45598 | H3: =ESTADISTICA!H1 -> 45599 | ... AH3: =ESTADISTICA!AH1 -> 45625 | AI3: 304 | AJ3: 305
A4: ='RESUMEN TOTAL'!A7 -> ALTAMIRA | B4: ='RESUMEN TOTAL'!B7 -> ALT 03 | C4: ='RESUMEN TOTAL'!D7 -> Bombero Galarza y Necochea | D4: ='RESUMEN TOTAL'!E7 -> Domo | E4: ='RESUMEN TOTAL'!F7 -> Fibra Optica | F4: ='RESUMEN TOTAL'!L7 -> 0 | G4: ='RESUMEN TOTAL'!M7 -> 0 | H4: ='RESUMEN TOTAL'!N7 -> 0 | I4: ='RESUMEN TOTAL'!O7 -> 0 | J4: ='RESUMEN TOTAL'!P7 -> 0 | K4: ='RESUMEN TOTAL'!Q7 -> 0 | L4: ='RESUMEN TOTAL'!R7 -> 0 | M4: ='RESUMEN TOTAL'!S7 -> 0 | ... AI4: ='RESUMEN TOTAL'!AO7 -> 0 | AJ4: ='RESUMEN TOTAL'!#REF! -> #REF!
A5: ='RESUMEN TOTAL'!A8 -> ALTAMIRA | B5: ='RESUMEN TOTAL'!B8 -> ALT 04 | C5: ='RESUMEN TOTAL'!D8 -> Francia y Necochea | D5: ='RESUMEN TOTAL'!E8 -> Domo | E5: ='RESUMEN TOTAL'!F8 -> Fibra Optica | F5: ='RESUMEN TOTAL'!L8 -> 0 | G5: ='RESUMEN TOTAL'!M8 -> 0 | H5: ='RESUMEN TOTAL'!N8 -> 0 | I5: ='RESUMEN TOTAL'!O8 -> 0 | J5: ='RESUMEN TOTAL'!P8 -> 0 | K5: ='RESUMEN TOTAL'!Q8 -> 0 | L5: ='RESUMEN TOTAL'!R8 -> 0 | M5: ='RESUMEN TOTAL'!S8 -> 0 | ... AI5: ='RESUMEN TOTAL'!AO8 -> 0 | AJ5: ='RESUMEN TOTAL'!#REF! -> #REF!
A6: ='RESUMEN TOTAL'!A9 -> ALTAMIRA | B6: ='RESUMEN TOTAL'!B9 -> ALT05 | C6: ='RESUMEN TOTAL'!D9 -> Av. Calchaqui y Bombero Galarza | D6: ='RESUMEN TOTAL'!E9 -> Domo | E6: ='RESUMEN TOTAL'!F9 -> PTO A FO | F6: ='RESUMEN TOTAL'!L9 -> 0 | G6: ='RESUMEN TOTAL'!M9 -> 0 | H6: ='RESUMEN TOTAL'!N9 -> 0 | I6: ='RESUMEN TOTAL'!O9 -> 0 | J6: ='RESUMEN TOTAL'!P9 -> 0 | K6: ='RESUMEN TOTAL'!Q9 -> 0 | L6: ='RESUMEN TOTAL'!R9 -> 0 | M6: ='RESUMEN TOTAL'!S9 -> 0 | ... AI6: ='RESUMEN TOTAL'!AO9 -> 0 | AJ6: ='RESUMEN TOTAL'!#REF! -> #REF!
A7: ='RESUMEN TOTAL'!A10 -> ALTAMIRA | B7: ='RESUMEN TOTAL'!B10 -> ALT 06 | C7: ='RESUMEN TOTAL'!D10 -> LOPE DE VEGA Y NECOCHEA | D7: ='RESUMEN TOTAL'!E10 -> Domo | E7: ='RESUMEN TOTAL'!F10 -> PTO A FO | F7: ='RESUMEN TOTAL'!L10 -> 0 | G7: ='RESUMEN TOTAL'!M10 -> 0 | H7: ='RESUMEN TOTAL'!N10 -> 0 | I7: ='RESUMEN TOTAL'!O10 -> 0 | J7: ='RESUMEN TOTAL'!P10 -> 0 | K7: ='RESUMEN TOTAL'!Q10 -> 0 | L7: ='RESUMEN TOTAL'!R10 -> 0 | M7: ='RESUMEN TOTAL'!S10 -> 0 | ... AI7: ='RESUMEN TOTAL'!AO10 -> 0 | AJ7: ='RESUMEN TOTAL'!#REF! -> #REF!
A8: ='RESUMEN TOTAL'!A11 -> ALTAMIRA | B8: ='RESUMEN TOTAL'!B11 -> ALT07 | C8: ='RESUMEN TOTAL'!D11 -> AV. CALCHAQUI Y AV. DEL TRABAJO | D8: ='RESUMEN TOTAL'!E11 -> DOMO | E8: ='RESUMEN TOTAL'!F11 -> PTO A FO | F8: ='RESUMEN TOTAL'!L11 -> 0 | G8: ='RESUMEN TOTAL'!M11 -> 0 | H8: ='RESUMEN TOTAL'!N11 -> 0 | I8: ='RESUMEN TOTAL'!O11 -> 0 | J8: ='RESUMEN TOTAL'!P11 -> 0 | K8: ='RESUMEN TOTAL'!Q11 -> 0 | L8: ='RESUMEN TOTAL'!R11 -> 0 | M8: ='RESUMEN TOTAL'!S11 -> 0 | ... AI8: ='RESUMEN TOTAL'!AO11 -> 0 | AJ8: ='RESUMEN TOTAL'!#REF! -> #REF!
A9: ='RESUMEN TOTAL'!A12 -> ALTAMIRA | B9: ='RESUMEN TOTAL'!B12 -> ALT 08 | C9: ='RESUMEN TOTAL'!D12 -> HUMAITA Y NECOCHEA | D9: ='RESUMEN TOTAL'!E12 -> DOMO | E9: ='RESUMEN TOTAL'!F12 -> Fibra Optica | F9: ='RESUMEN TOTAL'!L12 -> 0 | G9: ='RESUMEN TOTAL'!M12 -> 0 | H9: ='RESUMEN TOTAL'!N12 -> 0 | I9: ='RESUMEN TOTAL'!O12 -> 0 | J9: ='RESUMEN TOTAL'!P12 -> 0 | K9: ='RESUMEN TOTAL'!Q12 -> 0 | L9: ='RESUMEN TOTAL'!R12 -> 0 | M9: ='RESUMEN TOTAL'!S12 -> 0 | ... AI9: ='RESUMEN TOTAL'!AO12 -> 0 | AJ9: ='RESUMEN TOTAL'!#REF! -> #REF!
A10: ='RESUMEN TOTAL'!A13 -> ALTAMIRA | B10: ='RESUMEN TOTAL'!B13 -> ALT 09 | C10: ='RESUMEN TOTAL'!D13 -> NECOCHEA Y CURUPAITY | D10: ='RESUMEN TOTAL'!E13 -> DOMO | E10: ='RESUMEN TOTAL'!F13 -> Fibra Optica | F10: ='RESUMEN TOTAL'!L13 -> 0 | G10: ='RESUMEN TOTAL'!M13 -> 0 | H10: ='RESUMEN TOTAL'!N13 -> 0 | I10: ='RESUMEN TOTAL'!O13 -> 0 | J10: ='RESUMEN TOTAL'!P13 -> 0 | K10: ='RESUMEN TOTAL'!Q13 -> 0 | L10: ='RESUMEN TOTAL'!R13 -> 0 | M10: ='RESUMEN TOTAL'!S13 -> 0 | ... AI10: ='RESUMEN TOTAL'!AO13 -> 0 | AJ10: ='RESUMEN TOTAL'!#REF! -> #REF!
A11: ='RESUMEN TOTAL'!A14 -> ALTAMIRA | B11: ='RESUMEN TOTAL'!B14 -> ALT 10 | C11: ='RESUMEN TOTAL'!D14 -> Calchaqui y Francia | D11: ='RESUMEN TOTAL'!E14 -> Domo | E11: ='RESUMEN TOTAL'!F14 -> Radio | F11: ='RESUMEN TOTAL'!L14 -> 0 | G11: ='RESUMEN TOTAL'!M14 -> 0 | H11: ='RESUMEN TOTAL'!N14 -> 0 | I11: ='RESUMEN TOTAL'!O14 -> 0 | J11: ='RESUMEN TOTAL'!P14 -> 0 | K11: ='RESUMEN TOTAL'!Q14 -> 0 | L11: ='RESUMEN TOTAL'!R14 -> 0 | M11: ='RESUMEN TOTAL'!S14 -> 0 | ... AI11: ='RESUMEN TOTAL'!AO14 -> 0 | AJ11: ='RESUMEN TOTAL'!#REF! -> #REF!
A12: ='RESUMEN TOTAL'!A15 -> AGUSTIN RAMIREZ | B12: ='RESUMEN TOTAL'!B15 -> ARA 01 | C12: ='RESUMEN TOTAL'!D15 -> Malambo y Tranquera | D12: ='RESUMEN TOTAL'!E15 -> Domo | E12: ='RESUMEN TOTAL'!F15 -> Fibra Optica | F12: ='RESUMEN TOTAL'!L15 -> 0 | G12: ='RESUMEN TOTAL'!M15 -> 0 | H12: ='RESUMEN TOTAL'!N15 -> 0 | I12: ='RESUMEN TOTAL'!O15 -> 0 | J12: ='RESUMEN TOTAL'!P15 -> 0 | K12: ='RESUMEN TOTAL'!Q15 -> 0 | L12: ='RESUMEN TOTAL'!R15 -> 0 | M12: ='RESUMEN TOTAL'!S15 -> 0 | ... AI12: ='RESUMEN TOTAL'!AO15 -> 0 | AJ12: ='RESUMEN TOTAL'!#REF! -> #REF!
A13: ='RESUMEN TOTAL'!A16 -> BELGRANO | B13: ='RESUMEN TOTAL'!B16 -> BEL 01 | C13: ='RESUMEN TOTAL'!D16 -> San Martin y Dardo Rocha | D13: ='RESUMEN TOTAL'!E16 -> DOMO | E13: ='RESUMEN TOTAL'!F16 -> Fibra Optica | F13: ='RESUMEN TOTAL'!L16 -> 0 | G13: ='RESUMEN TOTAL'!M16 -> 0 | H13: ='RESUMEN TOTAL'!N16 -> 0 | I13: ='RESUMEN TOTAL'!O16 -> 0 | J13: ='RESUMEN TOTAL'!P16 -> 0 | K13: ='RESUMEN TOTAL'!Q16 -> 0 | L13: ='RESUMEN TOTAL'!R16 -> 0 | M13: ='RESUMEN TOTAL'!S16 -> 0 | ... AI13: ='RESUMEN TOTAL'!AO16 -> 0 | AJ13: ='RESUMEN TOTAL'!#REF! -> #REF!
A14: ='RESUMEN TOTAL'!A17 -> BELGRANO | B14: ='RESUMEN TOTAL'!B17 -> BEL 02 | C14: ='RESUMEN TOTAL'!D17 -> Guardia vieja y Fronteriz | D14: ='RESUMEN TOTAL'!E17 -> DOMO | E14: ='RESUMEN TOTAL'!F17 -> Fibra Optica | F14: ='RESUMEN TOTAL'!L17 -> 0 | G14: ='RESUMEN TOTAL'!M17 -> 0 | H14: ='RESUMEN TOTAL'!N17 -> 0 | I14: ='RESUMEN TOTAL'!O17 -> 0 | J14: ='RESUMEN TOTAL'!P17 -> 0 | K14: ='RESUMEN TOTAL'!Q17 -> 0 | L14: ='RESUMEN TOTAL'!R17 -> 0 | M14: ='RESUMEN TOTAL'!S17 -> 0 | ... AI14: ='RESUMEN TOTAL'!AO17 -> 0 | AJ14: ='RESUMEN TOTAL'!#REF! -> #REF!
A15: ='RESUMEN TOTAL'!A18 -> BOSQUES CENTRO | B15: ='RESUMEN TOTAL'!B18 -> BOSQC 01 | C15: ='RESUMEN TOTAL'!D18 -> LUIS AGOTE E/DANUNCIO Y CAMPOAMOR | D15: ='RESUMEN TOTAL'!E18 -> Fija | E15: ='RESUMEN TOTAL'!F18 -> Radio | F15: ='RESUMEN TOTAL'!L18 -> 0 | G15: ='RESUMEN TOTAL'!M18 -> 0 | H15: ='RESUMEN TOTAL'!N18 -> APAGADO | I15: ='RESUMEN TOTAL'!O18 -> 0 | J15: ='RESUMEN TOTAL'!P18 -> APAGADO | K15: ='RESUMEN TOTAL'!Q18 -> 0 | L15: ='RESUMEN TOTAL'!R18 -> 0 | M15: ='RESUMEN TOTAL'!S18 -> 0 | ... AI15: ='RESUMEN TOTAL'!AO18 -> 0 | AJ15: ='RESUMEN TOTAL'!#REF! -> #REF!
... A20: ='RESUMEN TOTAL'!A23 -> BOSQUES CENTRO | B20: ='RESUMEN TOTAL'!B23 -> BOSQC 06 | C20: ='RESUMEN TOTAL'!D23 -> LUIS AGOTE Y RUTA 36 | D20: ='RESUMEN TOTAL'!E23 -> Fija | E20: ='RESUMEN TOTAL'!F23 -> Radio | F20: ='RESUMEN TOTAL'!L23 -> 0 | G20: ='RESUMEN TOTAL'!M23 -> 0 | H20: ='RESUMEN TOTAL'!N23 -> 0 | I20: ='RESUMEN TOTAL'!O23 -> 0 | J20: ='RESUMEN TOTAL'!P23 -> 0 | K20: ='RESUMEN TOTAL'!Q23 -> 0 | L20: ='RESUMEN TOTAL'!R23 -> 0 | M20: ='RESUMEN TOTAL'!S23 -> 0 | ... AI20: ='RESUMEN TOTAL'!AO23 -> 0 | AJ20: ='RESUMEN TOTAL'!#REF! -> #REF!
A21: ='RESUMEN TOTAL'!A26 -> CENTRO | B21: ='RESUMEN TOTAL'!B26 -> CEN01 | C21: ='RESUMEN TOTAL'!D26 -> San Martin y 9 de Julio | D21: ='RESUMEN TOTAL'!E26 -> Fija | E21: ='RESUMEN TOTAL'!F26 -> Fibra Optica | F21: ='RESUMEN TOTAL'!L26 -> APAGADO | G21: ='RESUMEN TOTAL'!M26 -> APAGADO | H21: ='RESUMEN TOTAL'!N26 -> APAGADO | I21: ='RESUMEN TOTAL'!O26 -> 0 | J21: ='RESUMEN TOTAL'!P26 -> APAGADO | K21: ='RESUMEN TOTAL'!Q26 -> APAGADO | L21: ='RESUMEN TOTAL'!R26 -> APAGADO | M21: ='RESUMEN TOTAL'!S26 -> APAGADO | ... AI21: ='RESUMEN TOTAL'!AO26 -> 0 | AJ21: ='RESUMEN TOTAL'!#REF! -> #REF!
A22: ='RESUMEN TOTAL'!A27 -> CENTRO | B22: ='RESUMEN TOTAL'!B27 -> CEN02 | C22: ='RESUMEN TOTAL'!D27 -> San Martin y Almafuerte | D22: ='RESUMEN TOTAL'!E27 -> Fija | E22: ='RESUMEN TOTAL'!F27 -> Fibra Optica | F22: ='RESUMEN TOTAL'!L27 -> APAGADO | G22: ='RESUMEN TOTAL'!M27 -> APAGADO | H22: ='RESUMEN TOTAL'!N27 -> APAGADO | I22: ='RESUMEN TOTAL'!O27 -> 0 | J22: ='RESUMEN TOTAL'!P27 -> APAGADO | K22: ='RESUMEN TOTAL'!Q27 -> APAGADO | L22: ='RESUMEN TOTAL'!R27 -> APAGADO | M22: ='RESUMEN TOTAL'!S27 -> APAGADO | ... AI22: ='RESUMEN TOTAL'!AO27 -> 0 | AJ22: ='RESUMEN TOTAL'!#REF! -> #REF!
A23: ='RESUMEN TOTAL'!A28 -> CENTRO | B23: ='RESUMEN TOTAL'!B28 -> CEN03 | C23: ='RESUMEN TOTAL'!D28 -> San Martin y Sallares | D23: ='RESUMEN TOTAL'!E28 -> Domo | E23: ='RESUMEN TOTAL'!F28 -> Fibra Optica | F23: ='RESUMEN TOTAL'!L28 -> 0 | G23: ='RESUMEN TOTAL'!M28 -> 0 | H23: ='RESUMEN TOTAL'!N28 -> 0 | I23: ='RESUMEN TOTAL'!O28 -> 0 | J23: ='RESUMEN TOTAL'!P28 -> 0 | K23: ='RESUMEN TOTAL'!Q28 -> 0 | L23: ='RESUMEN TOTAL'!R28 -> 0 | M23: ='RESUMEN TOTAL'!S28 -> 0 | ... AI23: ='RESUMEN TOTAL'!AO28 -> 0 | AJ23: ='RESUMEN TOTAL'!#REF! -> #REF!
A24: ='RESUMEN TOTAL'!A29 -> CENTRO | B24: ='RESUMEN TOTAL'!B29 -> CEN04 | C24: ='RESUMEN TOTAL'!D29 -> San Martin y Contreras | D24: ='RESUMEN TOTAL'!E29 -> Domo | E24: ='RESUMEN TOTAL'!F29 -> Fibra Optica | F24: ='RESUMEN TOTAL'!L29 -> 0 | G24: ='RESUMEN TOTAL'!M29 -> 0 | H24: ='RESUMEN TOTAL'!N29 -> 0 | I24: ='RESUMEN TOTAL'!O29 -> 0 | J24: ='RESUMEN TOTAL'!P29 -> 0 | K24: ='RESUMEN TOTAL'!Q29 -> 0 | L24: ='RESUMEN TOTAL'!R29 -> 0 | M24: ='RESUMEN TOTAL'!S29 -> 0 | ... AI24: ='RESUMEN TOTAL'!AO29 -> 0 | AJ24: ='RESUMEN TOTAL'!#REF! -> #REF!
A25: ='RESUMEN TOTAL'!A30 -> CENTRO | B25: ='RESUMEN TOTAL'!B30 -> CEN 05 | C25: ='RESUMEN TOTAL'!D30 -> Bocuzzi e/España y San Martin | D25: ='RESUMEN TOTAL'!E30 -> DOMO | E25: ='RESUMEN TOTAL'!F30 -> Fibra Optica | F25: ='RESUMEN TOTAL'!L30 -> 0 | G25: ='RESUMEN TOTAL'!M30 -> 0 | H25: ='RESUMEN TOTAL'!N30 -> 0 | I25: ='RESUMEN TOTAL'!O30 -> 0 | J25: ='RESUMEN TOTAL'!P30 -> 0 | K25: ='RESUMEN TOTAL'!Q30 -> 0 | L25: ='RESUMEN TOTAL'!R30 -> 0 | M25: ='RESUMEN TOTAL'!S30 -> 0 | ... AI25: ='RESUMEN TOTAL'!AO30 -> 0 | AJ25: ='RESUMEN TOTAL'!#REF! -> #REF!
A26: ='RESUMEN TOTAL'!A31 -> CENTRO | B26: ='RESUMEN TOTAL'!B31 -> CEN06 | C26: ='RESUMEN TOTAL'!D31 -> Monteagudo y A.del Valle | D26: ='RESUMEN TOTAL'!E31 -> Fija | E26: ='RESUMEN TOTAL'!F31 -> Fibra Optica | F26: ='RESUMEN TOTAL'!L31 -> 0 | G26: ='RESUMEN TOTAL'!M31 -> 0 | H26: ='RESUMEN TOTAL'!N31 -> 0 | I26: ='RESUMEN TOTAL'!O31 -> 0 | J26: ='RESUMEN TOTAL'!P31 -> 0 | K26: ='RESUMEN TOTAL'!Q31 -> 0 | L26: ='RESUMEN TOTAL'!R31 -> 0 | M26: ='RESUMEN TOTAL'!S31 -> 0 | ... AI26: ='RESUMEN TOTAL'!AO31 -> 0 | AJ26: ='RESUMEN TOTAL'!#REF! -> #REF!
A27: ='RESUMEN TOTAL'!A32 -> CENTRO | B27: ='RESUMEN TOTAL'!B32 -> CEN07 | C27: ='RESUMEN TOTAL'!D32 -> San Martin y Guemes | D27: ='RESUMEN TOTAL'!E32 -> DOMO | E27: ='RESUMEN TOTAL'!F32 -> Fibra Optica | F27: ='RESUMEN TOTAL'!L32 -> 0 | G27: ='RESUMEN TOTAL'!M32 -> 0 | H27: ='RESUMEN TOTAL'!N32 -> 0 | I27: ='RESUMEN TOTAL'!O32 -> 0 | J27: ='RESUMEN TOTAL'!P32 -> 0 | K27: ='RESUMEN TOTAL'!Q32 -> APAGADO | L27: ='RESUMEN TOTAL'!R32 -> 0 | M27: ='RESUMEN TOTAL'!S32 -> 0 | ... AI27: ='RESUMEN TOTAL'!AO32 -> 0 | AJ27: ='RESUMEN TOTAL'!#REF! -> #REF!
A28: ='RESUMEN TOTAL'!A33 -> CENTRO | B28: ='RESUMEN TOTAL'!B33 -> CEN08 | C28: ='RESUMEN TOTAL'!D33 -> San Martin y Pte.Peron | D28: ='RESUMEN TOTAL'!E33 -> Domo | E28: ='RESUMEN TOTAL'!F33 -> Fibra Optica | F28: ='RESUMEN TOTAL'!L33 -> 0 | G28: ='RESUMEN TOTAL'!M33 -> 0 | H28: ='RESUMEN TOTAL'!N33 -> 0 | I28: ='RESUMEN TOTAL'!O33 -> 0 | J28: ='RESUMEN TOTAL'!P33 -> 0 | K28: ='RESUMEN TOTAL'!Q33 -> 0 | L28: ='RESUMEN TOTAL'!R33 -> 0 | M28: ='RESUMEN TOTAL'!S33 -> 0 | ... AI28: ='RESUMEN TOTAL'!AO33 -> 0 | AJ28: ='RESUMEN TOTAL'!#REF! -> #REF!
A29: ='RESUMEN TOTAL'!A34 -> CENTRO | B29: ='RESUMEN TOTAL'!B34 -> CEN09 | C29: ='RESUMEN TOTAL'!D34 -> Chacabuco y 25 de Mayo | D29: ='RESUMEN TOTAL'!E34 -> Domo | E29: ='RESUMEN TOTAL'!F34 -> Fibra Optica | F29: ='RESUMEN TOTAL'!L34 -> 0 | G29: ='RESUMEN TOTAL'!M34 -> 0 | H29: ='RESUMEN TOTAL'!N34 -> 0 | I29: ='RESUMEN TOTAL'!O34 -> 0 | J29: ='RESUMEN TOTAL'!P34 -> 0 | K29: ='RESUMEN TOTAL'!Q34 -> 0 | L29: ='RESUMEN TOTAL'!R34 -> 0 | M29: ='RESUMEN TOTAL'!S34 -> 0 | ... AI29: ='RESUMEN TOTAL'!AO34 -> 0 | AJ29: ='RESUMEN TOTAL'!#REF! -> #REF!
A30: ='RESUMEN TOTAL'!A35 -> CENTRO | B30: ='RESUMEN TOTAL'!B35 -> CEN10 | C30: ='RESUMEN TOTAL'!D35 -> Monteagudo y Pte. Peron | D30: ='RESUMEN TOTAL'!E35 -> Domo | E30: ='RESUMEN TOTAL'!F35 -> Fibra Optica | F30: ='RESUMEN TOTAL'!L35 -> 0 | G30: ='RESUMEN TOTAL'!M35 -> 0 | H30: ='RESUMEN TOTAL'!N35 -> 0 | I30: ='RESUMEN TOTAL'!O35 -> 0 | J30: ='RESUMEN TOTAL'!P35 -> 0 | K30: ='RESUMEN TOTAL'!Q35 -> 0 | L30: ='RESUMEN TOTAL'!R35 -> 0 | M30: ='RESUMEN TOTAL'!S35 -> 0 | ... AI30: ='RESUMEN TOTAL'!AO35 -> 0 | AJ30: ='RESUMEN TOTAL'!#REF! -> #REF!
A31: ='RESUMEN TOTAL'!A36 -> CENTRO | B31: ='RESUMEN TOTAL'!B36 -> CEN11 | C31: ='RESUMEN TOTAL'!D36 -> Monteagudo y Bocuzzi | D31: ='RESUMEN TOTAL'!E36 -> Domo | E31: ='RESUMEN TOTAL'!F36 -> Fibra Optica | F31: ='RESUMEN TOTAL'!L36 -> 0 | G31: ='RESUMEN TOTAL'!M36 -> 0 | H31: ='RESUMEN TOTAL'!N36 -> 0 | I31: ='RESUMEN TOTAL'!O36 -> 0 | J31: ='RESUMEN TOTAL'!P36 -> 0 | K31: ='RESUMEN TOTAL'!Q36 -> 0 | L31: ='RESUMEN TOTAL'!R36 -> 0 | M31: ='RESUMEN TOTAL'!S36 -> 0 | ... AI31: ='RESUMEN TOTAL'!AO36 -> 0 | AJ31: ='RESUMEN TOTAL'!#REF! -> #REF!
A32: ='RESUMEN TOTAL'!A37 -> CENTRO | B32: ='RESUMEN TOTAL'!B37 -> CEN 12 | C32: ='RESUMEN TOTAL'!D37 -> Monteagudo y Mitre | D32: ='RESUMEN TOTAL'!E37 -> Domo | E32: ='RESUMEN TOTAL'!F37 -> Fibra Optica | F32: ='RESUMEN TOTAL'!L37 -> 0 | G32: ='RESUMEN TOTAL'!M37 -> 0 | H32: ='RESUMEN TOTAL'!N37 -> 0 | I32: ='RESUMEN TOTAL'!O37 -> 0 | J32: ='RESUMEN TOTAL'!P37 -> 0 | K32: ='RESUMEN TOTAL'!Q37 -> 0 | L32: ='RESUMEN TOTAL'!R37 -> 0 | M32: ='RESUMEN TOTAL'!S37 -> 0 | ... AI32: ='RESUMEN TOTAL'!AO37 -> 0 | AJ32: ='RESUMEN TOTAL'!#REF! -> #REF!
... A67: ='RESUMEN TOTAL'!A72 -> CENTRO | B67: ='RESUMEN TOTAL'!B72 -> CEN47 | C67: ='RESUMEN TOTAL'!D72 -> Sallares y Brown | D67: ='RESUMEN TOTAL'!E72 -> Domo | E67: ='RESUMEN TOTAL'!F72 -> Fibra Optica | F67: ='RESUMEN TOTAL'!L72 -> 0 | G67: ='RESUMEN TOTAL'!M72 -> 0 | H67: ='RESUMEN TOTAL'!N72 -> 0 | I67: ='RESUMEN TOTAL'!O72 -> 0 | J67: ='RESUMEN TOTAL'!P72 -> 0 | K67: ='RESUMEN TOTAL'!Q72 -> 0 | L67: ='RESUMEN TOTAL'!R72 -> 0 | M67: ='RESUMEN TOTAL'!S72 -> 0 | ... AI67: ='RESUMEN TOTAL'!AO72 -> 0 | AJ67: ='RESUMEN TOTAL'!#REF! -> #REF!
A68: ='RESUMEN TOTAL'!A73 -> CENTRO | B68: ='RESUMEN TOTAL'!B73 -> CEN48 | C68: ='RESUMEN TOTAL'!D73 -> Velez Sarsfield y Las Heras | D68: ='RESUMEN TOTAL'!E73 -> Domo | E68: ='RESUMEN TOTAL'!F73 -> Radio | F68: ='RESUMEN TOTAL'!L73 -> 0 | G68: ='RESUMEN TOTAL'!M73 -> 0 | H68: ='RESUMEN TOTAL'!N73 -> 0 | I68: ='RESUMEN TOTAL'!O73 -> 0 | J68: ='RESUMEN TOTAL'!P73 -> 0 | K68: ='RESUMEN TOTAL'!Q73 -> 0 | L68: ='RESUMEN TOTAL'!R73 -> 0 | M68: ='RESUMEN TOTAL'!S73 -> 0 | ... Z68: ='RESUMEN TOTAL'!AF73 -> 0 | AA68: ='RESUMEN TOTAL'!AG557 -> 0 | AB68: ='RESUMEN TOTAL'!AH73 -> 0 | AC68: ='RESUMEN TOTAL'!AI73 -> 0 | AD68: ='RESUMEN TOTAL'!AJ73 -> 0 | AE68: ='RESUMEN TOTAL'!AK73 -> 0 | AF68: ='RESUMEN TOTAL'!AL73 -> 0 | AG68: ='RESUMEN TOTAL'!AM73 -> 0 | AH68: ='RESUMEN TOTAL'!AN73 -> 0 | AI68: ='RESUMEN TOTAL'!AO73 -> 0 | AJ68: ='RESUMEN TOTAL'!#REF! -> #REF!
A69: ='RESUMEN TOTAL'!A74 -> CENTRO | B69: ='RESUMEN TOTAL'!B74 -> CEN49 | C69: ='RESUMEN TOTAL'!D74 -> Av. San Martin y Florencio Sanchez | D69: ='RESUMEN TOTAL'!E74 -> Domo | E69: ='RESUMEN TOTAL'!F74 -> Radio | F69: ='RESUMEN TOTAL'!L74 -> 0 | G69: ='RESUMEN TOTAL'!M74 -> 0 | H69: ='RESUMEN TOTAL'!N74 -> 0 | I69: ='RESUMEN TOTAL'!O74 -> 0 | J69: ='RESUMEN TOTAL'!P74 -> 0 | K69: ='RESUMEN TOTAL'!Q74 -> 0 | L69: ='RESUMEN TOTAL'!R74 -> 0 | M69: ='RESUMEN TOTAL'!S74 -> 0 | ... AI69: ='RESUMEN TOTAL'!AO74 -> 0 | AJ69: ='RESUMEN TOTAL'!#REF! -> #REF!
A70: ='RESUMEN TOTAL'!A75 -> CENTRO | B70: ='RESUMEN TOTAL'!B75 -> CEN 50 | C70: ='RESUMEN TOTAL'!D75 -> Av. San Martin y Newbery | D70: ='RESUMEN TOTAL'!E75 -> Domo | E70: ='RESUMEN TOTAL'!F75 -> Radio | F70: ='RESUMEN TOTAL'!L75 -> APAGADO | G70: ='RESUMEN TOTAL'!M75 -> APAGADO | H70: ='RESUMEN TOTAL'!N75 -> APAGADO | I70: ='RESUMEN TOTAL'!O75 -> 0 | J70: ='RESUMEN TOTAL'!P75 -> APAGADO | K70: ='RESUMEN TOTAL'!Q75 -> APAGADO | L70: ='RESUMEN TOTAL'!R75 -> APAGADO | M70: ='RESUMEN TOTAL'!S75 -> APAGADO | ... AI70: ='RESUMEN TOTAL'!AO75 -> 0 | AJ70: ='RESUMEN TOTAL'!#REF! -> #REF!
A71: ='RESUMEN TOTAL'!A76 -> CENTRO | B71: ='RESUMEN TOTAL'!B76 -> CEN 51 | C71: ='RESUMEN TOTAL'!D76 -> ILLIA Y LAS HERAS | D71: ='RESUMEN TOTAL'!E76 -> FIJA | E71: ='RESUMEN TOTAL'!F76 -> Fibra Optica | F71: ='RESUMEN TOTAL'!L76 -> 0 | G71: ='RESUMEN TOTAL'!M76 -> 0 | H71: ='RESUMEN TOTAL'!N76 -> 0 | I71: ='RESUMEN TOTAL'!O76 -> 0 | J71: ='RESUMEN TOTAL'!P76 -> 0 | K71: ='RESUMEN TOTAL'!Q76 -> 0 | L71: ='RESUMEN TOTAL'!R76 -> 0 | M71: ='RESUMEN TOTAL'!S76 -> 0 | ... AI71: ='RESUMEN TOTAL'!AO76 -> 0 | AJ71: ='RESUMEN TOTAL'!#REF! -> #REF!
A72: ='RESUMEN TOTAL'!A77 -> CENTRO | B72: ='RESUMEN TOTAL'!B77 -> CEN52 | C72: ='RESUMEN TOTAL'!D77 -> San Martin y Almafuerte (ex San Martin y Dorrego) | D72: ='RESUMEN TOTAL'!E77 -> DOMO | E72: ='RESUMEN TOTAL'!F77 -> Radio | F72: ='RESUMEN TOTAL'!L77 -> 0 | G72: ='RESUMEN TOTAL'!M77 -> 0 | H72: ='RESUMEN TOTAL'!N77 -> 0 | I72: ='RESUMEN TOTAL'!O77 -> 0 | J72: ='RESUMEN TOTAL'!P77 -> 0 | K72: ='RESUMEN TOTAL'!Q77 -> 0 | L72: ='RESUMEN TOTAL'!R77 -> 0 | M72: ='RESUMEN TOTAL'!S77 -> 0 | ... AI72: ='RESUMEN TOTAL'!AO77 -> 0 | AJ72: ='RESUMEN TOTAL'!#REF! -> #REF!
A73: ='RESUMEN TOTAL'!A78 -> CENTRO | B73: ='RESUMEN TOTAL'!B78 -> CEN 53 | C73: ='RESUMEN TOTAL'!D78 -> GUTIERREZ Y BROWN | D73: ='RESUMEN TOTAL'!E78 -> Domo | E73: ='RESUMEN TOTAL'!F78 -> Radio | F73: ='RESUMEN TOTAL'!L78 -> 0 | G73: ='RESUMEN TOTAL'!M78 -> 0 | H73: ='RESUMEN TOTAL'!N78 -> 0 | I73: ='RESUMEN TOTAL'!O78 -> 0 | J73: ='RESUMEN TOTAL'!P78 -> 0 | K73: ='RESUMEN TOTAL'!Q78 -> 0 | L73: ='RESUMEN TOTAL'!R78 -> 0 | M73: ='RESUMEN TOTAL'!S78 -> 0 | ... AI73: ='RESUMEN TOTAL'!AO78 -> 0 | AJ73: ='RESUMEN TOTAL'!#REF! -> #REF!
A74: ='RESUMEN TOTAL'!A79 -> CENTRO | B74: ='RESUMEN TOTAL'!B79 -> CEN 54 | C74: ='RESUMEN TOTAL'!D79 -> GUTIERREZ Y PRINGLES | D74: ='RESUMEN TOTAL'!E79 -> Domo | E74: ='RESUMEN TOTAL'!F79 -> Radio | F74: ='RESUMEN TOTAL'!L79 -> 0 | G74: ='RESUMEN TOTAL'!M79 -> 0 | H74: ='RESUMEN TOTAL'!N79 -> 0 | I74: ='RESUMEN TOTAL'!O79 -> 0 | J74: ='RESUMEN TOTAL'!P79 -> 0 | K74: ='RESUMEN TOTAL'!Q79 -> 0 | L74: ='RESUMEN TOTAL'!R79 -> 0 | M74: ='RESUMEN TOTAL'!S79 -> 0 | ... AI74: ='RESUMEN TOTAL'!AO79 -> 0 | AJ74: ='RESUMEN TOTAL'!#REF! -> #REF!
A75: ='RESUMEN TOTAL'!A80 -> CENTRO | B75: ='RESUMEN TOTAL'!B80 -> CEN 55 | C75: ='RESUMEN TOTAL'!D80 -> BOUREL Y URQUIZA | D75: ='RESUMEN TOTAL'!E80 -> Domo | E75: ='RESUMEN TOTAL'!F80 -> Radio | F75: ='RESUMEN TOTAL'!L80 -> 0 | G75: ='RESUMEN TOTAL'!M80 -> 0 | H75: ='RESUMEN TOTAL'!N80 -> 0 | I75: ='RESUMEN TOTAL'!O80 -> 0 | J75: ='RESUMEN TOTAL'!P80 -> 0 | K75: ='RESUMEN TOTAL'!Q80 -> 0 | L75: ='RESUMEN TOTAL'!R80 -> 0 | M75: ='RESUMEN TOTAL'!S80 -> 0 | ... AI75: ='RESUMEN TOTAL'!AO80 -> 0 | AJ75: ='RESUMEN TOTAL'!#REF! -> #REF!
A76: ='RESUMEN TOTAL'!A81 -> CENTRO | B76: ='RESUMEN TOTAL'!B81 -> CEN 56 | C76: ='RESUMEN TOTAL'!D81 -> Newbery y Falucho | D76: ='RESUMEN TOTAL'!E81 -> DOMO | E76: ='RESUMEN TOTAL'!F81 -> Radio | F76: ='RESUMEN TOTAL'!L81 -> 0 | G76: ='RESUMEN TOTAL'!M81 -> 0 | H76: ='RESUMEN TOTAL'!N81 -> 0 | I76: ='RESUMEN TOTAL'!O81 -> 0 | J76: ='RESUMEN TOTAL'!P81 -> 0 | K76: ='RESUMEN TOTAL'!Q81 -> 0 | L76: ='RESUMEN TOTAL'!R81 -> 0 | M76: ='RESUMEN TOTAL'!S81 -> 0 | ... AI76: ='RESUMEN TOTAL'!AO81 -> 0 | AJ76: ='RESUMEN TOTAL'!#REF! -> #REF!
A77: ='RESUMEN TOTAL'!A82 -> CENTRO | B77: ='RESUMEN TOTAL'!B82 -> CEN 57 | C77: ='RESUMEN TOTAL'!D82 -> 25 DE MAYO Y DORREGO | D77: ='RESUMEN TOTAL'!E82 -> DOMO | E77: ='RESUMEN TOTAL'!F82 -> Radio | F77: ='RESUMEN TOTAL'!L82 -> 0 | G77: ='RESUMEN TOTAL'!M82 -> 0 | H77: ='RESUMEN TOTAL'!N82 -> 0 | I77: ='RESUMEN TOTAL'!O82 -> 0 | J77: ='RESUMEN TOTAL'!P82 -> 0 | K77: ='RESUMEN TOTAL'!Q82 -> 0 | L77: ='RESUMEN TOTAL'!R82 -> 0 | M77: ='RESUMEN TOTAL'!S82 -> 0 | ... AI77: ='RESUMEN TOTAL'!AO82 -> 0 | AJ77: ='RESUMEN TOTAL'!#REF! -> #REF!
A78: ='RESUMEN TOTAL'!A83 -> CENTRO | B78: ='RESUMEN TOTAL'!B83 -> CEN 58 | C78: ='RESUMEN TOTAL'!D83 -> EEUU Y MORENO | D78: ='RESUMEN TOTAL'!E83 -> DOMO | E78: ='RESUMEN TOTAL'!F83 -> Fibra Optica | F78: ='RESUMEN TOTAL'!L83 -> 0 | G78: ='RESUMEN TOTAL'!M83 -> 0 | H78: ='RESUMEN TOTAL'!N83 -> 0 | I78: ='RESUMEN TOTAL'!O83 -> 0 | J78: ='RESUMEN TOTAL'!P83 -> 0 | K78: ='RESUMEN TOTAL'!Q83 -> 0 | L78: ='RESUMEN TOTAL'!R83 -> 0 | M78: ='RESUMEN TOTAL'!S83 -> 0 | ... AI78: ='RESUMEN TOTAL'!AO83 -> 0 | AJ78: ='RESUMEN TOTAL'!#REF! -> #REF!
A79: ='RESUMEN TOTAL'!A84 -> CENTRO | B79: ='RESUMEN TOTAL'!B84 -> CEN59 | C79: ='RESUMEN TOTAL'!D84 -> CHACABUCO Y BOUREL | D79: ='RESUMEN TOTAL'!E84 -> DOMO | E79: ='RESUMEN TOTAL'!F84 -> Radio | F79: ='RESUMEN TOTAL'!L84 -> 0 | G79: ='RESUMEN TOTAL'!M84 -> 0 | H79: ='RESUMEN TOTAL'!N84 -> 0 | I79: ='RESUMEN TOTAL'!O84 -> 0 | J79: ='RESUMEN TOTAL'!P84 -> 0 | K79: ='RESUMEN TOTAL'!Q84 -> 0 | L79: ='RESUMEN TOTAL'!R84 -> 0 | M79: ='RESUMEN TOTAL'!S84 -> 0 | ... AI79: ='RESUMEN TOTAL'!AO84 -> 0 | AJ79: ='RESUMEN TOTAL'!#REF! -> #REF!
A80: ='RESUMEN TOTAL'!A85 -> CENTRO | B80: ='RESUMEN TOTAL'!B85 -> CEN 60 | C80: ='RESUMEN TOTAL'!D85 -> RECONQUISTA Y ILLIA | D80: ='RESUMEN TOTAL'!E85 -> DOMO | E80: ='RESUMEN TOTAL'!F85 -> PTO A FO | F80: ='RESUMEN TOTAL'!L85 -> 0 | G80: ='RESUMEN TOTAL'!M85 -> 0 | H80: ='RESUMEN TOTAL'!N85 -> 0 | I80: ='RESUMEN TOTAL'!O85 -> 0 | J80: ='RESUMEN TOTAL'!P85 -> 0 | K80: ='RESUMEN TOTAL'!Q85 -> 0 | L80: ='RESUMEN TOTAL'!R85 -> 0 | M80: ='RESUMEN TOTAL'!S85 -> 0 | ... AI80: ='RESUMEN TOTAL'!AO85 -> 0 | AJ80: ='RESUMEN TOTAL'!#REF! -> #REF!
... A106: ='RESUMEN TOTAL'!A111 -> CENTRO | B106: ='RESUMEN TOTAL'!B111 -> CEN 86 | C106: ='RESUMEN TOTAL'!D111 -> Monteagudo y Bocuzzi | D106: ='RESUMEN TOTAL'!E111 -> Fija | E106: ='RESUMEN TOTAL'!F111 -> Fibra Optica | F106: ='RESUMEN TOTAL'!L111 -> 0 | G106: ='RESUMEN TOTAL'!M111 -> 0 | H106: ='RESUMEN TOTAL'!N111 -> 0 | I106: ='RESUMEN TOTAL'!O111 -> 0 | J106: ='RESUMEN TOTAL'!P111 -> 0 | K106: ='RESUMEN TOTAL'!Q111 -> 0 | L106: ='RESUMEN TOTAL'!R111 -> 0 | M106: ='RESUMEN TOTAL'!S111 -> 0 | ... AI106: ='RESUMEN TOTAL'!AO111 -> 0 | AJ106: ='RESUMEN TOTAL'!#REF! -> #REF!
A107: ='RESUMEN TOTAL'!A113 -> SAN NICOLAS | B107: ='RESUMEN TOTAL'!B113 -> CHA01 | C107: ='RESUMEN TOTAL'!D113 -> Novak y Pte Illia | D107: ='RESUMEN TOTAL'!E113 -> Domo | E107: ='RESUMEN TOTAL'!F113 -> Radio | F107: ='RESUMEN TOTAL'!L113 -> 0 | G107: ='RESUMEN TOTAL'!M113 -> 0 | H107: ='RESUMEN TOTAL'!N113 -> 0 | I107: ='RESUMEN TOTAL'!O113 -> 0 | J107: ='RESUMEN TOTAL'!P113 -> 0 | K107: ='RESUMEN TOTAL'!Q113 -> 0 | L107: ='RESUMEN TOTAL'!R113 -> 0 | M107: ='RESUMEN TOTAL'!S113 -> 0 | ... AI107: ='RESUMEN TOTAL'!AO113 -> 0 | AJ107: ='RESUMEN TOTAL'!#REF! -> #REF!
A108: ='RESUMEN TOTAL'!A114 -> CHACABUCO | B108: ='RESUMEN TOTAL'!B114 -> CHA02 | C108: ='RESUMEN TOTAL'!D114 -> Pte. Illia y Posadas | D108: ='RESUMEN TOTAL'!E114 -> Domo | E108: ='RESUMEN TOTAL'!F114 -> Radio | F108: ='RESUMEN TOTAL'!L114 -> 0 | G108: ='RESUMEN TOTAL'!M114 -> 0 | H108: ='RESUMEN TOTAL'!N114 -> 0 | I108: ='RESUMEN TOTAL'!O114 -> 0 | J108: ='RESUMEN TOTAL'!P114 -> 0 | K108: ='RESUMEN TOTAL'!Q114 -> 0 | L108: ='RESUMEN TOTAL'!R114 -> 0 | M108: ='RESUMEN TOTAL'!S114 -> 0 | ... AI108: ='RESUMEN TOTAL'!AO114 -> 0 | AJ108: ='RESUMEN TOTAL'!#REF! -> #REF!
A109: ='RESUMEN TOTAL'!A115 -> CHACABUCO | B109: ='RESUMEN TOTAL'!B115 -> CHA03 | C109: ='RESUMEN TOTAL'!D115 -> MAIPU Y ALVAREZ THOMAS | D109: ='RESUMEN TOTAL'!E115 -> DOMO | E109: ='RESUMEN TOTAL'!F115 -> Fibra Optica | F109: ='RESUMEN TOTAL'!L115 -> 0 | G109: ='RESUMEN TOTAL'!M115 -> 0 | H109: ='RESUMEN TOTAL'!N115 -> 0 | I109: ='RESUMEN TOTAL'!O115 -> 0 | J109: ='RESUMEN TOTAL'!P115 -> 0 | K109: ='RESUMEN TOTAL'!Q115 -> 0 | L109: ='RESUMEN TOTAL'!R115 -> 0 | M109: ='RESUMEN TOTAL'!S115 -> 0 | ... AI109: ='RESUMEN TOTAL'!AO115 -> 0 | AJ109: ='RESUMEN TOTAL'!#REF! -> #REF!
A110: ='RESUMEN TOTAL'!A116 -> CHACABUCO | B110: ='RESUMEN TOTAL'!B116 -> CHA04 | C110: ='RESUMEN TOTAL'!D116 -> ESTADOS UNIDOS DE A. E ILLIA | D110: ='RESUMEN TOTAL'!E116 -> DOMO | E110: ='RESUMEN TOTAL'!F116 -> Fibra Optica | F110: ='RESUMEN TOTAL'!L116 -> 0 | G110: ='RESUMEN TOTAL'!M116 -> 0 | H110: ='RESUMEN TOTAL'!N116 -> 0 | I110: ='RESUMEN TOTAL'!O116 -> 0 | J110: ='RESUMEN TOTAL'!P116 -> 0 | K110: ='RESUMEN TOTAL'!Q116 -> 0 | L110: ='RESUMEN TOTAL'!R116 -> 0 | M110: ='RESUMEN TOTAL'!S116 -> 0 | ... AI110: ='RESUMEN TOTAL'!AO116 -> 0 | AJ110: ='RESUMEN TOTAL'!#REF! -> #REF!
A111: ='RESUMEN TOTAL'!A117 -> VILLA MONICA NUEVA | B111: ='RESUMEN TOTAL'!B117 -> COL01 | C111: ='RESUMEN TOTAL'!D117 -> Eva Peron y Cariboni | D111: ='RESUMEN TOTAL'!E117 -> Domo | E111: ='RESUMEN TOTAL'!F117 -> Radio | F111: ='RESUMEN TOTAL'!L117 -> 0 | G111: ='RESUMEN TOTAL'!M117 -> 0 | H111: ='RESUMEN TOTAL'!N117 -> 0 | I111: ='RESUMEN TOTAL'!O117 -> 0 | J111: ='RESUMEN TOTAL'!P117 -> 0 | K111: ='RESUMEN TOTAL'!Q117 -> 0 | L111: ='RESUMEN TOTAL'!R117 -> 0 | M111: ='RESUMEN TOTAL'!S117 -> 0 | ... AI111: ='RESUMEN TOTAL'!AO117 -> 0 | AJ111: ='RESUMEN TOTAL'!#REF! -> #REF!
A112: ='RESUMEN TOTAL'!A118 -> LA COLORADA ESTE | B112: ='RESUMEN TOTAL'!B118 -> COL02 | C112: ='RESUMEN TOTAL'!D118 -> Av. Eva Peron y Pompeya | D112: ='RESUMEN TOTAL'!E118 -> Domo | E112: ='RESUMEN TOTAL'!F118 -> Radio | F112: ='RESUMEN TOTAL'!L118 -> 0 | G112: ='RESUMEN TOTAL'!M118 -> 0 | H112: ='RESUMEN TOTAL'!N118 -> 0 | I112: ='RESUMEN TOTAL'!O118 -> 0 | J112: ='RESUMEN TOTAL'!P118 -> 0 | K112: ='RESUMEN TOTAL'!Q118 -> 0 | L112: ='RESUMEN TOTAL'!R118 -> 0 | M112: ='RESUMEN TOTAL'!S118 -> 0 | ... AI112: ='RESUMEN TOTAL'!AO118 -> 0 | AJ112: ='RESUMEN TOTAL'!#REF! -> #REF!
A113: ='RESUMEN TOTAL'!A119 -> LA COLORADA ESTE | B113: ='RESUMEN TOTAL'!B119 -> COL 03 | C113: ='RESUMEN TOTAL'!D119 -> CARIBONI Y LA ANCIANIDAD | D113: ='RESUMEN TOTAL'!E119 -> DOMO | E113: ='RESUMEN TOTAL'!F119 -> Radio | F113: ='RESUMEN TOTAL'!L119 -> 0 | G113: ='RESUMEN TOTAL'!M119 -> 0 | H113: ='RESUMEN TOTAL'!N119 -> 0 | I113: ='RESUMEN TOTAL'!O119 -> 0 | J113: ='RESUMEN TOTAL'!P119 -> 0 | K113: ='RESUMEN TOTAL'!Q119 -> 0 | L113: ='RESUMEN TOTAL'!R119 -> 0 | M113: ='RESUMEN TOTAL'!S119 -> 0 | ... AI113: ='RESUMEN TOTAL'!AO119 -> 0 | AJ113: ='RESUMEN TOTAL'!#REF! -> #REF!
A114: ='RESUMEN TOTAL'!A120 -> LA COLORADA ESTE | B114: ='RESUMEN TOTAL'!B120 -> COL 04 | C114: ='RESUMEN TOTAL'!D120 -> EVA PERON Y SAVIO | D114: ='RESUMEN TOTAL'!E120 -> Domo | E114: ='RESUMEN TOTAL'!F120 -> Fibra Optica | F114: ='RESUMEN TOTAL'!L120 -> 0 | G114: ='RESUMEN TOTAL'!M120 -> 0 | H114: ='RESUMEN TOTAL'!N120 -> 0 | I114: ='RESUMEN TOTAL'!O120 -> 0 | J114: ='RESUMEN TOTAL'!P120 -> 0 | K114: ='RESUMEN TOTAL'!Q120 -> 0 | L114: ='RESUMEN TOTAL'!R120 -> 0 | M114: ='RESUMEN TOTAL'!S120 -> 0 | ... AI114: ='RESUMEN TOTAL'!AO120 -> 0 | AJ114: ='RESUMEN TOTAL'!#REF! -> #REF!
A115: ='RESUMEN TOTAL'!A121 -> DON JOSE | B115: ='RESUMEN TOTAL'!B121 -> DJO01 | C115: ='RESUMEN TOTAL'!D121 -> Monteverde y Donato Alvarez | D115: ='RESUMEN TOTAL'!E121 -> Domo | E115: ='RESUMEN TOTAL'!F121 -> Radio | F115: ='RESUMEN TOTAL'!L121 -> 0 | G115: ='RESUMEN TOTAL'!M121 -> 0 | H115: ='RESUMEN TOTAL'!N121 -> 0 | I115: ='RESUMEN TOTAL'!O121 -> 0 | J115: ='RESUMEN TOTAL'!P121 -> 0 | K115: ='RESUMEN TOTAL'!Q121 -> APAGADO | L115: ='RESUMEN TOTAL'!R121 -> 0 | M115: ='RESUMEN TOTAL'!S121 -> 0 | ... AI115: ='RESUMEN TOTAL'!AO121 -> 0 | AJ115: ='RESUMEN TOTAL'!#REF! -> #REF!
A116: ='RESUMEN TOTAL'!A122 -> DON JOSE | B116: ='RESUMEN TOTAL'!B122 -> DJO 02 (fija 1) | C116: ='RESUMEN TOTAL'!D122 -> DONATO ALVAREZ Y EL APERO | D116: ='RESUMEN TOTAL'!E122 -> Fija | E116: ='RESUMEN TOTAL'!F122 -> PTO A FO | F116: ='RESUMEN TOTAL'!L122 -> 0 | G116: ='RESUMEN TOTAL'!M122 -> 0 | H116: ='RESUMEN TOTAL'!N122 -> 0 | I116: ='RESUMEN TOTAL'!O122 -> 0 | J116: ='RESUMEN TOTAL'!P122 -> 0 | K116: ='RESUMEN TOTAL'!Q122 -> 0 | L116: ='RESUMEN TOTAL'!R122 -> 0 | M116: ='RESUMEN TOTAL'!S122 -> 0 | ... AI116: ='RESUMEN TOTAL'!AO122 -> 0 | AJ116: ='RESUMEN TOTAL'!#REF! -> #REF!
A117: ='RESUMEN TOTAL'!A123 -> DON JOSE | B117: ='RESUMEN TOTAL'!B123 -> DJO 03 (fija 2) | C117: ='RESUMEN TOTAL'!D123 -> DONATO ALVAREZ Y EL APERO | D117: ='RESUMEN TOTAL'!E123 -> Fija | E117: ='RESUMEN TOTAL'!F123 -> PTO A FO | F117: ='RESUMEN TOTAL'!L123 -> 0 | G117: ='RESUMEN TOTAL'!M123 -> 0 | H117: ='RESUMEN TOTAL'!N123 -> 0 | I117: ='RESUMEN TOTAL'!O123 -> 0 | J117: ='RESUMEN TOTAL'!P123 -> 0 | K117: ='RESUMEN TOTAL'!Q123 -> 0 | L117: ='RESUMEN TOTAL'!R123 -> 0 | M117: ='RESUMEN TOTAL'!S123 -> 0 | ... AI117: ='RESUMEN TOTAL'!AO123 -> 0 | AJ117: ='RESUMEN TOTAL'!#REF! -> #REF!
A118: ='RESUMEN TOTAL'!A124 -> DON JOSE | B118: ='RESUMEN TOTAL'!B124 -> DJO 04 (Fija 1) | C118: ='RESUMEN TOTAL'!D124 -> MONTEVERDE Y EL INDIO | D118: ='RESUMEN TOTAL'!E124 -> Fija | E118: ='RESUMEN TOTAL'!F124 -> PTO A FO | F118: ='RESUMEN TOTAL'!L124 -> 0 | G118: ='RESUMEN TOTAL'!M124 -> 0 | H118: ='RESUMEN TOTAL'!N124 -> 0 | I118: ='RESUMEN TOTAL'!O124 -> 0 | J118: ='RESUMEN TOTAL'!P124 -> 0 | K118: ='RESUMEN TOTAL'!Q124 -> 0 | L118: ='RESUMEN TOTAL'!R124 -> 0 | M118: ='RESUMEN TOTAL'!S124 -> 0 | ... AI118: ='RESUMEN TOTAL'!AO124 -> 0 | AJ118: ='RESUMEN TOTAL'!#REF! -> #REF!
... A121: ='RESUMEN TOTAL'!A127 -> DON JOSE | B121: ='RESUMEN TOTAL'!B127 -> DJ 07 | C121: ='RESUMEN TOTAL'!D127 -> Calle 414 y El Indio | D121: ='RESUMEN TOTAL'!E127 -> Fija | E121: ='RESUMEN TOTAL'!F127 -> PTO A FO | F121: ='RESUMEN TOTAL'!L127 -> 0 | G121: ='RESUMEN TOTAL'!M127 -> 0 | H121: ='RESUMEN TOTAL'!N127 -> 0 | I121: ='RESUMEN TOTAL'!O127 -> 0 | J121: ='RESUMEN TOTAL'!P127 -> 0 | K121: ='RESUMEN TOTAL'!Q127 -> 0 | L121: ='RESUMEN TOTAL'!R127 -> 0 | M121: ='RESUMEN TOTAL'!S127 -> 0 | ... AI121: ='RESUMEN TOTAL'!AO127 -> 0 | AJ121: ='RESUMEN TOTAL'!#REF! -> #REF!
A122: ='RESUMEN TOTAL'!A130 -> EL PARQUE | B122: ='RESUMEN TOTAL'!B130 -> EPQ 01 | C122: ='RESUMEN TOTAL'!D130 -> 1282 Y GRIERSON | D122: ='RESUMEN TOTAL'!E130 -> DOMO | E122: ='RESUMEN TOTAL'!F130 -> Fibra Optica | F122: ='RESUMEN TOTAL'!L130 -> 0 | G122: ='RESUMEN TOTAL'!M130 -> 0 | H122: ='RESUMEN TOTAL'!N130 -> 0 | I122: ='RESUMEN TOTAL'!O130 -> 0 | J122: ='RESUMEN TOTAL'!P130 -> 0 | K122: ='RESUMEN TOTAL'!Q130 -> 0 | L122: ='RESUMEN TOTAL'!R130 -> 0 | M122: ='RESUMEN TOTAL'!S130 -> 0 | ... AI122: ='RESUMEN TOTAL'!AO130 -> 0 | AJ122: ='RESUMEN TOTAL'!#REF! -> #REF!
A123: ='RESUMEN TOTAL'!A131 -> EL PARQUE | B123: ='RESUMEN TOTAL'!B131 -> EPQ 02 | C123: ='RESUMEN TOTAL'!D131 -> 1282 Y MASSE | D123: ='RESUMEN TOTAL'!E131 -> DOMO | E123: ='RESUMEN TOTAL'!F131 -> Fibra Optica | F123: ='RESUMEN TOTAL'!L131 -> 0 | G123: ='RESUMEN TOTAL'!M131 -> 0 | H123: ='RESUMEN TOTAL'!N131 -> 0 | I123: ='RESUMEN TOTAL'!O131 -> 0 | J123: ='RESUMEN TOTAL'!P131 -> 0 | K123: ='RESUMEN TOTAL'!Q131 -> 0 | L123: ='RESUMEN TOTAL'!R131 -> 0 | M123: ='RESUMEN TOTAL'!S131 -> 0 | ... AI123: ='RESUMEN TOTAL'!AO131 -> 0 | AJ123: ='RESUMEN TOTAL'!#REF! -> #REF!
A124: ='RESUMEN TOTAL'!A132 -> EL PARQUE | B124: ='RESUMEN TOTAL'!B132 -> EPQ 03 | C124: ='RESUMEN TOTAL'!D132 -> 1282 Y RP 36 | D124: ='RESUMEN TOTAL'!E132 -> Domo | E124: ='RESUMEN TOTAL'!F132 -> Fibra Optica | F124: ='RESUMEN TOTAL'!L132 -> APAGADO | G124: ='RESUMEN TOTAL'!M132 -> APAGADO | H124: ='RESUMEN TOTAL'!N132 -> APAGADO | I124: ='RESUMEN TOTAL'!O132 -> 0 | J124: ='RESUMEN TOTAL'!P132 -> APAGADO | K124: ='RESUMEN TOTAL'!Q132 -> APAGADO | L124: ='RESUMEN TOTAL'!R132 -> APAGADO | M124: ='RESUMEN TOTAL'!S132 -> APAGADO | ... AI124: ='RESUMEN TOTAL'!AO132 -> 0 | AJ124: ='RESUMEN TOTAL'!#REF! -> #REF!
A125: ='RESUMEN TOTAL'!A133 -> EL PARQUE | B125: ='RESUMEN TOTAL'!B133 -> EPQ 04 | C125: ='RESUMEN TOTAL'!D133 -> 1282 Y MORENO | D125: ='RESUMEN TOTAL'!E133 -> DOMO | E125: ='RESUMEN TOTAL'!F133 -> Fibra Optica | F125: ='RESUMEN TOTAL'!L133 -> 0 | G125: ='RESUMEN TOTAL'!M133 -> 0 | H125: ='RESUMEN TOTAL'!N133 -> 0 | I125: ='RESUMEN TOTAL'!O133 -> 0 | J125: ='RESUMEN TOTAL'!P133 -> 0 | K125: ='RESUMEN TOTAL'!Q133 -> 0 | L125: ='RESUMEN TOTAL'!R133 -> 0 | M125: ='RESUMEN TOTAL'!S133 -> 0 | ... AI125: ='RESUMEN TOTAL'!AO133 -> 0 | AJ125: ='RESUMEN TOTAL'!#REF! -> #REF!
A126: ='RESUMEN TOTAL'!A134 -> LA ESMERALDA | B126: ='RESUMEN TOTAL'!B134 -> ESM01 | C126: ='RESUMEN TOTAL'!D134 -> Cabello y Brasil | D126: ='RESUMEN TOTAL'!E134 -> Domo | E126: ='RESUMEN TOTAL'!F134 -> Radio | F126: ='RESUMEN TOTAL'!L134 -> 0 | G126: ='RESUMEN TOTAL'!M134 -> 0 | H126: ='RESUMEN TOTAL'!N134 -> 0 | I126: ='RESUMEN TOTAL'!O134 -> 0 | J126: ='RESUMEN TOTAL'!P134 -> 0 | K126: ='RESUMEN TOTAL'!Q134 -> 0 | L126: ='RESUMEN TOTAL'!R134 -> 0 | M126: ='RESUMEN TOTAL'!S134 -> 0 | ... AI126: ='RESUMEN TOTAL'!AO134 -> 0 | AJ126: ='RESUMEN TOTAL'!#REF! -> #REF!
A127: ='RESUMEN TOTAL'!A135 -> SAN JORGE | B127: ='RESUMEN TOTAL'!B135 -> ESM02 | C127: ='RESUMEN TOTAL'!D135 -> Novak y Cabello | D127: ='RESUMEN TOTAL'!E135 -> Domo | E127: ='RESUMEN TOTAL'!F135 -> PTO A FO | F127: ='RESUMEN TOTAL'!L135 -> 0 | G127: ='RESUMEN TOTAL'!M135 -> 0 | H127: ='RESUMEN TOTAL'!N135 -> 0 | I127: ='RESUMEN TOTAL'!O135 -> 0 | J127: ='RESUMEN TOTAL'!P135 -> 0 | K127: ='RESUMEN TOTAL'!Q135 -> 0 | L127: ='RESUMEN TOTAL'!R135 -> 0 | M127: ='RESUMEN TOTAL'!S135 -> 0 | ... AI127: ='RESUMEN TOTAL'!AO135 -> 0 | AJ127: ='RESUMEN TOTAL'!#REF! -> #REF!
A128: ='RESUMEN TOTAL'!A136 -> SAN JORGE | B128: ='RESUMEN TOTAL'!B136 -> ESM03 | C128: ='RESUMEN TOTAL'!D136 -> Novak y Humahuaca | D128: ='RESUMEN TOTAL'!E136 -> DOMO | E128: ='RESUMEN TOTAL'!F136 -> PTO A FO | F128: ='RESUMEN TOTAL'!L136 -> 0 | G128: ='RESUMEN TOTAL'!M136 -> 0 | H128: ='RESUMEN TOTAL'!N136 -> 0 | I128: ='RESUMEN TOTAL'!O136 -> 0 | J128: ='RESUMEN TOTAL'!P136 -> 0 | K128: ='RESUMEN TOTAL'!Q136 -> 0 | L128: ='RESUMEN TOTAL'!R136 -> 0 | M128: ='RESUMEN TOTAL'!S136 -> 0 | ... AI128: ='RESUMEN TOTAL'!AO136 -> 0 | AJ128: ='RESUMEN TOTAL'!#REF! -> #REF!
A129: ='RESUMEN TOTAL'!A137 -> LA ESMERALDA | B129: ='RESUMEN TOTAL'!B137 -> ESM04 | C129: ='RESUMEN TOTAL'!D137 -> Basualdo y Bengochea | D129: ='RESUMEN TOTAL'!E137 -> Domo | E129: ='RESUMEN TOTAL'!F137 -> Fibra Optica | F129: ='RESUMEN TOTAL'!L137 -> 0 | G129: ='RESUMEN TOTAL'!M137 -> 0 | H129: ='RESUMEN TOTAL'!N137 -> 0 | I129: ='RESUMEN TOTAL'!O137 -> 0 | J129: ='RESUMEN TOTAL'!P137 -> 0 | K129: ='RESUMEN TOTAL'!Q137 -> 0 | L129: ='RESUMEN TOTAL'!R137 -> 0 | M129: ='RESUMEN TOTAL'!S137 -> 0 | ... AI129: ='RESUMEN TOTAL'!AO137 -> 0 | AJ129: ='RESUMEN TOTAL'!#REF! -> #REF!
A130: ='RESUMEN TOTAL'!A138 -> LA ESMERALDA | B130: ='RESUMEN TOTAL'!B138 -> ESM05 | C130: ='RESUMEN TOTAL'!D138 -> Aniceto Diaz y Villar | D130: ='RESUMEN TOTAL'!E138 -> Domo | E130: ='RESUMEN TOTAL'!F138 -> Fibra Optica | F130: ='RESUMEN TOTAL'!L138 -> 0 | G130: ='RESUMEN TOTAL'!M138 -> 0 | H130: ='RESUMEN TOTAL'!N138 -> 0 | I130: ='RESUMEN TOTAL'!O138 -> 0 | J130: ='RESUMEN TOTAL'!P138 -> 0 | K130: ='RESUMEN TOTAL'!Q138 -> 0 | L130: ='RESUMEN TOTAL'!R138 -> 0 | M130: ='RESUMEN TOTAL'!S138 -> 0 | ... AI130: ='RESUMEN TOTAL'!AO138 -> 0 | AJ130: ='RESUMEN TOTAL'!#REF! -> #REF!
A131: ='RESUMEN TOTAL'!A139 -> LA ESMERALDA | B131: ='RESUMEN TOTAL'!B139 -> ESM06 | C131: ='RESUMEN TOTAL'!D139 -> Roselli y Cabello | D131: ='RESUMEN TOTAL'!E139 -> Domo | E131: ='RESUMEN TOTAL'!F139 -> Radio | F131: ='RESUMEN TOTAL'!L139 -> 0 | G131: ='RESUMEN TOTAL'!M139 -> 0 | H131: ='RESUMEN TOTAL'!N139 -> 0 | I131: ='RESUMEN TOTAL'!O139 -> 0 | J131: ='RESUMEN TOTAL'!P139 -> 0 | K131: ='RESUMEN TOTAL'!Q139 -> 0 | L131: ='RESUMEN TOTAL'!R139 -> APAGADO | M131: ='RESUMEN TOTAL'!S139 -> APAGADO | ... AI131: ='RESUMEN TOTAL'!AO139 -> 0 | AJ131: ='RESUMEN TOTAL'!#REF! -> #REF!
A132: ='RESUMEN TOTAL'!A140 -> LA ESMERALDA | B132: ='RESUMEN TOTAL'!B140 -> ESM07 | C132: ='RESUMEN TOTAL'!D140 -> AV. NOVAK Y SERRANO | D132: ='RESUMEN TOTAL'!E140 -> DOMO | E132: ='RESUMEN TOTAL'!F140 -> PTO A FO | F132: ='RESUMEN TOTAL'!L140 -> 0 | G132: ='RESUMEN TOTAL'!M140 -> 0 | H132: ='RESUMEN TOTAL'!N140 -> 0 | I132: ='RESUMEN TOTAL'!O140 -> 0 | J132: ='RESUMEN TOTAL'!P140 -> 0 | K132: ='RESUMEN TOTAL'!Q140 -> 0 | L132: ='RESUMEN TOTAL'!R140 -> 0 | M132: ='RESUMEN TOTAL'!S140 -> 0 | ... AI132: ='RESUMEN TOTAL'!AO140 -> 0 | AJ132: ='RESUMEN TOTAL'!#REF! -> #REF!
A133: ='RESUMEN TOTAL'!A141 -> LA ESMERALDA | B133: ='RESUMEN TOTAL'!B141 -> ESM 08 | C133: ='RESUMEN TOTAL'!D141 -> DAVINSON Y MORANCHEL | D133: ='RESUMEN TOTAL'!E141 -> FIJA | E133: ='RESUMEN TOTAL'!F141 -> Radio | F133: ='RESUMEN TOTAL'!L141 -> APAGADO | G133: ='RESUMEN TOTAL'!M141 -> APAGADO | H133: ='RESUMEN TOTAL'!N141 -> APAGADO | I133: ='RESUMEN TOTAL'!O141 -> 0 | J133: ='RESUMEN TOTAL'!P141 -> 0 | K133: ='RESUMEN TOTAL'!Q141 -> 0 | L133: ='RESUMEN TOTAL'!R141 -> APAGADO | M133: ='RESUMEN TOTAL'!S141 -> APAGADO | ... AI133: ='RESUMEN TOTAL'!AO141 -> 0 | AJ133: ='RESUMEN TOTAL'!#REF! -> #REF!
... A171: ='RESUMEN TOTAL'!A179 -> LA PILETA | B171: ='RESUMEN TOTAL'!B179 -> LPI04 (fija 1) | C171: ='RESUMEN TOTAL'!D179 -> MAIPU Y POSADAS | D171: ='RESUMEN TOTAL'!E179 -> FIJA | E171: ='RESUMEN TOTAL'!F179 -> Fibra Optica | F171: ='RESUMEN TOTAL'!L179 -> 0 | G171: ='RESUMEN TOTAL'!M179 -> 0 | H171: ='RESUMEN TOTAL'!N179 -> 0 | I171: ='RESUMEN TOTAL'!O179 -> 0 | J171: ='RESUMEN TOTAL'!P179 -> 0 | K171: ='RESUMEN TOTAL'!Q179 -> 0 | L171: ='RESUMEN TOTAL'!R179 -> 0 | M171: ='RESUMEN TOTAL'!S179 -> 0 | ... AI171: ='RESUMEN TOTAL'!AO179 -> 0 | AJ171: ='RESUMEN TOTAL'!#REF! -> #REF!
A172: ='RESUMEN TOTAL'!A181 -> LOS PILARES | B172: ='RESUMEN TOTAL'!B181 -> LPR 01 | C172: ='RESUMEN TOTAL'!D181 -> EVA PERON E/ CACHEUTA Y 1406 | D172: ='RESUMEN TOTAL'!E181 -> DOMO | E172: ='RESUMEN TOTAL'!F181 -> Fibra Optica | F172: ='RESUMEN TOTAL'!L181 -> 0 | G172: ='RESUMEN TOTAL'!M181 -> 0 | H172: ='RESUMEN TOTAL'!N181 -> 0 | I172: ='RESUMEN TOTAL'!O181 -> 0 | J172: ='RESUMEN TOTAL'!P181 -> 0 | K172: ='RESUMEN TOTAL'!Q181 -> 0 | L172: ='RESUMEN TOTAL'!R181 -> 0 | M172: ='RESUMEN TOTAL'!S181 -> 0 | ... AI172: ='RESUMEN TOTAL'!AO181 -> 0 | AJ172: ='RESUMEN TOTAL'!#REF! -> #REF!
A173: ='RESUMEN TOTAL'!A182 -> LOS PILARES | B173: ='RESUMEN TOTAL'!B182 -> LPR02 (fija 1) | C173: ='RESUMEN TOTAL'!D182 -> EVA PERON Y CACHEUTA | D173: ='RESUMEN TOTAL'!E182 -> Fija | E173: ='RESUMEN TOTAL'!F182 -> Fibra Optica | F173: ='RESUMEN TOTAL'!L182 -> 0 | G173: ='RESUMEN TOTAL'!M182 -> 0 | H173: ='RESUMEN TOTAL'!N182 -> 0 | I173: ='RESUMEN TOTAL'!O182 -> 0 | J173: ='RESUMEN TOTAL'!P182 -> 0 | K173: ='RESUMEN TOTAL'!Q182 -> 0 | L173: ='RESUMEN TOTAL'!R182 -> 0 | M173: ='RESUMEN TOTAL'!S182 -> 0 | ... AI173: ='RESUMEN TOTAL'!AO182 -> 0 | AJ173: ='RESUMEN TOTAL'!#REF! -> #REF!
A174: ='RESUMEN TOTAL'!A183 -> LOS PILARES | B174: ='RESUMEN TOTAL'!B183 -> LPR03 (fija 2) | C174: ='RESUMEN TOTAL'!D183 -> EVA PERON Y CACHEUTA | D174: ='RESUMEN TOTAL'!E183 -> Fija | E174: ='RESUMEN TOTAL'!F183 -> Fibra Optica | F174: ='RESUMEN TOTAL'!L183 -> 0 | G174: ='RESUMEN TOTAL'!M183 -> 0 | H174: ='RESUMEN TOTAL'!N183 -> 0 | I174: ='RESUMEN TOTAL'!O183 -> 0 | J174: ='RESUMEN TOTAL'!P183 -> 0 | K174: ='RESUMEN TOTAL'!Q183 -> 0 | L174: ='RESUMEN TOTAL'!R183 -> 0 | M174: ='RESUMEN TOTAL'!S183 -> 0 | ... AI174: ='RESUMEN TOTAL'!AO183 -> 0 | AJ174: ='RESUMEN TOTAL'!#REF! -> #REF!
A175: ='RESUMEN TOTAL'!A184 -> LOPEZ ROMERO | B175: ='RESUMEN TOTAL'!B184 -> LRO 05 | C175: ='RESUMEN TOTAL'!D184 -> Calchaqui y Las Americas | D175: ='RESUMEN TOTAL'!E184 -> Fija | E175: ='RESUMEN TOTAL'!F184 -> Fibra Optica | F175: ='RESUMEN TOTAL'!L184 -> 0 | G175: ='RESUMEN TOTAL'!M184 -> 0 | H175: ='RESUMEN TOTAL'!N184 -> 0 | I175: ='RESUMEN TOTAL'!O184 -> 0 | J175: ='RESUMEN TOTAL'!P184 -> 0 | K175: ='RESUMEN TOTAL'!Q184 -> 0 | L175: ='RESUMEN TOTAL'!R184 -> 0 | M175: ='RESUMEN TOTAL'!S184 -> 0 | ... AI175: ='RESUMEN TOTAL'!AO184 -> 0 | AJ175: ='RESUMEN TOTAL'!#REF! -> #REF!
A176: ='RESUMEN TOTAL'!A185 -> LOPEZ ROMERO | B176: ='RESUMEN TOTAL'!B185 -> LRO 09 | C176: ='RESUMEN TOTAL'!D185 -> Las Americas y Braile | D176: ='RESUMEN TOTAL'!E185 -> Domo | E176: ='RESUMEN TOTAL'!F185 -> Fibra Optica | F176: ='RESUMEN TOTAL'!L185 -> 0 | G176: ='RESUMEN TOTAL'!M185 -> 0 | H176: ='RESUMEN TOTAL'!N185 -> 0 | I176: ='RESUMEN TOTAL'!O185 -> 0 | J176: ='RESUMEN TOTAL'!P185 -> 0 | K176: ='RESUMEN TOTAL'!Q185 -> 0 | L176: ='RESUMEN TOTAL'!R185 -> 0 | M176: ='RESUMEN TOTAL'!S185 -> 0 | ... AI176: ='RESUMEN TOTAL'!AO185 -> 0 | AJ176: ='RESUMEN TOTAL'!#REF! -> #REF!
A177: ='RESUMEN TOTAL'!A186 -> LOPEZ ROMERO | B177: ='RESUMEN TOTAL'!B186 -> LRO 10 | C177: ='RESUMEN TOTAL'!D186 -> Con. Gral. Belgrano y Balcarce | D177: ='RESUMEN TOTAL'!E186 -> Domo | E177: ='RESUMEN TOTAL'!F186 -> Fibra Optica | F177: ='RESUMEN TOTAL'!L186 -> 0 | G177: ='RESUMEN TOTAL'!M186 -> 0 | H177: ='RESUMEN TOTAL'!N186 -> 0 | I177: ='RESUMEN TOTAL'!O186 -> 0 | J177: ='RESUMEN TOTAL'!P186 -> 0 | K177: ='RESUMEN TOTAL'!Q186 -> 0 | L177: ='RESUMEN TOTAL'!R186 -> 0 | M177: ='RESUMEN TOTAL'!S186 -> 0 | ... AI177: ='RESUMEN TOTAL'!AO186 -> 0 | AJ177: ='RESUMEN TOTAL'!#REF! -> #REF!
A178: ='RESUMEN TOTAL'!A187 -> LOPEZ ROMERO | B178: ='RESUMEN TOTAL'!B187 -> LRO 12 (fija 1) | C178: ='RESUMEN TOTAL'!D187 -> LAS AMERICAS E/ BRAILLE Y ALVARADO | D178: ='RESUMEN TOTAL'!E187 -> Fija | E178: ='RESUMEN TOTAL'!F187 -> Fibra Optica | F178: ='RESUMEN TOTAL'!L187 -> 0 | G178: ='RESUMEN TOTAL'!M187 -> 0 | H178: ='RESUMEN TOTAL'!N187 -> 0 | I178: ='RESUMEN TOTAL'!O187 -> 0 | J178: ='RESUMEN TOTAL'!P187 -> 0 | K178: ='RESUMEN TOTAL'!Q187 -> 0 | L178: ='RESUMEN TOTAL'!R187 -> 0 | M178: ='RESUMEN TOTAL'!S187 -> 0 | ... AI178: ='RESUMEN TOTAL'!AO187 -> 0 | AJ178: ='RESUMEN TOTAL'!#REF! -> #REF!
A179: ='RESUMEN TOTAL'!A188 -> LOPEZ ROMERO | B179: ='RESUMEN TOTAL'!B188 -> LRO 13 (fija 2) | C179: ='RESUMEN TOTAL'!D188 -> LAS AMERICAS E/ BRAILLE Y ALVARADO | D179: ='RESUMEN TOTAL'!E188 -> Fija | E179: ='RESUMEN TOTAL'!F188 -> Fibra Optica | F179: ='RESUMEN TOTAL'!L188 -> 0 | G179: ='RESUMEN TOTAL'!M188 -> 0 | H179: ='RESUMEN TOTAL'!N188 -> 0 | I179: ='RESUMEN TOTAL'!O188 -> 0 | J179: ='RESUMEN TOTAL'!P188 -> 0 | K179: ='RESUMEN TOTAL'!Q188 -> 0 | L179: ='RESUMEN TOTAL'!R188 -> 0 | M179: ='RESUMEN TOTAL'!S188 -> 0 | ... AI179: ='RESUMEN TOTAL'!AO188 -> 0 | AJ179: ='RESUMEN TOTAL'!#REF! -> #REF!
A180: ='RESUMEN TOTAL'!A189 -> LOPEZ ROMERO | B180: ='RESUMEN TOTAL'!B189 -> LRO01 | C180: ='RESUMEN TOTAL'!D189 -> H. IRIGOYEN Y BRAILE | D180: ='RESUMEN TOTAL'!E189 -> FIJA | E180: ='RESUMEN TOTAL'!F189 -> Fibra Optica | F180: ='RESUMEN TOTAL'!L189 -> 0 | G180: ='RESUMEN TOTAL'!M189 -> 0 | H180: ='RESUMEN TOTAL'!N189 -> 0 | I180: ='RESUMEN TOTAL'!O189 -> 0 | J180: ='RESUMEN TOTAL'!P189 -> 0 | K180: ='RESUMEN TOTAL'!Q189 -> 0 | L180: ='RESUMEN TOTAL'!R189 -> 0 | M180: ='RESUMEN TOTAL'!S189 -> 0 | ... AI180: ='RESUMEN TOTAL'!AO189 -> 0 | AJ180: ='RESUMEN TOTAL'!#REF! -> #REF!
A181: ='RESUMEN TOTAL'!A190 -> PRESIDENTE SARMIENTO | B181: ='RESUMEN TOTAL'!B190 -> LRO02 | C181: ='RESUMEN TOTAL'!D190 -> H. Irigoyen e Islas Orcadas | D181: ='RESUMEN TOTAL'!E190 -> Domo | E181: ='RESUMEN TOTAL'!F190 -> Fibra Optica | F181: ='RESUMEN TOTAL'!L190 -> 0 | G181: ='RESUMEN TOTAL'!M190 -> 0 | H181: ='RESUMEN TOTAL'!N190 -> 0 | I181: ='RESUMEN TOTAL'!O190 -> 0 | J181: ='RESUMEN TOTAL'!P190 -> 0 | K181: ='RESUMEN TOTAL'!Q190 -> 0 | L181: ='RESUMEN TOTAL'!R190 -> 0 | M181: ='RESUMEN TOTAL'!S190 -> 0 | ... AI181: ='RESUMEN TOTAL'!AO190 -> 0 | AJ181: ='RESUMEN TOTAL'!#REF! -> #REF!
A182: ='RESUMEN TOTAL'!A191 -> LOPEZ ROMERO | B182: ='RESUMEN TOTAL'!B191 -> LRO03 | C182: ='RESUMEN TOTAL'!D191 -> H. Irigoyen y Parravicini | D182: ='RESUMEN TOTAL'!E191 -> Fija | E182: ='RESUMEN TOTAL'!F191 -> Fibra Optica | F182: ='RESUMEN TOTAL'!L191 -> 0 | G182: ='RESUMEN TOTAL'!M191 -> 0 | H182: ='RESUMEN TOTAL'!N191 -> 0 | I182: ='RESUMEN TOTAL'!O191 -> 0 | J182: ='RESUMEN TOTAL'!P191 -> 0 | K182: ='RESUMEN TOTAL'!Q191 -> 0 | L182: ='RESUMEN TOTAL'!R191 -> 0 | M182: ='RESUMEN TOTAL'!S191 -> 0 | ... AI182: ='RESUMEN TOTAL'!AO191 -> 0 | AJ182: ='RESUMEN TOTAL'!#REF! -> #REF!
A183: ='RESUMEN TOTAL'!A192 -> LOPEZ ROMERO | B183: ='RESUMEN TOTAL'!B192 -> LRO04 | C183: ='RESUMEN TOTAL'!D192 -> H. Irigoyen y Alvarado | D183: ='RESUMEN TOTAL'!E192 -> FIJA | E183: ='RESUMEN TOTAL'!F192 -> Fibra Optica | F183: ='RESUMEN TOTAL'!L192 -> 0 | G183: ='RESUMEN TOTAL'!M192 -> 0 | H183: ='RESUMEN TOTAL'!N192 -> 0 | I183: ='RESUMEN TOTAL'!O192 -> 0 | J183: ='RESUMEN TOTAL'!P192 -> 0 | K183: ='RESUMEN TOTAL'!Q192 -> 0 | L183: ='RESUMEN TOTAL'!R192 -> 0 | M183: ='RESUMEN TOTAL'!S192 -> 0 | ... AI183: ='RESUMEN TOTAL'!AO192 -> 0 | AJ183: ='RESUMEN TOTAL'!#REF! -> #REF!
... A200: ='RESUMEN TOTAL'!A209 -> 0 | B200: ='RESUMEN TOTAL'!B209 -> MCUD 01 | C200: ='RESUMEN TOTAL'!D209 -> TINOGASTA Y SAN LORENZO | D200: ='RESUMEN TOTAL'!E209 -> Domo | E200: ='RESUMEN TOTAL'!F209 -> Fibra Optica | F200: ='RESUMEN TOTAL'!L209 -> 0 | G200: ='RESUMEN TOTAL'!M209 -> 0 | H200: ='RESUMEN TOTAL'!N209 -> 0 | I200: ='RESUMEN TOTAL'!O209 -> 0 | J200: ='RESUMEN TOTAL'!P209 -> 0 | K200: ='RESUMEN TOTAL'!Q209 -> 0 | L200: ='RESUMEN TOTAL'!R209 -> 0 | M200: ='RESUMEN TOTAL'!S209 -> 0 | ... AI200: ='RESUMEN TOTAL'!AO209 -> 0 | AJ200: ='RESUMEN TOTAL'!#REF! -> #REF!
A201: ='RESUMEN TOTAL'!A211 -> MARTIN FIERRO | B201: ='RESUMEN TOTAL'!B211 -> MFI 01 | C201: ='RESUMEN TOTAL'!D211 -> Belgrano y Sgto. Cabral | D201: ='RESUMEN TOTAL'!E211 -> Fija | E201: ='RESUMEN TOTAL'!F211 -> Fibra Optica | F201: ='RESUMEN TOTAL'!L211 -> 0 | G201: ='RESUMEN TOTAL'!M211 -> 0 | H201: ='RESUMEN TOTAL'!N211 -> 0 | I201: ='RESUMEN TOTAL'!O211 -> 0 | J201: ='RESUMEN TOTAL'!P211 -> 0 | K201: ='RESUMEN TOTAL'!Q211 -> 0 | L201: ='RESUMEN TOTAL'!R211 -> 0 | M201: ='RESUMEN TOTAL'!S211 -> 0 | ... AI201: ='RESUMEN TOTAL'!AO211 -> 0 | AJ201: ='RESUMEN TOTAL'!#REF! -> #REF!
A202: ='RESUMEN TOTAL'!A212 -> LOPEZ ROMERO | B202: ='RESUMEN TOTAL'!B212 -> MFI02 | C202: ='RESUMEN TOTAL'!D212 -> Calchaqui y Balcarce | D202: ='RESUMEN TOTAL'!E212 -> Fija | E202: ='RESUMEN TOTAL'!F212 -> Fibra Optica | F202: ='RESUMEN TOTAL'!L212 -> 0 | G202: ='RESUMEN TOTAL'!M212 -> 0 | H202: ='RESUMEN TOTAL'!N212 -> 0 | I202: ='RESUMEN TOTAL'!O212 -> 0 | J202: ='RESUMEN TOTAL'!P212 -> 0 | K202: ='RESUMEN TOTAL'!Q212 -> 0 | L202: ='RESUMEN TOTAL'!R212 -> 0 | M202: ='RESUMEN TOTAL'!S212 -> 0 | ... AI202: ='RESUMEN TOTAL'!AO212 -> 0 | AJ202: ='RESUMEN TOTAL'!#REF! -> #REF!
A203: ='RESUMEN TOTAL'!A213 -> SAN EMILIO | B203: ='RESUMEN TOTAL'!B213 -> MFI 03 | C203: ='RESUMEN TOTAL'!D213 -> Cno. Gral. Belgrano y Av. del Trabajo | D203: ='RESUMEN TOTAL'!E213 -> Domo | E203: ='RESUMEN TOTAL'!F213 -> Fibra Optica | F203: ='RESUMEN TOTAL'!L213 -> 0 | G203: ='RESUMEN TOTAL'!M213 -> 0 | H203: ='RESUMEN TOTAL'!N213 -> 0 | I203: ='RESUMEN TOTAL'!O213 -> 0 | J203: ='RESUMEN TOTAL'!P213 -> 0 | K203: ='RESUMEN TOTAL'!Q213 -> 0 | L203: ='RESUMEN TOTAL'!R213 -> 0 | M203: ='RESUMEN TOTAL'!S213 -> 0 | ... AI203: ='RESUMEN TOTAL'!AO213 -> 0 | AJ203: ='RESUMEN TOTAL'!#REF! -> #REF!
A204: ='RESUMEN TOTAL'!A214 -> MARTIN FIERRO | B204: ='RESUMEN TOTAL'!B214 -> MFI04 | C204: ='RESUMEN TOTAL'!D214 -> Calchaqui y balcarce | D204: ='RESUMEN TOTAL'!E214 -> Domo | E204: ='RESUMEN TOTAL'!F214 -> Fibra Optica | F204: ='RESUMEN TOTAL'!L214 -> 0 | G204: ='RESUMEN TOTAL'!M214 -> 0 | H204: ='RESUMEN TOTAL'!N214 -> 0 | I204: ='RESUMEN TOTAL'!O214 -> 0 | J204: ='RESUMEN TOTAL'!P214 -> 0 | K204: ='RESUMEN TOTAL'!Q214 -> 0 | L204: ='RESUMEN TOTAL'!R214 -> 0 | M204: ='RESUMEN TOTAL'!S214 -> 0 | ... AI204: ='RESUMEN TOTAL'!AO214 -> 0 | AJ204: ='RESUMEN TOTAL'!#REF! -> #REF!
A205: ='RESUMEN TOTAL'!A215 -> SAN EMILIO | B205: ='RESUMEN TOTAL'!B215 -> MFI 05 | C205: ='RESUMEN TOTAL'!D215 -> Cno. Gral. Belgrano y Guayaquil | D205: ='RESUMEN TOTAL'!E215 -> Domo | E205: ='RESUMEN TOTAL'!F215 -> Fibra Optica | F205: ='RESUMEN TOTAL'!L215 -> 0 | G205: ='RESUMEN TOTAL'!M215 -> 0 | H205: ='RESUMEN TOTAL'!N215 -> 0 | I205: ='RESUMEN TOTAL'!O215 -> 0 | J205: ='RESUMEN TOTAL'!P215 -> 0 | K205: ='RESUMEN TOTAL'!Q215 -> 0 | L205: ='RESUMEN TOTAL'!R215 -> 0 | M205: ='RESUMEN TOTAL'!S215 -> 0 | ... AI205: ='RESUMEN TOTAL'!AO215 -> 0 | AJ205: ='RESUMEN TOTAL'!#REF! -> #REF!
A206: ='RESUMEN TOTAL'!A216 -> SAN EMILIO | B206: ='RESUMEN TOTAL'!B216 -> MFI06 | C206: ='RESUMEN TOTAL'!D216 -> Con. Gral. Belgrano y Bombero Galarza | D206: ='RESUMEN TOTAL'!E216 -> DOMO | E206: ='RESUMEN TOTAL'!F216 -> Radio | F206: ='RESUMEN TOTAL'!L216 -> 0 | G206: ='RESUMEN TOTAL'!M216 -> 0 | H206: ='RESUMEN TOTAL'!N216 -> 0 | I206: ='RESUMEN TOTAL'!O216 -> 0 | J206: ='RESUMEN TOTAL'!P216 -> 0 | K206: ='RESUMEN TOTAL'!Q216 -> 0 | L206: ='RESUMEN TOTAL'!R216 -> 0 | M206: ='RESUMEN TOTAL'!S216 -> 0 | ... AI206: ='RESUMEN TOTAL'!AO216 -> 0 | AJ206: ='RESUMEN TOTAL'!#REF! -> #REF!
A207: ='RESUMEN TOTAL'!A217 -> MARTIN FIERRO | B207: ='RESUMEN TOTAL'!B217 -> MFI 07 | C207: ='RESUMEN TOTAL'!D217 -> Sargento Cabral y Carlos Gardel | D207: ='RESUMEN TOTAL'!E217 -> Domo | E207: ='RESUMEN TOTAL'!F217 -> PTO A FO | F207: ='RESUMEN TOTAL'!L217 -> 0 | G207: ='RESUMEN TOTAL'!M217 -> 0 | H207: ='RESUMEN TOTAL'!N217 -> 0 | I207: ='RESUMEN TOTAL'!O217 -> 0 | J207: ='RESUMEN TOTAL'!P217 -> 0 | K207: ='RESUMEN TOTAL'!Q217 -> 0 | L207: ='RESUMEN TOTAL'!R217 -> 0 | M207: ='RESUMEN TOTAL'!S217 -> 0 | ... AI207: ='RESUMEN TOTAL'!AO217 -> 0 | AJ207: ='RESUMEN TOTAL'!#REF! -> #REF!
A208: ='RESUMEN TOTAL'!A218 -> MARTIN FIERRO | B208: ='RESUMEN TOTAL'!B218 -> MFI 08 | C208: ='RESUMEN TOTAL'!D218 -> Braile y Batalla de Callao | D208: ='RESUMEN TOTAL'!E218 -> Domo | E208: ='RESUMEN TOTAL'!F218 -> PTO A FO | F208: ='RESUMEN TOTAL'!L218 -> 0 | G208: ='RESUMEN TOTAL'!M218 -> 0 | H208: ='RESUMEN TOTAL'!N218 -> 0 | I208: ='RESUMEN TOTAL'!O218 -> 0 | J208: ='RESUMEN TOTAL'!P218 -> 0 | K208: ='RESUMEN TOTAL'!Q218 -> 0 | L208: ='RESUMEN TOTAL'!R218 -> 0 | M208: ='RESUMEN TOTAL'!S218 -> 0 | ... AI208: ='RESUMEN TOTAL'!AO218 -> 0 | AJ208: ='RESUMEN TOTAL'!#REF! -> #REF!
A209: ='RESUMEN TOTAL'!A219 -> GOBERNADOR MONTEVERDE | B209: ='RESUMEN TOTAL'!B219 -> MON01 | C209: ='RESUMEN TOTAL'!D219 -> San Martin y Patricias Argentinas | D209: ='RESUMEN TOTAL'!E219 -> Fija | E209: ='RESUMEN TOTAL'!F219 -> Fibra Optica | F209: ='RESUMEN TOTAL'!L219 -> 0 | G209: ='RESUMEN TOTAL'!M219 -> 0 | H209: ='RESUMEN TOTAL'!N219 -> 0 | I209: ='RESUMEN TOTAL'!O219 -> 0 | J209: ='RESUMEN TOTAL'!P219 -> 0 | K209: ='RESUMEN TOTAL'!Q219 -> 0 | L209: ='RESUMEN TOTAL'!R219 -> 0 | M209: ='RESUMEN TOTAL'!S219 -> 0 | ... AI209: ='RESUMEN TOTAL'!AO219 -> 0 | AJ209: ='RESUMEN TOTAL'!#REF! -> #REF!
A210: ='RESUMEN TOTAL'!A220 -> GOBERNADOR MONTEVERDE | B210: ='RESUMEN TOTAL'!B220 -> MON02 | C210: ='RESUMEN TOTAL'!D220 -> Senzabello y Famatina | D210: ='RESUMEN TOTAL'!E220 -> Domo | E210: ='RESUMEN TOTAL'!F220 -> Radio | F210: ='RESUMEN TOTAL'!L220 -> 0 | G210: ='RESUMEN TOTAL'!M220 -> 0 | H210: ='RESUMEN TOTAL'!N220 -> 0 | I210: ='RESUMEN TOTAL'!O220 -> 0 | J210: ='RESUMEN TOTAL'!P220 -> 0 | K210: ='RESUMEN TOTAL'!Q220 -> 0 | L210: ='RESUMEN TOTAL'!R220 -> 0 | M210: ='RESUMEN TOTAL'!S220 -> 0 | ... AI210: ='RESUMEN TOTAL'!AO220 -> 0 | AJ210: ='RESUMEN TOTAL'!#REF! -> #REF!
A211: ='RESUMEN TOTAL'!A221 -> GOBERNADOR MONTEVERDE | B211: ='RESUMEN TOTAL'!B221 -> MON03 | C211: ='RESUMEN TOTAL'!D221 -> Senzabello y Guemes | D211: ='RESUMEN TOTAL'!E221 -> Domo | E211: ='RESUMEN TOTAL'!F221 -> Radio | F211: ='RESUMEN TOTAL'!L221 -> 0 | G211: ='RESUMEN TOTAL'!M221 -> 0 | H211: ='RESUMEN TOTAL'!N221 -> 0 | I211: ='RESUMEN TOTAL'!O221 -> 0 | J211: ='RESUMEN TOTAL'!P221 -> 0 | K211: ='RESUMEN TOTAL'!Q221 -> 0 | L211: ='RESUMEN TOTAL'!R221 -> 0 | M211: ='RESUMEN TOTAL'!S221 -> 0 | ... AI211: ='RESUMEN TOTAL'!AO221 -> 0 | AJ211: ='RESUMEN TOTAL'!#REF! -> #REF!
A212: ='RESUMEN TOTAL'!A222 -> GOBERNADOR MONTEVERDE | B212: ='RESUMEN TOTAL'!B222 -> MON04 | C212: ='RESUMEN TOTAL'!D222 -> Av. Yrigoyen y San Lorenzo | D212: ='RESUMEN TOTAL'!E222 -> Domo | E212: ='RESUMEN TOTAL'!F222 -> Radio | F212: ='RESUMEN TOTAL'!L222 -> 0 | G212: ='RESUMEN TOTAL'!M222 -> 0 | H212: ='RESUMEN TOTAL'!N222 -> 0 | I212: ='RESUMEN TOTAL'!O222 -> 0 | J212: ='RESUMEN TOTAL'!P222 -> 0 | K212: ='RESUMEN TOTAL'!Q222 -> 0 | L212: ='RESUMEN TOTAL'!R222 -> APAGADO | M212: ='RESUMEN TOTAL'!S222 -> APAGADO | ... AI212: ='RESUMEN TOTAL'!AO222 -> 0 | AJ212: ='RESUMEN TOTAL'!#REF! -> #REF!
... A221: ='RESUMEN TOTAL'!A231 -> 9 DE JULIO | B221: ='RESUMEN TOTAL'!B231 -> NJU09 | C221: ='RESUMEN TOTAL'!D231 -> PARRILLO Y CONTRERAS | D221: ='RESUMEN TOTAL'!E231 -> DOMO | E221: ='RESUMEN TOTAL'!F231 -> Fibra Optica | F221: ='RESUMEN TOTAL'!L231 -> 0 | G221: ='RESUMEN TOTAL'!M231 -> 0 | H221: ='RESUMEN TOTAL'!N231 -> 0 | I221: ='RESUMEN TOTAL'!O231 -> 0 | J221: ='RESUMEN TOTAL'!P231 -> 0 | K221: ='RESUMEN TOTAL'!Q231 -> 0 | L221: ='RESUMEN TOTAL'!R231 -> 0 | M221: ='RESUMEN TOTAL'!S231 -> 0 | ... AI221: ='RESUMEN TOTAL'!AO231 -> 0 | AJ221: ='RESUMEN TOTAL'!#REF! -> #REF!
A222: ='RESUMEN TOTAL'!A233 -> PICO DE ORO | B222: ='RESUMEN TOTAL'!B233 -> PCO 01 | C222: ='RESUMEN TOTAL'!D233 -> CEMENTERIO | D222: ='RESUMEN TOTAL'!E233 -> DOMO | E222: ='RESUMEN TOTAL'!F233 -> Fibra Optica | F222: ='RESUMEN TOTAL'!L233 -> 0 | G222: ='RESUMEN TOTAL'!M233 -> 0 | H222: ='RESUMEN TOTAL'!N233 -> 0 | I222: ='RESUMEN TOTAL'!O233 -> 0 | J222: ='RESUMEN TOTAL'!P233 -> 0 | K222: ='RESUMEN TOTAL'!Q233 -> 0 | L222: ='RESUMEN TOTAL'!R233 -> 0 | M222: ='RESUMEN TOTAL'!S233 -> 0 | ... AI222: ='RESUMEN TOTAL'!AO233 -> 0 | AJ222: ='RESUMEN TOTAL'!#REF! -> #REF!
A223: ='RESUMEN TOTAL'!A234 -> PICO DE ORO | B223: ='RESUMEN TOTAL'!B234 -> PCO02 (fija 1) | C223: ='RESUMEN TOTAL'!D234 -> SICILIA E/ VIENA Y VARSOVIA | D223: ='RESUMEN TOTAL'!E234 -> Fija | E223: ='RESUMEN TOTAL'!F234 -> Fibra Optica | F223: ='RESUMEN TOTAL'!L234 -> 0 | G223: ='RESUMEN TOTAL'!M234 -> 0 | H223: ='RESUMEN TOTAL'!N234 -> 0 | I223: ='RESUMEN TOTAL'!O234 -> 0 | J223: ='RESUMEN TOTAL'!P234 -> 0 | K223: ='RESUMEN TOTAL'!Q234 -> 0 | L223: ='RESUMEN TOTAL'!R234 -> 0 | M223: ='RESUMEN TOTAL'!S234 -> 0 | ... AI223: ='RESUMEN TOTAL'!AO234 -> 0 | AJ223: ='RESUMEN TOTAL'!#REF! -> #REF!
A224: ='RESUMEN TOTAL'!A235 -> PICO DE ORO | B224: ='RESUMEN TOTAL'!B235 -> PCO03 (fija 2) | C224: ='RESUMEN TOTAL'!D235 -> SICILIA E/ VIENA Y VARSOVIA | D224: ='RESUMEN TOTAL'!E235 -> Fija | E224: ='RESUMEN TOTAL'!F235 -> Fibra Optica | F224: ='RESUMEN TOTAL'!L235 -> 0 | G224: ='RESUMEN TOTAL'!M235 -> 0 | H224: ='RESUMEN TOTAL'!N235 -> 0 | I224: ='RESUMEN TOTAL'!O235 -> 0 | J224: ='RESUMEN TOTAL'!P235 -> 0 | K224: ='RESUMEN TOTAL'!Q235 -> 0 | L224: ='RESUMEN TOTAL'!R235 -> 0 | M224: ='RESUMEN TOTAL'!S235 -> 0 | ... AI224: ='RESUMEN TOTAL'!AO235 -> 0 | AJ224: ='RESUMEN TOTAL'!#REF! -> #REF!
A225: ='RESUMEN TOTAL'!A236 -> PICO DE ORO | B225: ='RESUMEN TOTAL'!B236 -> PCO04 (fija 1) | C225: ='RESUMEN TOTAL'!D236 -> BERNA Y POLONIA | D225: ='RESUMEN TOTAL'!E236 -> Fija | E225: ='RESUMEN TOTAL'!F236 -> Fibra Optica | F225: ='RESUMEN TOTAL'!L236 -> 0 | G225: ='RESUMEN TOTAL'!M236 -> 0 | H225: ='RESUMEN TOTAL'!N236 -> 0 | I225: ='RESUMEN TOTAL'!O236 -> 0 | J225: ='RESUMEN TOTAL'!P236 -> 0 | K225: ='RESUMEN TOTAL'!Q236 -> 0 | L225: ='RESUMEN TOTAL'!R236 -> 0 | M225: ='RESUMEN TOTAL'!S236 -> 0 | ... AI225: ='RESUMEN TOTAL'!AO236 -> 0 | AJ225: ='RESUMEN TOTAL'!#REF! -> #REF!
A226: ='RESUMEN TOTAL'!A237 -> PICO DE ORO | B226: ='RESUMEN TOTAL'!B237 -> PCO05 (fija 2) | C226: ='RESUMEN TOTAL'!D237 -> BERNA Y POLONIA | D226: ='RESUMEN TOTAL'!E237 -> Fija | E226: ='RESUMEN TOTAL'!F237 -> Fibra Optica | F226: ='RESUMEN TOTAL'!L237 -> 0 | G226: ='RESUMEN TOTAL'!M237 -> 0 | H226: ='RESUMEN TOTAL'!N237 -> 0 | I226: ='RESUMEN TOTAL'!O237 -> 0 | J226: ='RESUMEN TOTAL'!P237 -> 0 | K226: ='RESUMEN TOTAL'!Q237 -> 0 | L226: ='RESUMEN TOTAL'!R237 -> 0 | M226: ='RESUMEN TOTAL'!S237 -> 0 | ... AI226: ='RESUMEN TOTAL'!AO237 -> 0 | AJ226: ='RESUMEN TOTAL'!#REF! -> #REF!
...

Sheet APAGADOS ANTENA
C1: TOTAL PTO A FO
E2: APAGADOS | F2: =COUNTIFS(F5:F502, "=APAGADO",E5:E502,"=PTO A FO") -> 1 | G2: =COUNTIFS(G5:G502, "=APAGADO",E5:E502,"=PTO A FO") -> 1 | H2: =COUNTIFS(H5:H502, "=APAGADO",E5:E502,"=PTO A FO") -> 1 | I2: =COUNTIFS(I5:I602, "=APAGADO",E5:E602,"=PTO A FO") -> 0 | J2: =COUNTIFS(J5:J502, "=APAGADO",E5:E502,"=PTO A FO") -> 2 | K2: =COUNTIFS(K5:K502, "=APAGADO",E5:E502,"=PTO A FO") -> 1 | L2: =COUNTIFS(L5:L502, "=APAGADO",E5:E502,"=PTO A FO") -> 1 | M2: =COUNTIFS(M5:M502, "=APAGADO",E5:E502,"=PTO A FO") -> 1 | N2: =COUNTIFS(N5:N502, "=APAGADO",E5:E502,"=PTO A FO") -> 3 | O2: =COUNTIFS(O5:O502, "=APAGADO",E5:E502,"=PTO A FO") -> 3 | P2: =COUNTIFS(P5:P502, "=APAGADO",E5:E502,"=PTO A FO") -> 3 | Q2: =COUNTIFS(Q5:Q502, "=APAGADO",E5:E502,"=PTO A FO") -> 3 | R2: =COUNTIFS(R5:R502, "=APAGADO",E5:E502,"=PTO A FO") -> 0 | S2: =COUNTIFS(S5:S502, "=APAGADO",E5:E502,"=PTO A FO") -> 0 | T2: =COUNTIFS(T5:T502, "=APAGADO",E5:E502,"=PTO A FO") -> 0 | U2: =COUNTIFS(U5:U502, "=APAGADO",E5:E502,"=PTO A FO") -> 0 | V2: =COUNTIFS(V5:V502, "=APAGADO",E5:E502,"=PTO A FO") -> 0 | W2: =COUNTIFS(W5:W502, "=APAGADO",E5:E502,"=PTO A FO") -> 0 | X2: =COUNTIFS(X4:X502, "=APAGADO",E4:E502,"=PTO A FO") -> 0 | Y2: =COUNTIFS(Y5:Y502, "=APAGADO",E5:E502,"=PTO A FO") -> 1 | Z2: =COUNTIFS(Z5:Z502, "=APAGADO",E5:E502,"=PTO A FO") -> 0 | AA2: =COUNTIFS(AA5:AA502, "=APAGADO",E5:E502,"=PTO A FO") -> 0 | AB2: =COUNTIFS(AB5:AB502, "=APAGADO",E5:E502,"=PTO A FO") -> 0 | AC2: =COUNTIFS(AC4:AC602, "=APAGADO",E4:E602,"=PTO A FO") -> 0 | AD2: =COUNTIFS(AD5:AD502, "=APAGADO",E5:E502,"=PTO A FO") -> 0 | AE2: =COUNTIFS(AE5:AE502, "=APAGADO",E5:E502,"=PTO A FO") -> 0 | AF2: =COUNTIFS(AF5:AF502, "=APAGADO",E5:E502,"=PTO A FO") -> 0 | AG2: =COUNTIFS(AG5:AG502, "=APAGADO",E5:E502,"=PTO A FO") -> 0 | AH2: =COUNTIFS(AH5:AH502, "=APAGADO",E5:E502,"=PTO A FO") -> 0 | AI2: =COUNTIFS(AI5:AI502, "=APAGADO",F5:F502,"=PTO A FO") -> 0
A3: =ESTADISTICA!A1 -> Barrio | B3: =ESTADISTICA!B1 -> [Denominacion] | C3: =ESTADISTICA!C1 -> [Ubicacion] | D3: =ESTADISTICA!D1 -> [Tipo de Camara] | E3: =ESTADISTICA!E1 -> [Tipo de Conexion] | F3: =ESTADISTICA!F1 -> 45597 | G3: =ESTADISTICA!G1 -> 45598 | H3: =ESTADISTICA!H1 -> 45599 | ... AH3: =ESTADISTICA!AH1 -> 45625 | AI3: 45595
A4: ='RESUMEN TOTAL'!A6 -> ALTAMIRA | B4: ='RESUMEN TOTAL'!B6 -> ALT02 | C4: ='RESUMEN TOTAL'!D6 -> Calchaqui y Lope de Vega | D4: ='RESUMEN TOTAL'!E6 -> Domo | E4: ='RESUMEN TOTAL'!F6 -> PTO A FO | F4: ='RESUMEN TOTAL'!L6 -> 0 | G4: ='RESUMEN TOTAL'!M6 -> 0 | H4: ='RESUMEN TOTAL'!N6 -> 0 | I4: ='RESUMEN TOTAL'!O6 -> 0 | J4: ='RESUMEN TOTAL'!P6 -> 0 | K4: ='RESUMEN TOTAL'!Q6 -> 0 | L4: ='RESUMEN TOTAL'!R6 -> 0 | M4: ='RESUMEN TOTAL'!S6 -> 0 | ... AI4: ='RESUMEN TOTAL'!AO6 -> 0
A5: ='RESUMEN TOTAL'!A7 -> ALTAMIRA | B5: ='RESUMEN TOTAL'!B7 -> ALT 03 | C5: ='RESUMEN TOTAL'!D7 -> Bombero Galarza y Necochea | D5: ='RESUMEN TOTAL'!E7 -> Domo | E5: ='RESUMEN TOTAL'!F7 -> Fibra Optica | F5: ='RESUMEN TOTAL'!L7 -> 0 | G5: ='RESUMEN TOTAL'!M7 -> 0 | H5: ='RESUMEN TOTAL'!N7 -> 0 | I5: ='RESUMEN TOTAL'!O7 -> 0 | J5: ='RESUMEN TOTAL'!P7 -> 0 | K5: ='RESUMEN TOTAL'!Q7 -> 0 | L5: ='RESUMEN TOTAL'!R7 -> 0 | M5: ='RESUMEN TOTAL'!S7 -> 0 | ... AI5: ='RESUMEN TOTAL'!AO7 -> 0
A6: ='RESUMEN TOTAL'!A8 -> ALTAMIRA | B6: ='RESUMEN TOTAL'!B8 -> ALT 04 | C6: ='RESUMEN TOTAL'!D8 -> Francia y Necochea | D6: ='RESUMEN TOTAL'!E8 -> Domo | E6: ='RESUMEN TOTAL'!F8 -> Fibra Optica | F6: ='RESUMEN TOTAL'!L8 -> 0 | G6: ='RESUMEN TOTAL'!M8 -> 0 | H6: ='RESUMEN TOTAL'!N8 -> 0 | I6: ='RESUMEN TOTAL'!O8 -> 0 | J6: ='RESUMEN TOTAL'!P8 -> 0 | K6: ='RESUMEN TOTAL'!Q8 -> 0 | L6: ='RESUMEN TOTAL'!R8 -> 0 | M6: ='RESUMEN TOTAL'!S8 -> 0 | ... AI6: ='RESUMEN TOTAL'!AO8 -> 0
A7: ='RESUMEN TOTAL'!A9 -> ALTAMIRA | B7: ='RESUMEN TOTAL'!B9 -> ALT05 | C7: ='RESUMEN TOTAL'!D9 -> Av. Calchaqui y Bombero Galarza | D7: ='RESUMEN TOTAL'!E9 -> Domo | E7: ='RESUMEN TOTAL'!F9 -> PTO A FO | F7: ='RESUMEN TOTAL'!L9 -> 0 | G7: ='RESUMEN TOTAL'!M9 -> 0 | H7: ='RESUMEN TOTAL'!N9 -> 0 | I7: ='RESUMEN TOTAL'!O9 -> 0 | J7: ='RESUMEN TOTAL'!P9 -> 0 | K7: ='RESUMEN TOTAL'!Q9 -> 0 | L7: ='RESUMEN TOTAL'!R9 -> 0 | M7: ='RESUMEN TOTAL'!S9 -> 0 | ... AI7: ='RESUMEN TOTAL'!AO9 -> 0
A8: ='RESUMEN TOTAL'!A10 -> ALTAMIRA | B8: ='RESUMEN TOTAL'!B10 -> ALT 06 | C8: ='RESUMEN TOTAL'!D10 -> LOPE DE VEGA Y NECOCHEA | D8: ='RESUMEN TOTAL'!E10 -> Domo | E8: ='RESUMEN TOTAL'!F10 -> PTO A FO | F8: ='RESUMEN TOTAL'!L10 -> 0 | G8: ='RESUMEN TOTAL'!M10 -> 0 | H8: ='RESUMEN TOTAL'!N10 -> 0 | I8: ='RESUMEN TOTAL'!O10 -> 0 | J8: ='RESUMEN TOTAL'!P10 -> 0 | K8: ='RESUMEN TOTAL'!Q10 -> 0 | L8: ='RESUMEN TOTAL'!R10 -> 0 | M8: ='RESUMEN TOTAL'!S10 -> 0 | ... AI8: ='RESUMEN TOTAL'!AO10 -> 0
A9: ='RESUMEN TOTAL'!A11 -> ALTAMIRA | B9: ='RESUMEN TOTAL'!B11 -> ALT07 | C9: ='RESUMEN TOTAL'!D11 -> AV. CALCHAQUI Y AV. DEL TRABAJO | D9: ='RESUMEN TOTAL'!E11 -> DOMO | E9: ='RESUMEN TOTAL'!F11 -> PTO A FO | F9: ='RESUMEN TOTAL'!L11 -> 0 | G9: ='RESUMEN TOTAL'!M11 -> 0 | H9: ='RESUMEN TOTAL'!N11 -> 0 | I9: ='RESUMEN TOTAL'!O11 -> 0 | J9: ='RESUMEN TOTAL'!P11 -> 0 | K9: ='RESUMEN TOTAL'!Q11 -> 0 | L9: ='RESUMEN TOTAL'!R11 -> 0 | M9: ='RESUMEN TOTAL'!S11 -> 0 | ... AI9: ='RESUMEN TOTAL'!AO11 -> 0
A10: ='RESUMEN TOTAL'!A12 -> ALTAMIRA | B10: ='RESUMEN TOTAL'!B12 -> ALT 08 | C10: ='RESUMEN TOTAL'!D12 -> HUMAITA Y NECOCHEA | D10: ='RESUMEN TOTAL'!E12 -> DOMO | E10: ='RESUMEN TOTAL'!F12 -> Fibra Optica | F10: ='RESUMEN TOTAL'!L12 -> 0 | G10: ='RESUMEN TOTAL'!M12 -> 0 | H10: ='RESUMEN TOTAL'!N12 -> 0 | I10: ='RESUMEN TOTAL'!O12 -> 0 | J10: ='RESUMEN TOTAL'!P12 -> 0 | K10: ='RESUMEN TOTAL'!Q12 -> 0 | L10: ='RESUMEN TOTAL'!R12 -> 0 | M10: ='RESUMEN TOTAL'!S12 -> 0 | ... AI10: ='RESUMEN TOTAL'!AO12 -> 0
A11: ='RESUMEN TOTAL'!A13 -> ALTAMIRA | B11: ='RESUMEN TOTAL'!B13 -> ALT 09 | C11: ='RESUMEN TOTAL'!D13 -> NECOCHEA Y CURUPAITY | D11: ='RESUMEN TOTAL'!E13 -> DOMO | E11: ='RESUMEN TOTAL'!F13 -> Fibra Optica | F11: ='RESUMEN TOTAL'!L13 -> 0 | G11: ='RESUMEN TOTAL'!M13 -> 0 | H11: ='RESUMEN TOTAL'!N13 -> 0 | I11: ='RESUMEN TOTAL'!O13 -> 0 | J11: ='RESUMEN TOTAL'!P13 -> 0 | K11: ='RESUMEN TOTAL'!Q13 -> 0 | L11: ='RESUMEN TOTAL'!R13 -> 0 | M11: ='RESUMEN TOTAL'!S13 -> 0 | ... AI11: ='RESUMEN TOTAL'!AO13 -> 0
A12: ='RESUMEN TOTAL'!A14 -> ALTAMIRA | B12: ='RESUMEN TOTAL'!B14 -> ALT 10 | C12: ='RESUMEN TOTAL'!D14 -> Calchaqui y Francia | D12: ='RESUMEN TOTAL'!E14 -> Domo | E12: ='RESUMEN TOTAL'!F14 -> Radio | F12: ='RESUMEN TOTAL'!L14 -> 0 | G12: ='RESUMEN TOTAL'!M14 -> 0 | H12: ='RESUMEN TOTAL'!N14 -> 0 | I12: ='RESUMEN TOTAL'!O14 -> 0 | J12: ='RESUMEN TOTAL'!P14 -> 0 | K12: ='RESUMEN TOTAL'!Q14 -> 0 | L12: ='RESUMEN TOTAL'!R14 -> 0 | M12: ='RESUMEN TOTAL'!S14 -> 0 | ... AI12: ='RESUMEN TOTAL'!AO14 -> 0
A13: ='RESUMEN TOTAL'!A15 -> AGUSTIN RAMIREZ | B13: ='RESUMEN TOTAL'!B15 -> ARA 01 | C13: ='RESUMEN TOTAL'!D15 -> Malambo y Tranquera | D13: ='RESUMEN TOTAL'!E15 -> Domo | E13: ='RESUMEN TOTAL'!F15 -> Fibra Optica | F13: ='RESUMEN TOTAL'!L15 -> 0 | G13: ='RESUMEN TOTAL'!M15 -> 0 | H13: ='RESUMEN TOTAL'!N15 -> 0 | I13: ='RESUMEN TOTAL'!O15 -> 0 | J13: ='RESUMEN TOTAL'!P15 -> 0 | K13: ='RESUMEN TOTAL'!Q15 -> 0 | L13: ='RESUMEN TOTAL'!R15 -> 0 | M13: ='RESUMEN TOTAL'!S15 -> 0 | ... AI13: ='RESUMEN TOTAL'!AO15 -> 0
A14: ='RESUMEN TOTAL'!A16 -> BELGRANO | B14: ='RESUMEN TOTAL'!B16 -> BEL 01 | C14: ='RESUMEN TOTAL'!D16 -> San Martin y Dardo Rocha | D14: ='RESUMEN TOTAL'!E16 -> DOMO | E14: ='RESUMEN TOTAL'!F16 -> Fibra Optica | F14: ='RESUMEN TOTAL'!L16 -> 0 | G14: ='RESUMEN TOTAL'!M16 -> 0 | H14: ='RESUMEN TOTAL'!N16 -> 0 | I14: ='RESUMEN TOTAL'!O16 -> 0 | J14: ='RESUMEN TOTAL'!P16 -> 0 | K14: ='RESUMEN TOTAL'!Q16 -> 0 | L14: ='RESUMEN TOTAL'!R16 -> 0 | M14: ='RESUMEN TOTAL'!S16 -> 0 | ... AI14: ='RESUMEN TOTAL'!AO16 -> 0
A15: ='RESUMEN TOTAL'!A17 -> BELGRANO | B15: ='RESUMEN TOTAL'!B17 -> BEL 02 | C15: ='RESUMEN TOTAL'!D17 -> Guardia vieja y Fronteriz | D15: ='RESUMEN TOTAL'!E17 -> DOMO | E15: ='RESUMEN TOTAL'!F17 -> Fibra Optica | F15: ='RESUMEN TOTAL'!L17 -> 0 | G15: ='RESUMEN TOTAL'!M17 -> 0 | H15: ='RESUMEN TOTAL'!N17 -> 0 | I15: ='RESUMEN TOTAL'!O17 -> 0 | J15: ='RESUMEN TOTAL'!P17 -> 0 | K15: ='RESUMEN TOTAL'!Q17 -> 0 | L15: ='RESUMEN TOTAL'!R17 -> 0 | M15: ='RESUMEN TOTAL'!S17 -> 0 | ... AI15: ='RESUMEN TOTAL'!AO17 -> 0
... A21: ='RESUMEN TOTAL'!A23 -> BOSQUES CENTRO | B21: ='RESUMEN TOTAL'!B23 -> BOSQC 06 | C21: ='RESUMEN TOTAL'!D23 -> LUIS AGOTE Y RUTA 36 | D21: ='RESUMEN TOTAL'!E23 -> Fija | E21: ='RESUMEN TOTAL'!F23 -> Radio | F21: ='RESUMEN TOTAL'!L23 -> 0 | G21: ='RESUMEN TOTAL'!M23 -> 0 | H21: ='RESUMEN TOTAL'!N23 -> 0 | I21: ='RESUMEN TOTAL'!O23 -> 0 | J21: ='RESUMEN TOTAL'!P23 -> 0 | K21: ='RESUMEN TOTAL'!Q23 -> 0 | L21: ='RESUMEN TOTAL'!R23 -> 0 | M21: ='RESUMEN TOTAL'!S23 -> 0 | ... AI21: ='RESUMEN TOTAL'!AO23 -> 0
A22: ='RESUMEN TOTAL'!A26 -> CENTRO | B22: ='RESUMEN TOTAL'!B26 -> CEN01 | C22: ='RESUMEN TOTAL'!D26 -> San Martin y 9 de Julio | D22: ='RESUMEN TOTAL'!E26 -> Fija | E22: ='RESUMEN TOTAL'!F26 -> Fibra Optica | F22: ='RESUMEN TOTAL'!L26 -> APAGADO | G22: ='RESUMEN TOTAL'!M26 -> APAGADO | H22: ='RESUMEN TOTAL'!N26 -> APAGADO | I22: ='RESUMEN TOTAL'!O26 -> 0 | J22: ='RESUMEN TOTAL'!P26 -> APAGADO | K22: ='RESUMEN TOTAL'!Q26 -> APAGADO | L22: ='RESUMEN TOTAL'!R26 -> APAGADO | M22: ='RESUMEN TOTAL'!S26 -> APAGADO | ... AI22: ='RESUMEN TOTAL'!AO26 -> 0
A23: ='RESUMEN TOTAL'!A27 -> CENTRO | B23: ='RESUMEN TOTAL'!B27 -> CEN02 | C23: ='RESUMEN TOTAL'!D27 -> San Martin y Almafuerte | D23: ='RESUMEN TOTAL'!E27 -> Fija | E23: ='RESUMEN TOTAL'!F27 -> Fibra Optica | F23: ='RESUMEN TOTAL'!L27 -> APAGADO | G23: ='RESUMEN TOTAL'!M27 -> APAGADO | H23: ='RESUMEN TOTAL'!N27 -> APAGADO | I23: ='RESUMEN TOTAL'!O27 -> 0 | J23: ='RESUMEN TOTAL'!P27 -> APAGADO | K23: ='RESUMEN TOTAL'!Q27 -> APAGADO | L23: ='RESUMEN TOTAL'!R27 -> APAGADO | M23: ='RESUMEN TOTAL'!S27 -> APAGADO | ... AI23: ='RESUMEN TOTAL'!AO27 -> 0
A24: ='RESUMEN TOTAL'!A28 -> CENTRO | B24: ='RESUMEN TOTAL'!B28 -> CEN03 | C24: ='RESUMEN TOTAL'!D28 -> San Martin y Sallares | D24: ='RESUMEN TOTAL'!E28 -> Domo | E24: ='RESUMEN TOTAL'!F28 -> Fibra Optica | F24: ='RESUMEN TOTAL'!L28 -> 0 | G24: ='RESUMEN TOTAL'!M28 -> 0 | H24: ='RESUMEN TOTAL'!N28 -> 0 | I24: ='RESUMEN TOTAL'!O28 -> 0 | J24: ='RESUMEN TOTAL'!P28 -> 0 | K24: ='RESUMEN TOTAL'!Q28 -> 0 | L24: ='RESUMEN TOTAL'!R28 -> 0 | M24: ='RESUMEN TOTAL'!S28 -> 0 | ... AI24: ='RESUMEN TOTAL'!AO28 -> 0
A25: ='RESUMEN TOTAL'!A29 -> CENTRO | B25: ='RESUMEN TOTAL'!B29 -> CEN04 | C25: ='RESUMEN TOTAL'!D29 -> San Martin y Contreras | D25: ='RESUMEN TOTAL'!E29 -> Domo | E25: ='RESUMEN TOTAL'!F29 -> Fibra Optica | F25: ='RESUMEN TOTAL'!L29 -> 0 | G25: ='RESUMEN TOTAL'!M29 -> 0 | H25: ='RESUMEN TOTAL'!N29 -> 0 | I25: ='RESUMEN TOTAL'!O29 -> 0 | J25: ='RESUMEN TOTAL'!P29 -> 0 | K25: ='RESUMEN TOTAL'!Q29 -> 0 | L25: ='RESUMEN TOTAL'!R29 -> 0 | M25: ='RESUMEN TOTAL'!S29 -> 0 | ... AI25: ='RESUMEN TOTAL'!AO29 -> 0
A26: ='RESUMEN TOTAL'!A30 -> CENTRO | B26: ='RESUMEN TOTAL'!B30 -> CEN 05 | C26: ='RESUMEN TOTAL'!D30 -> Bocuzzi e/España y San Martin | D26: ='RESUMEN TOTAL'!E30 -> DOMO | E26: ='RESUMEN TOTAL'!F30 -> Fibra Optica | F26: ='RESUMEN TOTAL'!L30 -> 0 | G26: ='RESUMEN TOTAL'!M30 -> 0 | H26: ='RESUMEN TOTAL'!N30 -> 0 | I26: ='RESUMEN TOTAL'!O30 -> 0 | J26: ='RESUMEN TOTAL'!P30 -> 0 | K26: ='RESUMEN TOTAL'!Q30 -> 0 | L26: ='RESUMEN TOTAL'!R30 -> 0 | M26: ='RESUMEN TOTAL'!S30 -> 0 | ... AI26: ='RESUMEN TOTAL'!AO30 -> 0
A27: ='RESUMEN TOTAL'!A31 -> CENTRO | B27: ='RESUMEN TOTAL'!B31 -> CEN06 | C27: ='RESUMEN TOTAL'!D31 -> Monteagudo y A.del Valle | D27: ='RESUMEN TOTAL'!E31 -> Fija | E27: ='RESUMEN TOTAL'!F31 -> Fibra Optica | F27: ='RESUMEN TOTAL'!L31 -> 0 | G27: ='RESUMEN TOTAL'!M31 -> 0 | H27: ='RESUMEN TOTAL'!N31 -> 0 | I27: ='RESUMEN TOTAL'!O31 -> 0 | J27: ='RESUMEN TOTAL'!P31 -> 0 | K27: ='RESUMEN TOTAL'!Q31 -> 0 | L27: ='RESUMEN TOTAL'!R31 -> 0 | M27: ='RESUMEN TOTAL'!S31 -> 0 | ... AI27: ='RESUMEN TOTAL'!AO31 -> 0
A28: ='RESUMEN TOTAL'!A32 -> CENTRO | B28: ='RESUMEN TOTAL'!B32 -> CEN07 | C28: ='RESUMEN TOTAL'!D32 -> San Martin y Guemes | D28: ='RESUMEN TOTAL'!E32 -> DOMO | E28: ='RESUMEN TOTAL'!F32 -> Fibra Optica | F28: ='RESUMEN TOTAL'!L32 -> 0 | G28: ='RESUMEN TOTAL'!M32 -> 0 | H28: ='RESUMEN TOTAL'!N32 -> 0 | I28: ='RESUMEN TOTAL'!O32 -> 0 | J28: ='RESUMEN TOTAL'!P32 -> 0 | K28: ='RESUMEN TOTAL'!Q32 -> APAGADO | L28: ='RESUMEN TOTAL'!R32 -> 0 | M28: ='RESUMEN TOTAL'!S32 -> 0 | ... AI28: ='RESUMEN TOTAL'!AO32 -> 0
A29: ='RESUMEN TOTAL'!A33 -> CENTRO | B29: ='RESUMEN TOTAL'!B33 -> CEN08 | C29: ='RESUMEN TOTAL'!D33 -> San Martin y Pte.Peron | D29: ='RESUMEN TOTAL'!E33 -> Domo | E29: ='RESUMEN TOTAL'!F33 -> Fibra Optica | F29: ='RESUMEN TOTAL'!L33 -> 0 | G29: ='RESUMEN TOTAL'!M33 -> 0 | H29: ='RESUMEN TOTAL'!N33 -> 0 | I29: ='RESUMEN TOTAL'!O33 -> 0 | J29: ='RESUMEN TOTAL'!P33 -> 0 | K29: ='RESUMEN TOTAL'!Q33 -> 0 | L29: ='RESUMEN TOTAL'!R33 -> 0 | M29: ='RESUMEN TOTAL'!S33 -> 0 | ... AI29: ='RESUMEN TOTAL'!AO33 -> 0
A30: ='RESUMEN TOTAL'!A34 -> CENTRO | B30: ='RESUMEN TOTAL'!B34 -> CEN09 | C30: ='RESUMEN TOTAL'!D34 -> Chacabuco y 25 de Mayo | D30: ='RESUMEN TOTAL'!E34 -> Domo | E30: ='RESUMEN TOTAL'!F34 -> Fibra Optica | F30: ='RESUMEN TOTAL'!L34 -> 0 | G30: ='RESUMEN TOTAL'!M34 -> 0 | H30: ='RESUMEN TOTAL'!N34 -> 0 | I30: ='RESUMEN TOTAL'!O34 -> 0 | J30: ='RESUMEN TOTAL'!P34 -> 0 | K30: ='RESUMEN TOTAL'!Q34 -> 0 | L30: ='RESUMEN TOTAL'!R34 -> 0 | M30: ='RESUMEN TOTAL'!S34 -> 0 | ... AI30: ='RESUMEN TOTAL'!AO34 -> 0
A31: ='RESUMEN TOTAL'!A35 -> CENTRO | B31: ='RESUMEN TOTAL'!B35 -> CEN10 | C31: ='RESUMEN TOTAL'!D35 -> Monteagudo y Pte. Peron | D31: ='RESUMEN TOTAL'!E35 -> Domo | E31: ='RESUMEN TOTAL'!F35 -> Fibra Optica | F31: ='RESUMEN TOTAL'!L35 -> 0 | G31: ='RESUMEN TOTAL'!M35 -> 0 | H31: ='RESUMEN TOTAL'!N35 -> 0 | I31: ='RESUMEN TOTAL'!O35 -> 0 | J31: ='RESUMEN TOTAL'!P35 -> 0 | K31: ='RESUMEN TOTAL'!Q35 -> 0 | L31: ='RESUMEN TOTAL'!R35 -> 0 | M31: ='RESUMEN TOTAL'!S35 -> 0 | ... AI31: ='RESUMEN TOTAL'!AO35 -> 0
A32: ='RESUMEN TOTAL'!A36 -> CENTRO | B32: ='RESUMEN TOTAL'!B36 -> CEN11 | C32: ='RESUMEN TOTAL'!D36 -> Monteagudo y Bocuzzi | D32: ='RESUMEN TOTAL'!E36 -> Domo | E32: ='RESUMEN TOTAL'!F36 -> Fibra Optica | F32: ='RESUMEN TOTAL'!L36 -> 0 | G32: ='RESUMEN TOTAL'!M36 -> 0 | H32: ='RESUMEN TOTAL'!N36 -> 0 | I32: ='RESUMEN TOTAL'!O36 -> 0 | J32: ='RESUMEN TOTAL'!P36 -> 0 | K32: ='RESUMEN TOTAL'!Q36 -> 0 | L32: ='RESUMEN TOTAL'!R36 -> 0 | M32: ='RESUMEN TOTAL'!S36 -> 0 | ... AI32: ='RESUMEN TOTAL'!AO36 -> 0
A33: ='RESUMEN TOTAL'!A37 -> CENTRO | B33: ='RESUMEN TOTAL'!B37 -> CEN 12 | C33: ='RESUMEN TOTAL'!D37 -> Monteagudo y Mitre | D33: ='RESUMEN TOTAL'!E37 -> Domo | E33: ='RESUMEN TOTAL'!F37 -> Fibra Optica | F33: ='RESUMEN TOTAL'!L37 -> 0 | G33: ='RESUMEN TOTAL'!M37 -> 0 | H33: ='RESUMEN TOTAL'!N37 -> 0 | I33: ='RESUMEN TOTAL'!O37 -> 0 | J33: ='RESUMEN TOTAL'!P37 -> 0 | K33: ='RESUMEN TOTAL'!Q37 -> 0 | L33: ='RESUMEN TOTAL'!R37 -> 0 | M33: ='RESUMEN TOTAL'!S37 -> 0 | ... AI33: ='RESUMEN TOTAL'!AO37 -> 0
... A68: ='RESUMEN TOTAL'!A72 -> CENTRO | B68: ='RESUMEN TOTAL'!B72 -> CEN47 | C68: ='RESUMEN TOTAL'!D72 -> Sallares y Brown | D68: ='RESUMEN TOTAL'!E72 -> Domo | E68: ='RESUMEN TOTAL'!F72 -> Fibra Optica | F68: ='RESUMEN TOTAL'!L72 -> 0 | G68: ='RESUMEN TOTAL'!M72 -> 0 | H68: ='RESUMEN TOTAL'!N72 -> 0 | I68: ='RESUMEN TOTAL'!O72 -> 0 | J68: ='RESUMEN TOTAL'!P72 -> 0 | K68: ='RESUMEN TOTAL'!Q72 -> 0 | L68: ='RESUMEN TOTAL'!R72 -> 0 | M68: ='RESUMEN TOTAL'!S72 -> 0 | ... AI68: ='RESUMEN TOTAL'!AO72 -> 0
A69: ='RESUMEN TOTAL'!A73 -> CENTRO | B69: ='RESUMEN TOTAL'!B73 -> CEN48 | C69: ='RESUMEN TOTAL'!D73 -> Velez Sarsfield y Las Heras | D69: ='RESUMEN TOTAL'!E73 -> Domo | E69: ='RESUMEN TOTAL'!F73 -> Radio | F69: ='RESUMEN TOTAL'!L73 -> 0 | G69: ='RESUMEN TOTAL'!M73 -> 0 | H69: ='RESUMEN TOTAL'!N73 -> 0 | I69: ='RESUMEN TOTAL'!O73 -> 0 | J69: ='RESUMEN TOTAL'!P73 -> 0 | K69: ='RESUMEN TOTAL'!Q73 -> 0 | L69: ='RESUMEN TOTAL'!R73 -> 0 | M69: ='RESUMEN TOTAL'!S73 -> 0 | ... Z69: ='RESUMEN TOTAL'!AF73 -> 0 | AA69: ='RESUMEN TOTAL'!AG557 -> 0 | AB69: ='RESUMEN TOTAL'!AH73 -> 0 | AC69: ='RESUMEN TOTAL'!AI73 -> 0 | AD69: ='RESUMEN TOTAL'!AJ73 -> 0 | AE69: ='RESUMEN TOTAL'!AK73 -> 0 | AF69: ='RESUMEN TOTAL'!AL73 -> 0 | AG69: ='RESUMEN TOTAL'!AM73 -> 0 | AH69: ='RESUMEN TOTAL'!AN73 -> 0 | AI69: ='RESUMEN TOTAL'!AO73 -> 0
A70: ='RESUMEN TOTAL'!A74 -> CENTRO | B70: ='RESUMEN TOTAL'!B74 -> CEN49 | C70: ='RESUMEN TOTAL'!D74 -> Av. San Martin y Florencio Sanchez | D70: ='RESUMEN TOTAL'!E74 -> Domo | E70: ='RESUMEN TOTAL'!F74 -> Radio | F70: ='RESUMEN TOTAL'!L74 -> 0 | G70: ='RESUMEN TOTAL'!M74 -> 0 | H70: ='RESUMEN TOTAL'!N74 -> 0 | I70: ='RESUMEN TOTAL'!O74 -> 0 | J70: ='RESUMEN TOTAL'!P74 -> 0 | K70: ='RESUMEN TOTAL'!Q74 -> 0 | L70: ='RESUMEN TOTAL'!R74 -> 0 | M70: ='RESUMEN TOTAL'!S74 -> 0 | ... AI70: ='RESUMEN TOTAL'!AO74 -> 0
A71: ='RESUMEN TOTAL'!A75 -> CENTRO | B71: ='RESUMEN TOTAL'!B75 -> CEN 50 | C71: ='RESUMEN TOTAL'!D75 -> Av. San Martin y Newbery | D71: ='RESUMEN TOTAL'!E75 -> Domo | E71: ='RESUMEN TOTAL'!F75 -> Radio | F71: ='RESUMEN TOTAL'!L75 -> APAGADO | G71: ='RESUMEN TOTAL'!M75 -> APAGADO | H71: ='RESUMEN TOTAL'!N75 -> APAGADO | I71: ='RESUMEN TOTAL'!O75 -> 0 | J71: ='RESUMEN TOTAL'!P75 -> APAGADO | K71: ='RESUMEN TOTAL'!Q75 -> APAGADO | L71: ='RESUMEN TOTAL'!R75 -> APAGADO | M71: ='RESUMEN TOTAL'!S75 -> APAGADO | ... AI71: ='RESUMEN TOTAL'!AO75 -> 0
A72: ='RESUMEN TOTAL'!A76 -> CENTRO | B72: ='RESUMEN TOTAL'!B76 -> CEN 51 | C72: ='RESUMEN TOTAL'!D76 -> ILLIA Y LAS HERAS | D72: ='RESUMEN TOTAL'!E76 -> FIJA | E72: ='RESUMEN TOTAL'!F76 -> Fibra Optica | F72: ='RESUMEN TOTAL'!L76 -> 0 | G72: ='RESUMEN TOTAL'!M76 -> 0 | H72: ='RESUMEN TOTAL'!N76 -> 0 | I72: ='RESUMEN TOTAL'!O76 -> 0 | J72: ='RESUMEN TOTAL'!P76 -> 0 | K72: ='RESUMEN TOTAL'!Q76 -> 0 | L72: ='RESUMEN TOTAL'!R76 -> 0 | M72: ='RESUMEN TOTAL'!S76 -> 0 | ... AI72: ='RESUMEN TOTAL'!AO76 -> 0
A73: ='RESUMEN TOTAL'!A77 -> CENTRO | B73: ='RESUMEN TOTAL'!B77 -> CEN52 | C73: ='RESUMEN TOTAL'!D77 -> San Martin y Almafuerte (ex San Martin y Dorrego) | D73: ='RESUMEN TOTAL'!E77 -> DOMO | E73: ='RESUMEN TOTAL'!F77 -> Radio | F73: ='RESUMEN TOTAL'!L77 -> 0 | G73: ='RESUMEN TOTAL'!M77 -> 0 | H73: ='RESUMEN TOTAL'!N77 -> 0 | I73: ='RESUMEN TOTAL'!O77 -> 0 | J73: ='RESUMEN TOTAL'!P77 -> 0 | K73: ='RESUMEN TOTAL'!Q77 -> 0 | L73: ='RESUMEN TOTAL'!R77 -> 0 | M73: ='RESUMEN TOTAL'!S77 -> 0 | ... AI73: ='RESUMEN TOTAL'!AO77 -> 0
A74: ='RESUMEN TOTAL'!A78 -> CENTRO | B74: ='RESUMEN TOTAL'!B78 -> CEN 53 | C74: ='RESUMEN TOTAL'!D78 -> GUTIERREZ Y BROWN | D74: ='RESUMEN TOTAL'!E78 -> Domo | E74: ='RESUMEN TOTAL'!F78 -> Radio | F74: ='RESUMEN TOTAL'!L78 -> 0 | G74: ='RESUMEN TOTAL'!M78 -> 0 | H74: ='RESUMEN TOTAL'!N78 -> 0 | I74: ='RESUMEN TOTAL'!O78 -> 0 | J74: ='RESUMEN TOTAL'!P78 -> 0 | K74: ='RESUMEN TOTAL'!Q78 -> 0 | L74: ='RESUMEN TOTAL'!R78 -> 0 | M74: ='RESUMEN TOTAL'!S78 -> 0 | ... AI74: ='RESUMEN TOTAL'!AO78 -> 0
A75: ='RESUMEN TOTAL'!A79 -> CENTRO | B75: ='RESUMEN TOTAL'!B79 -> CEN 54 | C75: ='RESUMEN TOTAL'!D79 -> GUTIERREZ Y PRINGLES | D75: ='RESUMEN TOTAL'!E79 -> Domo | E75: ='RESUMEN TOTAL'!F79 -> Radio | F75: ='RESUMEN TOTAL'!L79 -> 0 | G75: ='RESUMEN TOTAL'!M79 -> 0 | H75: ='RESUMEN TOTAL'!N79 -> 0 | I75: ='RESUMEN TOTAL'!O79 -> 0 | J75: ='RESUMEN TOTAL'!P79 -> 0 | K75: ='RESUMEN TOTAL'!Q79 -> 0 | L75: ='RESUMEN TOTAL'!R79 -> 0 | M75: ='RESUMEN TOTAL'!S79 -> 0 | ... AI75: ='RESUMEN TOTAL'!AO79 -> 0
A76: ='RESUMEN TOTAL'!A80 -> CENTRO | B76: ='RESUMEN TOTAL'!B80 -> CEN 55 | C76: ='RESUMEN TOTAL'!D80 -> BOUREL Y URQUIZA | D76: ='RESUMEN TOTAL'!E80 -> Domo | E76: ='RESUMEN TOTAL'!F80 -> Radio | F76: ='RESUMEN TOTAL'!L80 -> 0 | G76: ='RESUMEN TOTAL'!M80 -> 0 | H76: ='RESUMEN TOTAL'!N80 -> 0 | I76: ='RESUMEN TOTAL'!O80 -> 0 | J76: ='RESUMEN TOTAL'!P80 -> 0 | K76: ='RESUMEN TOTAL'!Q80 -> 0 | L76: ='RESUMEN TOTAL'!R80 -> 0 | M76: ='RESUMEN TOTAL'!S80 -> 0 | ... AI76: ='RESUMEN TOTAL'!AO80 -> 0
A77: ='RESUMEN TOTAL'!A81 -> CENTRO | B77: ='RESUMEN TOTAL'!B81 -> CEN 56 | C77: ='RESUMEN TOTAL'!D81 -> Newbery y Falucho | D77: ='RESUMEN TOTAL'!E81 -> DOMO | E77: ='RESUMEN TOTAL'!F81 -> Radio | F77: ='RESUMEN TOTAL'!L81 -> 0 | G77: ='RESUMEN TOTAL'!M81 -> 0 | H77: ='RESUMEN TOTAL'!N81 -> 0 | I77: ='RESUMEN TOTAL'!O81 -> 0 | J77: ='RESUMEN TOTAL'!P81 -> 0 | K77: ='RESUMEN TOTAL'!Q81 -> 0 | L77: ='RESUMEN TOTAL'!R81 -> 0 | M77: ='RESUMEN TOTAL'!S81 -> 0 | ... AI77: ='RESUMEN TOTAL'!AO81 -> 0
A78: ='RESUMEN TOTAL'!A82 -> CENTRO | B78: ='RESUMEN TOTAL'!B82 -> CEN 57 | C78: ='RESUMEN TOTAL'!D82 -> 25 DE MAYO Y DORREGO | D78: ='RESUMEN TOTAL'!E82 -> DOMO | E78: ='RESUMEN TOTAL'!F82 -> Radio | F78: ='RESUMEN TOTAL'!L82 -> 0 | G78: ='RESUMEN TOTAL'!M82 -> 0 | H78: ='RESUMEN TOTAL'!N82 -> 0 | I78: ='RESUMEN TOTAL'!O82 -> 0 | J78: ='RESUMEN TOTAL'!P82 -> 0 | K78: ='RESUMEN TOTAL'!Q82 -> 0 | L78: ='RESUMEN TOTAL'!R82 -> 0 | M78: ='RESUMEN TOTAL'!S82 -> 0 | ... AI78: ='RESUMEN TOTAL'!AO82 -> 0
A79: ='RESUMEN TOTAL'!A83 -> CENTRO | B79: ='RESUMEN TOTAL'!B83 -> CEN 58 | C79: ='RESUMEN TOTAL'!D83 -> EEUU Y MORENO | D79: ='RESUMEN TOTAL'!E83 -> DOMO | E79: ='RESUMEN TOTAL'!F83 -> Fibra Optica | F79: ='RESUMEN TOTAL'!L83 -> 0 | G79: ='RESUMEN TOTAL'!M83 -> 0 | H79: ='RESUMEN TOTAL'!N83 -> 0 | I79: ='RESUMEN TOTAL'!O83 -> 0 | J79: ='RESUMEN TOTAL'!P83 -> 0 | K79: ='RESUMEN TOTAL'!Q83 -> 0 | L79: ='RESUMEN TOTAL'!R83 -> 0 | M79: ='RESUMEN TOTAL'!S83 -> 0 | ... AI79: ='RESUMEN TOTAL'!AO83 -> 0
A80: ='RESUMEN TOTAL'!A84 -> CENTRO | B80: ='RESUMEN TOTAL'!B84 -> CEN59 | C80: ='RESUMEN TOTAL'!D84 -> CHACABUCO Y BOUREL | D80: ='RESUMEN TOTAL'!E84 -> DOMO | E80: ='RESUMEN TOTAL'!F84 -> Radio | F80: ='RESUMEN TOTAL'!L84 -> 0 | G80: ='RESUMEN TOTAL'!M84 -> 0 | H80: ='RESUMEN TOTAL'!N84 -> 0 | I80: ='RESUMEN TOTAL'!O84 -> 0 | J80: ='RESUMEN TOTAL'!P84 -> 0 | K80: ='RESUMEN TOTAL'!Q84 -> 0 | L80: ='RESUMEN TOTAL'!R84 -> 0 | M80: ='RESUMEN TOTAL'!S84 -> 0 | ... AI80: ='RESUMEN TOTAL'!AO84 -> 0
A81: ='RESUMEN TOTAL'!A85 -> CENTRO | B81: ='RESUMEN TOTAL'!B85 -> CEN 60 | C81: ='RESUMEN TOTAL'!D85 -> RECONQUISTA Y ILLIA | D81: ='RESUMEN TOTAL'!E85 -> DOMO | E81: ='RESUMEN TOTAL'!F85 -> PTO A FO | F81: ='RESUMEN TOTAL'!L85 -> 0 | G81: ='RESUMEN TOTAL'!M85 -> 0 | H81: ='RESUMEN TOTAL'!N85 -> 0 | I81: ='RESUMEN TOTAL'!O85 -> 0 | J81: ='RESUMEN TOTAL'!P85 -> 0 | K81: ='RESUMEN TOTAL'!Q85 -> 0 | L81: ='RESUMEN TOTAL'!R85 -> 0 | M81: ='RESUMEN TOTAL'!S85 -> 0 | ... AI81: ='RESUMEN TOTAL'!AO85 -> 0
... A107: ='RESUMEN TOTAL'!A111 -> CENTRO | B107: ='RESUMEN TOTAL'!B111 -> CEN 86 | C107: ='RESUMEN TOTAL'!D111 -> Monteagudo y Bocuzzi | D107: ='RESUMEN TOTAL'!E111 -> Fija | E107: ='RESUMEN TOTAL'!F111 -> Fibra Optica | F107: ='RESUMEN TOTAL'!L111 -> 0 | G107: ='RESUMEN TOTAL'!M111 -> 0 | H107: ='RESUMEN TOTAL'!N111 -> 0 | I107: ='RESUMEN TOTAL'!O111 -> 0 | J107: ='RESUMEN TOTAL'!P111 -> 0 | K107: ='RESUMEN TOTAL'!Q111 -> 0 | L107: ='RESUMEN TOTAL'!R111 -> 0 | M107: ='RESUMEN TOTAL'!S111 -> 0 | ... AI107: ='RESUMEN TOTAL'!AO111 -> 0
A108: ='RESUMEN TOTAL'!A113 -> SAN NICOLAS | B108: ='RESUMEN TOTAL'!B113 -> CHA01 | C108: ='RESUMEN TOTAL'!D113 -> Novak y Pte Illia | D108: ='RESUMEN TOTAL'!E113 -> Domo | E108: ='RESUMEN TOTAL'!F113 -> Radio | F108: ='RESUMEN TOTAL'!L113 -> 0 | G108: ='RESUMEN TOTAL'!M113 -> 0 | H108: ='RESUMEN TOTAL'!N113 -> 0 | I108: ='RESUMEN TOTAL'!O113 -> 0 | J108: ='RESUMEN TOTAL'!P113 -> 0 | K108: ='RESUMEN TOTAL'!Q113 -> 0 | L108: ='RESUMEN TOTAL'!R113 -> 0 | M108: ='RESUMEN TOTAL'!S113 -> 0 | ... AI108: ='RESUMEN TOTAL'!AO113 -> 0
A109: ='RESUMEN TOTAL'!A114 -> CHACABUCO | B109: ='RESUMEN TOTAL'!B114 -> CHA02 | C109: ='RESUMEN TOTAL'!D114 -> Pte. Illia y Posadas | D109: ='RESUMEN TOTAL'!E114 -> Domo | E109: ='RESUMEN TOTAL'!F114 -> Radio | F109: ='RESUMEN TOTAL'!L114 -> 0 | G109: ='RESUMEN TOTAL'!M114 -> 0 | H109: ='RESUMEN TOTAL'!N114 -> 0 | I109: ='RESUMEN TOTAL'!O114 -> 0 | J109: ='RESUMEN TOTAL'!P114 -> 0 | K109: ='RESUMEN TOTAL'!Q114 -> 0 | L109: ='RESUMEN TOTAL'!R114 -> 0 | M109: ='RESUMEN TOTAL'!S114 -> 0 | ... AI109: ='RESUMEN TOTAL'!AO114 -> 0
A110: ='RESUMEN TOTAL'!A115 -> CHACABUCO | B110: ='RESUMEN TOTAL'!B115 -> CHA03 | C110: ='RESUMEN TOTAL'!D115 -> MAIPU Y ALVAREZ THOMAS | D110: ='RESUMEN TOTAL'!E115 -> DOMO | E110: ='RESUMEN TOTAL'!F115 -> Fibra Optica | F110: ='RESUMEN TOTAL'!L115 -> 0 | G110: ='RESUMEN TOTAL'!M115 -> 0 | H110: ='RESUMEN TOTAL'!N115 -> 0 | I110: ='RESUMEN TOTAL'!O115 -> 0 | J110: ='RESUMEN TOTAL'!P115 -> 0 | K110: ='RESUMEN TOTAL'!Q115 -> 0 | L110: ='RESUMEN TOTAL'!R115 -> 0 | M110: ='RESUMEN TOTAL'!S115 -> 0 | ... AI110: ='RESUMEN TOTAL'!AO115 -> 0
A111: ='RESUMEN TOTAL'!A116 -> CHACABUCO | B111: ='RESUMEN TOTAL'!B116 -> CHA04 | C111: ='RESUMEN TOTAL'!D116 -> ESTADOS UNIDOS DE A. E ILLIA | D111: ='RESUMEN TOTAL'!E116 -> DOMO | E111: ='RESUMEN TOTAL'!F116 -> Fibra Optica | F111: ='RESUMEN TOTAL'!L116 -> 0 | G111: ='RESUMEN TOTAL'!M116 -> 0 | H111: ='RESUMEN TOTAL'!N116 -> 0 | I111: ='RESUMEN TOTAL'!O116 -> 0 | J111: ='RESUMEN TOTAL'!P116 -> 0 | K111: ='RESUMEN TOTAL'!Q116 -> 0 | L111: ='RESUMEN TOTAL'!R116 -> 0 | M111: ='RESUMEN TOTAL'!S116 -> 0 | ... AI111: ='RESUMEN TOTAL'!AO116 -> 0
A112: ='RESUMEN TOTAL'!A117 -> VILLA MONICA NUEVA | B112: ='RESUMEN TOTAL'!B117 -> COL01 | C112: ='RESUMEN TOTAL'!D117 -> Eva Peron y Cariboni | D112: ='RESUMEN TOTAL'!E117 -> Domo | E112: ='RESUMEN TOTAL'!F117 -> Radio | F112: ='RESUMEN TOTAL'!L117 -> 0 | G112: ='RESUMEN TOTAL'!M117 -> 0 | H112: ='RESUMEN TOTAL'!N117 -> 0 | I112: ='RESUMEN TOTAL'!O117 -> 0 | J112: ='RESUMEN TOTAL'!P117 -> 0 | K112: ='RESUMEN TOTAL'!Q117 -> 0 | L112: ='RESUMEN TOTAL'!R117 -> 0 | M112: ='RESUMEN TOTAL'!S117 -> 0 | ... AI112: ='RESUMEN TOTAL'!AO117 -> 0
A113: ='RESUMEN TOTAL'!A118 -> LA COLORADA ESTE | B113: ='RESUMEN TOTAL'!B118 -> COL02 | C113: ='RESUMEN TOTAL'!D118 -> Av. Eva Peron y Pompeya | D113: ='RESUMEN TOTAL'!E118 -> Domo | E113: ='RESUMEN TOTAL'!F118 -> Radio | F113: ='RESUMEN TOTAL'!L118 -> 0 | G113: ='RESUMEN TOTAL'!M118 -> 0 | H113: ='RESUMEN TOTAL'!N118 -> 0 | I113: ='RESUMEN TOTAL'!O118 -> 0 | J113: ='RESUMEN TOTAL'!P118 -> 0 | K113: ='RESUMEN TOTAL'!Q118 -> 0 | L113: ='RESUMEN TOTAL'!R118 -> 0 | M113: ='RESUMEN TOTAL'!S118 -> 0 | ... AI113: ='RESUMEN TOTAL'!AO118 -> 0
A114: ='RESUMEN TOTAL'!A119 -> LA COLORADA ESTE | B114: ='RESUMEN TOTAL'!B119 -> COL 03 | C114: ='RESUMEN TOTAL'!D119 -> CARIBONI Y LA ANCIANIDAD | D114: ='RESUMEN TOTAL'!E119 -> DOMO | E114: ='RESUMEN TOTAL'!F119 -> Radio | F114: ='RESUMEN TOTAL'!L119 -> 0 | G114: ='RESUMEN TOTAL'!M119 -> 0 | H114: ='RESUMEN TOTAL'!N119 -> 0 | I114: ='RESUMEN TOTAL'!O119 -> 0 | J114: ='RESUMEN TOTAL'!P119 -> 0 | K114: ='RESUMEN TOTAL'!Q119 -> 0 | L114: ='RESUMEN TOTAL'!R119 -> 0 | M114: ='RESUMEN TOTAL'!S119 -> 0 | ... AI114: ='RESUMEN TOTAL'!AO119 -> 0
A115: ='RESUMEN TOTAL'!A120 -> LA COLORADA ESTE | B115: ='RESUMEN TOTAL'!B120 -> COL 04 | C115: ='RESUMEN TOTAL'!D120 -> EVA PERON Y SAVIO | D115: ='RESUMEN TOTAL'!E120 -> Domo | E115: ='RESUMEN TOTAL'!F120 -> Fibra Optica | F115: ='RESUMEN TOTAL'!L120 -> 0 | G115: ='RESUMEN TOTAL'!M120 -> 0 | H115: ='RESUMEN TOTAL'!N120 -> 0 | I115: ='RESUMEN TOTAL'!O120 -> 0 | J115: ='RESUMEN TOTAL'!P120 -> 0 | K115: ='RESUMEN TOTAL'!Q120 -> 0 | L115: ='RESUMEN TOTAL'!R120 -> 0 | M115: ='RESUMEN TOTAL'!S120 -> 0 | ... AI115: ='RESUMEN TOTAL'!AO120 -> 0
A116: ='RESUMEN TOTAL'!A121 -> DON JOSE | B116: ='RESUMEN TOTAL'!B121 -> DJO01 | C116: ='RESUMEN TOTAL'!D121 -> Monteverde y Donato Alvarez | D116: ='RESUMEN TOTAL'!E121 -> Domo | E116: ='RESUMEN TOTAL'!F121 -> Radio | F116: ='RESUMEN TOTAL'!L121 -> 0 | G116: ='RESUMEN TOTAL'!M121 -> 0 | H116: ='RESUMEN TOTAL'!N121 -> 0 | I116: ='RESUMEN TOTAL'!O121 -> 0 | J116: ='RESUMEN TOTAL'!P121 -> 0 | K116: ='RESUMEN TOTAL'!Q121 -> APAGADO | L116: ='RESUMEN TOTAL'!R121 -> 0 | M116: ='RESUMEN TOTAL'!S121 -> 0 | ... AI116: ='RESUMEN TOTAL'!AO121 -> 0
A117: ='RESUMEN TOTAL'!A122 -> DON JOSE | B117: ='RESUMEN TOTAL'!B122 -> DJO 02 (fija 1) | C117: ='RESUMEN TOTAL'!D122 -> DONATO ALVAREZ Y EL APERO | D117: ='RESUMEN TOTAL'!E122 -> Fija | E117: ='RESUMEN TOTAL'!F122 -> PTO A FO | F117: ='RESUMEN TOTAL'!L122 -> 0 | G117: ='RESUMEN TOTAL'!M122 -> 0 | H117: ='RESUMEN TOTAL'!N122 -> 0 | I117: ='RESUMEN TOTAL'!O122 -> 0 | J117: ='RESUMEN TOTAL'!P122 -> 0 | K117: ='RESUMEN TOTAL'!Q122 -> 0 | L117: ='RESUMEN TOTAL'!R122 -> 0 | M117: ='RESUMEN TOTAL'!S122 -> 0 | ... AI117: ='RESUMEN TOTAL'!AO122 -> 0
A118: ='RESUMEN TOTAL'!A123 -> DON JOSE | B118: ='RESUMEN TOTAL'!B123 -> DJO 03 (fija 2) | C118: ='RESUMEN TOTAL'!D123 -> DONATO ALVAREZ Y EL APERO | D118: ='RESUMEN TOTAL'!E123 -> Fija | E118: ='RESUMEN TOTAL'!F123 -> PTO A FO | F118: ='RESUMEN TOTAL'!L123 -> 0 | G118: ='RESUMEN TOTAL'!M123 -> 0 | H118: ='RESUMEN TOTAL'!N123 -> 0 | I118: ='RESUMEN TOTAL'!O123 -> 0 | J118: ='RESUMEN TOTAL'!P123 -> 0 | K118: ='RESUMEN TOTAL'!Q123 -> 0 | L118: ='RESUMEN TOTAL'!R123 -> 0 | M118: ='RESUMEN TOTAL'!S123 -> 0 | ... AI118: ='RESUMEN TOTAL'!AO123 -> 0
A119: ='RESUMEN TOTAL'!A124 -> DON JOSE | B119: ='RESUMEN TOTAL'!B124 -> DJO 04 (Fija 1) | C119: ='RESUMEN TOTAL'!D124 -> MONTEVERDE Y EL INDIO | D119: ='RESUMEN TOTAL'!E124 -> Fija | E119: ='RESUMEN TOTAL'!F124 -> PTO A FO | F119: ='RESUMEN TOTAL'!L124 -> 0 | G119: ='RESUMEN TOTAL'!M124 -> 0 | H119: ='RESUMEN TOTAL'!N124 -> 0 | I119: ='RESUMEN TOTAL'!O124 -> 0 | J119: ='RESUMEN TOTAL'!P124 -> 0 | K119: ='RESUMEN TOTAL'!Q124 -> 0 | L119: ='RESUMEN TOTAL'!R124 -> 0 | M119: ='RESUMEN TOTAL'!S124 -> 0 | ... AI119: ='RESUMEN TOTAL'!AO124 -> 0
... A122: ='RESUMEN TOTAL'!A127 -> DON JOSE | B122: ='RESUMEN TOTAL'!B127 -> DJ 07 | C122: ='RESUMEN TOTAL'!D127 -> Calle 414 y El Indio | D122: ='RESUMEN TOTAL'!E127 -> Fija | E122: ='RESUMEN TOTAL'!F127 -> PTO A FO | F122: ='RESUMEN TOTAL'!L127 -> 0 | G122: ='RESUMEN TOTAL'!M127 -> 0 | H122: ='RESUMEN TOTAL'!N127 -> 0 | I122: ='RESUMEN TOTAL'!O127 -> 0 | J122: ='RESUMEN TOTAL'!P127 -> 0 | K122: ='RESUMEN TOTAL'!Q127 -> 0 | L122: ='RESUMEN TOTAL'!R127 -> 0 | M122: ='RESUMEN TOTAL'!S127 -> 0 | ... AI122: ='RESUMEN TOTAL'!AO127 -> 0
A123: ='RESUMEN TOTAL'!A130 -> EL PARQUE | B123: ='RESUMEN TOTAL'!B130 -> EPQ 01 | C123: ='RESUMEN TOTAL'!D130 -> 1282 Y GRIERSON | D123: ='RESUMEN TOTAL'!E130 -> DOMO | E123: ='RESUMEN TOTAL'!F130 -> Fibra Optica | F123: ='RESUMEN TOTAL'!L130 -> 0 | G123: ='RESUMEN TOTAL'!M130 -> 0 | H123: ='RESUMEN TOTAL'!N130 -> 0 | I123: ='RESUMEN TOTAL'!O130 -> 0 | J123: ='RESUMEN TOTAL'!P130 -> 0 | K123: ='RESUMEN TOTAL'!Q130 -> 0 | L123: ='RESUMEN TOTAL'!R130 -> 0 | M123: ='RESUMEN TOTAL'!S130 -> 0 | ... AI123: ='RESUMEN TOTAL'!AO130 -> 0
A124: ='RESUMEN TOTAL'!A131 -> EL PARQUE | B124: ='RESUMEN TOTAL'!B131 -> EPQ 02 | C124: ='RESUMEN TOTAL'!D131 -> 1282 Y MASSE | D124: ='RESUMEN TOTAL'!E131 -> DOMO | E124: ='RESUMEN TOTAL'!F131 -> Fibra Optica | F124: ='RESUMEN TOTAL'!L131 -> 0 | G124: ='RESUMEN TOTAL'!M131 -> 0 | H124: ='RESUMEN TOTAL'!N131 -> 0 | I124: ='RESUMEN TOTAL'!O131 -> 0 | J124: ='RESUMEN TOTAL'!P131 -> 0 | K124: ='RESUMEN TOTAL'!Q131 -> 0 | L124: ='RESUMEN TOTAL'!R131 -> 0 | M124: ='RESUMEN TOTAL'!S131 -> 0 | ... AI124: ='RESUMEN TOTAL'!AO131 -> 0
A125: ='RESUMEN TOTAL'!A132 -> EL PARQUE | B125: ='RESUMEN TOTAL'!B132 -> EPQ 03 | C125: ='RESUMEN TOTAL'!D132 -> 1282 Y RP 36 | D125: ='RESUMEN TOTAL'!E132 -> Domo | E125: ='RESUMEN TOTAL'!F132 -> Fibra Optica | F125: ='RESUMEN TOTAL'!L132 -> APAGADO | G125: ='RESUMEN TOTAL'!M132 -> APAGADO | H125: ='RESUMEN TOTAL'!N132 -> APAGADO | I125: ='RESUMEN TOTAL'!O132 -> 0 | J125: ='RESUMEN TOTAL'!P132 -> APAGADO | K125: ='RESUMEN TOTAL'!Q132 -> APAGADO | L125: ='RESUMEN TOTAL'!R132 -> APAGADO | M125: ='RESUMEN TOTAL'!S132 -> APAGADO | ... AI125: ='RESUMEN TOTAL'!AO132 -> 0
A126: ='RESUMEN TOTAL'!A133 -> EL PARQUE | B126: ='RESUMEN TOTAL'!B133 -> EPQ 04 | C126: ='RESUMEN TOTAL'!D133 -> 1282 Y MORENO | D126: ='RESUMEN TOTAL'!E133 -> DOMO | E126: ='RESUMEN TOTAL'!F133 -> Fibra Optica | F126: ='RESUMEN TOTAL'!L133 -> 0 | G126: ='RESUMEN TOTAL'!M133 -> 0 | H126: ='RESUMEN TOTAL'!N133 -> 0 | I126: ='RESUMEN TOTAL'!O133 -> 0 | J126: ='RESUMEN TOTAL'!P133 -> 0 | K126: ='RESUMEN TOTAL'!Q133 -> 0 | L126: ='RESUMEN TOTAL'!R133 -> 0 | M126: ='RESUMEN TOTAL'!S133 -> 0 | ... AI126: ='RESUMEN TOTAL'!AO133 -> 0
A127: ='RESUMEN TOTAL'!A134 -> LA ESMERALDA | B127: ='RESUMEN TOTAL'!B134 -> ESM01 | C127: ='RESUMEN TOTAL'!D134 -> Cabello y Brasil | D127: ='RESUMEN TOTAL'!E134 -> Domo | E127: ='RESUMEN TOTAL'!F134 -> Radio | F127: ='RESUMEN TOTAL'!L134 -> 0 | G127: ='RESUMEN TOTAL'!M134 -> 0 | H127: ='RESUMEN TOTAL'!N134 -> 0 | I127: ='RESUMEN TOTAL'!O134 -> 0 | J127: ='RESUMEN TOTAL'!P134 -> 0 | K127: ='RESUMEN TOTAL'!Q134 -> 0 | L127: ='RESUMEN TOTAL'!R134 -> 0 | M127: ='RESUMEN TOTAL'!S134 -> 0 | ... AI127: ='RESUMEN TOTAL'!AO134 -> 0
A128: ='RESUMEN TOTAL'!A135 -> SAN JORGE | B128: ='RESUMEN TOTAL'!B135 -> ESM02 | C128: ='RESUMEN TOTAL'!D135 -> Novak y Cabello | D128: ='RESUMEN TOTAL'!E135 -> Domo | E128: ='RESUMEN TOTAL'!F135 -> PTO A FO | F128: ='RESUMEN TOTAL'!L135 -> 0 | G128: ='RESUMEN TOTAL'!M135 -> 0 | H128: ='RESUMEN TOTAL'!N135 -> 0 | I128: ='RESUMEN TOTAL'!O135 -> 0 | J128: ='RESUMEN TOTAL'!P135 -> 0 | K128: ='RESUMEN TOTAL'!Q135 -> 0 | L128: ='RESUMEN TOTAL'!R135 -> 0 | M128: ='RESUMEN TOTAL'!S135 -> 0 | ... AI128: ='RESUMEN TOTAL'!AO135 -> 0
A129: ='RESUMEN TOTAL'!A136 -> SAN JORGE | B129: ='RESUMEN TOTAL'!B136 -> ESM03 | C129: ='RESUMEN TOTAL'!D136 -> Novak y Humahuaca | D129: ='RESUMEN TOTAL'!E136 -> DOMO | E129: ='RESUMEN TOTAL'!F136 -> PTO A FO | F129: ='RESUMEN TOTAL'!L136 -> 0 | G129: ='RESUMEN TOTAL'!M136 -> 0 | H129: ='RESUMEN TOTAL'!N136 -> 0 | I129: ='RESUMEN TOTAL'!O136 -> 0 | J129: ='RESUMEN TOTAL'!P136 -> 0 | K129: ='RESUMEN TOTAL'!Q136 -> 0 | L129: ='RESUMEN TOTAL'!R136 -> 0 | M129: ='RESUMEN TOTAL'!S136 -> 0 | ... AI129: ='RESUMEN TOTAL'!AO136 -> 0
A130: ='RESUMEN TOTAL'!A137 -> LA ESMERALDA | B130: ='RESUMEN TOTAL'!B137 -> ESM04 | C130: ='RESUMEN TOTAL'!D137 -> Basualdo y Bengochea | D130: ='RESUMEN TOTAL'!E137 -> Domo | E130: ='RESUMEN TOTAL'!F137 -> Fibra Optica | F130: ='RESUMEN TOTAL'!L137 -> 0 | G130: ='RESUMEN TOTAL'!M137 -> 0 | H130: ='RESUMEN TOTAL'!N137 -> 0 | I130: ='RESUMEN TOTAL'!O137 -> 0 | J130: ='RESUMEN TOTAL'!P137 -> 0 | K130: ='RESUMEN TOTAL'!Q137 -> 0 | L130: ='RESUMEN TOTAL'!R137 -> 0 | M130: ='RESUMEN TOTAL'!S137 -> 0 | ... AI130: ='RESUMEN TOTAL'!AO137 -> 0
A131: ='RESUMEN TOTAL'!A138 -> LA ESMERALDA | B131: ='RESUMEN TOTAL'!B138 -> ESM05 | C131: ='RESUMEN TOTAL'!D138 -> Aniceto Diaz y Villar | D131: ='RESUMEN TOTAL'!E138 -> Domo | E131: ='RESUMEN TOTAL'!F138 -> Fibra Optica | F131: ='RESUMEN TOTAL'!L138 -> 0 | G131: ='RESUMEN TOTAL'!M138 -> 0 | H131: ='RESUMEN TOTAL'!N138 -> 0 | I131: ='RESUMEN TOTAL'!O138 -> 0 | J131: ='RESUMEN TOTAL'!P138 -> 0 | K131: ='RESUMEN TOTAL'!Q138 -> 0 | L131: ='RESUMEN TOTAL'!R138 -> 0 | M131: ='RESUMEN TOTAL'!S138 -> 0 | ... AI131: ='RESUMEN TOTAL'!AO138 -> 0
A132: ='RESUMEN TOTAL'!A139 -> LA ESMERALDA | B132: ='RESUMEN TOTAL'!B139 -> ESM06 | C132: ='RESUMEN TOTAL'!D139 -> Roselli y Cabello | D132: ='RESUMEN TOTAL'!E139 -> Domo | E132: ='RESUMEN TOTAL'!F139 -> Radio | F132: ='RESUMEN TOTAL'!L139 -> 0 | G132: ='RESUMEN TOTAL'!M139 -> 0 | H132: ='RESUMEN TOTAL'!N139 -> 0 | I132: ='RESUMEN TOTAL'!O139 -> 0 | J132: ='RESUMEN TOTAL'!P139 -> 0 | K132: ='RESUMEN TOTAL'!Q139 -> 0 | L132: ='RESUMEN TOTAL'!R139 -> APAGADO | M132: ='RESUMEN TOTAL'!S139 -> APAGADO | ... AI132: ='RESUMEN TOTAL'!AO139 -> 0
A133: ='RESUMEN TOTAL'!A140 -> LA ESMERALDA | B133: ='RESUMEN TOTAL'!B140 -> ESM07 | C133: ='RESUMEN TOTAL'!D140 -> AV. NOVAK Y SERRANO | D133: ='RESUMEN TOTAL'!E140 -> DOMO | E133: ='RESUMEN TOTAL'!F140 -> PTO A FO | F133: ='RESUMEN TOTAL'!L140 -> 0 | G133: ='RESUMEN TOTAL'!M140 -> 0 | H133: ='RESUMEN TOTAL'!N140 -> 0 | I133: ='RESUMEN TOTAL'!O140 -> 0 | J133: ='RESUMEN TOTAL'!P140 -> 0 | K133: ='RESUMEN TOTAL'!Q140 -> 0 | L133: ='RESUMEN TOTAL'!R140 -> 0 | M133: ='RESUMEN TOTAL'!S140 -> 0 | ... AI133: ='RESUMEN TOTAL'!AO140 -> 0
A134: ='RESUMEN TOTAL'!A141 -> LA ESMERALDA | B134: ='RESUMEN TOTAL'!B141 -> ESM 08 | C134: ='RESUMEN TOTAL'!D141 -> DAVINSON Y MORANCHEL | D134: ='RESUMEN TOTAL'!E141 -> FIJA | E134: ='RESUMEN TOTAL'!F141 -> Radio | F134: ='RESUMEN TOTAL'!L141 -> APAGADO | G134: ='RESUMEN TOTAL'!M141 -> APAGADO | H134: ='RESUMEN TOTAL'!N141 -> APAGADO | I134: ='RESUMEN TOTAL'!O141 -> 0 | J134: ='RESUMEN TOTAL'!P141 -> 0 | K134: ='RESUMEN TOTAL'!Q141 -> 0 | L134: ='RESUMEN TOTAL'!R141 -> APAGADO | M134: ='RESUMEN TOTAL'!S141 -> APAGADO | ... AI134: ='RESUMEN TOTAL'!AO141 -> 0
... A172: ='RESUMEN TOTAL'!A179 -> LA PILETA | B172: ='RESUMEN TOTAL'!B179 -> LPI04 (fija 1) | C172: ='RESUMEN TOTAL'!D179 -> MAIPU Y POSADAS | D172: ='RESUMEN TOTAL'!E179 -> FIJA | E172: ='RESUMEN TOTAL'!F179 -> Fibra Optica | F172: ='RESUMEN TOTAL'!L179 -> 0 | G172: ='RESUMEN TOTAL'!M179 -> 0 | H172: ='RESUMEN TOTAL'!N179 -> 0 | I172: ='RESUMEN TOTAL'!O179 -> 0 | J172: ='RESUMEN TOTAL'!P179 -> 0 | K172: ='RESUMEN TOTAL'!Q179 -> 0 | L172: ='RESUMEN TOTAL'!R179 -> 0 | M172: ='RESUMEN TOTAL'!S179 -> 0 | ... AI172: ='RESUMEN TOTAL'!AO179 -> 0
A173: ='RESUMEN TOTAL'!A181 -> LOS PILARES | B173: ='RESUMEN TOTAL'!B181 -> LPR 01 | C173: ='RESUMEN TOTAL'!D181 -> EVA PERON E/ CACHEUTA Y 1406 | D173: ='RESUMEN TOTAL'!E181 -> DOMO | E173: ='RESUMEN TOTAL'!F181 -> Fibra Optica | F173: ='RESUMEN TOTAL'!L181 -> 0 | G173: ='RESUMEN TOTAL'!M181 -> 0 | H173: ='RESUMEN TOTAL'!N181 -> 0 | I173: ='RESUMEN TOTAL'!O181 -> 0 | J173: ='RESUMEN TOTAL'!P181 -> 0 | K173: ='RESUMEN TOTAL'!Q181 -> 0 | L173: ='RESUMEN TOTAL'!R181 -> 0 | M173: ='RESUMEN TOTAL'!S181 -> 0 | ... AI173: ='RESUMEN TOTAL'!AO181 -> 0
