Workbook
Name _25_de_agosto: 'RESUMEN TOTAL'!$A$7:$D$414
Name _25_de_agosto_3: 'RESUMEN TOTAL'!$A$7:$D$426
Name _30_mar: #REF!
Name BONOMOcam: Hoja1!$B$2
Name CANTIDAD_DE_CAMARAS: 'RESUMEN TOTAL'!$B$1
Name COSEIDIcam: Hoja1!$B$4

Sheet RESUMEN TOTAL
A1: CANTIDAD DE CAMARAS | B1: =COUNTA(B8:B646) -> 485 | D1: PORCIENTO DE CAIDAS | L1: =(L3)/(L2+L3) -> 0.12612613 | M1: =(M3)/(M2+M3) -> 0.10845588 | N1: =(N3)/(N2+N3) -> 0.106814 | O1: =(O3)/(O2+O3) -> 0.11657559 | P1: =(P3)/(P2+P3) -> 0.10845588 | Q1: =(Q3)/(Q2+Q3) -> 0.098513011 | R1: =(R3)/(R2+R3) -> 0.14612676 | S1: =(S3)/(S2+S3) -> 0.12296564 | ... X1: =(X3)/(X2+X3) -> 0.11978221 | Z1: =(Z3)/(Z2+Z3) -> 0 | AA1: =(AA3)/(AA2+AA3) -> 0 | AB1: =(AB3)/(AB2+AB3) -> 0.10351201 | AC1: =(AC3)/(AC2+AC3) -> 0.12296564 | AD1: =(AD3)/(AD2+AD3) -> 0.083175803 | AE1: =(AE3)/(AE2+AE3) -> 0.12296564 | AF1: =(AF3)/(AF2+AF3) -> 0.086629002 | AG1: =(AG3)/(AG2+AG3) -> 0.13392857 | ... AO1: =(AO3)/(AO2+AO3) -> 0
D2: FUNCIONAN | L2: =CANTIDAD_DE_CAMARAS -> 485 | M2: =CANTIDAD_DE_CAMARAS -> 485 | N2: =CANTIDAD_DE_CAMARAS -> 485 | O2: =CANTIDAD_DE_CAMARAS -> 485 | P2: =CANTIDAD_DE_CAMARAS -> 485 | Q2: =CANTIDAD_DE_CAMARAS -> 485 | R2: =CANTIDAD_DE_CAMARAS -> 485 | S2: =CANTIDAD_DE_CAMARAS -> 485 | ... AO2: =CANTIDAD_DE_CAMARAS -> 485
D3: CAIDAS | L3: =COUNTIF(L7:L646, "apagado") -> 70 | M3: =COUNTIF(M7:M646, "apagado") -> 59 | N3: =COUNTIF(N7:N646, "apagado") -> 58 | O3: =COUNTIF(O7:O646, "apagado") -> 64 | P3: =COUNTIF(P7:P646, "apagado") -> 59 | Q3: =COUNTIF(Q7:Q646, "apagado") -> 53 | R3: =COUNTIF(R7:R646, "apagado") -> 83 | S3: =COUNTIF(S7:S646, "apagado") -> 68 | ... AO3: =COUNTIF(AO7:AO646, "apagado") -> 0
D4: APAGADOS FIBRA | L4: =COUNTIFS(L8:L600, "=APAGADO",F8:F600,"=Fibra Optica") -> 42 | M4: =COUNTIFS(M8:M600, "=APAGADO",F8:F600,"=Fibra Optica") -> 36 | N4: =COUNTIFS(N8:N600, "=APAGADO",F8:F600,"=Fibra Optica") -> 35 | O4: =COUNTIFS(O8:O600, "=APAGADO",F8:F600,"=Fibra Optica") -> 44 | P4: =COUNTIFS(P8:P600, "=APAGADO",F8:F600,"=Fibra Optica") -> 35 | Q4: =COUNTIFS(Q8:Q600, "=APAGADO",F8:F600,"=Fibra Optica") -> 30 | R4: =COUNTIFS(R8:R600, "=APAGADO",F8:F600,"=Fibra Optica") -> 63 | S4: =COUNTIFS(S8:S600, "=APAGADO",F8:F600,"=Fibra Optica") -> 48 | T4: =COUNTIFS(T8:T600, "=APAGADO",F8:F600,"=Fibra Optica") -> 50 | U4: =COUNTIFS(U8:U600, "=APAGADO",F8:F600,"=Fibra Optica") -> 54 | V4: =COUNTIFS(V8:V600, "=APAGADO",F8:F600,"=Fibra Optica") -> 42 | W4: =COUNTIFS(W8:W600, "=APAGADO",F8:F600,"=Fibra Optica") -> 39 | X4: =COUNTIFS(X8:X600, "=APAGADO",F8:F600,"=Fibra Optica") -> 40 | Y4: =COUNTIFS(Y8:Y600, "=APAGADO",F8:F600,"=Fibra Optica") -> 0 | Z4: =COUNTIFS(Z8:Z600, "=APAGADO",F8:F600,"=Fibra Optica") -> 0 | AA4: =COUNTIFS(AA8:AA600, "=APAGADO",F8:F600,"=Fibra Optica") -> 0 | AB4: =COUNTIFS(AB8:AB600, "=APAGADO",F8:F600,"=Fibra Optica") -> 29 | AC4: =COUNTIFS(AC8:AC600, "=APAGADO",F8:F600,"=Fibra Optica") -> 47 | AD4: =COUNTIFS(AD8:AD600, "=APAGADO",F8:F600,"=Fibra Optica") -> 28 | AE4: =COUNTIFS(AE8:AE600, "=APAGADO",F8:F600,"=Fibra Optica") -> 52 | AF4: =COUNTIFS(AF8:AF600, "=APAGADO",F8:F600,"=Fibra Optica") -> 29 | AG4: =COUNTIFS(AG8:AG600, "=APAGADO",F8:F600,"=Fibra Optica") -> 56 | AH4: =COUNTIFS(AH8:AH600, "=APAGADO",F8:F600,"=Fibra Optica") -> 64 | AI4: =COUNTIFS(AI8:AI600, "=APAGADO",F8:F600,"=Fibra Optica") -> 0 | AJ4: =COUNTIFS(AJ8:AJ600, "=APAGADO",F8:F600,"=Fibra Optica") -> 0 | AK4: =COUNTIFS(AK8:AK600, "=APAGADO",F8:F600,"=Fibra Optica") -> 0 | AL4: =COUNTIFS(AL8:AL600, "=APAGADO",F8:F600,"=Fibra Optica") -> 0 | AM4: =COUNTIFS(AM8:AM600, "=APAGADO",F8:F600,"=Fibra Optica") -> 0 | AN4: =COUNTIFS(AN8:AN600, "=APAGADO",F8:F600,"=Fibra Optica") -> 0 | AO4: =COUNTIFS(AO8:AO600, "=APAGADO",F8:F600,"=Fibra Optica") -> 0
D5: APAGADOS RADIO | L5: =COUNTIFS(L8:L600, "=APAGADO",F8:F600,"=RADIO") -> 15 | M5: =COUNTIFS(M8:M600, "=APAGADO",F8:F600,"=RADIO") -> 13 | N5: =COUNTIFS(N8:N600, "=APAGADO",F8:F600,"=RADIO") -> 14 | O5: =COUNTIFS(O8:O600, "=APAGADO",F8:F600,"=RADIO") -> 11 | P5: =COUNTIFS(P8:P600, "=APAGADO",F8:F600,"=RADIO") -> 15 | Q5: =COUNTIFS(Q8:Q600, "=APAGADO",F8:F600,"=RADIO") -> 13 | R5: =COUNTIFS(R8:R600, "=APAGADO",F8:F600,"=RADIO") -> 11 | S5: =COUNTIFS(S8:S600, "=APAGADO",F8:F600,"=RADIO") -> 11 | T5: =COUNTIFS(T8:T600, "=APAGADO",F8:F600,"=RADIO") -> 12 | U5: =COUNTIFS(U8:U600, "=APAGADO",F8:F600,"=RADIO") -> 16 | V5: =COUNTIFS(V8:V600, "=APAGADO",F8:F600,"=RADIO") -> 12 | W5: =COUNTIFS(W8:W600, "=APAGADO",F8:F600,"=RADIO") -> 14 | X5: =COUNTIFS(X8:X600, "=APAGADO",F8:F600,"=RADIO") -> 15 | Y5: =COUNTIFS(Y8:Y600, "=APAGADO",F8:F600,"=RADIO") -> 0 | Z5: =COUNTIFS(Z8:Z600, "=APAGADO",F8:F600,"=RADIO") -> 0 | AA5: =COUNTIFS(AA8:AA600, "=APAGADO",F8:F600,"=RADIO") -> 0 | AB5: =COUNTIFS(AB8:AB600, "=APAGADO",F8:F600,"=RADIO") -> 19 | AC5: =COUNTIFS(AC8:AC600, "=APAGADO",F8:F600,"=RADIO") -> 14 | AD5: =COUNTIFS(AD8:AD600, "=APAGADO",F8:F600,"=RADIO") -> 10 | AE5: =COUNTIFS(AE8:AE600, "=APAGADO",F8:F600,"=RADIO") -> 9 | AF5: =COUNTIFS(AF8:AF600, "=APAGADO",F8:F600,"=RADIO") -> 10 | AG5: =COUNTIFS(AG8:AG600, "=APAGADO",F8:F600,"=RADIO") -> 9 | AH5: =COUNTIFS(AH8:AH600, "=APAGADO",F8:F600,"=RADIO") -> 10 | AI5: =COUNTIFS(AI8:AI600, "=APAGADO",F8:F600,"=RADIO") -> 0 | AJ5: =COUNTIFS(AJ8:AJ600, "=APAGADO",F8:F600,"=RADIO") -> 0 | AK5: =COUNTIFS(AK8:AK600, "=APAGADO",F8:F600,"=RADIO") -> 0 | AL5: =COUNTIFS(AL8:AL600, "=APAGADO",F8:F600,"=RADIO") -> 0 | AM5: =COUNTIFS(AM8:AM600, "=APAGADO",F8:F600,"=RADIO") -> 0 | AN5: =COUNTIFS(AN8:AN600, "=APAGADO",F8:F600,"=RADIO") -> 0 | AO5: =COUNTIFS(AO8:AO600, "=APAGADO",F8:F600,"=RADIO") -> 0
D6: APAGADOS ANTENA | L6: =COUNTIFS(L8:L600, "=APAGADO",F8:F600,"=PTO A FO") -> 12 | M6: =COUNTIFS(M8:M600, "=APAGADO",F8:F600,"=PTO A FO") -> 9 | N6: =COUNTIFS(N8:N600, "=APAGADO",F8:F600,"=PTO A FO") -> 8 | O6: =COUNTIFS(O8:O600, "=APAGADO",F8:F600,"=PTO A FO") -> 8 | P6: =COUNTIFS(P8:P600, "=APAGADO",F8:F600,"=PTO A FO") -> 8 | Q6: =COUNTIFS(Q8:Q600, "=APAGADO",F8:F600,"=PTO A FO") -> 8 | R6: =COUNTIFS(R8:R600, "=APAGADO",F8:F600,"=PTO A FO") -> 8 | S6: =COUNTIFS(S8:S600, "=APAGADO",F8:F600,"=PTO A FO") -> 8 | T6: =COUNTIFS(T8:T600, "=APAGADO",F8:F600,"=PTO A FO") -> 7 | U6: =COUNTIFS(U8:U600, "=APAGADO",F8:F600,"=PTO A FO") -> 7 | V6: =COUNTIFS(V8:V600, "=APAGADO",F8:F600,"=PTO A FO") -> 6 | W6: =COUNTIFS(W8:W600, "=APAGADO",F8:F600,"=PTO A FO") -> 8 | X6: =COUNTIFS(X8:X600, "=APAGADO",F8:F600,"=PTO A FO") -> 10 | Y6: =COUNTIFS(Y8:Y600, "=APAGADO",F8:F600,"=PTO A FO") -> 0 | Z6: =COUNTIFS(Z8:Z600, "=APAGADO",F8:F600,"=PTO A FO") -> 0 | AA6: =COUNTIFS(AA8:AA600, "=APAGADO",F8:F600,"=PTO A FO") -> 0 | AB6: =COUNTIFS(AB8:AB600, "=APAGADO",F8:F600,"=PTO A FO") -> 7 | AC6: =COUNTIFS(AC8:AC600, "=APAGADO",F8:F600,"=PTO A FO") -> 6 | AD6: =COUNTIFS(AD8:AD600, "=APAGADO",F8:F600,"=PTO A FO") -> 6 | AE6: =COUNTIFS(AE8:AE600, "=APAGADO",F8:F600,"=PTO A FO") -> 7 | AF6: =COUNTIFS(AF8:AF600, "=APAGADO",F8:F600,"=PTO A FO") -> 6 | AG6: =COUNTIFS(AG8:AG600, "=APAGADO",F8:F600,"=PTO A FO") -> 9 | AH6: =COUNTIFS(AH8:AH600, "=APAGADO",F8:F600,"=PTO A FO") -> 13 | AI6: =COUNTIFS(AI8:AI600, "=APAGADO",F8:F600,"=PTO A FO") -> 0 | AJ6: =COUNTIFS(AJ8:AJ600, "=APAGADO",F8:F600,"=PTO A FO") -> 0 | AK6: =COUNTIFS(AK8:AK600, "=APAGADO",F8:F600,"=PTO A FO") -> 0 | AL6: =COUNTIFS(AL8:AL600, "=APAGADO",F8:F600,"=PTO A FO") -> 0 | AM6: =COUNTIFS(AM8:AM600, "=APAGADO",F8:F600,"=PTO A FO") -> 0 | AN6: =COUNTIFS(AN8:AN600, "=APAGADO",F8:F600,"=PTO A FO") -> 0 | AO6: =COUNTIFS(AO8:AO600, "=APAGADO",F8:F600,"=PTO A FO") -> 0
A7: Barrio | B7: [Denominacion] | C7: [Empresa Mantenimiento] | D7: [Ubicacion] | E7: [Tipo de Camara] | F7: [Tipo de Conexion] | G7: Destino | I7: DIAS FUNCIONANDO | J7: DIAS CAIDA | K7: EFECTIVIDAD | L7: 45809 | M7: 45810 | N7: 45811 | O7: 45812 | P7: 45813 | Q7: 45814 | R7: 45815 | S7: 45816 | T7: 45817 | U7: 45818 | V7: 45819 | W7: 45820 | X7: 45821 | Y7: 45822 | Z7: 45823 | AA7: 45824 | AB7: 45825 | AC7: 45826 | AD7: 45827 | AE7: 45828 | AF7: 45829 | AG7: 45830 | AH7: 45831 | AI7: 45832 | AJ7: 45833 | AK7: 45834 | AL7: 45835 | AM7: 45836 | AN7: 45837 | AO7: 45838
A8: ALTAMIRA | B8: ALT01 | C8: BONOMO | D8: Calchaqui y Sgto. Cabral | E8: Domo | F8: Fibra Optica | H8: 172.20.10.6 | I8: =COUNTIF(L8:AM8,"") -> 28 | J8: =COUNTIF(L8:AM8,"APAGADO") -> 0 | K8: =(I8)/(J8+I8) -> 1
A9: ALTAMIRA | B9: ALT02 | C9: BONOMO | D9: Calchaqui y Lope de Vega | E9: Domo | F9: PTO A FO | G9: CABRAL Y CALCHAQUI | H9: 172.20.12.218 | I9: =COUNTIF(L9:AM9,"") -> 28 | J9: =COUNTIF(L9:AM9,"APAGADO") -> 0 | K9: =(I9)/(J9+I9) -> 1
A10: ALTAMIRA | B10: ALT 03 | C10: BONOMO | D10: Bombero Galarza y Necochea | E10: Domo | F10: Fibra Optica | H10: 172.20.12.54 | I10: =COUNTIF(L10:AM10,"") -> 8 | J10: =COUNTIF(L10:AM10,"APAGADO") -> 20 | K10: =(I10)/(J10+I10) -> 0.28571429 | L10: APAGADO | M10: APAGADO | N10: APAGADO | O10: APAGADO | P10: APAGADO | Q10: APAGADO | R10: APAGADO | S10: APAGADO | T10: APAGADO | U10: APAGADO | V10: APAGADO | W10: APAGADO | X10: APAGADO | AB10: APAGADO | AC10: APAGADO | AD10: APAGADO | AE10: APAGADO | AF10: APAGADO | AG10: APAGADO | AH10: APAGADO
A11: ALTAMIRA | B11: ALT 04 | C11: BONOMO | D11: Francia y Necochea | E11: Domo | F11: Fibra Optica | H11: 172.20.12.55 | I11: =COUNTIF(L11:AM11,"") -> 8 | J11: =COUNTIF(L11:AM11,"APAGADO") -> 20 | K11: =(I11)/(J11+I11) -> 0.28571429 | L11: APAGADO | M11: APAGADO | N11: APAGADO | O11: APAGADO | P11: APAGADO | Q11: APAGADO | R11: APAGADO | S11: APAGADO | T11: APAGADO | U11: APAGADO | V11: APAGADO | W11: APAGADO | X11: APAGADO | AB11: APAGADO | AC11: APAGADO | AD11: APAGADO | AE11: APAGADO | AF11: APAGADO | AG11: APAGADO | AH11: APAGADO
A12: ALTAMIRA | B12: ALT05 | C12: BONOMO | D12: Av. Calchaqui y Bombero Galarza | E12: Domo | F12: PTO A FO | G12: NECOCHEA Y GALARZA | H12: 172.20.12.216 | I12: =COUNTIF(L12:AM12,"") -> 24 | J12: =COUNTIF(L12:AM12,"APAGADO") -> 4 | K12: =(I12)/(J12+I12) -> 0.85714286 | L12: APAGADO | M12: APAGADO | N12: APAGADO | O12: APAGADO
A13: ALTAMIRA | B13: ALT 06 | C13: BONOMO | D13: LOPE DE VEGA Y NECOCHEA | E13: Domo | F13: PTO A FO | G13: NECOCHEA Y GALARZA | H13: 172.20.12.12 | I13: =COUNTIF(L13:AM13,"") -> 8 | J13: =COUNTIF(L13:AM13,"APAGADO") -> 20 | K13: =(I13)/(J13+I13) -> 0.28571429 | L13: APAGADO | M13: APAGADO | N13: APAGADO | O13: APAGADO | P13: APAGADO | Q13: APAGADO | R13: APAGADO | S13: APAGADO | T13: APAGADO | U13: APAGADO | V13: APAGADO | W13: APAGADO | X13: APAGADO | AB13: APAGADO | AC13: APAGADO | AD13: APAGADO | AE13: APAGADO | AF13: APAGADO | AG13: APAGADO | AH13: APAGADO
A14: ALTAMIRA | B14: ALT07 | C14: BONOMO | D14: AV. CALCHAQUI Y AV. DEL TRABAJO | E14: DOMO | F14: PTO A FO | G14: CABRAL Y CALCHAQUI | H14: 172.20.10.57 | I14: =COUNTIF(L14:AM14,"") -> 28 | J14: =COUNTIF(L14:AM14,"APAGADO") -> 0 | K14: =(I14)/(J14+I14) -> 1
A15: ALTAMIRA | B15: ALT 08 | C15: BONOMO | D15: HUMAITA Y NECOCHEA | E15: DOMO | F15: Fibra Optica | H15: 172.20.11.215 | I15: =COUNTIF(L15:AM15,"") -> 28 | J15: =COUNTIF(L15:AM15,"APAGADO") -> 0 | K15: =(I15)/(J15+I15) -> 1
A16: ALTAMIRA | B16: ALT 09 | C16: BONOMO | D16: NECOCHEA Y CURUPAITY | E16: DOMO | F16: Fibra Optica | H16: 172.20.11.216 | I16: =COUNTIF(L16:AM16,"") -> 28 | J16: =COUNTIF(L16:AM16,"APAGADO") -> 0 | K16: =(I16)/(J16+I16) -> 1
A17: ALTAMIRA | B17: ALT 10 | C17: BONOMO | D17: Calchaqui y Francia | E17: Domo | F17: Radio | H17: 172.20.12.156 | I17: =COUNTIF(L17:AM17,"") -> 24 | J17: =COUNTIF(L17:AM17,"APAGADO") -> 4 | K17: =(I17)/(J17+I17) -> 0.85714286 | L17: APAGADO | M17: APAGADO | N17: APAGADO | O17: APAGADO
A18: AGUSTIN RAMIREZ | B18: ARA 01 | C18: BONOMO | D18: Malambo y Tranquera | E18: Domo | F18: Fibra Optica | H18: 172.20.12.110 | I18: =COUNTIF(L18:AM18,"") -> 25 | J18: =COUNTIF(L18:AM18,"APAGADO") -> 3 | K18: =(I18)/(J18+I18) -> 0.89285714 | AF18: APAGADO | AG18: APAGADO | AH18: APAGADO
A19: BELGRANO | B19: BEL 01 | C19: BONOMO | D19: San Martin y Dardo Rocha | E19: DOMO | F19: Fibra Optica | H19: 172.20.12.64 | I19: =COUNTIF(L19:AM19,"") -> 28 | J19: =COUNTIF(L19:AM19,"APAGADO") -> 0 | K19: =(I19)/(J19+I19) -> 1
A20: BELGRANO | B20: BEL 02 | C20: BONOMO | D20: Guardia vieja y Fronteriz | E20: DOMO | F20: Fibra Optica | H20: 172.20.10.117 | I20: =COUNTIF(L20:AM20,"") -> 28 | J20: =COUNTIF(L20:AM20,"APAGADO") -> 0 | K20: =(I20)/(J20+I20) -> 1
A21: BOSQUES CENTRO | B21: BOSQC 01 | C21: COSEIDI | D21: LUIS AGOTE E/DANUNCIO Y CAMPOAMOR | E21: Fija | F21: Radio | H21: 172.20.11.15 | I21: =COUNTIF(L21:AM21,"") -> 28 | J21: =COUNTIF(L21:AM21,"APAGADO") -> 0 | K21: =(I21)/(J21+I21) -> 1
A22: BOSQUES CENTRO | B22: BOSQC 02 | C22: COSEIDI | D22: LUIS AGOTE E/DANUNCIO Y CAMPOAMOR | E22: Fija | F22: Radio | H22: 172.20.11.16 | I22: =COUNTIF(L22:AM22,"") -> 28 | J22: =COUNTIF(L22:AM22,"APAGADO") -> 0 | K22: =(I22)/(J22+I22) -> 1
A23: BOSQUES CENTRO | B23: BOSQC 03 | C23: COSEIDI | D23: BENAVENTE Y LUIS AGOTE | E23: Fija | F23: Radio | H23: 172.20.11.13 | I23: =COUNTIF(L23:AM23,"") -> 27 | J23: =COUNTIF(L23:AM23,"APAGADO") -> 1 | K23: =(I23)/(J23+I23) -> 0.96428571 | W23: APAGADO
A24: BOSQUES CENTRO | B24: BOSQC 04 | C24: COSEIDI | D24: BENAVENTE Y LUIS AGOTE | E24: Fija | F24: Radio | H24: 172.20.11.113 | I24: =COUNTIF(L24:AM24,"") -> 27 | J24: =COUNTIF(L24:AM24,"APAGADO") -> 1 | K24: =(I24)/(J24+I24) -> 0.96428571 | W24: APAGADO
A25: BOSQUES CENTRO | B25: BOSQC 05 | C25: COSEIDI | D25: LUIS AGOTE Y RUTA 36 | E25: Fija | F25: Radio | H25: 172.20.11.17 | I25: =COUNTIF(L25:AM25,"") -> 28 | J25: =COUNTIF(L25:AM25,"APAGADO") -> 0 | K25: =(I25)/(J25+I25) -> 1
A26: BOSQUES CENTRO | B26: BOSQC 06 | C26: COSEIDI | D26: LUIS AGOTE Y RUTA 36 | E26: Fija | F26: Radio | H26: 172.20.11.18 | I26: =COUNTIF(L26:AM26,"") -> 28 | J26: =COUNTIF(L26:AM26,"APAGADO") -> 0 | K26: =(I26)/(J26+I26) -> 1
A27: BOSQUES CENTRO | B27: BOSQC 07 | C27: BONOMO | D27: Touring club y Sta Teresita | E27: Domo | F27: Fibra Optica | H27: 172.20.10.141 | I27: =COUNTIF(L27:AM27,"") -> 28 | J27: =COUNTIF(L27:AM27,"APAGADO") -> 0 | K27: =(I27)/(J27+I27) -> 1
A28: BOSQUES CENTRO | B28: PAVE01 | C28: COSEIDI | D28: Touring Club y Ramallo | E28: Domo | F28: Fibra Optica | H28: 172.20.10.144 | I28: =COUNTIF(L28:AM28,"") -> 12 | J28: =COUNTIF(L28:AM28,"APAGADO") -> 16 | K28: =(I28)/(J28+I28) -> 0.42857143 | O28: APAGADO | P28: APAGADO | Q28: APAGADO | R28: APAGADO | S28: APAGADO | T28: APAGADO | U28: APAGADO | V28: APAGADO | W28: APAGADO | X28: APAGADO | AB28: APAGADO | AC28: APAGADO | AD28: APAGADO | AE28: APAGADO | AG28: APAGADO | AH28: APAGADO
A29: BOSQUES CENTRO | B29: PAVE02 | C29: COSEIDI | D29: Ramallo y Calingasta | F29: Fibra Optica | H29: 172.20.10.37 | I29: =COUNTIF(L29:AM29,"") -> 9 | J29: =COUNTIF(L29:AM29,"APAGADO") -> 19 | K29: =(I29)/(J29+I29) -> 0.32142857 | L29: APAGADO | M29: APAGADO | N29: APAGADO | O29: APAGADO | P29: APAGADO | Q29: APAGADO | R29: APAGADO | S29: APAGADO | T29: APAGADO | U29: APAGADO | V29: APAGADO | W29: APAGADO | X29: APAGADO | AB29: APAGADO | AC29: APAGADO | AD29: APAGADO | AE29: APAGADO | AG29: APAGADO | AH29: APAGADO
A30: LA CAROLINA 2 | B30: CAR01 (Fija 1) | C30: COSEIDI | D30: Azurduy y Vergara | E30: Fija | F30: Fibra Optica | H30: 172.20.10.60 | I30: =COUNTIF(L30:AM30,"") -> 9 | J30: =COUNTIF(L30:AM30,"APAGADO") -> 19 | K30: =(I30)/(J30+I30) -> 0.32142857 | L30: APAGADO | M30: APAGADO | N30: APAGADO | P30: APAGADO | Q30: APAGADO | R30: APAGADO | S30: APAGADO | T30: APAGADO | U30: APAGADO | V30: APAGADO | W30: APAGADO | X30: APAGADO | AB30: APAGADO | AC30: APAGADO | AD30: APAGADO | AE30: APAGADO | AF30: APAGADO | AG30: APAGADO | AH30: APAGADO
A31: LA CAROLINA 2 | B31: CAR02 (Fija 2) | C31: COSEIDI | D31: Azurduy y Vergara | E31: Fija | F31: Fibra Optica | H31: 172.20.10.73 | I31: =COUNTIF(L31:AM31,"") -> 9 | J31: =COUNTIF(L31:AM31,"APAGADO") -> 19 | K31: =(I31)/(J31+I31) -> 0.32142857 | L31: APAGADO | M31: APAGADO | N31: APAGADO | P31: APAGADO | Q31: APAGADO | R31: APAGADO | S31: APAGADO | T31: APAGADO | U31: APAGADO | V31: APAGADO | W31: APAGADO | X31: APAGADO | AB31: APAGADO | AC31: APAGADO | AD31: APAGADO | AE31: APAGADO | AF31: APAGADO | AG31: APAGADO | AH31: APAGADO
A32: CENTRO | B32: CEN01 | C32: BONOMO | D32: San Martin y 9 de Julio | E32: Fija | F32: Fibra Optica | H32: 172.20.11.10 | I32: =COUNTIF(L32:AM32,"") -> 27 | J32: =COUNTIF(L32:AM32,"APAGADO") -> 1 | K32: =(I32)/(J32+I32) -> 0.96428571 | O32: APAGADO
A33: CENTRO | B33: CEN02 | C33: BONOMO | D33: San Martin y Almafuerte | E33: Fija | F33: Fibra Optica | H33: 172.20.11.11 | I33: =COUNTIF(L33:AM33,"") -> 27 | J33: =COUNTIF(L33:AM33,"APAGADO") -> 1 | K33: =(I33)/(J33+I33) -> 0.96428571 | O33: APAGADO
A34: CENTRO | B34: CEN03 | C34: BONOMO | D34: San Martin y Sallares | E34: Domo | F34: Fibra Optica | H34: 172.20.12.30 | I34: =COUNTIF(L34:AM34,"") -> 28 | J34: =COUNTIF(L34:AM34,"APAGADO") -> 0 | K34: =(I34)/(J34+I34) -> 1
A35: CENTRO | B35: CEN04 | C35: BONOMO | D35: San Martin y Contreras | E35: Domo | F35: Fibra Optica | H35: 172.20.12.29 | I35: =COUNTIF(L35:AM35,"") -> 28 | J35: =COUNTIF(L35:AM35,"APAGADO") -> 0 | K35: =(I35)/(J35+I35) -> 1
A36: CENTRO | B36: CEN 05 | C36: BONOMO | D36: Bocuzzi e/España y San Martin | E36: DOMO | F36: Fibra Optica | H36: 172.20.10.200 | I36: =COUNTIF(L36:AM36,"") -> 28 | J36: =COUNTIF(L36:AM36,"APAGADO") -> 0 | K36: =(I36)/(J36+I36) -> 1
A37: CENTRO | B37: CEN06 | C37: BONOMO | D37: Monteagudo y A.del Valle | E37: Fija | F37: Fibra Optica | H37: 172.20.10.02 | I37: =COUNTIF(L37:AM37,"") -> 8 | J37: =COUNTIF(L37:AM37,"APAGADO") -> 20 | K37: =(I37)/(J37+I37) -> 0.28571429 | L37: APAGADO | M37: APAGADO | N37: APAGADO | O37: APAGADO | P37: APAGADO | Q37: APAGADO | R37: APAGADO | S37: APAGADO | T37: APAGADO | U37: APAGADO | V37: APAGADO | W37: APAGADO | X37: APAGADO | AB37: APAGADO | AC37: APAGADO | AD37: APAGADO | AE37: APAGADO | AF37: APAGADO | AG37: APAGADO | AH37: APAGADO
A38: CENTRO | B38: CEN07 | C38: BONOMO | D38: San Martin y Guemes | E38: DOMO | F38: Fibra Optica | H38: 172.20.11.20 | I38: =COUNTIF(L38:AM38,"") -> 28 | J38: =COUNTIF(L38:AM38,"APAGADO") -> 0 | K38: =(I38)/(J38+I38) -> 1
A39: CENTRO | B39: CEN08 | C39: BONOMO | D39: San Martin y Pte.Peron | E39: Domo | F39: Fibra Optica | H39: 172.20.11.21 | I39: =COUNTIF(L39:AM39,"") -> 28 | J39: =COUNTIF(L39:AM39,"APAGADO") -> 0 | K39: =(I39)/(J39+I39) -> 1
A40: CENTRO | B40: CEN09 | C40: BONOMO | D40: Chacabuco y 25 de Mayo | E40: Domo | F40: Fibra Optica | H40: 172.20.11.22 | I40: =COUNTIF(L40:AM40,"") -> 28 | J40: =COUNTIF(L40:AM40,"APAGADO") -> 0 | K40: =(I40)/(J40+I40) -> 1
A41: CENTRO | B41: CEN10 | C41: BONOMO | D41: Monteagudo y Pte. Peron | E41: Domo | F41: Fibra Optica | H41: 172.20.11.23 | I41: =COUNTIF(L41:AM41,"") -> 28 | J41: =COUNTIF(L41:AM41,"APAGADO") -> 0 | K41: =(I41)/(J41+I41) -> 1
A42: CENTRO | B42: CEN11 | C42: BONOMO | D42: Monteagudo y Bocuzzi | E42: Domo | F42: Fibra Optica | H42: 172.20.10.24 | I42: =COUNTIF(L42:AM42,"") -> 28 | J42: =COUNTIF(L42:AM42,"APAGADO") -> 0 | K42: =(I42)/(J42+I42) -> 1
A43: CENTRO | B43: CEN 12 | C43: BONOMO | D43: Monteagudo y Mitre | E43: Domo | F43: Fibra Optica | H43: 172.20.10.23 | I43: =COUNTIF(L43:AM43,"") -> 22 | J43: =COUNTIF(L43:AM43,"APAGADO") -> 6 | K43: =(I43)/(J43+I43) -> 0.78571429 | R43: APAGADO | S43: APAGADO | T43: APAGADO | U43: APAGADO | V43: APAGADO | AE43: APAGADO
A44: CENTRO | B44: CEN 13 | C44: BONOMO | D44: 25 de Mayo y Maipu | E44: DOMO | F44: Fibra Optica | H44: 172.20.10.20 | I44: =COUNTIF(L44:AM44,"") -> 28 | J44: =COUNTIF(L44:AM44,"APAGADO") -> 0 | K44: =(I44)/(J44+I44) -> 1
A45: CENTRO | B45: CEN14 | C45: BONOMO | D45: Pte.Peron e/Pringles y Brown | E45: Domo | F45: Fibra Optica | H45: 172.20.10.21 | I45: =COUNTIF(L45:AM45,"") -> 28 | J45: =COUNTIF(L45:AM45,"APAGADO") -> 0 | K45: =(I45)/(J45+I45) -> 1
A46: CENTRO | B46: CEN15 | C46: BONOMO | D46: Alberdi y A.del Valle | E46: Domo | F46: Fibra Optica | H46: 172.20.10.35 | I46: =COUNTIF(L46:AM46,"") -> 28 | J46: =COUNTIF(L46:AM46,"APAGADO") -> 0 | K46: =(I46)/(J46+I46) -> 1
A47: CENTRO | B47: CEN16 | C47: BONOMO | D47: San Martin y Pte. Peron | E47: Fija | F47: Fibra Optica | H47: 172.20.12.36 | I47: =COUNTIF(L47:AM47,"") -> 28 | J47: =COUNTIF(L47:AM47,"APAGADO") -> 0 | K47: =(I47)/(J47+I47) -> 1
A48: CENTRO | B48: CEN17 | C48: BONOMO | D48: San Martin y Mitre | E48: Domo | F48: PTO A FO | G48: SAN MARTIN Y SALLARES | H48: 172.20.12.200 | I48: =COUNTIF(L48:AM48,"") -> 28 | J48: =COUNTIF(L48:AM48,"APAGADO") -> 0 | K48: =(I48)/(J48+I48) -> 1
A49: CENTRO | B49: CEN18 | C49: BONOMO | D49: Monteagudo e/Mitre y Sallares | E49: Fija | F49: Fibra Optica | H49: 172.20.10.26 | I49: =COUNTIF(L49:AM49,"") -> 21 | J49: =COUNTIF(L49:AM49,"APAGADO") -> 7 | K49: =(I49)/(J49+I49) -> 0.75 | R49: APAGADO | S49: APAGADO | T49: APAGADO | U49: APAGADO | AE49: APAGADO | AG49: APAGADO | AH49: APAGADO
A50: CENTRO | B50: CEN19 | C50: BONOMO | D50: Chacabuco y 25 de Mayo | E50: Fija | F50: Fibra Optica | H50: 172.20.10.27 | I50: =COUNTIF(L50:AM50,"") -> 28 | J50: =COUNTIF(L50:AM50,"APAGADO") -> 0 | K50: =(I50)/(J50+I50) -> 1
A51: LOMAS DE MONTEVERDE | B51: CEN20 | C51: BONOMO | D51: Pte. Illia y Las Heras | E51: Domo | F51: Fibra Optica | H51: 172.20.10.33 | I51: =COUNTIF(L51:AM51,"") -> 28 | J51: =COUNTIF(L51:AM51,"APAGADO") -> 0 | K51: =(I51)/(J51+I51) -> 1
A52: CENTRO | B52: CEN21 | C52: BONOMO | D52: Misiones y Urquiza | E52: Fija | F52: Radio | H52: 172.20.200.132 | I52: =COUNTIF(L52:AM52,"") -> 10 | J52: =COUNTIF(L52:AM52,"APAGADO") -> 18 | K52: =(I52)/(J52+I52) -> 0.35714286 | L52: APAGADO | M52: APAGADO | N52: APAGADO | O52: APAGADO | P52: APAGADO | Q52: APAGADO | R52: APAGADO | S52: APAGADO | T52: APAGADO | U52: APAGADO | X52: APAGADO | AB52: APAGADO | AC52: APAGADO | AD52: APAGADO | AE52: APAGADO | AF52: APAGADO | AG52: APAGADO | AH52: APAGADO
A53: CENTRO | B53: CEN22 | C53: BONOMO | D53: Las Heras y Chacabuco | E53: Domo | F53: Fibra Optica | H53: 172.20.10.163 | I53: =COUNTIF(L53:AM53,"") -> 27 | J53: =COUNTIF(L53:AM53,"APAGADO") -> 1 | K53: =(I53)/(J53+I53) -> 0.96428571 | AH53: APAGADO
A54: CENTRO | B54: CEN23 | C54: BONOMO | D54: Sallares y Monteagudo | E54: Domo | F54: Fibra Optica | H54: 172.20.12.05 | I54: =COUNTIF(L54:AM54,"") -> 22 | J54: =COUNTIF(L54:AM54,"APAGADO") -> 6 | K54: =(I54)/(J54+I54) -> 0.78571429 | R54: APAGADO | S54: APAGADO | T54: APAGADO | U54: APAGADO | AE54: APAGADO | AH54: APAGADO
A55: CENTRO | B55: CEN24 | C55: BONOMO | D55: Sallares y España | E55: Domo | F55: Fibra Optica | H55: 172.20.11.04 | I55: =COUNTIF(L55:AM55,"") -> 21 | J55: =COUNTIF(L55:AM55,"APAGADO") -> 7 | K55: =(I55)/(J55+I55) -> 0.75 | R55: APAGADO | S55: APAGADO | T55: APAGADO | U55: APAGADO | AE55: APAGADO | AG55: APAGADO | AH55: APAGADO
A56: CENTRO | B56: CEN25 | C56: BONOMO | D56: SAN MARTIN Y 9 DE JULIO | E56: Domo | F56: Fibra Optica | H56: 172.20.12.02 | I56: =COUNTIF(L56:AM56,"") -> 8 | J56: =COUNTIF(L56:AM56,"APAGADO") -> 20 | K56: =(I56)/(J56+I56) -> 0.28571429 | L56: APAGADO | M56: APAGADO | N56: APAGADO | O56: APAGADO | P56: APAGADO | Q56: APAGADO | R56: APAGADO | S56: APAGADO | T56: APAGADO | U56: APAGADO | V56: APAGADO | W56: APAGADO | X56: APAGADO | AB56: APAGADO | AC56: APAGADO | AD56: APAGADO | AE56: APAGADO | AF56: APAGADO | AG56: APAGADO | AH56: APAGADO
A57: CENTRO | B57: CEN26 | C57: BONOMO | D57: Mitre y España | E57: Domo | F57: Fibra Optica | H57: 172.20.11,38 | I57: =COUNTIF(L57:AM57,"") -> 20 | J57: =COUNTIF(L57:AM57,"APAGADO") -> 8 | K57: =(I57)/(J57+I57) -> 0.71428571 | R57: APAGADO | S57: APAGADO | T57: APAGADO | U57: APAGADO | AC57: APAGADO | AE57: APAGADO | AG57: APAGADO | AH57: APAGADO
A58: CENTRO | B58: CEN27 | C58: BONOMO | D58: San Juan y España | E58: Domo | F58: Fibra Optica | H58: 172.20.12.37 | I58: =COUNTIF(L58:AM58,"") -> 21 | J58: =COUNTIF(L58:AM58,"APAGADO") -> 7 | K58: =(I58)/(J58+I58) -> 0.75 | R58: APAGADO | S58: APAGADO | T58: APAGADO | U58: APAGADO | AE58: APAGADO | AG58: APAGADO | AH58: APAGADO
A59: CENTRO | B59: CEN28 | C59: BONOMO | D59: Mitre y Alberdi | E59: Domo | F59: Fibra Optica | H59: 172.20.12.38 | I59: =COUNTIF(L59:AM59,"") -> 21 | J59: =COUNTIF(L59:AM59,"APAGADO") -> 7 | K59: =(I59)/(J59+I59) -> 0.75 | R59: APAGADO | S59: APAGADO | T59: APAGADO | U59: APAGADO | AE59: APAGADO | AG59: APAGADO | AH59: APAGADO
A60: CENTRO | B60: CEN29 | C60: BONOMO | D60: Alberdi y San Juan | E60: Domo | F60: Fibra Optica | H60: 172.20.12.40 | I60: =COUNTIF(L60:AM60,"") -> 21 | J60: =COUNTIF(L60:AM60,"APAGADO") -> 7 | K60: =(I60)/(J60+I60) -> 0.75 | R60: APAGADO | S60: APAGADO | T60: APAGADO | U60: APAGADO | AE60: APAGADO | AG60: APAGADO | AH60: APAGADO
A61: CENTRO | B61: CEN30 | C61: BONOMO | D61: Mitre y Pringles | E61: Domo | F61: Fibra Optica | H61: 172.20.12.39 | I61: =COUNTIF(L61:AM61,"") -> 21 | J61: =COUNTIF(L61:AM61,"APAGADO") -> 7 | K61: =(I61)/(J61+I61) -> 0.75 | R61: APAGADO | S61: APAGADO | T61: APAGADO | U61: APAGADO | AE61: APAGADO | AG61: APAGADO | AH61: APAGADO
A62: CENTRO | B62: CEN31 | C62: BONOMO | D62: Mitre e/Monteagudo y Alberdi | E62: Domo | F62: Fibra Optica | H62: 172.20.12.41 | I62: =COUNTIF(L62:AM62,"") -> 21 | J62: =COUNTIF(L62:AM62,"APAGADO") -> 7 | K62: =(I62)/(J62+I62) -> 0.75 | R62: APAGADO | S62: APAGADO | T62: APAGADO | U62: APAGADO | AE62: APAGADO | AG62: APAGADO | AH62: APAGADO
A63: CENTRO | B63: CEN32 | C63: BONOMO | D63: Aristobulo del Valle y España | E63: Domo | F63: Fibra Optica | H63: 172.20.12.42 | I63: =COUNTIF(L63:AM63,"") -> 22 | J63: =COUNTIF(L63:AM63,"APAGADO") -> 6 | K63: =(I63)/(J63+I63) -> 0.78571429 | R63: APAGADO | S63: APAGADO | T63: APAGADO | U63: APAGADO | AE63: APAGADO | AH63: APAGADO
A64: CENTRO | B64: CEN33 | C64: BONOMO | D64: Peron y Alberdi | E64: Domo | F64: Fibra Optica | H64: 172.20.12.47 | I64: =COUNTIF(L64:AM64,"") -> 28 | J64: =COUNTIF(L64:AM64,"APAGADO") -> 0 | K64: =(I64)/(J64+I64) -> 1
A65: CENTRO | B65: CEN34 | C65: BONOMO | D65: Peron y España | E65: Domo | F65: Fibra Optica | H65: 172.20.12.49 | I65: =COUNTIF(L65:AM65,"") -> 28 | J65: =COUNTIF(L65:AM65,"APAGADO") -> 0 | K65: =(I65)/(J65+I65) -> 1
A66: CENTRO | B66: CEN35 | C66: BONOMO | D66: España y Marmol | E66: Domo | F66: Fibra Optica | H66: 172.20.12.50 | I66: =COUNTIF(L66:AM66,"") -> 28 | J66: =COUNTIF(L66:AM66,"APAGADO") -> 0 | K66: =(I66)/(J66+I66) -> 1
A67: CENTRO | B67: CEN36 | C67: BONOMO | D67: España y 9 de Julio | E67: Domo | F67: Fibra Optica | H67: 172.20.12.51 | I67: =COUNTIF(L67:AM67,"") -> 26 | J67: =COUNTIF(L67:AM67,"APAGADO") -> 2 | K67: =(I67)/(J67+I67) -> 0.92857143 | L67: APAGADO | M67: APAGADO
A68: CENTRO | B68: CEN 37 | C68: BONOMO | D68: Diagonal Granaderos y Monteagudo | E68: Domo | F68: Fibra Optica | H68: 172.20.12.52 | I68: =COUNTIF(L68:AM68,"") -> 27 | J68: =COUNTIF(L68:AM68,"APAGADO") -> 1 | K68: =(I68)/(J68+I68) -> 0.96428571 | U68: APAGADO
A69: CENTRO | B69: CEN38 | C69: BONOMO | D69: Diagonal Constituyentes y Almafuerte | E69: Domo | F69: Fibra Optica | H69: 172.20.12.53 | I69: =COUNTIF(L69:AM69,"") -> 27 | J69: =COUNTIF(L69:AM69,"APAGADO") -> 1 | K69: =(I69)/(J69+I69) -> 0.96428571 | U69: APAGADO
A70: CENTRO | B70: CEN39 | C70: BONOMO | D70: San Martin y Alem | E70: Domo | F70: Fibra Optica | H70: 172.20.12.56 | I70: =COUNTIF(L70:AM70,"") -> 28 | J70: =COUNTIF(L70:AM70,"APAGADO") -> 0 | K70: =(I70)/(J70+I70) -> 1
A71: CENTRO | B71: CEN40 | C71: BONOMO | D71: Contreras y Monteagudo | E71: Domo | F71: Fibra Optica | H71: 172.20.12.57 | I71: =COUNTIF(L71:AM71,"") -> 28 | J71: =COUNTIF(L71:AM71,"APAGADO") -> 0 | K71: =(I71)/(J71+I71) -> 1
A72: CENTRO | B72: CEN41 | C72: BONOMO | D72: Contreras y Alberdi | E72: Domo | F72: Fibra Optica | H72: 172.20.12.58 | I72: =COUNTIF(L72:AM72,"") -> 28 | J72: =COUNTIF(L72:AM72,"APAGADO") -> 0 | K72: =(I72)/(J72+I72) -> 1
A73: CENTRO | B73: CEN42 | C73: BONOMO | D73: Diagonal Constituyentes y Alem | E73: Domo | F73: Fibra Optica | H73: 172.20.12.59 | I73: =COUNTIF(L73:AM73,"") -> 25 | J73: =COUNTIF(L73:AM73,"APAGADO") -> 3 | K73: =(I73)/(J73+I73) -> 0.89285714 | R73: APAGADO | W73: APAGADO | AH73: APAGADO
A74: CENTRO | B74: CEN43 | C74: BONOMO | D74: Sallares y Alberdi | E74: Domo | F74: Fibra Optica | H74: 172.20.12.61 | I74: =COUNTIF(L74:AM74,"") -> 18 | J74: =COUNTIF(L74:AM74,"APAGADO") -> 10 | K74: =(I74)/(J74+I74) -> 0.64285714 | O74: APAGADO | P74: APAGADO | R74: APAGADO | S74: APAGADO | T74: APAGADO | U74: APAGADO | V74: APAGADO | AE74: APAGADO | AG74: APAGADO | AH74: APAGADO
A75: CENTRO | B75: CEN44 | C75: BONOMO | D75: Mitre y Brown | E75: Domo | F75: Fibra Optica | H75: 172.20.12.62 | I75: =COUNTIF(L75:AM75,"") -> 19 | J75: =COUNTIF(L75:AM75,"APAGADO") -> 9 | K75: =(I75)/(J75+I75) -> 0.67857143 | P75: APAGADO | R75: APAGADO | S75: APAGADO | T75: APAGADO | U75: APAGADO | V75: APAGADO | AE75: APAGADO | AG75: APAGADO | AH75: APAGADO
A76: CENTRO | B76: CEN45 (fija 2) | C76: BONOMO | D76: EEUU Y MORENO | E76: Fija | F76: Fibra Optica | H76: 172.20.11.74 | I76: =COUNTIF(L76:AM76,"") -> 28 | J76: =COUNTIF(L76:AM76,"APAGADO") -> 0 | K76: =(I76)/(J76+I76) -> 1
A77: CENTRO | B77: CEN46 (fija 1) | C77: BONOMO | D77: EEUU Y MORENO | E77: Fija | F77: Fibra Optica | H77: 172.20.11.75 | I77: =COUNTIF(L77:AM77,"") -> 28 | J77: =COUNTIF(L77:AM77,"APAGADO") -> 0 | K77: =(I77)/(J77+I77) -> 1
A78: CENTRO | B78: CEN47 | C78: BONOMO | D78: Sallares y Brown | E78: Domo | F78: Fibra Optica | H78: 172.20.12.65 | I78: =COUNTIF(L78:AM78,"") -> 19 | J78: =COUNTIF(L78:AM78,"APAGADO") -> 9 | K78: =(I78)/(J78+I78) -> 0.67857143 | O78: APAGADO | P78: APAGADO | R78: APAGADO | S78: APAGADO | T78: APAGADO | U78: APAGADO | AE78: APAGADO | AG78: APAGADO | AH78: APAGADO
A79: CENTRO | B79: CEN48 | C79: BONOMO | D79: Velez Sarsfield y Las Heras | E79: Domo | F79: GPON | H79: 172.20.10.175 | I79: =COUNTIF(L79:AM79,"") -> 27 | J79: =COUNTIF(L79:AM79,"APAGADO") -> 1 | K79: =(I79)/(J79+I79) -> 0.96428571 | Q79: APAGADO
A80: CENTRO | B80: CEN49 | C80: BONOMO | D80: Av. San Martin y Florencio Sanchez | E80: Domo | F80: Fibra Optica | H80: 172.20.10.209 | I80: =COUNTIF(L80:AM80,"") -> 28 | J80: =COUNTIF(L80:AM80,"APAGADO") -> 0 | K80: =(I80)/(J80+I80) -> 1
A81: CENTRO | B81: CEN 50 | C81: BONOMO | D81: Av. San Martin y Newbery | E81: Domo | F81: Fibra Optica | H81: 172.20.10.167 | I81: =COUNTIF(L81:AM81,"") -> 27 | J81: =COUNTIF(L81:AM81,"APAGADO") -> 1 | K81: =(I81)/(J81+I81) -> 0.96428571 | O81: APAGADO
A82: CENTRO | B82: CEN 51 | C82: BONOMO | D82: ILLIA Y LAS HERAS | E82: FIJA | F82: Fibra Optica | H82: 172.20.11.29 | I82: =COUNTIF(L82:AM82,"") -> 28 | J82: =COUNTIF(L82:AM82,"APAGADO") -> 0 | K82: =(I82)/(J82+I82) -> 1
A83: CENTRO | B83: CEN52 | C83: BONOMO | D83: San Martin y Almafuerte (ex San Martin y Dorrego) | E83: DOMO | F83: Radio | H83: 172.20.10.189 | I83: =COUNTIF(L83:AM83,"") -> 28 | J83: =COUNTIF(L83:AM83,"APAGADO") -> 0 | K83: =(I83)/(J83+I83) -> 1
A84: CENTRO | B84: CEN 53 | C84: BONOMO | D84: GUTIERREZ Y BROWN | E84: Domo | F84: Fibra Optica | H84: 172.20.10.168 | I84: =COUNTIF(L84:AM84,"") -> 28 | J84: =COUNTIF(L84:AM84,"APAGADO") -> 0 | K84: =(I84)/(J84+I84) -> 1
A85: CENTRO | B85: CEN 54 | C85: BONOMO | D85: GUTIERREZ Y PRINGLES | E85: Domo | F85: Fibra Optica | H85: 172.20.10.169 | I85: =COUNTIF(L85:AM85,"") -> 28 | J85: =COUNTIF(L85:AM85,"APAGADO") -> 0 | K85: =(I85)/(J85+I85) -> 1
A86: CENTRO | B86: CEN 55 | C86: BONOMO | D86: BOUREL Y URQUIZA | E86: Domo | F86: Radio | H86: 172.20.10.127 | I86: =COUNTIF(L86:AM86,"") -> 28 | J86: =COUNTIF(L86:AM86,"APAGADO") -> 0 | K86: =(I86)/(J86+I86) -> 1
A87: CENTRO | B87: CEN 56 | C87: BONOMO | D87: Newbery y Falucho | E87: DOMO | F87: Radio | H87: 172.20.10.176 | I87: =COUNTIF(L87:AM87,"") -> 26 | J87: =COUNTIF(L87:AM87,"APAGADO") -> 2 | K87: =(I87)/(J87+I87) -> 0.92857143 | U87: APAGADO | V87: APAGADO
A88: CENTRO | B88: CEN 57 | C88: BONOMO | D88: 25 DE MAYO Y DORREGO | E88: DOMO | F88: Fibra Optica | H88: 172.20.10.154 | I88: =COUNTIF(L88:AM88,"") -> 28 | J88: =COUNTIF(L88:AM88,"APAGADO") -> 0 | K88: =(I88)/(J88+I88) -> 1
A89: CENTRO | B89: CEN 58 | C89: BONOMO | D89: EEUU Y MORENO | E89: DOMO | F89: Fibra Optica | H89: 172.20.11.84 | I89: =COUNTIF(L89:AM89,"") -> 28 | J89: =COUNTIF(L89:AM89,"APAGADO") -> 0 | K89: =(I89)/(J89+I89) -> 1
A90: CENTRO | B90: CEN59 | C90: BONOMO | D90: CHACABUCO Y BOUREL | E90: DOMO | F90: Fibra Optica | H90: 172.20.10.161 | I90: =COUNTIF(L90:AM90,"") -> 26 | J90: =COUNTIF(L90:AM90,"APAGADO") -> 2 | K90: =(I90)/(J90+I90) -> 0.92857143 | AC90: APAGADO | AD90: APAGADO
A91: CENTRO | B91: CEN 60 | C91: BONOMO | D91: RECONQUISTA Y ILLIA | E91: DOMO | F91: PTO A FO | G91: ILLIA Y LAS HERAS | H91: 172.20.12.67 | I91: =COUNTIF(L91:AM91,"") -> 28 | J91: =COUNTIF(L91:AM91,"APAGADO") -> 0 | K91: =(I91)/(J91+I91) -> 1
A92: CENTRO | B92: CEN 61 | C92: BONOMO | D92: BOUREL Y MAIPU | E92: DOMO | F92: Fibra Optica | H92: 172.20.10.162 | I92: =COUNTIF(L92:AM92,"") -> 28 | J92: =COUNTIF(L92:AM92,"APAGADO") -> 0 | K92: =(I92)/(J92+I92) -> 1
A93: CENTRO | B93: CEN62 | C93: BONOMO | D93: ESPAÑA Y ALEM | E93: DOMO | F93: PTO A FO | G93: SAN MARTIN Y ALEM | H93: 172.20.12.82 | I93: =COUNTIF(L93:AM93,"") -> 28 | J93: =COUNTIF(L93:AM93,"APAGADO") -> 0 | K93: =(I93)/(J93+I93) -> 1
A94: CENTRO | B94: CEN63 | C94: BONOMO | D94: SAN MARTIN Y URQUIZA | E94: DOMO | F94: Fibra Optica | H94: 172.20.11.112 | I94: =COUNTIF(L94:AM94,"") -> 28 | J94: =COUNTIF(L94:AM94,"APAGADO") -> 0 | K94: =(I94)/(J94+I94) -> 1
A95: CENTRO | B95: CEN64 | C95: BONOMO | D95: SAN MARTIN Y BOCCUZZI | E95: FIJA | F95: Fibra Optica | H95: 172.20.11.134 | I95: =COUNTIF(L95:AM95,"") -> 28 | J95: =COUNTIF(L95:AM95,"APAGADO") -> 0 | K95: =(I95)/(J95+I95) -> 1
A96: CENTRO | B96: CEN 65 | C96: BONOMO | D96: SAN MARTIN Y JUAN PERON | E96: FIJA | F96: Fibra Optica | H96: 172.20.11.135 | I96: =COUNTIF(L96:AM96,"") -> 28 | J96: =COUNTIF(L96:AM96,"APAGADO") -> 0 | K96: =(I96)/(J96+I96) -> 1
A97: CENTRO | B97: CEN66 | C97: BONOMO | D97: SAN MARTIN Y JUAN PERON | E97: FIJA | F97: Fibra Optica | H97: 172.20.11.136 | I97: =COUNTIF(L97:AM97,"") -> 28 | J97: =COUNTIF(L97:AM97,"APAGADO") -> 0 | K97: =(I97)/(J97+I97) -> 1
A98: CENTRO | B98: CEN67 (fija 1) | C98: BONOMO | D98: 9 DE JULIO Y BROWN | E98: Fija | F98: Fibra Optica | H98: 172.20.11.188 | I98: =COUNTIF(L98:AM98,"") -> 25 | J98: =COUNTIF(L98:AM98,"APAGADO") -> 3 | K98: =(I98)/(J98+I98) -> 0.89285714 | R98: APAGADO | W98: APAGADO | AH98: APAGADO
A99: CENTRO | B99: CEN68 (fija 2) | C99: BONOMO | D99: 9 DE JULIO Y BROWN | E99: Fija | F99: Fibra Optica | H99: 172.20.11.189 | I99: =COUNTIF(L99:AM99,"") -> 25 | J99: =COUNTIF(L99:AM99,"APAGADO") -> 3 | K99: =(I99)/(J99+I99) -> 0.89285714 | R99: APAGADO | W99: APAGADO | AH99: APAGADO
A100: CENTRO | B100: CEN69 | C100: BONOMO | D100: RIVADAVIA Y BOUREL | E100: DOMO | F100: Fibra Optica | H100: 172.20.11.222 | I100: =COUNTIF(L100:AM100,"") -> 28 | J100: =COUNTIF(L100:AM100,"APAGADO") -> 0 | K100: =(I100)/(J100+I100) -> 1
...

Sheet AUXILIAR

Sheet informe
C1: CANTIDAD | D1: APAGADAS | E1: %
B2: TOTAL | C2: =CANTIDAD_DE_CAMARAS -> 485 | F2: 45809
A3: L | B3: CAIDAS | C3: ='RESUMEN TOTAL'!L3 -> 70 | E3: =C3/C2 -> 0.1443299
B4: LLEGAMOS NOSOTROS | C4: 0 | D4: =C3-C4 -> 70 | E4: =D4/C2 -> 0.1443299
B5: NO ESTA LA CAMARA | C5: 0 | D5: =D4-C5 -> 70 | E5: =D5/C2 -> 0.1443299
A6: L | B6: RADIO | C6: ='RESUMEN TOTAL'!L5 -> 15 | D6: =D5-C6 -> 55 | E6: =D6/C2 -> 0.11340206
B7: ANTENA DESMONTADA | D7: =D6-C7 -> 55 | E7: =D7/C2 -> 0.11340206
C8: CANTIDAD | D8: APAGADAS | E8: %
A9: F | B9: BONOMO | C9: =BONOMOcam -> 263 | D9: =Hoja1!F3 -> 27 | E9: =D9/C9 -> 0.1026616
A10: F | B10: COSEIDI | C10: =COSEIDIcam -> 222 | D10: =Hoja1!F5 -> 43 | E10: =D10/C10 -> 0.19369369
C12: CANTIDAD | D12: APAGADAS | E12: %
B13: TOTAL | C13: =CANTIDAD_DE_CAMARAS -> 485 | F13: 45810
A14: M | B14: CAIDAS | C14: ='RESUMEN TOTAL'!M3 -> 59 | E14: =C14/C13 -> 0.12164948
B15: LLEGAMOS NOSOTROS | C15: 0 | D15: =C14-C15 -> 59 | E15: =D15/C13 -> 0.12164948
B16: NO ESTA LA CAMARA | C16: 0 | D16: =D15-C16 -> 59 | E16: =D16/C13 -> 0.12164948
A17: M | B17: RADIO | C17: ='RESUMEN TOTAL'!M5 -> 13 | D17: =D16-C17 -> 46 | E17: =D17/C13 -> 0.094845361
B18: ANTENA DESMONTADA | D18: =D17-C18 -> 46 | E18: =D18/C13 -> 0.094845361
C19: CANTIDAD | D19: APAGADAS | E19: %
A20: G | B20: BONOMO | C20: =BONOMOcam -> 263 | D20: =Hoja1!G3 -> 27 | E20: =D20/C20 -> 0.1026616
A21: G | B21: COSEIDI | C21: =COSEIDIcam -> 222 | D21: =Hoja1!G5 -> 32 | E21: =D21/C21 -> 0.14414414
C23: CANTIDAD | D23: APAGADAS | E23: %
B24: TOTAL | C24: =CANTIDAD_DE_CAMARAS -> 485 | F24: 45811
A25: N | B25: CAIDAS | C25: ='RESUMEN TOTAL'!N3 -> 58 | E25: =C25/C24 -> 0.11958763
B26: LLEGAMOS NOSOTROS | C26: 0 | D26: =C25-C26 -> 58 | E26: =D26/C24 -> 0.11958763
B27: NO ESTA LA CAMARA | C27: 0 | D27: =D26-C27 -> 58 | E27: =D27/C24 -> 0.11958763
A28: N | B28: RADIO | C28: ='RESUMEN TOTAL'!N5 -> 14 | D28: =D27-C28 -> 44 | E28: =D28/C24 -> 0.090721649
B29: ANTENA DESMONTADA | D29: =D28-C29 -> 44 | E29: =D29/C24 -> 0.090721649
C30: CANTIDAD | D30: APAGADAS | E30: %
B31: BONOMO | C31: =BONOMOcam -> 263 | D31: =Hoja1!H3 -> 26 | E31: =D31/C31 -> 0.098859316
B32: COSEIDI | C32: =COSEIDIcam -> 222 | D32: =Hoja1!H5 -> 32 | E32: =D32/C32 -> 0.14414414
C34: CANTIDAD | D34: APAGADAS | E34: %
B35: TOTAL | C35: =CANTIDAD_DE_CAMARAS -> 485 | F35: 45812
A36: O | B36: CAIDAS | C36: ='RESUMEN TOTAL'!O3 -> 64 | E36: =C36/C35 -> 0.13195876
B37: LLEGAMOS NOSOTROS | C37: 0 | D37: =C36-C37 -> 64 | E37: =D37/C35 -> 0.13195876
B38: NO ESTA LA CAMARA | C38: 0 | D38: =D37-C38 -> 64 | E38: =D38/C35 -> 0.13195876
A39: O | B39: RADIO | C39: ='RESUMEN TOTAL'!O5 -> 11 | D39: =D38-C39 -> 53 | E39: =D39/C35 -> 0.10927835
B40: ANTENA DESMONTADA | D40: =D39-C40 -> 53 | E40: =D40/C35 -> 0.10927835
C41: CANTIDAD | D41: APAGADAS | E41: %
B42: BONOMO | C42: =BONOMOcam -> 263 | D42: =Hoja1!I3 -> 33 | E42: =D42/C42 -> 0.12547529
B43: COSEIDI | C43: =COSEIDIcam -> 222 | D43: =Hoja1!I5 -> 31 | E43: =D43/C43 -> 0.13963964
C45: CANTIDAD | D45: APAGADAS | E45: %
B46: TOTAL | C46: =CANTIDAD_DE_CAMARAS -> 485 | F46: 45813
A47: P | B47: CAIDAS | C47: ='RESUMEN TOTAL'!P3 -> 59 | E47: =C47/C46 -> 0.12164948
B48: LLEGAMOS NOSOTROS | C48: 8 | D48: =C47-C48 -> 51 | E48: =D48/C46 -> 0.10515464
B49: NO ESTA LA CAMARA | C49: 6 | D49: =D48-C49 -> 45 | E49: =D49/C46 -> 0.092783505
A50: P | B50: RADIO | C50: ='RESUMEN TOTAL'!P5 -> 15 | D50: =D49-C50 -> 30 | E50: =D50/C46 -> 0.06185567
B51: ANTENA DESMONTADA | C51: 10 | D51: =D50-C51 -> 20 | E51: =D51/C46 -> 0.041237113
C52: CANTIDAD | D52: APAGADAS | E52: %
B53: BONOMO | C53: =BONOMOcam -> 263 | D53: =Hoja1!J3 -> 26 | E53: =D53/C53 -> 0.098859316
B54: COSEIDI | C54: =COSEIDIcam -> 222 | D54: =Hoja1!J5 -> 33 | E54: =D54/C54 -> 0.14864865
C56: CANTIDAD | D56: APAGADAS | E56: %
B57: TOTAL | C57: =CANTIDAD_DE_CAMARAS -> 485 | F57: 45814
A58: Q | B58: CAIDAS | C58: ='RESUMEN TOTAL'!Q3 -> 53 | E58: =C58/C57 -> 0.10927835
B59: LLEGAMOS NOSOTROS | C59: 4 | D59: =C58-C59 -> 49 | E59: =D59/C57 -> 0.10103093
B60: NO ESTA LA CAMARA | C60: 6 | D60: =D59-C60 -> 43 | E60: =D60/C57 -> 0.088659794
A61: Q | B61: RADIO | C61: ='RESUMEN TOTAL'!Q5 -> 13 | D61: =D60-C61 -> 30 | E61: =D61/C57 -> 0.06185567
B62: ANTENA DESMONTADA | C62: 10 | D62: =D61-C62 -> 20 | E62: =D62/C57 -> 0.041237113
C63: CANTIDAD | D63: APAGADAS | E63: %
B64: BONOMO | C64: =BONOMOcam -> 263 | D64: =Hoja1!K3 -> 24 | E64: =D64/C64 -> 0.091254753
B65: COSEIDI | C65: =COSEIDIcam -> 222 | D65: =Hoja1!K5 -> 29 | E65: =D65/C65 -> 0.13063063
C67: CANTIDAD | D67: APAGADAS | E67: %
B68: TOTAL | C68: =CANTIDAD_DE_CAMARAS -> 485 | F68: 45815
A69: R | B69: CAIDAS | C69: ='RESUMEN TOTAL'!R3 -> 83 | E69: =C69/C68 -> 0.17113402
B70: LLEGAMOS NOSOTROS | C70: 0 | D70: =C69-C70 -> 83 | E70: =D70/C68 -> 0.17113402
B71: NO ESTA LA CAMARA | C71: 0 | D71: =D70-C71 -> 83 | E71: =D71/C68 -> 0.17113402
A72: R | B72: RADIO | C72: ='RESUMEN TOTAL'!R5 -> 11 | D72: =D71-C72 -> 72 | E72: =D72/C68 -> 0.14845361
B73: ANTENA DESMONTADA | D73: =D72-C73 -> 72 | E73: =D73/C68 -> 0.14845361
C74: CANTIDAD | D74: APAGADAS | E74: %
B75: BONOMO | C75: =BONOMOcam -> 263 | D75: =Hoja1!L3 -> 44 | E75: =D75/C75 -> 0.16730038
B76: COSEIDI | C76: =COSEIDIcam -> 222 | D76: =Hoja1!L5 -> 39 | E76: =D76/C76 -> 0.17567568
C78: CANTIDAD | D78: APAGADAS | E78: %
B79: TOTAL | C79: =CANTIDAD_DE_CAMARAS -> 485 | F79: 45816
A80: S | B80: CAIDAS | C80: ='RESUMEN TOTAL'!S3 -> 68 | E80: =C80/C79 -> 0.14020619
B81: LLEGAMOS NOSOTROS | C81: 0 | D81: =C80-C81 -> 68 | E81: =D81/C79 -> 0.14020619
B82: NO ESTA LA CAMARA | C82: 0 | D82: =D81-C82 -> 68 | E82: =D82/C79 -> 0.14020619
A83: S | B83: RADIO | C83: ='RESUMEN TOTAL'!S5 -> 11 | D83: =D82-C83 -> 57 | E83: =D83/C79 -> 0.11752577
B84: ANTENA DESMONTADA | D84: =D83-C84 -> 57 | E84: =D84/C79 -> 0.11752577
C85: CANTIDAD | D85: APAGADAS | E85: %
B86: BONOMO | C86: =BONOMOcam -> 263 | D86: =Hoja1!M3 -> 41 | E86: =D86/C86 -> 0.15589354
B87: COSEIDI | C87: =COSEIDIcam -> 222 | D87: =Hoja1!M5 -> 27 | E87: =D87/C87 -> 0.12162162
C89: CANTIDAD | D89: APAGADAS | E89: %
B90: TOTAL | C90: =CANTIDAD_DE_CAMARAS -> 485 | F90: 45817
A91: T | B91: CAIDAS | C91: ='RESUMEN TOTAL'!T3 -> 70 | E91: =C91/C90 -> 0.1443299
B92: LLEGAMOS NOSOTROS | C92: 5 | D92: =C91-C92 -> 65 | E92: =D92/C90 -> 0.13402062
B93: NO ESTA LA CAMARA | C93: 6 | D93: =D92-C93 -> 59 | E93: =D93/C90 -> 0.12164948
A94: T | B94: RADIO | C94: ='RESUMEN TOTAL'!T5 -> 12 | D94: =D93-C94 -> 47 | E94: =D94/C90 -> 0.096907216
B95: ANTENA DESMONTADA | C95: 10 | D95: =D94-C95 -> 37 | E95: =D95/C90 -> 0.07628866
C96: CANTIDAD | D96: APAGADAS | E96: %
B97: BONOMO | C97: =BONOMOcam -> 263 | D97: =Hoja1!N3 -> 42 | E97: =D97/C97 -> 0.15969582
B98: COSEIDI | C98: =COSEIDIcam -> 222 | D98: =Hoja1!N5 -> 28 | E98: =D98/C98 -> 0.12612613
C100: CANTIDAD | D100: APAGADAS | E100: %
B101: TOTAL | C101: =CANTIDAD_DE_CAMARAS -> 485 | F101: 45818
A102: U | B102: CAIDAS | C102: ='RESUMEN TOTAL'!U3 -> 79 | E102: =C102/C101 -> 0.1628866
B103: LLEGAMOS NOSOTROS | C103: 0 | D103: =C102-C103 -> 79 | E103: =D103/C101 -> 0.1628866
B104: NO ESTA LA CAMARA | C104: 0 | D104: =D103-C104 -> 79 | E104: =D104/C101 -> 0.1628866
A105: U | B105: RADIO | C105: ='RESUMEN TOTAL'!U5 -> 16 | D105: =D104-C105 -> 63 | E105: =D105/C101 -> 0.12989691
B106: ANTENA DESMONTADA | D106: =D105-C106 -> 63 | E106: =D106/C101 -> 0.12989691
C107: CANTIDAD | D107: APAGADAS | E107: %
B108: BONOMO | C108: =BONOMOcam -> 263 | D108: =Hoja1!O3 -> 51 | E108: =D108/C108 -> 0.19391635
B109: COSEIDI | C109: =COSEIDIcam -> 222 | D109: =Hoja1!O5 -> 28 | E109: =D109/C109 -> 0.12612613
...

Sheet Hoja1
B1: CAMARAS
A2: BONOMO | B2: =COUNTIFS('RESUMEN TOTAL'!C8:C492,"=BONOMO") -> 263 | F2: 45809 | G2: 45810 | H2: 45811 | I2: 45812 | J2: 45813 | K2: 45814 | L2: 45815 | M2: 45816 | N2: 45817 | O2: 45818 | P2: 45819 | Q2: 45820 | R2: 45821 | S2: 45822 | T2: 45823 | U2: 45824 | V2: 45825 | W2: 45826 | X2: 45827 | Y2: 45828 | Z2: 45829 | AA2: 45830 | AB2: 45831 | AC2: 45832 | AD2: 45833 | AE2: 45834 | AF2: 45835 | AG2: 45836 | AH2: 45837 | AI2: 45838
D3: BONOMO | E3: APAGADAS BONOMO | F3: =COUNTIFS('RESUMEN TOTAL'!L8:L600,"=APAGADO",'RESUMEN TOTAL'!C8:C600,"=BONOMO") -> 27 | G3: =COUNTIFS('RESUMEN TOTAL'!M8:M600,"=APAGADO",'RESUMEN TOTAL'!C8:C600,"=BONOMO") -> 27 | H3: =COUNTIFS('RESUMEN TOTAL'!N8:N600,"=APAGADO",'RESUMEN TOTAL'!C8:C600,"=BONOMO") -> 26 | I3: =COUNTIFS('RESUMEN TOTAL'!O8:O600,"=APAGADO",'RESUMEN TOTAL'!C8:C600,"=BONOMO") -> 33 | J3: =COUNTIFS('RESUMEN TOTAL'!P8:P600,"=APAGADO",'RESUMEN TOTAL'!C8:C600,"=BONOMO") -> 26 | K3: =COUNTIFS('RESUMEN TOTAL'!Q8:Q600,"=APAGADO",'RESUMEN TOTAL'!C8:C600,"=BONOMO") -> 24 | L3: =COUNTIFS('RESUMEN TOTAL'!R8:R600,"=APAGADO",'RESUMEN TOTAL'!C8:C600,"=BONOMO") -> 44 | M3: =COUNTIFS('RESUMEN TOTAL'!S8:S600,"=APAGADO",'RESUMEN TOTAL'!C8:C600,"=BONOMO") -> 41 | N3: =COUNTIFS('RESUMEN TOTAL'!T8:T600,"=APAGADO",'RESUMEN TOTAL'!C8:C600,"=BONOMO") -> 42 | O3: =COUNTIFS('RESUMEN TOTAL'!U8:U600,"=APAGADO",'RESUMEN TOTAL'!C8:C600,"=BONOMO") -> 51 | P3: =COUNTIFS('RESUMEN TOTAL'!V8:V600,"=APAGADO",'RESUMEN TOTAL'!C8:C600,"=BONOMO") -> 28 | Q3: =COUNTIFS('RESUMEN TOTAL'!W8:W600,"=APAGADO",'RESUMEN TOTAL'!C8:C600,"=BONOMO") -> 23 | R3: =COUNTIFS('RESUMEN TOTAL'!X8:X600,"=APAGADO",'RESUMEN TOTAL'!C8:C600,"=BONOMO") -> 27 | S3: =COUNTIFS('RESUMEN TOTAL'!Y8:Y600,"=APAGADO",'RESUMEN TOTAL'!C8:C600,"=BONOMO") -> 0 | T3: =COUNTIFS('RESUMEN TOTAL'!Z8:Z600,"=APAGADO",'RESUMEN TOTAL'!C8:C600,"=BONOMO") -> 0 | U3: 55 | V3: =COUNTIFS('RESUMEN TOTAL'!AB8:AB600,"=APAGADO",'RESUMEN TOTAL'!C8:C600,"=BONOMO") -> 24 | W3: =COUNTIFS('RESUMEN TOTAL'!AC8:AC600,"=APAGADO",'RESUMEN TOTAL'!C8:C600,"=BONOMO") -> 40 | X3: =COUNTIFS('RESUMEN TOTAL'!AD8:AD600,"=APAGADO",'RESUMEN TOTAL'!C8:C600,"=BONOMO") -> 19 | Y3: =COUNTIFS('RESUMEN TOTAL'!AE8:AE600,"=APAGADO",'RESUMEN TOTAL'!C8:C600,"=BONOMO") -> 41 | Z3: =COUNTIFS('RESUMEN TOTAL'!AF8:AF600,"=APAGADO",'RESUMEN TOTAL'!C8:C600,"=BONOMO") -> 25 | AA3: =COUNTIFS('RESUMEN TOTAL'!AG8:AG600,"=APAGADO",'RESUMEN TOTAL'!C8:C600,"=BONOMO") -> 42 | AB3: =COUNTIFS('RESUMEN TOTAL'!AH8:AH600,"=APAGADO",'RESUMEN TOTAL'!C8:C600,"=BONOMO") -> 55 | AC3: =COUNTIFS('RESUMEN TOTAL'!AI8:AI600,"=APAGADO",'RESUMEN TOTAL'!C8:C600,"=BONOMO") -> 0 | AD3: =COUNTIFS('RESUMEN TOTAL'!AJ8:AJ600,"=APAGADO",'RESUMEN TOTAL'!C8:C600,"=BONOMO") -> 0 | AE3: =COUNTIFS('RESUMEN TOTAL'!AK8:AK600,"=APAGADO",'RESUMEN TOTAL'!S8:S600,"=BONOMO") -> 0 | AF3: =COUNTIFS('RESUMEN TOTAL'!AL8:AL600,"=APAGADO",'RESUMEN TOTAL'!C8:C600,"=BONOMO") -> 0 | AG3: =COUNTIFS('RESUMEN TOTAL'!AM8:AM600,"=APAGADO",'RESUMEN TOTAL'!C8:C600,"=BONOMO") -> 0 | AH3: =COUNTIFS('RESUMEN TOTAL'!AN8:AN600,"=APAGADO",'RESUMEN TOTAL'!C8:C600,"=BONOMO") -> 0 | AI3: =COUNTIFS('RESUMEN TOTAL'!AO8:AO600,"=APAGADO",'RESUMEN TOTAL'!C8:C600,"=BONOMO") -> 0
A4: COSEIDI | B4: =COUNTIFS('RESUMEN TOTAL'!C8:C492,"=COSEIDI") -> 222 | E4: % BONOMO | F4: =F3/BONOMOcam -> 0.1026616 | G4: =G3/BONOMOcam -> 0.1026616 | H4: =H3/BONOMOcam -> 0.098859316 | I4: =I3/BONOMOcam -> 0.12547529 | J4: =J3/BONOMOcam -> 0.098859316 | K4: =K3/BONOMOcam -> 0.091254753 | L4: =L3/BONOMOcam -> 0.16730038 | M4: =M3/BONOMOcam -> 0.15589354 | ... O4: =O3/BONOMOcam -> 0.19391635 | P4: 0 | Q4: 0 | R4: 10,27% | S4: 0 | T4: 0 | U4: 0 | V4: 0 | W4: 15,21% | X4: 7,22% | Y4: 0 | Z4: 0 | AA4: 0 | AB4: 0 | AC4: 0 | AD4: 0 | AE4: =AE3/BONOMOcam -> 0 | AF4: 0 | AG4: =AG3/BONOMOcam -> 0 | AH4: =AH3/BONOMOcam -> 0 | AI4: =AI3/BONOMOcam -> 0
D5: COSEIDI | E5: APAGADAS COSEIDI | F5: =COUNTIFS('RESUMEN TOTAL'!L10:L602,"=APAGADO",'RESUMEN TOTAL'!C10:C602,"=COSEIDI") -> 43 | G5: =COUNTIFS('RESUMEN TOTAL'!M10:M602,"=APAGADO",'RESUMEN TOTAL'!C10:C602,"=COSEIDI") -> 32 | H5: =COUNTIFS('RESUMEN TOTAL'!N10:N602,"=APAGADO",'RESUMEN TOTAL'!C10:C602,"=COSEIDI") -> 32 | I5: =COUNTIFS('RESUMEN TOTAL'!O10:O602,"=APAGADO",'RESUMEN TOTAL'!C10:C602,"=COSEIDI") -> 31 | J5: =COUNTIFS('RESUMEN TOTAL'!P10:P602,"=APAGADO",'RESUMEN TOTAL'!C10:C602,"=COSEIDI") -> 33 | K5: =COUNTIFS('RESUMEN TOTAL'!Q10:Q602,"=APAGADO",'RESUMEN TOTAL'!C10:C602,"=COSEIDI") -> 29 | L5: =COUNTIFS('RESUMEN TOTAL'!R10:R602,"=APAGADO",'RESUMEN TOTAL'!C10:C602,"=COSEIDI") -> 39 | M5: =COUNTIFS('RESUMEN TOTAL'!S10:S602,"=APAGADO",'RESUMEN TOTAL'!C10:C602,"=COSEIDI") -> 27 | N5: =COUNTIFS('RESUMEN TOTAL'!T10:T602,"=APAGADO",'RESUMEN TOTAL'!C10:C602,"=COSEIDI") -> 28 | O5: =COUNTIFS('RESUMEN TOTAL'!U10:U602,"=APAGADO",'RESUMEN TOTAL'!C10:C602,"=COSEIDI") -> 28 | P5: =COUNTIFS('RESUMEN TOTAL'!V10:V602,"=APAGADO",'RESUMEN TOTAL'!C10:C602,"=COSEIDI") -> 34 | Q5: =COUNTIFS('RESUMEN TOTAL'!W10:W602,"=APAGADO",'RESUMEN TOTAL'!C10:C602,"=COSEIDI") -> 39 | R5: =COUNTIFS('RESUMEN TOTAL'!X10:X602,"=APAGADO",'RESUMEN TOTAL'!C10:C602,"=COSEIDI") -> 39 | S5: =COUNTIFS('RESUMEN TOTAL'!Y10:Y602,"=APAGADO",'RESUMEN TOTAL'!C10:C602,"=COSEIDI") -> 0 | T5: =COUNTIFS('RESUMEN TOTAL'!Z10:Z602,"=APAGADO",'RESUMEN TOTAL'!C10:C602,"=COSEIDI") -> 0 | U5: =COUNTIFS('RESUMEN TOTAL'!AA10:AA602,"=APAGADO",'RESUMEN TOTAL'!C10:C602,"=COSEIDI") -> 0 | V5: =COUNTIFS('RESUMEN TOTAL'!AB10:AB602,"=APAGADO",'RESUMEN TOTAL'!C10:C602,"=COSEIDI") -> 32 | W5: =COUNTIFS('RESUMEN TOTAL'!AC10:AC602,"=APAGADO",'RESUMEN TOTAL'!C10:C602,"=COSEIDI") -> 28 | X5: =COUNTIFS('RESUMEN TOTAL'!AD10:AD602,"=APAGADO",'RESUMEN TOTAL'!C10:C602,"=COSEIDI") -> 25 | Y5: =COUNTIFS('RESUMEN TOTAL'!AE10:AE602,"=APAGADO",'RESUMEN TOTAL'!C10:C602,"=COSEIDI") -> 27 | Z5: =COUNTIFS('RESUMEN TOTAL'!AF10:AF602,"=APAGADO",'RESUMEN TOTAL'!C10:C602,"=COSEIDI") -> 21 | AA5: =COUNTIFS('RESUMEN TOTAL'!AG10:AG602,"=APAGADO",'RESUMEN TOTAL'!C10:C602,"=COSEIDI") -> 33 | AB5: =COUNTIFS('RESUMEN TOTAL'!AH10:AH602,"=APAGADO",'RESUMEN TOTAL'!C10:C602,"=COSEIDI") -> 35 | AC5: =COUNTIFS('RESUMEN TOTAL'!AI10:AI602,"=APAGADO",'RESUMEN TOTAL'!C10:C602,"=COSEIDI") -> 0 | AD5: =COUNTIFS('RESUMEN TOTAL'!AJ10:AJ602,"=APAGADO",'RESUMEN TOTAL'!C10:C602,"=COSEIDI") -> 0 | AE5: =COUNTIFS('RESUMEN TOTAL'!AK10:AK602,"=APAGADO",'RESUMEN TOTAL'!C10:C602,"=COSEIDI") -> 0 | AF5: =COUNTIFS('RESUMEN TOTAL'!AL10:AL602,"=APAGADO",'RESUMEN TOTAL'!C10:C602,"=COSEIDI") -> 0 | AG5: =COUNTIFS('RESUMEN TOTAL'!AM10:AM602,"=APAGADO",'RESUMEN TOTAL'!C10:C602,"=COSEIDI") -> 0 | AH5: =COUNTIFS('RESUMEN TOTAL'!AN10:AN602,"=APAGADO",'RESUMEN TOTAL'!C10:C602,"=COSEIDI") -> 0 | AI5: =COUNTIFS('RESUMEN TOTAL'!AO10:AO602,"=APAGADO",'RESUMEN TOTAL'!C10:C602,"=COSEIDI") -> 0
E6: % COSEIDI | F6: =F5/COSEIDIcam -> 0.19369369 | G6: =G5/COSEIDIcam -> 0.14414414 | H6: =H5/COSEIDIcam -> 0.14414414 | I6: =I5/COSEIDIcam -> 0.13963964 | J6: =J5/COSEIDIcam -> 0.14864865 | K6: =K5/COSEIDIcam -> 0.13063063 | L6: =L5/COSEIDIcam -> 0.17567568 | M6: =M5/COSEIDIcam -> 0.12162162 | ... O6: =O5/COSEIDIcam -> 0.12612613 | P6: 0 | Q6: 0 | R6: 17,57% | S6: 0 | T6: 0 | U6: 0 | V6: 0 | W6: 12,61% | X6: 11,26% | Y6: 0 | Z6: 0 | AA6: 0 | AB6: 0 | AC6: 0 | AD6: 0 | AE6: 0 | AF6: 0 | AG6: 0 | AH6: 0 | AI6: 0

Sheet paradas
C1: TOTAL PARADAS | D1: =COUNTIFS(A5:A601,"=paradas seguras")/2 -> 0 | E1: TOTAL DE CAMARAS EN PARADAS | H1: =COUNTIFS(A5:A601,"=paradas seguras") -> 0 | I1: TOTAL DE CAMARAS | K1: =COUNTIFS(D5:D601,"=GFIJA") -> 0 | L1: TOTAL DE INTERCOMUNICADORES | O1: =COUNTIFS(D5:D601,"=INTERCOMUNICADOR") -> 0
E2: FIJAS | F2: =COUNTIFS(F4:F600, "=APAGADO",D4:D600,"=GFIJA") -> 0 | G2: =COUNTIFS(G4:G600, "=APAGADO",D4:D600,"=GFIJA") -> 0 | H2: =COUNTIFS(H4:H600, "=APAGADO",D4:D600,"=GFIJA") -> 0 | I2: =COUNTIFS(I4:I600, "=APAGADO",D4:D600,"=GFIJA") -> 0 | J2: =COUNTIFS(J4:J600, "=APAGADO",D4:D600,"=GFIJA") -> 0 | K2: =COUNTIFS(K4:K600, "=APAGADO",D4:D600,"=GFIJA") -> 0 | L2: =COUNTIFS(L4:L600, "=APAGADO",D4:D600,"=GFIJA") -> 0 | M2: =COUNTIFS(M4:M600, "=APAGADO",D4:D600,"=GFIJA") -> 0 | N2: =COUNTIFS(N4:N600, "=APAGADO",D4:D600,"=GFIJA") -> 0 | O2: =COUNTIFS(O4:O600, "=APAGADO",D4:D600,"=GFIJA") -> 0 | P2: =COUNTIFS(P4:P600, "=APAGADO",D4:D600,"=GFIJA") -> 0 | Q2: =COUNTIFS(Q4:Q600, "=APAGADO",D4:D600,"=GFIJA") -> 0 | R2: =COUNTIFS(R4:R600, "=APAGADO",D4:D600,"=GFIJA") -> 0 | S2: =COUNTIFS(S4:S600, "=APAGADO",D4:D600,"=GFIJA") -> 0 | T2: =COUNTIFS(T4:T600, "=APAGADO",D4:D600,"=GFIJA") -> 0 | U2: =COUNTIFS(U4:U600, "=APAGADO",D4:D600,"=GFIJA") -> 0 | V2: =COUNTIFS(V4:V600, "=APAGADO",D4:D600,"=GFIJA") -> 0 | W2: =COUNTIFS(W4:W600, "=APAGADO",D4:D600,"=GFIJA") -> 0 | X2: =COUNTIFS(X4:X600, "=APAGADO",D4:D600,"=GFIJA") -> 0 | Y2: =COUNTIFS(Y4:Y600, "=APAGADO",D4:D600,"=GFIJA") -> 0 | Z2: =COUNTIFS(Z4:Z600, "=APAGADO",D4:D600,"=GFIJA") -> 0 | AA2: =COUNTIFS(AA4:AA600, "=APAGADO",D4:D600,"=GFIJA") -> 0 | AB2: =COUNTIFS(AB4:AB600, "=APAGADO",D4:D600,"=GFIJA") -> 0 | AC2: =COUNTIFS(AC4:AC600, "=APAGADO",D4:D600,"=GFIJA") -> 0 | AD2: =COUNTIFS(AD4:AD600, "=APAGADO",D4:D600,"=GFIJA") -> 0 | AE2: =COUNTIFS(AE4:AE600, "=APAGADO",D4:D600,"=GFIJA") -> 0 | AF2: =COUNTIFS(AF4:AF600, "=APAGADO",D4:D600,"=GFIJA") -> 0 | AG2: =COUNTIFS(AG4:AG600, "=APAGADO",D4:D600,"=GFIJA") -> 0 | AH2: =COUNTIFS(AH4:AH600, "=APAGADO",D4:D600,"=GFIJA") -> 0 | AI2: =COUNTIFS(AI4:AI600, "=APAGADO",D4:D600,"=GFIJA") -> 0
E3: INTERCOMUNICADOR | F3: =COUNTIFS(F6:F602, "=APAGADO",D4:D600,"=INTERCOMUNICADOR") -> 0 | G3: =COUNTIFS(G6:G602, "=APAGADO",D4:D600,"=INTERCOMUNICADOR") -> 0 | H3: =COUNTIFS(H6:H602, "=APAGADO",D4:D600,"=INTERCOMUNICADOR") -> 0 | I3: =COUNTIFS(I6:I602, "=APAGADO",D4:D600,"=INTERCOMUNICADOR") -> 0 | J3: =COUNTIFS(J6:J602, "=APAGADO",D4:D600,"=INTERCOMUNICADOR") -> 0 | K3: =COUNTIFS(K6:K602, "=APAGADO",D4:D600,"=INTERCOMUNICADOR") -> 0 | L3: =COUNTIFS(L6:L602, "=APAGADO",D4:D600,"=INTERCOMUNICADOR") -> 0 | M3: =COUNTIFS(M6:M602, "=APAGADO",D4:D600,"=INTERCOMUNICADOR") -> 0 | N3: =COUNTIFS(N6:N602, "=APAGADO",D4:D600,"=INTERCOMUNICADOR") -> 0 | O3: =COUNTIFS(O6:O602, "=APAGADO",D4:D600,"=INTERCOMUNICADOR") -> 0 | P3: =COUNTIFS(P6:P602, "=APAGADO",D4:D600,"=INTERCOMUNICADOR") -> 0 | Q3: =COUNTIFS(Q6:Q602, "=APAGADO",D4:D600,"=INTERCOMUNICADOR") -> 0 | R3: =COUNTIFS(R6:R602, "=APAGADO",D4:D600,"=INTERCOMUNICADOR") -> 0 | S3: =COUNTIFS(S6:S602, "=APAGADO",D4:D600,"=INTERCOMUNICADOR") -> 0 | T3: =COUNTIFS(T6:T602, "=APAGADO",D4:D600,"=INTERCOMUNICADOR") -> 0 | U3: =COUNTIFS(U6:U602, "=APAGADO",D4:D600,"=INTERCOMUNICADOR") -> 0 | V3: =COUNTIFS(V6:V602, "=APAGADO",D4:D600,"=INTERCOMUNICADOR") -> 0 | W3: =COUNTIFS(W6:W602, "=APAGADO",D4:D600,"=INTERCOMUNICADOR") -> 0 | X3: =COUNTIFS(X6:X602, "=APAGADO",D4:D600,"=INTERCOMUNICADOR") -> 0 | Y3: =COUNTIFS(Y6:Y602, "=APAGADO",D4:D600,"=INTERCOMUNICADOR") -> 0 | Z3: =COUNTIFS(Z6:Z602, "=APAGADO",D4:D600,"=INTERCOMUNICADOR") -> 0 | AA3: =COUNTIFS(AA6:AA602, "=APAGADO",D4:D600,"=INTERCOMUNICADOR") -> 0 | AB3: =COUNTIFS(AB6:AB602, "=APAGADO",D4:D600,"=INTERCOMUNICADOR") -> 0 | AC3: =COUNTIFS(AC6:AC602, "=APAGADO",D4:D600,"=INTERCOMUNICADOR") -> 0 | AD3: =COUNTIFS(AD6:AD602, "=APAGADO",D4:D600,"=INTERCOMUNICADOR") -> 0 | AE3: =COUNTIFS(AE6:AE602, "=APAGADO",D4:D600,"=INTERCOMUNICADOR") -> 0 | AF3: =COUNTIFS(AF6:AF602, "=APAGADO",D4:D600,"=INTERCOMUNICADOR") -> 0 | AG3: =COUNTIFS(AG6:AG602, "=APAGADO",D4:D600,"=INTERCOMUNICADOR") -> 0 | AH3: =COUNTIFS(AH6:AH602, "=APAGADO",D4:D600,"=INTERCOMUNICADOR") -> 0 | AI3: =COUNTIFS(AI6:AI602, "=APAGADO",D4:D600,"=INTERCOMUNICADOR") -> 0
A4: ='RESUMEN TOTAL'!A7 -> Barrio | B4: ='RESUMEN TOTAL'!B7 -> [Denominacion] | C4: ='RESUMEN TOTAL'!D7 -> [Ubicacion] | D4: ='RESUMEN TOTAL'!E7 -> [Tipo de Camara] | E4: ='RESUMEN TOTAL'!F7 -> [Tipo de Conexion] | F4: ='RESUMEN TOTAL'!L7 -> 45809 | G4: ='RESUMEN TOTAL'!M7 -> 45810 | H4: ='RESUMEN TOTAL'!N7 -> 45811 | I4: ='RESUMEN TOTAL'!O7 -> 45812 | J4: ='RESUMEN TOTAL'!P7 -> 45813 | K4: ='RESUMEN TOTAL'!Q7 -> 45814 | L4: ='RESUMEN TOTAL'!R7 -> 45815 | M4: ='RESUMEN TOTAL'!S7 -> 45816 | ... AI4: ='RESUMEN TOTAL'!AO7 -> 45838 | XFC4: =SUM(F4:XFB4) -> 1374705
A5: ='RESUMEN TOTAL'!A8 -> ALTAMIRA | B5: ='RESUMEN TOTAL'!B8 -> ALT01 | C5: ='RESUMEN TOTAL'!D8 -> Calchaqui y Sgto. Cabral | D5: ='RESUMEN TOTAL'!E8 -> Domo | E5: ='RESUMEN TOTAL'!F8 -> Fibra Optica | F5: ='RESUMEN TOTAL'!L8 -> 0 | G5: ='RESUMEN TOTAL'!M8 -> 0 | H5: ='RESUMEN TOTAL'!N8 -> 0 | I5: ='RESUMEN TOTAL'!O8 -> 0 | J5: ='RESUMEN TOTAL'!P8 -> 0 | K5: ='RESUMEN TOTAL'!Q8 -> 0 | L5: ='RESUMEN TOTAL'!R8 -> 0 | M5: ='RESUMEN TOTAL'!S8 -> 0 | ... AI5: ='RESUMEN TOTAL'!AO8 -> 0
A6: ='RESUMEN TOTAL'!A9 -> ALTAMIRA | B6: ='RESUMEN TOTAL'!B9 -> ALT02 | C6: ='RESUMEN TOTAL'!D9 -> Calchaqui y Lope de Vega | D6: ='RESUMEN TOTAL'!E9 -> Domo | E6: ='RESUMEN TOTAL'!F9 -> PTO A FO | F6: ='RESUMEN TOTAL'!L9 -> 0 | G6: ='RESUMEN TOTAL'!M9 -> 0 | H6: ='RESUMEN TOTAL'!N9 -> 0 | I6: ='RESUMEN TOTAL'!O9 -> 0 | J6: ='RESUMEN TOTAL'!P9 -> 0 | K6: ='RESUMEN TOTAL'!Q9 -> 0 | L6: ='RESUMEN TOTAL'!R9 -> 0 | M6: ='RESUMEN TOTAL'!S9 -> 0 | ... AI6: ='RESUMEN TOTAL'!AO9 -> 0
A7: ='RESUMEN TOTAL'!A10 -> ALTAMIRA | B7: ='RESUMEN TOTAL'!B10 -> ALT 03 | C7: ='RESUMEN TOTAL'!D10 -> Bombero Galarza y Necochea | D7: ='RESUMEN TOTAL'!E10 -> Domo | E7: ='RESUMEN TOTAL'!F10 -> Fibra Optica | F7: ='RESUMEN TOTAL'!L10 -> APAGADO | G7: ='RESUMEN TOTAL'!M10 -> APAGADO | H7: ='RESUMEN TOTAL'!N10 -> APAGADO | I7: ='RESUMEN TOTAL'!O10 -> APAGADO | J7: ='RESUMEN TOTAL'!P10 -> APAGADO | K7: ='RESUMEN TOTAL'!Q10 -> APAGADO | L7: ='RESUMEN TOTAL'!R10 -> APAGADO | M7: ='RESUMEN TOTAL'!S10 -> APAGADO | ... AI7: ='RESUMEN TOTAL'!AO10 -> 0
A8: ='RESUMEN TOTAL'!A11 -> ALTAMIRA | B8: ='RESUMEN TOTAL'!B11 -> ALT 04 | C8: ='RESUMEN TOTAL'!D11 -> Francia y Necochea | D8: ='RESUMEN TOTAL'!E11 -> Domo | E8: ='RESUMEN TOTAL'!F11 -> Fibra Optica | F8: ='RESUMEN TOTAL'!L11 -> APAGADO | G8: ='RESUMEN TOTAL'!M11 -> APAGADO | H8: ='RESUMEN TOTAL'!N11 -> APAGADO | I8: ='RESUMEN TOTAL'!O11 -> APAGADO | J8: ='RESUMEN TOTAL'!P11 -> APAGADO | K8: ='RESUMEN TOTAL'!Q11 -> APAGADO | L8: ='RESUMEN TOTAL'!R11 -> APAGADO | M8: ='RESUMEN TOTAL'!S11 -> APAGADO | ... AI8: ='RESUMEN TOTAL'!AO11 -> 0
A9: ='RESUMEN TOTAL'!A12 -> ALTAMIRA | B9: ='RESUMEN TOTAL'!B12 -> ALT05 | C9: ='RESUMEN TOTAL'!D12 -> Av. Calchaqui y Bombero Galarza | D9: ='RESUMEN TOTAL'!E12 -> Domo | E9: ='RESUMEN TOTAL'!F12 -> PTO A FO | F9: ='RESUMEN TOTAL'!L12 -> APAGADO | G9: ='RESUMEN TOTAL'!M12 -> APAGADO | H9: ='RESUMEN TOTAL'!N12 -> APAGADO | I9: ='RESUMEN TOTAL'!O12 -> APAGADO | J9: ='RESUMEN TOTAL'!P12 -> 0 | K9: ='RESUMEN TOTAL'!Q12 -> 0 | L9: ='RESUMEN TOTAL'!R12 -> 0 | M9: ='RESUMEN TOTAL'!S12 -> 0 | ... AI9: ='RESUMEN TOTAL'!AO12 -> 0
A10: ='RESUMEN TOTAL'!A13 -> ALTAMIRA | B10: ='RESUMEN TOTAL'!B13 -> ALT 06 | C10: ='RESUMEN TOTAL'!D13 -> LOPE DE VEGA Y NECOCHEA | D10: ='RESUMEN TOTAL'!E13 -> Domo | E10: ='RESUMEN TOTAL'!F13 -> PTO A FO | F10: ='RESUMEN TOTAL'!L13 -> APAGADO | G10: ='RESUMEN TOTAL'!M13 -> APAGADO | H10: ='RESUMEN TOTAL'!N13 -> APAGADO | I10: ='RESUMEN TOTAL'!O13 -> APAGADO | J10: ='RESUMEN TOTAL'!P13 -> APAGADO | K10: ='RESUMEN TOTAL'!Q13 -> APAGADO | L10: ='RESUMEN TOTAL'!R13 -> APAGADO | M10: ='RESUMEN TOTAL'!S13 -> APAGADO | ... AI10: ='RESUMEN TOTAL'!AO13 -> 0
A11: ='RESUMEN TOTAL'!A14 -> ALTAMIRA | B11: ='RESUMEN TOTAL'!B14 -> ALT07 | C11: ='RESUMEN TOTAL'!D14 -> AV. CALCHAQUI Y AV. DEL TRABAJO | D11: ='RESUMEN TOTAL'!E14 -> DOMO | E11: ='RESUMEN TOTAL'!F14 -> PTO A FO | F11: ='RESUMEN TOTAL'!L14 -> 0 | G11: ='RESUMEN TOTAL'!M14 -> 0 | H11: ='RESUMEN TOTAL'!N14 -> 0 | I11: ='RESUMEN TOTAL'!O14 -> 0 | J11: ='RESUMEN TOTAL'!P14 -> 0 | K11: ='RESUMEN TOTAL'!Q14 -> 0 | L11: ='RESUMEN TOTAL'!R14 -> 0 | M11: ='RESUMEN TOTAL'!S14 -> 0 | ... AI11: ='RESUMEN TOTAL'!AO14 -> 0
A12: ='RESUMEN TOTAL'!A15 -> ALTAMIRA | B12: ='RESUMEN TOTAL'!B15 -> ALT 08 | C12: ='RESUMEN TOTAL'!D15 -> HUMAITA Y NECOCHEA | D12: ='RESUMEN TOTAL'!E15 -> DOMO | E12: ='RESUMEN TOTAL'!F15 -> Fibra Optica | F12: ='RESUMEN TOTAL'!L15 -> 0 | G12: ='RESUMEN TOTAL'!M15 -> 0 | H12: ='RESUMEN TOTAL'!N15 -> 0 | I12: ='RESUMEN TOTAL'!O15 -> 0 | J12: ='RESUMEN TOTAL'!P15 -> 0 | K12: ='RESUMEN TOTAL'!Q15 -> 0 | L12: ='RESUMEN TOTAL'!R15 -> 0 | M12: ='RESUMEN TOTAL'!S15 -> 0 | ... AI12: ='RESUMEN TOTAL'!AO15 -> 0
A13: ='RESUMEN TOTAL'!A16 -> ALTAMIRA | B13: ='RESUMEN TOTAL'!B16 -> ALT 09 | C13: ='RESUMEN TOTAL'!D16 -> NECOCHEA Y CURUPAITY | D13: ='RESUMEN TOTAL'!E16 -> DOMO | E13: ='RESUMEN TOTAL'!F16 -> Fibra Optica | F13: ='RESUMEN TOTAL'!L16 -> 0 | G13: ='RESUMEN TOTAL'!M16 -> 0 | H13: ='RESUMEN TOTAL'!N16 -> 0 | I13: ='RESUMEN TOTAL'!O16 -> 0 | J13: ='RESUMEN TOTAL'!P16 -> 0 | K13: ='RESUMEN TOTAL'!Q16 -> 0 | L13: ='RESUMEN TOTAL'!R16 -> 0 | M13: ='RESUMEN TOTAL'!S16 -> 0 | ... AI13: ='RESUMEN TOTAL'!AO16 -> 0
A14: ='RESUMEN TOTAL'!A17 -> ALTAMIRA | B14: ='RESUMEN TOTAL'!B17 -> ALT 10 | C14: ='RESUMEN TOTAL'!D17 -> Calchaqui y Francia | D14: ='RESUMEN TOTAL'!E17 -> Domo | E14: ='RESUMEN TOTAL'!F17 -> Radio | F14: ='RESUMEN TOTAL'!L17 -> APAGADO | G14: ='RESUMEN TOTAL'!M17 -> APAGADO | H14: ='RESUMEN TOTAL'!N17 -> APAGADO | I14: ='RESUMEN TOTAL'!O17 -> APAGADO | J14: ='RESUMEN TOTAL'!P17 -> 0 | K14: ='RESUMEN TOTAL'!Q17 -> 0 | L14: ='RESUMEN TOTAL'!R17 -> 0 | M14: ='RESUMEN TOTAL'!S17 -> 0 | ... AI14: ='RESUMEN TOTAL'!AO17 -> 0
A15: ='RESUMEN TOTAL'!A18 -> AGUSTIN RAMIREZ | B15: ='RESUMEN TOTAL'!B18 -> ARA 01 | C15: ='RESUMEN TOTAL'!D18 -> Malambo y Tranquera | D15: ='RESUMEN TOTAL'!E18 -> Domo | E15: ='RESUMEN TOTAL'!F18 -> Fibra Optica | F15: ='RESUMEN TOTAL'!L18 -> 0 | G15: ='RESUMEN TOTAL'!M18 -> 0 | H15: ='RESUMEN TOTAL'!N18 -> 0 | I15: ='RESUMEN TOTAL'!O18 -> 0 | J15: ='RESUMEN TOTAL'!P18 -> 0 | K15: ='RESUMEN TOTAL'!Q18 -> 0 | L15: ='RESUMEN TOTAL'!R18 -> 0 | M15: ='RESUMEN TOTAL'!S18 -> 0 | ... AI15: ='RESUMEN TOTAL'!AO18 -> 0
A16: ='RESUMEN TOTAL'!A19 -> BELGRANO | B16: ='RESUMEN TOTAL'!B19 -> BEL 01 | C16: ='RESUMEN TOTAL'!D19 -> San Martin y Dardo Rocha | D16: ='RESUMEN TOTAL'!E19 -> DOMO | E16: ='RESUMEN TOTAL'!F19 -> Fibra Optica | F16: ='RESUMEN TOTAL'!L19 -> 0 | G16: ='RESUMEN TOTAL'!M19 -> 0 | H16: ='RESUMEN TOTAL'!N19 -> 0 | I16: ='RESUMEN TOTAL'!O19 -> 0 | J16: ='RESUMEN TOTAL'!P19 -> 0 | K16: ='RESUMEN TOTAL'!Q19 -> 0 | L16: ='RESUMEN TOTAL'!R19 -> 0 | M16: ='RESUMEN TOTAL'!S19 -> 0 | ... AI16: ='RESUMEN TOTAL'!AO19 -> 0
... A23: ='RESUMEN TOTAL'!A26 -> BOSQUES CENTRO | B23: ='RESUMEN TOTAL'!B26 -> BOSQC 06 | C23: ='RESUMEN TOTAL'!D26 -> LUIS AGOTE Y RUTA 36 | D23: ='RESUMEN TOTAL'!E26 -> Fija | E23: ='RESUMEN TOTAL'!F26 -> Radio | F23: ='RESUMEN TOTAL'!L26 -> 0 | G23: ='RESUMEN TOTAL'!M26 -> 0 | H23: ='RESUMEN TOTAL'!N26 -> 0 | I23: ='RESUMEN TOTAL'!O26 -> 0 | J23: ='RESUMEN TOTAL'!P26 -> 0 | K23: ='RESUMEN TOTAL'!Q26 -> 0 | L23: ='RESUMEN TOTAL'!R26 -> 0 | M23: ='RESUMEN TOTAL'!S26 -> 0 | ... AI23: ='RESUMEN TOTAL'!AO26 -> 0
A24: ='RESUMEN TOTAL'!A32 -> CENTRO | B24: ='RESUMEN TOTAL'!B32 -> CEN01 | C24: ='RESUMEN TOTAL'!D32 -> San Martin y 9 de Julio | D24: ='RESUMEN TOTAL'!E32 -> Fija | E24: ='RESUMEN TOTAL'!F32 -> Fibra Optica | F24: ='RESUMEN TOTAL'!L32 -> 0 | G24: ='RESUMEN TOTAL'!M32 -> 0 | H24: ='RESUMEN TOTAL'!N32 -> 0 | I24: ='RESUMEN TOTAL'!O32 -> APAGADO | J24: ='RESUMEN TOTAL'!P32 -> 0 | K24: ='RESUMEN TOTAL'!Q32 -> 0 | L24: ='RESUMEN TOTAL'!R32 -> 0 | M24: ='RESUMEN TOTAL'!S32 -> 0 | ... AI24: ='RESUMEN TOTAL'!AO32 -> 0
A25: ='RESUMEN TOTAL'!A33 -> CENTRO | B25: ='RESUMEN TOTAL'!B33 -> CEN02 | C25: ='RESUMEN TOTAL'!D33 -> San Martin y Almafuerte | D25: ='RESUMEN TOTAL'!E33 -> Fija | E25: ='RESUMEN TOTAL'!F33 -> Fibra Optica | F25: ='RESUMEN TOTAL'!L33 -> 0 | G25: ='RESUMEN TOTAL'!M33 -> 0 | H25: ='RESUMEN TOTAL'!N33 -> 0 | I25: ='RESUMEN TOTAL'!O33 -> APAGADO | J25: ='RESUMEN TOTAL'!P33 -> 0 | K25: ='RESUMEN TOTAL'!Q33 -> 0 | L25: ='RESUMEN TOTAL'!R33 -> 0 | M25: ='RESUMEN TOTAL'!S33 -> 0 | ... AI25: ='RESUMEN TOTAL'!AO33 -> 0
A26: ='RESUMEN TOTAL'!A34 -> CENTRO | B26: ='RESUMEN TOTAL'!B34 -> CEN03 | C26: ='RESUMEN TOTAL'!D34 -> San Martin y Sallares | D26: ='RESUMEN TOTAL'!E34 -> Domo | E26: ='RESUMEN TOTAL'!F34 -> Fibra Optica | F26: ='RESUMEN TOTAL'!L34 -> 0 | G26: ='RESUMEN TOTAL'!M34 -> 0 | H26: ='RESUMEN TOTAL'!N34 -> 0 | I26: ='RESUMEN TOTAL'!O34 -> 0 | J26: ='RESUMEN TOTAL'!P34 -> 0 | K26: ='RESUMEN TOTAL'!Q34 -> 0 | L26: ='RESUMEN TOTAL'!R34 -> 0 | M26: ='RESUMEN TOTAL'!S34 -> 0 | ... AI26: ='RESUMEN TOTAL'!AO34 -> 0
A27: ='RESUMEN TOTAL'!A35 -> CENTRO | B27: ='RESUMEN TOTAL'!B35 -> CEN04 | C27: ='RESUMEN TOTAL'!D35 -> San Martin y Contreras | D27: ='RESUMEN TOTAL'!E35 -> Domo | E27: ='RESUMEN TOTAL'!F35 -> Fibra Optica | F27: ='RESUMEN TOTAL'!L35 -> 0 | G27: ='RESUMEN TOTAL'!M35 -> 0 | H27: ='RESUMEN TOTAL'!N35 -> 0 | I27: ='RESUMEN TOTAL'!O35 -> 0 | J27: ='RESUMEN TOTAL'!P35 -> 0 | K27: ='RESUMEN TOTAL'!Q35 -> 0 | L27: ='RESUMEN TOTAL'!R35 -> 0 | M27: ='RESUMEN TOTAL'!S35 -> 0 | ... AI27: ='RESUMEN TOTAL'!AO35 -> 0
A28: ='RESUMEN TOTAL'!A36 -> CENTRO | B28: ='RESUMEN TOTAL'!B36 -> CEN 05 | C28: ='RESUMEN TOTAL'!D36 -> Bocuzzi e/España y San Martin | D28: ='RESUMEN TOTAL'!E36 -> DOMO | E28: ='RESUMEN TOTAL'!F36 -> Fibra Optica | F28: ='RESUMEN TOTAL'!L36 -> 0 | G28: ='RESUMEN TOTAL'!M36 -> 0 | H28: ='RESUMEN TOTAL'!N36 -> 0 | I28: ='RESUMEN TOTAL'!O36 -> 0 | J28: ='RESUMEN TOTAL'!P36 -> 0 | K28: ='RESUMEN TOTAL'!Q36 -> 0 | L28: ='RESUMEN TOTAL'!R36 -> 0 | M28: ='RESUMEN TOTAL'!S36 -> 0 | ... AI28: ='RESUMEN TOTAL'!AO36 -> 0
A29: ='RESUMEN TOTAL'!A37 -> CENTRO | B29: ='RESUMEN TOTAL'!B37 -> CEN06 | C29: ='RESUMEN TOTAL'!D37 -> Monteagudo y A.del Valle | D29: ='RESUMEN TOTAL'!E37 -> Fija | E29: ='RESUMEN TOTAL'!F37 -> Fibra Optica | F29: ='RESUMEN TOTAL'!L37 -> APAGADO | G29: ='RESUMEN TOTAL'!M37 -> APAGADO | H29: ='RESUMEN TOTAL'!N37 -> APAGADO | I29: ='RESUMEN TOTAL'!O37 -> APAGADO | J29: ='RESUMEN TOTAL'!P37 -> APAGADO | K29: ='RESUMEN TOTAL'!Q37 -> APAGADO | L29: ='RESUMEN TOTAL'!R37 -> APAGADO | M29: ='RESUMEN TOTAL'!S37 -> APAGADO | ... AI29: ='RESUMEN TOTAL'!AO37 -> 0
A30: ='RESUMEN TOTAL'!A38 -> CENTRO | B30: ='RESUMEN TOTAL'!B38 -> CEN07 | C30: ='RESUMEN TOTAL'!D38 -> San Martin y Guemes | D30: ='RESUMEN TOTAL'!E38 -> DOMO | E30: ='RESUMEN TOTAL'!F38 -> Fibra Optica | F30: ='RESUMEN TOTAL'!L38 -> 0 | G30: ='RESUMEN TOTAL'!M38 -> 0 | H30: ='RESUMEN TOTAL'!N38 -> 0 | I30: ='RESUMEN TOTAL'!O38 -> 0 | J30: ='RESUMEN TOTAL'!P38 -> 0 | K30: ='RESUMEN TOTAL'!Q38 -> 0 | L30: ='RESUMEN TOTAL'!R38 -> 0 | M30: ='RESUMEN TOTAL'!S38 -> 0 | ... AI30: ='RESUMEN TOTAL'!AO38 -> 0
A31: ='RESUMEN TOTAL'!A39 -> CENTRO | B31: ='RESUMEN TOTAL'!B39 -> CEN08 | C31: ='RESUMEN TOTAL'!D39 -> San Martin y Pte.Peron | D31: ='RESUMEN TOTAL'!E39 -> Domo | E31: ='RESUMEN TOTAL'!F39 -> Fibra Optica | F31: ='RESUMEN TOTAL'!L39 -> 0 | G31: ='RESUMEN TOTAL'!M39 -> 0 | H31: ='RESUMEN TOTAL'!N39 -> 0 | I31: ='RESUMEN TOTAL'!O39 -> 0 | J31: ='RESUMEN TOTAL'!P39 -> 0 | K31: ='RESUMEN TOTAL'!Q39 -> 0 | L31: ='RESUMEN TOTAL'!R39 -> 0 | M31: ='RESUMEN TOTAL'!S39 -> 0 | ... AI31: ='RESUMEN TOTAL'!AO39 -> 0
A32: ='RESUMEN TOTAL'!A40 -> CENTRO | B32: ='RESUMEN TOTAL'!B40 -> CEN09 | C32: ='RESUMEN TOTAL'!D40 -> Chacabuco y 25 de Mayo | D32: ='RESUMEN TOTAL'!E40 -> Domo | E32: ='RESUMEN TOTAL'!F40 -> Fibra Optica | F32: ='RESUMEN TOTAL'!L40 -> 0 | G32: ='RESUMEN TOTAL'!M40 -> 0 | H32: ='RESUMEN TOTAL'!N40 -> 0 | I32: ='RESUMEN TOTAL'!O40 -> 0 | J32: ='RESUMEN TOTAL'!P40 -> 0 | K32: ='RESUMEN TOTAL'!Q40 -> 0 | L32: ='RESUMEN TOTAL'!R40 -> 0 | M32: ='RESUMEN TOTAL'!S40 -> 0 | ... AI32: ='RESUMEN TOTAL'!AO40 -> 0
A33: ='RESUMEN TOTAL'!A41 -> CENTRO | B33: ='RESUMEN TOTAL'!B41 -> CEN10 | C33: ='RESUMEN TOTAL'!D41 -> Monteagudo y Pte. Peron | D33: ='RESUMEN TOTAL'!E41 -> Domo | E33: ='RESUMEN TOTAL'!F41 -> Fibra Optica | F33: ='RESUMEN TOTAL'!L41 -> 0 | G33: ='RESUMEN TOTAL'!M41 -> 0 | H33: ='RESUMEN TOTAL'!N41 -> 0 | I33: ='RESUMEN TOTAL'!O41 -> 0 | J33: ='RESUMEN TOTAL'!P41 -> 0 | K33: ='RESUMEN TOTAL'!Q41 -> 0 | L33: ='RESUMEN TOTAL'!R41 -> 0 | M33: ='RESUMEN TOTAL'!S41 -> 0 | ... AI33: ='RESUMEN TOTAL'!AO41 -> 0
A34: ='RESUMEN TOTAL'!A42 -> CENTRO | B34: ='RESUMEN TOTAL'!B42 -> CEN11 | C34: ='RESUMEN TOTAL'!D42 -> Monteagudo y Bocuzzi | D34: ='RESUMEN TOTAL'!E42 -> Domo | E34: ='RESUMEN TOTAL'!F42 -> Fibra Optica | F34: ='RESUMEN TOTAL'!L42 -> 0 | G34: ='RESUMEN TOTAL'!M42 -> 0 | H34: ='RESUMEN TOTAL'!N42 -> 0 | I34: ='RESUMEN TOTAL'!O42 -> 0 | J34: ='RESUMEN TOTAL'!P42 -> 0 | K34: ='RESUMEN TOTAL'!Q42 -> 0 | L34: ='RESUMEN TOTAL'!R42 -> 0 | M34: ='RESUMEN TOTAL'!S42 -> 0 | ... AI34: ='RESUMEN TOTAL'!AO42 -> 0
A35: ='RESUMEN TOTAL'!A43 -> CENTRO | B35: ='RESUMEN TOTAL'!B43 -> CEN 12 | C35: ='RESUMEN TOTAL'!D43 -> Monteagudo y Mitre | D35: ='RESUMEN TOTAL'!E43 -> Domo | E35: ='RESUMEN TOTAL'!F43 -> Fibra Optica | F35: ='RESUMEN TOTAL'!L43 -> 0 | G35: ='RESUMEN TOTAL'!M43 -> 0 | H35: ='RESUMEN TOTAL'!N43 -> 0 | I35: ='RESUMEN TOTAL'!O43 -> 0 | J35: ='RESUMEN TOTAL'!P43 -> 0 | K35: ='RESUMEN TOTAL'!Q43 -> 0 | L35: ='RESUMEN TOTAL'!R43 -> APAGADO | M35: ='RESUMEN TOTAL'!S43 -> APAGADO | ... AI35: ='RESUMEN TOTAL'!AO43 -> 0
... A70: ='RESUMEN TOTAL'!A78 -> CENTRO | B70: ='RESUMEN TOTAL'!B78 -> CEN47 | C70: ='RESUMEN TOTAL'!D78 -> Sallares y Brown | D70: ='RESUMEN TOTAL'!E78 -> Domo | E70: ='RESUMEN TOTAL'!F78 -> Fibra Optica | F70: ='RESUMEN TOTAL'!L78 -> 0 | G70: ='RESUMEN TOTAL'!M78 -> 0 | H70: ='RESUMEN TOTAL'!N78 -> 0 | I70: ='RESUMEN TOTAL'!O78 -> APAGADO | J70: ='RESUMEN TOTAL'!P78 -> APAGADO | K70: ='RESUMEN TOTAL'!Q78 -> 0 | L70: ='RESUMEN TOTAL'!R78 -> APAGADO | M70: ='RESUMEN TOTAL'!S78 -> APAGADO | ... AI70: ='RESUMEN TOTAL'!AO78 -> 0
A71: ='RESUMEN TOTAL'!A79 -> CENTRO | B71: ='RESUMEN TOTAL'!B79 -> CEN48 | C71: ='RESUMEN TOTAL'!D79 -> Velez Sarsfield y Las Heras | D71: ='RESUMEN TOTAL'!E79 -> Domo | E71: ='RESUMEN TOTAL'!F79 -> GPON | F71: ='RESUMEN TOTAL'!L79 -> 0 | G71: ='RESUMEN TOTAL'!M79 -> 0 | H71: ='RESUMEN TOTAL'!N79 -> 0 | I71: ='RESUMEN TOTAL'!O79 -> 0 | J71: ='RESUMEN TOTAL'!P79 -> 0 | K71: ='RESUMEN TOTAL'!Q79 -> APAGADO | L71: ='RESUMEN TOTAL'!R79 -> 0 | M71: ='RESUMEN TOTAL'!S79 -> 0 | ... Z71: ='RESUMEN TOTAL'!AF79 -> 0 | AA71: ='RESUMEN TOTAL'!#REF! -> #REF! | AB71: ='RESUMEN TOTAL'!AH79 -> 0 | AC71: ='RESUMEN TOTAL'!AI79 -> 0 | AD71: ='RESUMEN TOTAL'!AJ79 -> 0 | AE71: ='RESUMEN TOTAL'!AK79 -> 0 | AF71: ='RESUMEN TOTAL'!AL79 -> 0 | AG71: ='RESUMEN TOTAL'!AM79 -> 0 | AH71: ='RESUMEN TOTAL'!AN79 -> 0 | AI71: ='RESUMEN TOTAL'!AO79 -> 0
A72: ='RESUMEN TOTAL'!A80 -> CENTRO | B72: ='RESUMEN TOTAL'!B80 -> CEN49 | C72: ='RESUMEN TOTAL'!D80 -> Av. San Martin y Florencio Sanchez | D72: ='RESUMEN TOTAL'!E80 -> Domo | E72: ='RESUMEN TOTAL'!F80 -> Fibra Optica | F72: ='RESUMEN TOTAL'!L80 -> 0 | G72: ='RESUMEN TOTAL'!M80 -> 0 | H72: ='RESUMEN TOTAL'!N80 -> 0 | I72: ='RESUMEN TOTAL'!O80 -> 0 | J72: ='RESUMEN TOTAL'!P80 -> 0 | K72: ='RESUMEN TOTAL'!Q80 -> 0 | L72: ='RESUMEN TOTAL'!R80 -> 0 | M72: ='RESUMEN TOTAL'!S80 -> 0 | ... AI72: ='RESUMEN TOTAL'!AO80 -> 0
A73: ='RESUMEN TOTAL'!A81 -> CENTRO | B73: ='RESUMEN TOTAL'!B81 -> CEN 50 | C73: ='RESUMEN TOTAL'!D81 -> Av. San Martin y Newbery | D73: ='RESUMEN TOTAL'!E81 -> Domo | E73: ='RESUMEN TOTAL'!F81 -> Fibra Optica | F73: ='RESUMEN TOTAL'!L81 -> 0 | G73: ='RESUMEN TOTAL'!M81 -> 0 | H73: ='RESUMEN TOTAL'!N81 -> 0 | I73: ='RESUMEN TOTAL'!O81 -> APAGADO | J73: ='RESUMEN TOTAL'!P81 -> 0 | K73: ='RESUMEN TOTAL'!Q81 -> 0 | L73: ='RESUMEN TOTAL'!R81 -> 0 | M73: ='RESUMEN TOTAL'!S81 -> 0 | ... AI73: ='RESUMEN TOTAL'!AO81 -> 0
A74: ='RESUMEN TOTAL'!A82 -> CENTRO | B74: ='RESUMEN TOTAL'!B82 -> CEN 51 | C74: ='RESUMEN TOTAL'!D82 -> ILLIA Y LAS HERAS | D74: ='RESUMEN TOTAL'!E82 -> FIJA | E74: ='RESUMEN TOTAL'!F82 -> Fibra Optica | F74: ='RESUMEN TOTAL'!L82 -> 0 | G74: ='RESUMEN TOTAL'!M82 -> 0 | H74: ='RESUMEN TOTAL'!N82 -> 0 | I74: ='RESUMEN TOTAL'!O82 -> 0 | J74: ='RESUMEN TOTAL'!P82 -> 0 | K74: ='RESUMEN TOTAL'!Q82 -> 0 | L74: ='RESUMEN TOTAL'!R82 -> 0 | M74: ='RESUMEN TOTAL'!S82 -> 0 | ... AI74: ='RESUMEN TOTAL'!AO82 -> 0
A75: ='RESUMEN TOTAL'!A83 -> CENTRO | B75: ='RESUMEN TOTAL'!B83 -> CEN52 | C75: ='RESUMEN TOTAL'!D83 -> San Martin y Almafuerte (ex San Martin y Dorrego) | D75: ='RESUMEN TOTAL'!E83 -> DOMO | E75: ='RESUMEN TOTAL'!F83 -> Radio | F75: ='RESUMEN TOTAL'!L83 -> 0 | G75: ='RESUMEN TOTAL'!M83 -> 0 | H75: ='RESUMEN TOTAL'!N83 -> 0 | I75: ='RESUMEN TOTAL'!O83 -> 0 | J75: ='RESUMEN TOTAL'!P83 -> 0 | K75: ='RESUMEN TOTAL'!Q83 -> 0 | L75: ='RESUMEN TOTAL'!R83 -> 0 | M75: ='RESUMEN TOTAL'!S83 -> 0 | ... AI75: ='RESUMEN TOTAL'!AO83 -> 0
A76: ='RESUMEN TOTAL'!A84 -> CENTRO | B76: ='RESUMEN TOTAL'!B84 -> CEN 53 | C76: ='RESUMEN TOTAL'!D84 -> GUTIERREZ Y BROWN | D76: ='RESUMEN TOTAL'!E84 -> Domo | E76: ='RESUMEN TOTAL'!F84 -> Fibra Optica | F76: ='RESUMEN TOTAL'!L84 -> 0 | G76: ='RESUMEN TOTAL'!M84 -> 0 | H76: ='RESUMEN TOTAL'!N84 -> 0 | I76: ='RESUMEN TOTAL'!O84 -> 0 | J76: ='RESUMEN TOTAL'!P84 -> 0 | K76: ='RESUMEN TOTAL'!Q84 -> 0 | L76: ='RESUMEN TOTAL'!R84 -> 0 | M76: ='RESUMEN TOTAL'!S84 -> 0 | ... AI76: ='RESUMEN TOTAL'!AO84 -> 0
A77: ='RESUMEN TOTAL'!A85 -> CENTRO | B77: ='RESUMEN TOTAL'!B85 -> CEN 54 | C77: ='RESUMEN TOTAL'!D85 -> GUTIERREZ Y PRINGLES | D77: ='RESUMEN TOTAL'!E85 -> Domo | E77: ='RESUMEN TOTAL'!F85 -> Fibra Optica | F77: ='RESUMEN TOTAL'!L85 -> 0 | G77: ='RESUMEN TOTAL'!M85 -> 0 | H77: ='RESUMEN TOTAL'!N85 -> 0 | I77: ='RESUMEN TOTAL'!O85 -> 0 | J77: ='RESUMEN TOTAL'!P85 -> 0 | K77: ='RESUMEN TOTAL'!Q85 -> 0 | L77: ='RESUMEN TOTAL'!R85 -> 0 | M77: ='RESUMEN TOTAL'!S85 -> 0 | ... AI77: ='RESUMEN TOTAL'!AO85 -> 0
A78: ='RESUMEN TOTAL'!A86 -> CENTRO | B78: ='RESUMEN TOTAL'!B86 -> CEN 55 | C78: ='RESUMEN TOTAL'!D86 -> BOUREL Y URQUIZA | D78: ='RESUMEN TOTAL'!E86 -> Domo | E78: ='RESUMEN TOTAL'!F86 -> Radio | F78: ='RESUMEN TOTAL'!L86 -> 0 | G78: ='RESUMEN TOTAL'!M86 -> 0 | H78: ='RESUMEN TOTAL'!N86 -> 0 | I78: ='RESUMEN TOTAL'!O86 -> 0 | J78: ='RESUMEN TOTAL'!P86 -> 0 | K78: ='RESUMEN TOTAL'!Q86 -> 0 | L78: ='RESUMEN TOTAL'!R86 -> 0 | M78: ='RESUMEN TOTAL'!S86 -> 0 | ... AI78: ='RESUMEN TOTAL'!AO86 -> 0
A79: ='RESUMEN TOTAL'!A87 -> CENTRO | B79: ='RESUMEN TOTAL'!B87 -> CEN 56 | C79: ='RESUMEN TOTAL'!D87 -> Newbery y Falucho | D79: ='RESUMEN TOTAL'!E87 -> DOMO | E79: ='RESUMEN TOTAL'!F87 -> Radio | F79: ='RESUMEN TOTAL'!L87 -> 0 | G79: ='RESUMEN TOTAL'!M87 -> 0 | H79: ='RESUMEN TOTAL'!N87 -> 0 | I79: ='RESUMEN TOTAL'!O87 -> 0 | J79: ='RESUMEN TOTAL'!P87 -> 0 | K79: ='RESUMEN TOTAL'!Q87 -> 0 | L79: ='RESUMEN TOTAL'!R87 -> 0 | M79: ='RESUMEN TOTAL'!S87 -> 0 | ... AI79: ='RESUMEN TOTAL'!AO87 -> 0
A80: ='RESUMEN TOTAL'!A88 -> CENTRO | B80: ='RESUMEN TOTAL'!B88 -> CEN 57 | C80: ='RESUMEN TOTAL'!D88 -> 25 DE MAYO Y DORREGO | D80: ='RESUMEN TOTAL'!E88 -> DOMO | E80: ='RESUMEN TOTAL'!F88 -> Fibra Optica | F80: ='RESUMEN TOTAL'!L88 -> 0 | G80: ='RESUMEN TOTAL'!M88 -> 0 | H80: ='RESUMEN TOTAL'!N88 -> 0 | I80: ='RESUMEN TOTAL'!O88 -> 0 | J80: ='RESUMEN TOTAL'!P88 -> 0 | K80: ='RESUMEN TOTAL'!Q88 -> 0 | L80: ='RESUMEN TOTAL'!R88 -> 0 | M80: ='RESUMEN TOTAL'!S88 -> 0 | ... AI80: ='RESUMEN TOTAL'!AO88 -> 0
A81: ='RESUMEN TOTAL'!A89 -> CENTRO | B81: ='RESUMEN TOTAL'!B89 -> CEN 58 | C81: ='RESUMEN TOTAL'!D89 -> EEUU Y MORENO | D81: ='RESUMEN TOTAL'!E89 -> DOMO | E81: ='RESUMEN TOTAL'!F89 -> Fibra Optica | F81: ='RESUMEN TOTAL'!L89 -> 0 | G81: ='RESUMEN TOTAL'!M89 -> 0 | H81: ='RESUMEN TOTAL'!N89 -> 0 | I81: ='RESUMEN TOTAL'!O89 -> 0 | J81: ='RESUMEN TOTAL'!P89 -> 0 | K81: ='RESUMEN TOTAL'!Q89 -> 0 | L81: ='RESUMEN TOTAL'!R89 -> 0 | M81: ='RESUMEN TOTAL'!S89 -> 0 | ... AI81: ='RESUMEN TOTAL'!AO89 -> 0
A82: ='RESUMEN TOTAL'!A90 -> CENTRO | B82: ='RESUMEN TOTAL'!B90 -> CEN59 | C82: ='RESUMEN TOTAL'!D90 -> CHACABUCO Y BOUREL | D82: ='RESUMEN TOTAL'!E90 -> DOMO | E82: ='RESUMEN TOTAL'!F90 -> Fibra Optica | F82: ='RESUMEN TOTAL'!L90 -> 0 | G82: ='RESUMEN TOTAL'!M90 -> 0 | H82: ='RESUMEN TOTAL'!N90 -> 0 | I82: ='RESUMEN TOTAL'!O90 -> 0 | J82: ='RESUMEN TOTAL'!P90 -> 0 | K82: ='RESUMEN TOTAL'!Q90 -> 0 | L82: ='RESUMEN TOTAL'!R90 -> 0 | M82: ='RESUMEN TOTAL'!S90 -> 0 | ... AI82: ='RESUMEN TOTAL'!AO90 -> 0
A83: ='RESUMEN TOTAL'!A91 -> CENTRO | B83: ='RESUMEN TOTAL'!B91 -> CEN 60 | C83: ='RESUMEN TOTAL'!D91 -> RECONQUISTA Y ILLIA | D83: ='RESUMEN TOTAL'!E91 -> DOMO | E83: ='RESUMEN TOTAL'!F91 -> PTO A FO | F83: ='RESUMEN TOTAL'!L91 -> 0 | G83: ='RESUMEN TOTAL'!M91 -> 0 | H83: ='RESUMEN TOTAL'!N91 -> 0 | I83: ='RESUMEN TOTAL'!O91 -> 0 | J83: ='RESUMEN TOTAL'!P91 -> 0 | K83: ='RESUMEN TOTAL'!Q91 -> 0 | L83: ='RESUMEN TOTAL'!R91 -> 0 | M83: ='RESUMEN TOTAL'!S91 -> 0 | ... AI83: ='RESUMEN TOTAL'!AO91 -> 0
... A109: ='RESUMEN TOTAL'!A117 -> CENTRO | B109: ='RESUMEN TOTAL'!B117 -> CEN 86 | C109: ='RESUMEN TOTAL'!D117 -> Monteagudo y Bocuzzi | D109: ='RESUMEN TOTAL'!E117 -> Fija | E109: ='RESUMEN TOTAL'!F117 -> Fibra Optica | F109: ='RESUMEN TOTAL'!L117 -> 0 | G109: ='RESUMEN TOTAL'!M117 -> 0 | H109: ='RESUMEN TOTAL'!N117 -> 0 | I109: ='RESUMEN TOTAL'!O117 -> 0 | J109: ='RESUMEN TOTAL'!P117 -> 0 | K109: ='RESUMEN TOTAL'!Q117 -> 0 | L109: ='RESUMEN TOTAL'!R117 -> 0 | M109: ='RESUMEN TOTAL'!S117 -> 0 | ... AI109: ='RESUMEN TOTAL'!AO117 -> 0
A110: ='RESUMEN TOTAL'!A120 -> SAN NICOLAS | B110: ='RESUMEN TOTAL'!B120 -> CHA01 | C110: ='RESUMEN TOTAL'!D120 -> Novak y Pte Illia | D110: ='RESUMEN TOTAL'!E120 -> Domo | E110: ='RESUMEN TOTAL'!F120 -> Radio | F110: ='RESUMEN TOTAL'!L120 -> 0 | G110: ='RESUMEN TOTAL'!M120 -> 0 | H110: ='RESUMEN TOTAL'!N120 -> 0 | I110: ='RESUMEN TOTAL'!O120 -> 0 | J110: ='RESUMEN TOTAL'!P120 -> 0 | K110: ='RESUMEN TOTAL'!Q120 -> 0 | L110: ='RESUMEN TOTAL'!R120 -> 0 | M110: ='RESUMEN TOTAL'!S120 -> 0 | ... AI110: ='RESUMEN TOTAL'!AO120 -> 0
A111: ='RESUMEN TOTAL'!A121 -> CHACABUCO | B111: ='RESUMEN TOTAL'!B121 -> CHA02 | C111: ='RESUMEN TOTAL'!D121 -> Pte. Illia y Posadas | D111: ='RESUMEN TOTAL'!E121 -> Domo | E111: ='RESUMEN TOTAL'!F121 -> Radio | F111: ='RESUMEN TOTAL'!L121 -> APAGADO | G111: ='RESUMEN TOTAL'!M121 -> APAGADO | H111: ='RESUMEN TOTAL'!N121 -> APAGADO | I111: ='RESUMEN TOTAL'!O121 -> APAGADO | J111: ='RESUMEN TOTAL'!P121 -> APAGADO | K111: ='RESUMEN TOTAL'!Q121 -> APAGADO | L111: ='RESUMEN TOTAL'!R121 -> APAGADO | M111: ='RESUMEN TOTAL'!S121 -> APAGADO | ... AI111: ='RESUMEN TOTAL'!AO121 -> 0
A112: ='RESUMEN TOTAL'!A122 -> CHACABUCO | B112: ='RESUMEN TOTAL'!B122 -> CHA03 | C112: ='RESUMEN TOTAL'!D122 -> MAIPU Y ALVAREZ THOMAS | D112: ='RESUMEN TOTAL'!E122 -> DOMO | E112: ='RESUMEN TOTAL'!F122 -> Fibra Optica | F112: ='RESUMEN TOTAL'!L122 -> 0 | G112: ='RESUMEN TOTAL'!M122 -> 0 | H112: ='RESUMEN TOTAL'!N122 -> 0 | I112: ='RESUMEN TOTAL'!O122 -> APAGADO | J112: ='RESUMEN TOTAL'!P122 -> 0 | K112: ='RESUMEN TOTAL'!Q122 -> 0 | L112: ='RESUMEN TOTAL'!R122 -> 0 | M112: ='RESUMEN TOTAL'!S122 -> 0 | ... AI112: ='RESUMEN TOTAL'!AO122 -> 0
A113: ='RESUMEN TOTAL'!A123 -> CHACABUCO | B113: ='RESUMEN TOTAL'!B123 -> CHA04 | C113: ='RESUMEN TOTAL'!D123 -> ESTADOS UNIDOS DE A. E ILLIA | D113: ='RESUMEN TOTAL'!E123 -> DOMO | E113: ='RESUMEN TOTAL'!F123 -> Fibra Optica | F113: ='RESUMEN TOTAL'!L123 -> 0 | G113: ='RESUMEN TOTAL'!M123 -> 0 | H113: ='RESUMEN TOTAL'!N123 -> 0 | I113: ='RESUMEN TOTAL'!O123 -> 0 | J113: ='RESUMEN TOTAL'!P123 -> 0 | K113: ='RESUMEN TOTAL'!Q123 -> 0 | L113: ='RESUMEN TOTAL'!R123 -> 0 | M113: ='RESUMEN TOTAL'!S123 -> 0 | ... AI113: ='RESUMEN TOTAL'!AO123 -> 0
A114: ='RESUMEN TOTAL'!A124 -> VILLA MONICA NUEVA | B114: ='RESUMEN TOTAL'!B124 -> COL01 | C114: ='RESUMEN TOTAL'!D124 -> Eva Peron y Cariboni | D114: ='RESUMEN TOTAL'!E124 -> Domo | E114: ='RESUMEN TOTAL'!F124 -> Radio | F114: ='RESUMEN TOTAL'!L124 -> 0 | G114: ='RESUMEN TOTAL'!M124 -> 0 | H114: ='RESUMEN TOTAL'!N124 -> 0 | I114: ='RESUMEN TOTAL'!O124 -> 0 | J114: ='RESUMEN TOTAL'!P124 -> 0 | K114: ='RESUMEN TOTAL'!Q124 -> 0 | L114: ='RESUMEN TOTAL'!R124 -> 0 | M114: ='RESUMEN TOTAL'!S124 -> 0 | ... AI114: ='RESUMEN TOTAL'!AO124 -> 0
A115: ='RESUMEN TOTAL'!A125 -> LA COLORADA ESTE | B115: ='RESUMEN TOTAL'!B125 -> COL02 | C115: ='RESUMEN TOTAL'!D125 -> Av. Eva Peron y Pompeya | D115: ='RESUMEN TOTAL'!E125 -> Domo | E115: ='RESUMEN TOTAL'!F125 -> Radio | F115: ='RESUMEN TOTAL'!L125 -> 0 | G115: ='RESUMEN TOTAL'!M125 -> 0 | H115: ='RESUMEN TOTAL'!N125 -> 0 | I115: ='RESUMEN TOTAL'!O125 -> 0 | J115: ='RESUMEN TOTAL'!P125 -> 0 | K115: ='RESUMEN TOTAL'!Q125 -> 0 | L115: ='RESUMEN TOTAL'!R125 -> 0 | M115: ='RESUMEN TOTAL'!S125 -> 0 | ... AI115: ='RESUMEN TOTAL'!AO125 -> 0
A116: ='RESUMEN TOTAL'!A126 -> LA COLORADA ESTE | B116: ='RESUMEN TOTAL'!B126 -> COL 03 | C116: ='RESUMEN TOTAL'!D126 -> CARIBONI Y LA ANCIANIDAD | D116: ='RESUMEN TOTAL'!E126 -> DOMO | E116: ='RESUMEN TOTAL'!F126 -> Radio | F116: ='RESUMEN TOTAL'!L126 -> APAGADO | G116: ='RESUMEN TOTAL'!M126 -> APAGADO | H116: ='RESUMEN TOTAL'!N126 -> APAGADO | I116: ='RESUMEN TOTAL'!O126 -> 0 | J116: ='RESUMEN TOTAL'!P126 -> APAGADO | K116: ='RESUMEN TOTAL'!Q126 -> 0 | L116: ='RESUMEN TOTAL'!R126 -> 0 | M116: ='RESUMEN TOTAL'!S126 -> 0 | ... AI116: ='RESUMEN TOTAL'!AO126 -> 0
A117: ='RESUMEN TOTAL'!A127 -> LA COLORADA ESTE | B117: ='RESUMEN TOTAL'!B127 -> COL 04 | C117: ='RESUMEN TOTAL'!D127 -> EVA PERON Y SAVIO | D117: ='RESUMEN TOTAL'!E127 -> Domo | E117: ='RESUMEN TOTAL'!F127 -> Fibra Optica | F117: ='RESUMEN TOTAL'!L127 -> 0 | G117: ='RESUMEN TOTAL'!M127 -> 0 | H117: ='RESUMEN TOTAL'!N127 -> 0 | I117: ='RESUMEN TOTAL'!O127 -> 0 | J117: ='RESUMEN TOTAL'!P127 -> 0 | K117: ='RESUMEN TOTAL'!Q127 -> 0 | L117: ='RESUMEN TOTAL'!R127 -> 0 | M117: ='RESUMEN TOTAL'!S127 -> 0 | ... AI117: ='RESUMEN TOTAL'!AO127 -> 0
A118: ='RESUMEN TOTAL'!A128 -> DON JOSE | B118: ='RESUMEN TOTAL'!B128 -> DJO01 | C118: ='RESUMEN TOTAL'!D128 -> Monteverde y Donato Alvarez | D118: ='RESUMEN TOTAL'!E128 -> Domo | E118: ='RESUMEN TOTAL'!F128 -> Radio | F118: ='RESUMEN TOTAL'!L128 -> APAGADO | G118: ='RESUMEN TOTAL'!M128 -> APAGADO | H118: ='RESUMEN TOTAL'!N128 -> APAGADO | I118: ='RESUMEN TOTAL'!O128 -> APAGADO | J118: ='RESUMEN TOTAL'!P128 -> APAGADO | K118: ='RESUMEN TOTAL'!Q128 -> APAGADO | L118: ='RESUMEN TOTAL'!R128 -> APAGADO | M118: ='RESUMEN TOTAL'!S128 -> APAGADO | ... AI118: ='RESUMEN TOTAL'!AO128 -> 0
A119: ='RESUMEN TOTAL'!A129 -> DON JOSE | B119: ='RESUMEN TOTAL'!B129 -> DJO 02 (fija 1) | C119: ='RESUMEN TOTAL'!D129 -> DONATO ALVAREZ Y EL APERO | D119: ='RESUMEN TOTAL'!E129 -> Fija | E119: ='RESUMEN TOTAL'!F129 -> PTO A FO | F119: ='RESUMEN TOTAL'!L129 -> 0 | G119: ='RESUMEN TOTAL'!M129 -> 0 | H119: ='RESUMEN TOTAL'!N129 -> 0 | I119: ='RESUMEN TOTAL'!O129 -> 0 | J119: ='RESUMEN TOTAL'!P129 -> 0 | K119: ='RESUMEN TOTAL'!Q129 -> 0 | L119: ='RESUMEN TOTAL'!R129 -> 0 | M119: ='RESUMEN TOTAL'!S129 -> 0 | ... AI119: ='RESUMEN TOTAL'!AO129 -> 0
A120: ='RESUMEN TOTAL'!A130 -> DON JOSE | B120: ='RESUMEN TOTAL'!B130 -> DJO 03 (fija 2) | C120: ='RESUMEN TOTAL'!D130 -> DONATO ALVAREZ Y EL APERO | D120: ='RESUMEN TOTAL'!E130 -> Fija | E120: ='RESUMEN TOTAL'!F130 -> PTO A FO | F120: ='RESUMEN TOTAL'!L130 -> 0 | G120: ='RESUMEN TOTAL'!M130 -> 0 | H120: ='RESUMEN TOTAL'!N130 -> 0 | I120: ='RESUMEN TOTAL'!O130 -> 0 | J120: ='RESUMEN TOTAL'!P130 -> 0 | K120: ='RESUMEN TOTAL'!Q130 -> 0 | L120: ='RESUMEN TOTAL'!R130 -> 0 | M120: ='RESUMEN TOTAL'!S130 -> 0 | ... AI120: ='RESUMEN TOTAL'!AO130 -> 0
A121: ='RESUMEN TOTAL'!A131 -> DON JOSE | B121: ='RESUMEN TOTAL'!B131 -> DJO 04 (Fija 1) | C121: ='RESUMEN TOTAL'!D131 -> MONTEVERDE Y EL INDIO | D121: ='RESUMEN TOTAL'!E131 -> Fija | E121: ='RESUMEN TOTAL'!F131 -> PTO A FO | F121: ='RESUMEN TOTAL'!L131 -> APAGADO | G121: ='RESUMEN TOTAL'!M131 -> APAGADO | H121: ='RESUMEN TOTAL'!N131 -> APAGADO | I121: ='RESUMEN TOTAL'!O131 -> APAGADO | J121: ='RESUMEN TOTAL'!P131 -> APAGADO | K121: ='RESUMEN TOTAL'!Q131 -> APAGADO | L121: ='RESUMEN TOTAL'!R131 -> APAGADO | M121: ='RESUMEN TOTAL'!S131 -> APAGADO | ... AI121: ='RESUMEN TOTAL'!AO131 -> 0
... A124: ='RESUMEN TOTAL'!A134 -> DON JOSE | B124: ='RESUMEN TOTAL'!B134 -> DJ 07 | C124: ='RESUMEN TOTAL'!D134 -> Calle 414 y El Indio | D124: ='RESUMEN TOTAL'!E134 -> Fija | E124: ='RESUMEN TOTAL'!F134 -> PTO A FO | F124: ='RESUMEN TOTAL'!L134 -> 0 | G124: ='RESUMEN TOTAL'!M134 -> 0 | H124: ='RESUMEN TOTAL'!N134 -> 0 | I124: ='RESUMEN TOTAL'!O134 -> 0 | J124: ='RESUMEN TOTAL'!P134 -> 0 | K124: ='RESUMEN TOTAL'!Q134 -> 0 | L124: ='RESUMEN TOTAL'!R134 -> 0 | M124: ='RESUMEN TOTAL'!S134 -> 0 | ... AI124: ='RESUMEN TOTAL'!AO134 -> 0
A125: ='RESUMEN TOTAL'!A137 -> EL PARQUE | B125: ='RESUMEN TOTAL'!B137 -> EPQ 01 | C125: ='RESUMEN TOTAL'!D137 -> 1282 Y GRIERSON | D125: ='RESUMEN TOTAL'!E137 -> DOMO | E125: ='RESUMEN TOTAL'!F137 -> Fibra Optica | F125: ='RESUMEN TOTAL'!L137 -> 0 | G125: ='RESUMEN TOTAL'!M137 -> 0 | H125: ='RESUMEN TOTAL'!N137 -> 0 | I125: ='RESUMEN TOTAL'!O137 -> 0 | J125: ='RESUMEN TOTAL'!P137 -> 0 | K125: ='RESUMEN TOTAL'!Q137 -> 0 | L125: ='RESUMEN TOTAL'!R137 -> APAGADO | M125: ='RESUMEN TOTAL'!S137 -> A | ... AI125: ='RESUMEN TOTAL'!AO137 -> 0
A126: ='RESUMEN TOTAL'!A138 -> EL PARQUE | B126: ='RESUMEN TOTAL'!B138 -> EPQ 02 | C126: ='RESUMEN TOTAL'!D138 -> 1282 Y MASSE | D126: ='RESUMEN TOTAL'!E138 -> DOMO | E126: ='RESUMEN TOTAL'!F138 -> Fibra Optica | F126: ='RESUMEN TOTAL'!L138 -> 0 | G126: ='RESUMEN TOTAL'!M138 -> 0 | H126: ='RESUMEN TOTAL'!N138 -> 0 | I126: ='RESUMEN TOTAL'!O138 -> 0 | J126: ='RESUMEN TOTAL'!P138 -> 0 | K126: ='RESUMEN TOTAL'!Q138 -> 0 | L126: ='RESUMEN TOTAL'!R138 -> APAGADO | M126: ='RESUMEN TOTAL'!S138 -> 0 | ... AI126: ='RESUMEN TOTAL'!AO138 -> 0
A127: ='RESUMEN TOTAL'!A139 -> EL PARQUE | B127: ='RESUMEN TOTAL'!B139 -> EPQ 03 | C127: ='RESUMEN TOTAL'!D139 -> 1282 Y RP 36 | D127: ='RESUMEN TOTAL'!E139 -> Domo | E127: ='RESUMEN TOTAL'!F139 -> Fibra Optica | F127: ='RESUMEN TOTAL'!L139 -> 0 | G127: ='RESUMEN TOTAL'!M139 -> 0 | H127: ='RESUMEN TOTAL'!N139 -> 0 | I127: ='RESUMEN TOTAL'!O139 -> 0 | J127: ='RESUMEN TOTAL'!P139 -> 0 | K127: ='RESUMEN TOTAL'!Q139 -> 0 | L127: ='RESUMEN TOTAL'!R139 -> APAGADO | M127: ='RESUMEN TOTAL'!S139 -> 0 | ... AI127: ='RESUMEN TOTAL'!AO139 -> 0
A128: ='RESUMEN TOTAL'!A140 -> EL PARQUE | B128: ='RESUMEN TOTAL'!B140 -> EPQ 04 | C128: ='RESUMEN TOTAL'!D140 -> 1282 Y MORENO | D128: ='RESUMEN TOTAL'!E140 -> DOMO | E128: ='RESUMEN TOTAL'!F140 -> Fibra Optica | F128: ='RESUMEN TOTAL'!L140 -> 0 | G128: ='RESUMEN TOTAL'!M140 -> 0 | H128: ='RESUMEN TOTAL'!N140 -> 0 | I128: ='RESUMEN TOTAL'!O140 -> 0 | J128: ='RESUMEN TOTAL'!P140 -> 0 | K128: ='RESUMEN TOTAL'!Q140 -> 0 | L128: ='RESUMEN TOTAL'!R140 -> APAGADO | M128: ='RESUMEN TOTAL'!S140 -> 0 | ... AI128: ='RESUMEN TOTAL'!AO140 -> 0
A129: ='RESUMEN TOTAL'!A141 -> LA ESMERALDA | B129: ='RESUMEN TOTAL'!B141 -> ESM01 | C129: ='RESUMEN TOTAL'!D141 -> Cabello y Brasil | D129: ='RESUMEN TOTAL'!E141 -> Domo | E129: ='RESUMEN TOTAL'!F141 -> Radio | F129: ='RESUMEN TOTAL'!L141 -> 0 | G129: ='RESUMEN TOTAL'!M141 -> 0 | H129: ='RESUMEN TOTAL'!N141 -> 0 | I129: ='RESUMEN TOTAL'!O141 -> 0 | J129: ='RESUMEN TOTAL'!P141 -> 0 | K129: ='RESUMEN TOTAL'!Q141 -> 0 | L129: ='RESUMEN TOTAL'!R141 -> 0 | M129: ='RESUMEN TOTAL'!S141 -> 0 | ... AI129: ='RESUMEN TOTAL'!AO141 -> 0
A130: ='RESUMEN TOTAL'!A142 -> SAN JORGE | B130: ='RESUMEN TOTAL'!B142 -> ESM02 | C130: ='RESUMEN TOTAL'!D142 -> Novak y Cabello | D130: ='RESUMEN TOTAL'!E142 -> Domo | E130: ='RESUMEN TOTAL'!F142 -> PTO A FO | F130: ='RESUMEN TOTAL'!L142 -> APAGADO | G130: ='RESUMEN TOTAL'!M142 -> 0 | H130: ='RESUMEN TOTAL'!N142 -> 0 | I130: ='RESUMEN TOTAL'!O142 -> 0 | J130: ='RESUMEN TOTAL'!P142 -> 0 | K130: ='RESUMEN TOTAL'!Q142 -> 0 | L130: ='RESUMEN TOTAL'!R142 -> 0 | M130: ='RESUMEN TOTAL'!S142 -> 0 | ... AI130: ='RESUMEN TOTAL'!AO142 -> 0
A131: ='RESUMEN TOTAL'!A143 -> SAN JORGE | B131: ='RESUMEN TOTAL'!B143 -> ESM03 | C131: ='RESUMEN TOTAL'!D143 -> Novak y Humahuaca | D131: ='RESUMEN TOTAL'!E143 -> DOMO | E131: ='RESUMEN TOTAL'!F143 -> PTO A FO | F131: ='RESUMEN TOTAL'!L143 -> APAGADO | G131: ='RESUMEN TOTAL'!M143 -> 0 | H131: ='RESUMEN TOTAL'!N143 -> 0 | I131: ='RESUMEN TOTAL'!O143 -> 0 | J131: ='RESUMEN TOTAL'!P143 -> 0 | K131: ='RESUMEN TOTAL'!Q143 -> 0 | L131: ='RESUMEN TOTAL'!R143 -> 0 | M131: ='RESUMEN TOTAL'!S143 -> 0 | ... AI131: ='RESUMEN TOTAL'!AO143 -> 0
A132: ='RESUMEN TOTAL'!A144 -> LA ESMERALDA | B132: ='RESUMEN TOTAL'!B144 -> ESM04 | C132: ='RESUMEN TOTAL'!D144 -> Basualdo y Bengochea | D132: ='RESUMEN TOTAL'!E144 -> Domo | E132: ='RESUMEN TOTAL'!F144 -> Fibra Optica | F132: ='RESUMEN TOTAL'!L144 -> 0 | G132: ='RESUMEN TOTAL'!M144 -> 0 | H132: ='RESUMEN TOTAL'!N144 -> 0 | I132: ='RESUMEN TOTAL'!O144 -> 0 | J132: ='RESUMEN TOTAL'!P144 -> 0 | K132: ='RESUMEN TOTAL'!Q144 -> 0 | L132: ='RESUMEN TOTAL'!R144 -> 0 | M132: ='RESUMEN TOTAL'!S144 -> 0 | ... AI132: ='RESUMEN TOTAL'!AO144 -> 0
A133: ='RESUMEN TOTAL'!A145 -> LA ESMERALDA | B133: ='RESUMEN TOTAL'!B145 -> ESM05 | C133: ='RESUMEN TOTAL'!D145 -> Aniceto Diaz y Villar | D133: ='RESUMEN TOTAL'!E145 -> Domo | E133: ='RESUMEN TOTAL'!F145 -> Fibra Optica | F133: ='RESUMEN TOTAL'!L145 -> 0 | G133: ='RESUMEN TOTAL'!M145 -> 0 | H133: ='RESUMEN TOTAL'!N145 -> 0 | I133: ='RESUMEN TOTAL'!O145 -> 0 | J133: ='RESUMEN TOTAL'!P145 -> 0 | K133: ='RESUMEN TOTAL'!Q145 -> 0 | L133: ='RESUMEN TOTAL'!R145 -> 0 | M133: ='RESUMEN TOTAL'!S145 -> 0 | ... AI133: ='RESUMEN TOTAL'!AO145 -> 0
A134: ='RESUMEN TOTAL'!A146 -> LA ESMERALDA | B134: ='RESUMEN TOTAL'!B146 -> ESM06 | C134: ='RESUMEN TOTAL'!D146 -> Roselli y Cabello | D134: ='RESUMEN TOTAL'!E146 -> Domo | E134: ='RESUMEN TOTAL'!F146 -> Radio | F134: ='RESUMEN TOTAL'!L146 -> 0 | G134: ='RESUMEN TOTAL'!M146 -> 0 | H134: ='RESUMEN TOTAL'!N146 -> 0 | I134: ='RESUMEN TOTAL'!O146 -> 0 | J134: ='RESUMEN TOTAL'!P146 -> 0 | K134: ='RESUMEN TOTAL'!Q146 -> 0 | L134: ='RESUMEN TOTAL'!R146 -> 0 | M134: ='RESUMEN TOTAL'!S146 -> 0 | ... AI134: ='RESUMEN TOTAL'!AO146 -> 0
A135: ='RESUMEN TOTAL'!A147 -> LA ESMERALDA | B135: ='RESUMEN TOTAL'!B147 -> ESM07 | C135: ='RESUMEN TOTAL'!D147 -> AV. NOVAK Y SERRANO | D135: ='RESUMEN TOTAL'!E147 -> DOMO | E135: ='RESUMEN TOTAL'!F147 -> PTO A FO | F135: ='RESUMEN TOTAL'!L147 -> APAGADO | G135: ='RESUMEN TOTAL'!M147 -> 0 | H135: ='RESUMEN TOTAL'!N147 -> 0 | I135: ='RESUMEN TOTAL'!O147 -> 0 | J135: ='RESUMEN TOTAL'!P147 -> 0 | K135: ='RESUMEN TOTAL'!Q147 -> 0 | L135: ='RESUMEN TOTAL'!R147 -> 0 | M135: ='RESUMEN TOTAL'!S147 -> 0 | ... AI135: ='RESUMEN TOTAL'!AO147 -> 0
A136: ='RESUMEN TOTAL'!A148 -> LA ESMERALDA | B136: ='RESUMEN TOTAL'!B148 -> ESM 08 | C136: ='RESUMEN TOTAL'!D148 -> DAVINSON Y MORANCHEL | D136: ='RESUMEN TOTAL'!E148 -> FIJA | E136: ='RESUMEN TOTAL'!F148 -> Radio | F136: ='RESUMEN TOTAL'!L148 -> 0 | G136: ='RESUMEN TOTAL'!M148 -> 0 | H136: ='RESUMEN TOTAL'!N148 -> 0 | I136: ='RESUMEN TOTAL'!O148 -> 0 | J136: ='RESUMEN TOTAL'!P148 -> 0 | K136: ='RESUMEN TOTAL'!Q148 -> 0 | L136: ='RESUMEN TOTAL'!R148 -> 0 | M136: ='RESUMEN TOTAL'!S148 -> 0 | ... AI136: ='RESUMEN TOTAL'!AO148 -> 0
... A174: ='RESUMEN TOTAL'!A186 -> LA PILETA | B174: ='RESUMEN TOTAL'!B186 -> LPI04 (fija 1) | C174: ='RESUMEN TOTAL'!D186 -> MAIPU Y POSADAS | D174: ='RESUMEN TOTAL'!E186 -> FIJA | E174: ='RESUMEN TOTAL'!F186 -> Fibra Optica | F174: ='RESUMEN TOTAL'!L186 -> 0 | G174: ='RESUMEN TOTAL'!M186 -> 0 | H174: ='RESUMEN TOTAL'!N186 -> 0 | I174: ='RESUMEN TOTAL'!O186 -> APAGADO | J174: ='RESUMEN TOTAL'!P186 -> APAGADO | K174: ='RESUMEN TOTAL'!Q186 -> 0 | L174: ='RESUMEN TOTAL'!R186 -> 0 | M174: ='RESUMEN TOTAL'!S186 -> 0 | ... AI174: ='RESUMEN TOTAL'!AO186 -> 0
A175: ='RESUMEN TOTAL'!A189 -> LOS PILARES | B175: ='RESUMEN TOTAL'!B189 -> LPR 01 | C175: ='RESUMEN TOTAL'!D189 -> EVA PERON E/ CACHEUTA Y 1406 | D175: ='RESUMEN TOTAL'!E189 -> DOMO | E175: ='RESUMEN TOTAL'!F189 -> Fibra Optica | F175: ='RESUMEN TOTAL'!L189 -> 0 | G175: ='RESUMEN TOTAL'!M189 -> 0 | H175: ='RESUMEN TOTAL'!N189 -> 0 | I175: ='RESUMEN TOTAL'!O189 -> APAGADO | J175: ='RESUMEN TOTAL'!P189 -> APAGADO | K175: ='RESUMEN TOTAL'!Q189 -> 0 | L175: ='RESUMEN TOTAL'!R189 -> 0 | M175: ='RESUMEN TOTAL'!S189 -> 0 | ... AI175: ='RESUMEN TOTAL'!AO189 -> 0
A176: ='RESUMEN TOTAL'!A190 -> LOS PILARES | B176: ='RESUMEN TOTAL'!B190 -> LPR02 (fija 1) | C176: ='RESUMEN TOTAL'!D190 -> EVA PERON Y CACHEUTA | D176: ='RESUMEN TOTAL'!E190 -> Fija | E176: ='RESUMEN TOTAL'!F190 -> Fibra Optica | F176: ='RESUMEN TOTAL'!L190 -> 0 | G176: ='RESUMEN TOTAL'!M190 -> 0 | H176: ='RESUMEN TOTAL'!N190 -> 0 | I176: ='RESUMEN TOTAL'!O190 -> APAGADO | J176: ='RESUMEN TOTAL'!P190 -> APAGADO | K176: ='RESUMEN TOTAL'!Q190 -> 0 | L176: ='RESUMEN TOTAL'!R190 -> 0 | M176: ='RESUMEN TOTAL'!S190 -> 0 | ... AI176: ='RESUMEN TOTAL'!AO190 -> 0
A177: ='RESUMEN TOTAL'!A191 -> LOS PILARES | B177: ='RESUMEN TOTAL'!B191 -> LPR03 (fija 2) | C177: ='RESUMEN TOTAL'!D191 -> EVA PERON Y CACHEUTA | D177: ='RESUMEN TOTAL'!E191 -> Fija | E177: ='RESUMEN TOTAL'!F191 -> Fibra Optica | F177: ='RESUMEN TOTAL'!L191 -> 0 | G177: ='RESUMEN TOTAL'!M191 -> 0 | H177: ='RESUMEN TOTAL'!N191 -> 0 | I177: ='RESUMEN TOTAL'!O191 -> APAGADO | J177: ='RESUMEN TOTAL'!P191 -> APAGADO | K177: ='RESUMEN TOTAL'!Q191 -> 0 | L177: ='RESUMEN TOTAL'!R191 -> 0 | M177: ='RESUMEN TOTAL'!S191 -> 0 | ... AI177: ='RESUMEN TOTAL'!AO191 -> 0
A178: ='RESUMEN TOTAL'!A192 -> LOPEZ ROMERO | B178: ='RESUMEN TOTAL'!B192 -> LRO 05 | C178: ='RESUMEN TOTAL'!D192 -> Calchaqui y Las Americas | D178: ='RESUMEN TOTAL'!E192 -> Fija | E178: ='RESUMEN TOTAL'!F192 -> Fibra Optica | F178: ='RESUMEN TOTAL'!L192 -> 0 | G178: ='RESUMEN TOTAL'!M192 -> 0 | H178: ='RESUMEN TOTAL'!N192 -> 0 | I178: ='RESUMEN TOTAL'!O192 -> 0 | J178: ='RESUMEN TOTAL'!P192 -> 0 | K178: ='RESUMEN TOTAL'!Q192 -> 0 | L178: ='RESUMEN TOTAL'!R192 -> 0 | M178: ='RESUMEN TOTAL'!S192 -> 0 | ... AI178: ='RESUMEN TOTAL'!AO192 -> 0
A179: ='RESUMEN TOTAL'!A193 -> LOPEZ ROMERO | B179: ='RESUMEN TOTAL'!B193 -> LRO 09 | C179: ='RESUMEN TOTAL'!D193 -> Las Americas y Braile | D179: ='RESUMEN TOTAL'!E193 -> Domo | E179: ='RESUMEN TOTAL'!F193 -> Fibra Optica | F179: ='RESUMEN TOTAL'!L193 -> 0 | G179: ='RESUMEN TOTAL'!M193 -> 0 | H179: ='RESUMEN TOTAL'!N193 -> 0 | I179: ='RESUMEN TOTAL'!O193 -> 0 | J179: ='RESUMEN TOTAL'!P193 -> 0 | K179: ='RESUMEN TOTAL'!Q193 -> 0 | L179: ='RESUMEN TOTAL'!R193 -> 0 | M179: ='RESUMEN TOTAL'!S193 -> 0 | ... AI179: ='RESUMEN TOTAL'!AO193 -> 0
A180: ='RESUMEN TOTAL'!A194 -> LOPEZ ROMERO | B180: ='RESUMEN TOTAL'!B194 -> LRO 10 | C180: ='RESUMEN TOTAL'!D194 -> Con. Gral. Belgrano y Balcarce | D180: ='RESUMEN TOTAL'!E194 -> Domo | E180: ='RESUMEN TOTAL'!F194 -> Fibra Optica | F180: ='RESUMEN TOTAL'!L194 -> 0 | G180: ='RESUMEN TOTAL'!M194 -> 0 | H180: ='RESUMEN TOTAL'!N194 -> 0 | I180: ='RESUMEN TOTAL'!O194 -> 0 | J180: ='RESUMEN TOTAL'!P194 -> 0 | K180: ='RESUMEN TOTAL'!Q194 -> 0 | L180: ='RESUMEN TOTAL'!R194 -> 0 | M180: ='RESUMEN TOTAL'!S194 -> 0 | ... AI180: ='RESUMEN TOTAL'!AO194 -> 0
A181: ='RESUMEN TOTAL'!A195 -> LOPEZ ROMERO | B181: ='RESUMEN TOTAL'!B195 -> LRO 12 (fija 1) | C181: ='RESUMEN TOTAL'!D195 -> LAS AMERICAS E/ BRAILLE Y ALVARADO | D181: ='RESUMEN TOTAL'!E195 -> Fija | E181: ='RESUMEN TOTAL'!F195 -> Fibra Optica | F181: ='RESUMEN TOTAL'!L195 -> 0 | G181: ='RESUMEN TOTAL'!M195 -> 0 | H181: ='RESUMEN TOTAL'!N195 -> 0 | I181: ='RESUMEN TOTAL'!O195 -> 0 | J181: ='RESUMEN TOTAL'!P195 -> 0 | K181: ='RESUMEN TOTAL'!Q195 -> 0 | L181: ='RESUMEN TOTAL'!R195 -> 0 | M181: ='RESUMEN TOTAL'!S195 -> 0 | ... AI181: ='RESUMEN TOTAL'!AO195 -> 0
A182: ='RESUMEN TOTAL'!A196 -> LOPEZ ROMERO | B182: ='RESUMEN TOTAL'!B196 -> LRO 13 (fija 2) | C182: ='RESUMEN TOTAL'!D196 -> LAS AMERICAS E/ BRAILLE Y ALVARADO | D182: ='RESUMEN TOTAL'!E196 -> Fija | E182: ='RESUMEN TOTAL'!F196 -> Fibra Optica | F182: ='RESUMEN TOTAL'!L196 -> 0 | G182: ='RESUMEN TOTAL'!M196 -> 0 | H182: ='RESUMEN TOTAL'!N196 -> 0 | I182: ='RESUMEN TOTAL'!O196 -> 0 | J182: ='RESUMEN TOTAL'!P196 -> 0 | K182: ='RESUMEN TOTAL'!Q196 -> 0 | L182: ='RESUMEN TOTAL'!R196 -> 0 | M182: ='RESUMEN TOTAL'!S196 -> 0 | ... AI182: ='RESUMEN TOTAL'!AO196 -> 0
A183: ='RESUMEN TOTAL'!A197 -> LOPEZ ROMERO | B183: ='RESUMEN TOTAL'!B197 -> LRO01 | C183: ='RESUMEN TOTAL'!D197 -> H. IRIGOYEN Y BRAILE | D183: ='RESUMEN TOTAL'!E197 -> FIJA | E183: ='RESUMEN TOTAL'!F197 -> Fibra Optica | F183: ='RESUMEN TOTAL'!L197 -> 0 | G183: ='RESUMEN TOTAL'!M197 -> 0 | H183: ='RESUMEN TOTAL'!N197 -> 0 | I183: ='RESUMEN TOTAL'!O197 -> 0 | J183: ='RESUMEN TOTAL'!P197 -> 0 | K183: ='RESUMEN TOTAL'!Q197 -> 0 | L183: ='RESUMEN TOTAL'!R197 -> 0 | M183: ='RESUMEN TOTAL'!S197 -> 0 | ... AI183: ='RESUMEN TOTAL'!AO197 -> 0
A184: ='RESUMEN TOTAL'!A198 -> PRESIDENTE SARMIENTO | B184: ='RESUMEN TOTAL'!B198 -> LRO02 | C184: ='RESUMEN TOTAL'!D198 -> H. Irigoyen e Islas Orcadas | D184: ='RESUMEN TOTAL'!E198 -> Domo | E184: ='RESUMEN TOTAL'!F198 -> Fibra Optica | F184: ='RESUMEN TOTAL'!L198 -> 0 | G184: ='RESUMEN TOTAL'!M198 -> 0 | H184: ='RESUMEN TOTAL'!N198 -> 0 | I184: ='RESUMEN TOTAL'!O198 -> 0 | J184: ='RESUMEN TOTAL'!P198 -> 0 | K184: ='RESUMEN TOTAL'!Q198 -> 0 | L184: ='RESUMEN TOTAL'!R198 -> 0 | M184: ='RESUMEN TOTAL'!S198 -> 0 | ... AI184: ='RESUMEN TOTAL'!AO198 -> 0
A185: ='RESUMEN TOTAL'!A199 -> LOPEZ ROMERO | B185: ='RESUMEN TOTAL'!B199 -> LRO03 | C185: ='RESUMEN TOTAL'!D199 -> H. Irigoyen y Parravicini | D185: ='RESUMEN TOTAL'!E199 -> Fija | E185: ='RESUMEN TOTAL'!F199 -> Fibra Optica | F185: ='RESUMEN TOTAL'!L199 -> 0 | G185: ='RESUMEN TOTAL'!M199 -> 0 | H185: ='RESUMEN TOTAL'!N199 -> 0 | I185: ='RESUMEN TOTAL'!O199 -> 0 | J185: ='RESUMEN TOTAL'!P199 -> 0 | K185: ='RESUMEN TOTAL'!Q199 -> 0 | L185: ='RESUMEN TOTAL'!R199 -> 0 | M185: ='RESUMEN TOTAL'!S199 -> 0 | ... AI185: ='RESUMEN TOTAL'!AO199 -> 0
A186: ='RESUMEN TOTAL'!A200 -> LOPEZ ROMERO | B186: ='RESUMEN TOTAL'!B200 -> LRO04 | C186: ='RESUMEN TOTAL'!D200 -> H. Irigoyen y Alvarado | D186: ='RESUMEN TOTAL'!E200 -> FIJA | E186: ='RESUMEN TOTAL'!F200 -> Fibra Optica | F186: ='RESUMEN TOTAL'!L200 -> 0 | G186: ='RESUMEN TOTAL'!M200 -> 0 | H186: ='RESUMEN TOTAL'!N200 -> 0 | I186: ='RESUMEN TOTAL'!O200 -> 0 | J186: ='RESUMEN TOTAL'!P200 -> 0 | K186: ='RESUMEN TOTAL'!Q200 -> 0 | L186: ='RESUMEN TOTAL'!R200 -> 0 | M186: ='RESUMEN TOTAL'!S200 -> 0 | ... AI186: ='RESUMEN TOTAL'!AO200 -> 0
... A225: ='RESUMEN TOTAL'!A239 -> 9 DE JULIO | B225: ='RESUMEN TOTAL'!B239 -> NJU09 | C225: ='RESUMEN TOTAL'!D239 -> PARRILLO Y CONTRERAS | D225: ='RESUMEN TOTAL'!E239 -> DOMO | E225: ='RESUMEN TOTAL'!F239 -> Fibra Optica | F225: ='RESUMEN TOTAL'!L239 -> 0 | G225: ='RESUMEN TOTAL'!M239 -> 0 | H225: ='RESUMEN TOTAL'!N239 -> 0 | I225: ='RESUMEN TOTAL'!O239 -> 0 | J225: ='RESUMEN TOTAL'!P239 -> 0 | K225: ='RESUMEN TOTAL'!Q239 -> 0 | L225: ='RESUMEN TOTAL'!R239 -> 0 | M225: ='RESUMEN TOTAL'!S239 -> 0 | ... AI225: ='RESUMEN TOTAL'!AO239 -> 0
A226: ='RESUMEN TOTAL'!A241 -> PICO DE ORO | B226: ='RESUMEN TOTAL'!B241 -> PCO 01 | C226: ='RESUMEN TOTAL'!D241 -> CEMENTERIO | D226: ='RESUMEN TOTAL'!E241 -> DOMO | E226: ='RESUMEN TOTAL'!F241 -> Fibra Optica | F226: ='RESUMEN TOTAL'!L241 -> 0 | G226: ='RESUMEN TOTAL'!M241 -> 0 | H226: ='RESUMEN TOTAL'!N241 -> 0 | I226: ='RESUMEN TOTAL'!O241 -> 0 | J226: ='RESUMEN TOTAL'!P241 -> 0 | K226: ='RESUMEN TOTAL'!Q241 -> 0 | L226: ='RESUMEN TOTAL'!R241 -> 0 | M226: ='RESUMEN TOTAL'!S241 -> 0 | ... AI226: ='RESUMEN TOTAL'!AO241 -> 0
A227: ='RESUMEN TOTAL'!A242 -> PICO DE ORO | B227: ='RESUMEN TOTAL'!B242 -> PCO02 (fija 1) | C227: ='RESUMEN TOTAL'!D242 -> SICILIA E/ VIENA Y VARSOVIA | D227: ='RESUMEN TOTAL'!E242 -> Fija | E227: ='RESUMEN TOTAL'!F242 -> Fibra Optica | F227: ='RESUMEN TOTAL'!L242 -> 0 | G227: ='RESUMEN TOTAL'!M242 -> 0 | H227: ='RESUMEN TOTAL'!N242 -> 0 | I227: ='RESUMEN TOTAL'!O242 -> 0 | J227: ='RESUMEN TOTAL'!P242 -> 0 | K227: ='RESUMEN TOTAL'!Q242 -> 0 | L227: ='RESUMEN TOTAL'!R242 -> 0 | M227: ='RESUMEN TOTAL'!S242 -> 0 | ... AI227: ='RESUMEN TOTAL'!AO242 -> 0
A228: ='RESUMEN TOTAL'!A243 -> PICO DE ORO | B228: ='RESUMEN TOTAL'!B243 -> PCO03 (fija 2) | C228: ='RESUMEN TOTAL'!D243 -> SICILIA E/ VIENA Y VARSOVIA | D228: ='RESUMEN TOTAL'!E243 -> Fija | E228: ='RESUMEN TOTAL'!F243 -> Fibra Optica | F228: ='RESUMEN TOTAL'!L243 -> 0 | G228: ='RESUMEN TOTAL'!M243 -> 0 | H228: ='RESUMEN TOTAL'!N243 -> 0 | I228: ='RESUMEN TOTAL'!O243 -> 0 | J228: ='RESUMEN TOTAL'!P243 -> 0 | K228: ='RESUMEN TOTAL'!Q243 -> 0 | L228: ='RESUMEN TOTAL'!R243 -> 0 | M228: ='RESUMEN TOTAL'!S243 -> 0 | ... AI228: ='RESUMEN TOTAL'!AO243 -> 0
A229: ='RESUMEN TOTAL'!A244 -> PICO DE ORO | B229: ='RESUMEN TOTAL'!B244 -> PCO04 (fija 1) | C229: ='RESUMEN TOTAL'!D244 -> BERNA Y POLONIA | D229: ='RESUMEN TOTAL'!E244 -> Fija | E229: ='RESUMEN TOTAL'!F244 -> Fibra Optica | F229: ='RESUMEN TOTAL'!L244 -> 0 | G229: ='RESUMEN TOTAL'!M244 -> 0 | H229: ='RESUMEN TOTAL'!N244 -> 0 | I229: ='RESUMEN TOTAL'!O244 -> 0 | J229: ='RESUMEN TOTAL'!P244 -> 0 | K229: ='RESUMEN TOTAL'!Q244 -> 0 | L229: ='RESUMEN TOTAL'!R244 -> 0 | M229: ='RESUMEN TOTAL'!S244 -> 0 | ... AI229: ='RESUMEN TOTAL'!AO244 -> 0
A230: ='RESUMEN TOTAL'!A245 -> PICO DE ORO | B230: ='RESUMEN TOTAL'!B245 -> PCO05 (fija 2) | C230: ='RESUMEN TOTAL'!D245 -> BERNA Y POLONIA | D230: ='RESUMEN TOTAL'!E245 -> Fija | E230: ='RESUMEN TOTAL'!F245 -> Fibra Optica | F230: ='RESUMEN TOTAL'!L245 -> 0 | G230: ='RESUMEN TOTAL'!M245 -> 0 | H230: ='RESUMEN TOTAL'!N245 -> 0 | I230: ='RESUMEN TOTAL'!O245 -> 0 | J230: ='RESUMEN TOTAL'!P245 -> 0 | K230: ='RESUMEN TOTAL'!Q245 -> 0 | L230: ='RESUMEN TOTAL'!R245 -> 0 | M230: ='RESUMEN TOTAL'!S245 -> 0 | ... AI230: ='RESUMEN TOTAL'!AO245 -> 0
A231: ='RESUMEN TOTAL'!A246 -> AGUSTIN RAMIREZ | B231: ='RESUMEN TOTAL'!B246 -> PUNTO SEGURO - AGUSTIN RAMIREZ (domo) | C231: ='RESUMEN TOTAL'!D246 -> EL MALAMBO Y LA TRANQUERA | D231: ='RESUMEN TOTAL'!E246 -> DOMO | E231: ='RESUMEN TOTAL'!F246 -> Fibra Optica | F231: ='RESUMEN TOTAL'!L246 -> 0 | G231: ='RESUMEN TOTAL'!M246 -> 0 | H231: ='RESUMEN TOTAL'!N246 -> 0 | I231: ='RESUMEN TOTAL'!O246 -> 0 | J231: ='RESUMEN TOTAL'!P246 -> 0 | K231: ='RESUMEN TOTAL'!Q246 -> 0 | L231: ='RESUMEN TOTAL'!R246 -> 0 | M231: ='RESUMEN TOTAL'!S246 -> 0 | ... AI231: ='RESUMEN TOTAL'!AO246 -> 0
A232: ='RESUMEN TOTAL'!A247 -> AGUSTIN RAMIREZ | B232: ='RESUMEN TOTAL'!B247 -> PUNTO SEGURO - AGUSTIN RAMIREZ (fija) | C232: ='RESUMEN TOTAL'!D247 -> EL MALAMBO Y LA TRANQUERA | D232: ='RESUMEN TOTAL'!E247 -> Fija | E232: ='RESUMEN TOTAL'!F247 -> Fibra Optica | F232: ='RESUMEN TOTAL'!L247 -> 0 | G232: ='RESUMEN TOTAL'!M247 -> 0 | H232: ='RESUMEN TOTAL'!N247 -> APAGADO | I232: ='RESUMEN TOTAL'!O247 -> 0 | J232: ='RESUMEN TOTAL'!P247 -> 0 | K232: ='RESUMEN TOTAL'!Q247 -> 0 | L232: ='RESUMEN TOTAL'!R247 -> 0 | M232: ='RESUMEN TOTAL'!S247 -> 0 | ... AI232: ='RESUMEN TOTAL'!AO247 -> 0
A233: ='RESUMEN TOTAL'!A248 -> AGUSTIN RAMIREZ | B233: ='RESUMEN TOTAL'!B248 -> PUNTO SEGURO AGUSTIN RAMIREZ INTERCOMUNICADOR | C233: ='RESUMEN TOTAL'!D248 -> MALAMBO Y LA TRANQUERA | D233: ='RESUMEN TOTAL'!E248 -> Fija | E233: ='RESUMEN TOTAL'!F248 -> Fibra Optica | F233: ='RESUMEN TOTAL'!L248 -> 0 | G233: ='RESUMEN TOTAL'!M248 -> 0 | H233: ='RESUMEN TOTAL'!N248 -> 0 | I233: ='RESUMEN TOTAL'!O248 -> 0 | J233: ='RESUMEN TOTAL'!P248 -> 0 | K233: ='RESUMEN TOTAL'!Q248 -> 0 | L233: ='RESUMEN TOTAL'!R248 -> 0 | M233: ='RESUMEN TOTAL'!S248 -> 0 | ... AI233: ='RESUMEN TOTAL'!AO248 -> 0
A234: ='RESUMEN TOTAL'!A249 -> EL PARQUE | B234: ='RESUMEN TOTAL'!B249 -> PUNTO SEGURO - EL PARQUE (domo) | C234: ='RESUMEN TOTAL'!D249 -> CALLE 1282 Y 1201 | D234: ='RESUMEN TOTAL'!E249 -> DOMO | E234: ='RESUMEN TOTAL'!F249 -> Fibra Optica | F234: ='RESUMEN TOTAL'!L249 -> APAGADO | G234: ='RESUMEN TOTAL'!M249 -> APAGADO | H234: ='RESUMEN TOTAL'!N249 -> APAGADO | I234: ='RESUMEN TOTAL'!O249 -> APAGADO | J234: ='RESUMEN TOTAL'!P249 -> APAGADO | K234: ='RESUMEN TOTAL'!Q249 -> APAGADO | L234: ='RESUMEN TOTAL'!R249 -> APAGADO | M234: ='RESUMEN TOTAL'!S249 -> 0 | ... AI234: ='RESUMEN TOTAL'!AO249 -> 0
A235: ='RESUMEN TOTAL'!A250 -> EL PARQUE | B235: ='RESUMEN TOTAL'!B250 -> PUNTO SEGURO - EL PARQUE (fija) | C235: ='RESUMEN TOTAL'!D250 -> CALLE 1282 Y 1201 | D235: ='RESUMEN TOTAL'!E250 -> Fija | E235: ='RESUMEN TOTAL'!F250 -> Fibra Optica | F235: ='RESUMEN TOTAL'!L250 -> 0 | G235: ='RESUMEN TOTAL'!M250 -> 0 | H235: ='RESUMEN TOTAL'!N250 -> 0 | I235: ='RESUMEN TOTAL'!O250 -> 0 | J235: ='RESUMEN TOTAL'!P250 -> 0 | K235: ='RESUMEN TOTAL'!Q250 -> 0 | L235: ='RESUMEN TOTAL'!R250 -> APAGADO | M235: ='RESUMEN TOTAL'!S250 -> 0 | ... AI235: ='RESUMEN TOTAL'!AO250 -> 0
A236: ='RESUMEN TOTAL'!A251 -> EL PARQUE | B236: ='RESUMEN TOTAL'!B251 -> PUNTO SEGURO - EL PARQUE INTERCOMUNICADOR | C236: ='RESUMEN TOTAL'!D251 -> 1282 Y 1201 | D236: ='RESUMEN TOTAL'!E251 -> Fija | E236: ='RESUMEN TOTAL'!F251 -> Fibra Optica | F236: ='RESUMEN TOTAL'!L251 -> 0 | G236: ='RESUMEN TOTAL'!M251 -> 0 | H236: ='RESUMEN TOTAL'!N251 -> 0 | I236: ='RESUMEN TOTAL'!O251 -> 0 | J236: ='RESUMEN TOTAL'!P251 -> 0 | K236: ='RESUMEN TOTAL'!Q251 -> 0 | L236: ='RESUMEN TOTAL'!R251 -> APAGADO | M236: ='RESUMEN TOTAL'!S251 -> 0 | ... AI236: ='RESUMEN TOTAL'!AO251 -> 0
A237: ='RESUMEN TOTAL'!A252 -> INGENIERO ALLAN | B237: ='RESUMEN TOTAL'!B252 -> PUNTO SEGURO - ING. ALLAN (domo) | C237: ='RESUMEN TOTAL'!D252 -> DIAG. LOS YAGANES Y 1148 | D237: ='RESUMEN TOTAL'!E252 -> DOMO | E237: ='RESUMEN TOTAL'!F252 -> Fibra Optica | F237: ='RESUMEN TOTAL'!L252 -> 0 | G237: ='RESUMEN TOTAL'!M252 -> 0 | H237: ='RESUMEN TOTAL'!N252 -> 0 | I237: ='RESUMEN TOTAL'!O252 -> 0 | J237: ='RESUMEN TOTAL'!P252 -> 0 | K237: ='RESUMEN TOTAL'!Q252 -> 0 | L237: ='RESUMEN TOTAL'!R252 -> APAGADO | M237: ='RESUMEN TOTAL'!S252 -> 0 | ... AI237: ='RESUMEN TOTAL'!AO252 -> 0
... A263: ='RESUMEN TOTAL'!A278 -> EL ROCIO | B263: ='RESUMEN TOTAL'!B278 -> RCO05 (fija 1) | C263: ='RESUMEN TOTAL'!D278 -> LOBOS Y CHASCOMUS | D263: ='RESUMEN TOTAL'!E278 -> Fija | E263: ='RESUMEN TOTAL'!F278 -> Fibra Optica | F263: ='RESUMEN TOTAL'!L278 -> 0 | G263: ='RESUMEN TOTAL'!M278 -> 0 | H263: ='RESUMEN TOTAL'!N278 -> 0 | I263: ='RESUMEN TOTAL'!O278 -> 0 | J263: ='RESUMEN TOTAL'!P278 -> 0 | K263: ='RESUMEN TOTAL'!Q278 -> 0 | L263: ='RESUMEN TOTAL'!R278 -> 0 | M263: ='RESUMEN TOTAL'!S278 -> 0 | ... AI263: ='RESUMEN TOTAL'!AO278 -> 0
A264: ='RESUMEN TOTAL'!A281 -> EL ROCIO | B264: ='RESUMEN TOTAL'!B279 -> RCO06 (fija 2) | C264: ='RESUMEN TOTAL'!D279 -> LOBOS Y CHASCOMUS | D264: ='RESUMEN TOTAL'!E279 -> FIJA | E264: ='RESUMEN TOTAL'!F279 -> Fibra Optica | F264: ='RESUMEN TOTAL'!L279 -> 0 | G264: ='RESUMEN TOTAL'!M279 -> 0 | H264: ='RESUMEN TOTAL'!N279 -> 0 | I264: ='RESUMEN TOTAL'!O279 -> 0 | J264: ='RESUMEN TOTAL'!P279 -> 0 | K264: ='RESUMEN TOTAL'!Q279 -> 0 | L264: ='RESUMEN TOTAL'!R279 -> 0 | M264: ='RESUMEN TOTAL'!S279 -> 0 | ... AI264: ='RESUMEN TOTAL'!AO279 -> 0
A265: ='RESUMEN TOTAL'!A284 -> RICARDO ROJAS | B265: ='RESUMEN TOTAL'!B284 -> RRJ01 | C265: ='RESUMEN TOTAL'!D284 -> AV. LUJAN Y BRAGADO | D265: ='RESUMEN TOTAL'!E284 -> DOMO | E265: ='RESUMEN TOTAL'!F284 -> Fibra Optica | F265: ='RESUMEN TOTAL'!L284 -> 0 | G265: ='RESUMEN TOTAL'!M284 -> 0 | H265: ='RESUMEN TOTAL'!N284 -> 0 | I265: ='RESUMEN TOTAL'!O284 -> 0 | J265: ='RESUMEN TOTAL'!P284 -> 0 | K265: ='RESUMEN TOTAL'!Q284 -> 0 | L265: ='RESUMEN TOTAL'!R284 -> 0 | M265: ='RESUMEN TOTAL'!S284 -> 0 | ... AI265: ='RESUMEN TOTAL'!AO284 -> 0
A266: ='RESUMEN TOTAL'!A285 -> RICARDO ROJAS | B266: ='RESUMEN TOTAL'!B285 -> RRJ02 | C266: ='RESUMEN TOTAL'!D285 -> AV. LUJAN Y DIAG. LOS POETAS | D266: ='RESUMEN TOTAL'!E285 -> DOMO | E266: ='RESUMEN TOTAL'!F285 -> Fibra Optica | F266: ='RESUMEN TOTAL'!L285 -> 0 | G266: ='RESUMEN TOTAL'!M285 -> 0 | H266: ='RESUMEN TOTAL'!N285 -> 0 | I266: ='RESUMEN TOTAL'!O285 -> 0 | J266: ='RESUMEN TOTAL'!P285 -> 0 | K266: ='RESUMEN TOTAL'!Q285 -> 0 | L266: ='RESUMEN TOTAL'!R285 -> 0 | M266: ='RESUMEN TOTAL'!S285 -> 0 | ... AI266: ='RESUMEN TOTAL'!AO285 -> 0
A267: ='RESUMEN TOTAL'!A286 -> RICARDO ROJAS | B267: ='RESUMEN TOTAL'!B286 -> RRJ03 (fija 1) | C267: ='RESUMEN TOTAL'!D286 -> RUBEN DARIO E/ FADER Y DIAG. LOS POETAS | D267: ='RESUMEN TOTAL'!E286 -> Fija | E267: ='RESUMEN TOTAL'!F286 -> Fibra Optica | F267: ='RESUMEN TOTAL'!L286 -> 0 | G267: ='RESUMEN TOTAL'!M286 -> 0 | H267: ='RESUMEN TOTAL'!N286 -> 0 | I267: ='RESUMEN TOTAL'!O286 -> 0 | J267: ='RESUMEN TOTAL'!P286 -> 0 | K267: ='RESUMEN TOTAL'!Q286 -> 0 | L267: ='RESUMEN TOTAL'!R286 -> 0 | M267: ='RESUMEN TOTAL'!S286 -> 0 | ... AI267: ='RESUMEN TOTAL'!AO286 -> 0
...
