Workbook
Name _25_de_agosto: 'RESUMEN TOTAL'!$A$4:$D$399
Name _25_de_agosto_3: 'RESUMEN TOTAL'!$A$4:$D$411
Name _30_mar: 'APAGADOS ANTENA'!#REF!
Name BONOMOcam: Hoja1!$B$2
Name CANTIDAD_DE_CAMARAS: 'RESUMEN TOTAL'!$B$1
Name COSEIDIcam: Hoja1!$B$4

Sheet RESUMEN TOTAL
A1: CANTIDAD DE CAMARAS | B1: =COUNTA(B5:B636) -> 550 | D1: PORCIENTO DE CAIDAS | L1: =(L3)/(L2+L3) -> 0.091525424 | M1: =(M3)/(M2+M3) -> 0.20474777 | N1: =(N3)/(N2+N3) -> 0.16640747 | O1: =(O3)/(O2+O3) -> 0.17027864 | P1: =(P3)/(P2+P3) -> 0 | Q1: =(Q3)/(Q2+Q3) -> 0.16510903 | R1: =(R3)/(R2+R3) -> 0 | S1: =(S3)/(S2+S3) -> 0.18042813 | ... X1: =(X3)/(X2+X3) -> 0.16640747 | Z1: =(Z3)/(Z2+Z3) -> 0.1572327 | AA1: =(AA3)/(AA2+AA3) -> 0.16640747 | AB1: =(AB3)/(AB2+AB3) -> 0.16380655 | AC1: =(AC3)/(AC2+AC3) -> 0.16510903 | AD1: =(AD3)/(AD2+AD3) -> 0 | AE1: =(AE3)/(AE2+AE3) -> 0.16640747 | AF1: =(AF3)/(AF2+AF3) -> 0.17283951 | AG1: =(AG3)/(AG2+AG3) -> 0.17027864 | ... AP1: =(AP3)/(AP2+AP3) -> 0
D2: FUNCIONAN | L2: 536 | M2: 536 | N2: 536 | O2: 536 | P2: 536 | Q2: 536 | R2: 536 | S2: 536 | T2: 536 | U2: 536 | V2: 536 | W2: 536 | X2: 536 | Y2: 536 | Z2: 536 | AA2: 536 | AB2: 536 | AC2: 536 | AD2: 536 | AE2: 536 | AF2: 536 | AG2: 536 | AH2: 536 | AI2: 536 | AJ2: 536 | AK2: 536 | AL2: 536 | AM2: 536 | AN2: 536 | AO2: 536 | AP2: 537
D3: CAIDAS | L3: =COUNTIF(L4:L636, "apagado") -> 54 | M3: =COUNTIF(M4:M636, "apagado") -> 138 | N3: =COUNTIF(N4:N636, "apagado") -> 107 | O3: =COUNTIF(O4:O636, "apagado") -> 110 | P3: =COUNTIF(P4:P636, "apagado") -> 0 | Q3: =COUNTIF(Q4:Q636, "apagado") -> 106 | R3: =COUNTIF(R4:R636, "apagado") -> 0 | S3: =COUNTIF(S4:S636, "apagado") -> 118 | ... W3: =COUNTIF(W4:W636, "apagado") -> 138 | X3: =COUNTIF(X4:X536, "apagado") -> 107 | Y3: =COUNTIF(Y4:Y536, "apagado") -> 108 | Z3: =COUNTIF(Z4:Z636, "apagado") -> 100 | AA3: =COUNTIF(AA4:AA636, "apagado") -> 107 | AB3: =COUNTIF(AB4:AB636, "apagado") -> 105 | AC3: =COUNTIF(AC4:AC636, "apagado") -> 106 | AD3: =COUNTIF(AD4:AD636, "apagado") -> 0 | AE3: =COUNTIF(AE4:AE636, "apagado") -> 107 | AF3: =COUNTIF(AF4:AF636, "apagado") -> 112 | AG3: =COUNTIF(AG4:AG636, "apagado") -> 110 | ... AP3: =COUNTIF(AP4:AP636, "apagado") -> 0
A4: Barrio | B4: [Denominacion] | C4: [Empresa Mantenimiento] | D4: [Ubicacion] | E4: [Tipo de Camara] | F4: [Tipo de Conexion] | G4: Destino | I4: DIAS FUNCIONANDO | J4: DIAS CAIDA | K4: EFECTIVIDAD | L4: 45292 | M4: 45293 | N4: 45294 | O4: 45295 | P4: 45296 | Q4: 45297 | R4: 45298 | S4: 45299 | T4: 45300 | U4: 45301 | V4: 45302 | W4: 45303 | X4: 45304 | Y4: 45305 | Z4: 45306 | AA4: 45307 | AB4: 45308 | AC4: 45309 | AD4: 45310 | AE4: 45311 | AF4: 45312 | AG4: 45313 | AH4: 45314 | AI4: 45315 | AJ4: 45316 | AK4: 45317 | AL4: 45318 | AM4: 45319 | AN4: 45320 | AO4: 45321 | AP4: 45322
A5: ALTAMIRA | B5: ALT01 | C5: BONOMO | D5: Calchaqui y Sgto. Cabral | E5: Domo | F5: Fibra Optica | H5: 172.20.10.6 | I5: =COUNTIF(L5:AM5,"") -> 28 | J5: =COUNTIF(L5:AM5,"APAGADO") -> 0 | K5: =(I5)/(J5+I5) -> 1
A6: ALTAMIRA | B6: ALT02 | C6: BONOMO | D6: Calchaqui y Lope de Vega | E6: Domo | F6: PTO A FO | G6: CABRAL Y CALCHAQUI | H6: 172.20.12.218 | I6: =COUNTIF(L6:AM6,"") -> 28 | J6: =COUNTIF(L6:AM6,"APAGADO") -> 0 | K6: =(I6)/(J6+I6) -> 1
A7: ALTAMIRA | B7: ALT 03 | C7: BONOMO | D7: Bombero Galarza y Necochea | E7: Domo | F7: Fibra Optica | H7: 172.20.12.54 | I7: =COUNTIF(L7:AM7,"") -> 28 | J7: =COUNTIF(L7:AM7,"APAGADO") -> 0 | K7: =(I7)/(J7+I7) -> 1
A8: ALTAMIRA | B8: ALT 04 | C8: BONOMO | D8: Francia y Necochea | E8: Domo | F8: Fibra Optica | H8: 172.20.12.55 | I8: =COUNTIF(L8:AM8,"") -> 16 | J8: =COUNTIF(L8:AM8,"APAGADO") -> 12 | K8: =(I8)/(J8+I8) -> 0.57142857 | U8: APAGADO | Y8: APAGADO | Z8: APAGADO | AA8: APAGADO | AB8: APAGADO | AC8: APAGADO | AE8: APAGADO | AF8: APAGADO | AG8: APAGADO | AH8: APAGADO | AI8: APAGADO | AJ8: APAGADO
A9: ALTAMIRA | B9: ALT05 | C9: BONOMO | D9: Av. Calchaqui y Bombero Galarza | E9: Domo | F9: PTO A FO | G9: NECOCHEA Y GALARZA | H9: 172.20.12.216 | I9: =COUNTIF(L9:AM9,"") -> 26 | J9: =COUNTIF(L9:AM9,"APAGADO") -> 2 | K9: =(I9)/(J9+I9) -> 0.92857143 | M9: APAGADO | N9: APAGADO
A10: ALTAMIRA | B10: ALT 06 | C10: BONOMO | D10: LOPE DE VEGA Y NECOCHEA | E10: Domo | F10: PTO A FO | G10: NECOCHEA Y GALARZA | H10: 172.20.12.12 | I10: =COUNTIF(L10:AM10,"") -> 28 | J10: =COUNTIF(L10:AM10,"APAGADO") -> 0 | K10: =(I10)/(J10+I10) -> 1
A11: ALTAMIRA | B11: ALT07 | C11: BONOMO | D11: AV. CALCHAQUI Y AV. DEL TRABAJO | E11: DOMO | F11: PTO A FO | G11: CABRAL Y CALCHAQUI | H11: 172.20.10.57 | I11: =COUNTIF(L11:AM11,"") -> 28 | J11: =COUNTIF(L11:AM11,"APAGADO") -> 0 | K11: =(I11)/(J11+I11) -> 1
A12: ALTAMIRA | B12: ALT 08 | C12: BONOMO | D12: HUMAITA Y NECOCHEA | E12: DOMO | F12: Fibra Optica | H12: 172.20.11.215 | I12: =COUNTIF(L12:AM12,"") -> 28 | J12: =COUNTIF(L12:AM12,"APAGADO") -> 0 | K12: =(I12)/(J12+I12) -> 1
A13: ALTAMIRA | B13: ALT 09 | C13: BONOMO | D13: NECOCHEA Y CURUPAITY | E13: DOMO | F13: Fibra Optica | H13: 172.20.11.216 | I13: =COUNTIF(L13:AM13,"") -> 27 | J13: =COUNTIF(L13:AM13,"APAGADO") -> 1 | K13: =(I13)/(J13+I13) -> 0.96428571 | N13: APAGADO
A14: ALTAMIRA | B14: ALT 10 | C14: BONOMO | D14: Calchaqui y Francia | E14: Domo | F14: Radio | H14: 172.20.12.156 | I14: =COUNTIF(L14:AM14,"") -> 11 | J14: =COUNTIF(L14:AM14,"APAGADO") -> 17 | K14: =(I14)/(J14+I14) -> 0.39285714 | L14: APAGADO | M14: APAGADO | Q14: APAGADO | S14: APAGADO | T14: APAGADO | U14: APAGADO | V14: APAGADO | W14: APAGADO | X14: APAGADO | Y14: APAGADO | Z14: APAGADO | AA14: APAGADO | AB14: APAGADO | AC14: APAGADO | AE14: APAGADO | AF14: APAGADO | AG14: APAGADO
A15: AGUSTIN RAMIREZ | B15: ARA 01 | C15: BONOMO | D15: Malambo y Tranquera | E15: Domo | F15: Fibra Optica | H15: 172.20.12.110 | I15: =COUNTIF(L15:AM15,"") -> 28 | J15: =COUNTIF(L15:AM15,"APAGADO") -> 0 | K15: =(I15)/(J15+I15) -> 1
A16: BELGRANO | B16: BEL 01 | C16: BONOMO | D16: San Martin y Dardo Rocha | E16: DOMO | F16: Fibra Optica | H16: 172.20.12.64 | I16: =COUNTIF(L16:AM16,"") -> 19 | J16: =COUNTIF(L16:AM16,"APAGADO") -> 9 | K16: =(I16)/(J16+I16) -> 0.67857143 | AA16: APAGADO | AB16: APAGADO | AC16: APAGADO | AE16: APAGADO | AF16: APAGADO | AG16: APAGADO | AH16: APAGADO | AI16: APAGADO | AJ16: APAGADO
A17: BELGRANO | B17: BEL 02 | C17: BONOMO | D17: Guardia vieja y Fronteriz | E17: DOMO | F17: Fibra Optica | H17: 172.20.10.117 | I17: =COUNTIF(L17:AM17,"") -> 19 | J17: =COUNTIF(L17:AM17,"APAGADO") -> 9 | K17: =(I17)/(J17+I17) -> 0.67857143 | AA17: APAGADO | AB17: APAGADO | AC17: APAGADO | AE17: APAGADO | AF17: APAGADO | AG17: APAGADO | AH17: APAGADO | AI17: APAGADO | AJ17: APAGADO
A18: BOSQUES CENTRO | B18: BOSQC 01 | C18: COSEIDI | D18: LUIS AGOTE E/DANUNCIO Y CAMPOAMOR | E18: Fija | F18: Radio | H18: 172.20.11.15 | I18: =COUNTIF(L18:AM18,"") -> 28 | J18: =COUNTIF(L18:AM18,"APAGADO") -> 0 | K18: =(I18)/(J18+I18) -> 1
A19: BOSQUES CENTRO | B19: BOSQC 02 | C19: COSEIDI | D19: LUIS AGOTE E/DANUNCIO Y CAMPOAMOR | E19: Fija | F19: Radio | H19: 172.20.11.16 | I19: =COUNTIF(L19:AM19,"") -> 28 | J19: =COUNTIF(L19:AM19,"APAGADO") -> 0 | K19: =(I19)/(J19+I19) -> 1
A20: BOSQUES CENTRO | B20: BOSQC 03 | C20: COSEIDI | D20: BENAVENTE Y LUIS AGOTE | E20: Fija | F20: Radio | H20: 172.20.11.13 | I20: =COUNTIF(L20:AM20,"") -> 28 | J20: =COUNTIF(L20:AM20,"APAGADO") -> 0 | K20: =(I20)/(J20+I20) -> 1
A21: BOSQUES CENTRO | B21: BOSQC 04 | C21: COSEIDI | D21: BENAVENTE Y LUIS AGOTE | E21: Fija | F21: Radio | H21: 172.20.11.113 | I21: =COUNTIF(L21:AM21,"") -> 28 | J21: =COUNTIF(L21:AM21,"APAGADO") -> 0 | K21: =(I21)/(J21+I21) -> 1
A22: BOSQUES CENTRO | B22: BOSQC 05 | C22: COSEIDI | D22: LUIS AGOTE Y RUTA 36 | E22: Fija | F22: Radio | H22: 172.20.11.17 | I22: =COUNTIF(L22:AM22,"") -> 28 | J22: =COUNTIF(L22:AM22,"APAGADO") -> 0 | K22: =(I22)/(J22+I22) -> 1
A23: BOSQUES CENTRO | B23: BOSQC 06 | C23: COSEIDI | D23: LUIS AGOTE Y RUTA 36 | E23: Fija | F23: Radio | H23: 172.20.11.18 | I23: =COUNTIF(L23:AM23,"") -> 28 | J23: =COUNTIF(L23:AM23,"APAGADO") -> 0 | K23: =(I23)/(J23+I23) -> 1
A24: BOSQUES CENTRO | B24: BOSQC 07 | C24: BONOMO | D24: Touring club y Sta Teresita | E24: Domo | F24: GPON | H24: 172320,10,141 | I24: =COUNTIF(L24:AM24,"") -> 26 | J24: =COUNTIF(L24:AM24,"APAGADO") -> 2 | K24: =(I24)/(J24+I24) -> 0.92857143 | AI24: APAGADO | AJ24: APAGADO
A25: BOSQUES CENTRO | B25: PAVE01 | C25: BONOMO | D25: Touring Club y Ramallo | E25: Domo | F25: PTO A GPON | H25: 172,20,10,141 | I25: =COUNTIF(L25:AM25,"") -> 26 | J25: =COUNTIF(L25:AM25,"APAGADO") -> 2 | K25: =(I25)/(J25+I25) -> 0.92857143 | AI25: APAGADO | AJ25: APAGADO
A26: BOSQUES CENTRO | B26: PAVE02 | C26: COSEIDI | D26: Ramallo y Calingasta | F26: GPON | I26: =COUNTIF(L26:AM26,"") -> 28 | J26: =COUNTIF(L26:AM26,"APAGADO") -> 0 | K26: =(I26)/(J26+I26) -> 1
A27: CENTRO | B27: CEN01 | C27: BONOMO | D27: San Martin y 9 de Julio | E27: Fija | F27: Fibra Optica | H27: 172.20.11.10 | I27: =COUNTIF(L27:AM27,"") -> 6 | J27: =COUNTIF(L27:AM27,"APAGADO") -> 22 | K27: =(I27)/(J27+I27) -> 0.21428571 | L27: APAGADO | M27: APAGADO | N27: APAGADO | O27: APAGADO | Q27: APAGADO | S27: APAGADO | T27: APAGADO | U27: APAGADO | V27: APAGADO | W27: APAGADO | X27: APAGADO | Y27: APAGADO | Z27: APAGADO | AA27: APAGADO | AB27: APAGADO | AC27: APAGADO | AE27: APAGADO | AF27: APAGADO | AG27: APAGADO | AH27: APAGADO | AI27: APAGADO | AJ27: APAGADO
A28: CENTRO | B28: CEN02 | C28: BONOMO | D28: San Martin y Almafuerte | E28: Fija | F28: Fibra Optica | H28: 172.20.11.11 | I28: =COUNTIF(L28:AM28,"") -> 6 | J28: =COUNTIF(L28:AM28,"APAGADO") -> 22 | K28: =(I28)/(J28+I28) -> 0.21428571 | L28: APAGADO | M28: APAGADO | N28: APAGADO | O28: APAGADO | Q28: APAGADO | S28: APAGADO | T28: APAGADO | U28: APAGADO | V28: APAGADO | W28: APAGADO | X28: APAGADO | Y28: APAGADO | Z28: APAGADO | AA28: APAGADO | AB28: APAGADO | AC28: APAGADO | AE28: APAGADO | AF28: APAGADO | AG28: APAGADO | AH28: APAGADO | AI28: APAGADO | AJ28: APAGADO
A29: CENTRO | B29: CEN03 | C29: BONOMO | D29: San Martin y Sallares | E29: Domo | F29: Fibra Optica | H29: 172.20.12.30 | I29: =COUNTIF(L29:AM29,"") -> 28 | J29: =COUNTIF(L29:AM29,"APAGADO") -> 0 | K29: =(I29)/(J29+I29) -> 1
A30: CENTRO | B30: CEN04 | C30: BONOMO | D30: San Martin y Contreras | E30: Domo | F30: Fibra Optica | H30: 172.20.12.29 | I30: =COUNTIF(L30:AM30,"") -> 28 | J30: =COUNTIF(L30:AM30,"APAGADO") -> 0 | K30: =(I30)/(J30+I30) -> 1
A31: CENTRO | B31: CEN 05 | C31: BONOMO | D31: Bocuzzi e/España y San Martin | E31: DOMO | F31: Fibra Optica | H31: 172.20.10.200 | I31: =COUNTIF(L31:AM31,"") -> 26 | J31: =COUNTIF(L31:AM31,"APAGADO") -> 2 | K31: =(I31)/(J31+I31) -> 0.92857143 | AI31: APAGADO | AJ31: APAGADO
A32: CENTRO | B32: CEN06 | C32: BONOMO | D32: Monteagudo y A.del Valle | E32: Fija | F32: Fibra Optica | H32: 172.20.10.02 | I32: =COUNTIF(L32:AM32,"") -> 26 | J32: =COUNTIF(L32:AM32,"APAGADO") -> 2 | K32: =(I32)/(J32+I32) -> 0.92857143 | AI32: APAGADO | AJ32: APAGADO
A33: CENTRO | B33: CEN07 | C33: BONOMO | D33: San Martin y Guemes | E33: DOMO | F33: Fibra Optica | H33: 172.20.11.20 | I33: =COUNTIF(L33:AM33,"") -> 20 | J33: =COUNTIF(L33:AM33,"APAGADO") -> 8 | K33: =(I33)/(J33+I33) -> 0.71428571 | AA33: APAGADO | AB33: APAGADO | AC33: APAGADO | AF33: APAGADO | AG33: APAGADO | AH33: APAGADO | AI33: APAGADO | AJ33: APAGADO
A34: CENTRO | B34: CEN08 | C34: BONOMO | D34: San Martin y Pte.Peron | E34: Domo | F34: Fibra Optica | H34: 172.20.11.21 | I34: =COUNTIF(L34:AM34,"") -> 25 | J34: =COUNTIF(L34:AM34,"APAGADO") -> 3 | K34: =(I34)/(J34+I34) -> 0.89285714 | AC34: APAGADO | AI34: APAGADO | AJ34: APAGADO
A35: CENTRO | B35: CEN09 | C35: BONOMO | D35: Chacabuco y 25 de Mayo | E35: Domo | F35: Fibra Optica | H35: 172.20.11.22 | I35: =COUNTIF(L35:AM35,"") -> 28 | J35: =COUNTIF(L35:AM35,"APAGADO") -> 0 | K35: =(I35)/(J35+I35) -> 1
A36: CENTRO | B36: CEN10 | C36: BONOMO | D36: Monteagudo y Pte. Peron | E36: Domo | F36: Fibra Optica | H36: 172.20.11.23 | I36: =COUNTIF(L36:AM36,"") -> 26 | J36: =COUNTIF(L36:AM36,"APAGADO") -> 2 | K36: =(I36)/(J36+I36) -> 0.92857143 | AI36: APAGADO | AJ36: APAGADO
A37: CENTRO | B37: CEN11 | C37: BONOMO | D37: Monteagudo y Bocuzzi | E37: Domo | F37: Fibra Optica | H37: 172.20.10.24 | I37: =COUNTIF(L37:AM37,"") -> 26 | J37: =COUNTIF(L37:AM37,"APAGADO") -> 2 | K37: =(I37)/(J37+I37) -> 0.92857143 | AI37: APAGADO | AJ37: APAGADO
A38: CENTRO | B38: CEN 12 | C38: BONOMO | D38: Monteagudo y Mitre | E38: Domo | F38: Fibra Optica | H38: 172.20.10.23 | I38: =COUNTIF(L38:AM38,"") -> 26 | J38: =COUNTIF(L38:AM38,"APAGADO") -> 2 | K38: =(I38)/(J38+I38) -> 0.92857143 | AI38: APAGADO | AJ38: APAGADO
A39: CENTRO | B39: CEN 13 | C39: BONOMO | D39: 25 de Mayo y Maipu | E39: DOMO | F39: GPON | H39: 172.20.10.20 | I39: =COUNTIF(L39:AM39,"") -> 28 | J39: =COUNTIF(L39:AM39,"APAGADO") -> 0 | K39: =(I39)/(J39+I39) -> 1
A40: CENTRO | B40: CEN14 | C40: BONOMO | D40: Pte.Peron e/Pringles y Brown | E40: Domo | F40: Fibra Optica | H40: 172.20.10.94 | I40: =COUNTIF(L40:AM40,"") -> 26 | J40: =COUNTIF(L40:AM40,"APAGADO") -> 2 | K40: =(I40)/(J40+I40) -> 0.92857143 | AI40: APAGADO | AJ40: APAGADO
A41: CENTRO | B41: CEN15 | C41: BONOMO | D41: Alberdi y A.del Valle | E41: Domo | F41: Fibra Optica | H41: 172.20.10.35 | I41: =COUNTIF(L41:AM41,"") -> 26 | J41: =COUNTIF(L41:AM41,"APAGADO") -> 2 | K41: =(I41)/(J41+I41) -> 0.92857143 | AI41: APAGADO | AJ41: APAGADO
A42: CENTRO | B42: CEN16 | C42: BONOMO | D42: San Martin y Pte. Peron | E42: Fija | F42: Fibra Optica | H42: 172.20.12.36 | I42: =COUNTIF(L42:AM42,"") -> 25 | J42: =COUNTIF(L42:AM42,"APAGADO") -> 3 | K42: =(I42)/(J42+I42) -> 0.89285714 | AC42: APAGADO | AI42: APAGADO | AJ42: APAGADO
A43: CENTRO | B43: CEN17 | C43: BONOMO | D43: San Martin y Mitre | E43: Domo | F43: PTO A FO | G43: SAN MARTIN Y SALLARES | H43: 172.20.12.200 | I43: =COUNTIF(L43:AM43,"") -> 28 | J43: =COUNTIF(L43:AM43,"APAGADO") -> 0 | K43: =(I43)/(J43+I43) -> 1
A44: CENTRO | B44: CEN18 | C44: BONOMO | D44: Monteagudo e/Mitre y Sallares | E44: Fija | F44: Fibra Optica | H44: 172.20.10.26 | I44: =COUNTIF(L44:AM44,"") -> 26 | J44: =COUNTIF(L44:AM44,"APAGADO") -> 2 | K44: =(I44)/(J44+I44) -> 0.92857143 | AI44: APAGADO | AJ44: APAGADO
A45: CENTRO | B45: CEN19 | C45: BONOMO | D45: Chacabuco y 25 de Mayo | E45: Fija | F45: Fibra Optica | H45: 172.20.10.27 | I45: =COUNTIF(L45:AM45,"") -> 28 | J45: =COUNTIF(L45:AM45,"APAGADO") -> 0 | K45: =(I45)/(J45+I45) -> 1
A46: LOMAS DE MONTEVERDE | B46: CEN20 | C46: BONOMO | D46: Pte. Illia y Las Heras | E46: Domo | F46: GPON | H46: 172.20.10.33 | I46: =COUNTIF(L46:AM46,"") -> 28 | J46: =COUNTIF(L46:AM46,"APAGADO") -> 0 | K46: =(I46)/(J46+I46) -> 1
A47: CENTRO | B47: CEN21 | C47: BONOMO | D47: Misiones y Urquiza | E47: Fija | F47: Radio | H47: 172.20.200.132 | I47: =COUNTIF(L47:AM47,"") -> 7 | J47: =COUNTIF(L47:AM47,"APAGADO") -> 21 | K47: =(I47)/(J47+I47) -> 0.25 | L47: APAGADO | M47: APAGADO | N47: APAGADO | O47: APAGADO | S47: APAGADO | T47: APAGADO | U47: APAGADO | V47: APAGADO | W47: APAGADO | X47: APAGADO | Y47: APAGADO | Z47: APAGADO | AA47: APAGADO | AB47: APAGADO | AC47: APAGADO | AE47: APAGADO | AF47: APAGADO | AG47: APAGADO | AH47: APAGADO | AI47: APAGADO | AJ47: APAGADO
A48: CENTRO | B48: CEN22 | C48: BONOMO | D48: Las Heras y Chacabuco | E48: Domo | F48: GPON | H48: 172.20.200.125 | I48: =COUNTIF(L48:AM48,"") -> 28 | J48: =COUNTIF(L48:AM48,"APAGADO") -> 0 | K48: =(I48)/(J48+I48) -> 1
A49: CENTRO | B49: CEN23 | C49: BONOMO | D49: Sallares y Monteagudo | E49: Domo | F49: Fibra Optica | H49: 172.20.12.05 | I49: =COUNTIF(L49:AM49,"") -> 26 | J49: =COUNTIF(L49:AM49,"APAGADO") -> 2 | K49: =(I49)/(J49+I49) -> 0.92857143 | AI49: APAGADO | AJ49: APAGADO
A50: CENTRO | B50: CEN24 | C50: BONOMO | D50: Sallares y España | E50: Domo | F50: Fibra Optica | H50: 172.20.12.04 | I50: =COUNTIF(L50:AM50,"") -> 26 | J50: =COUNTIF(L50:AM50,"APAGADO") -> 2 | K50: =(I50)/(J50+I50) -> 0.92857143 | AI50: APAGADO | AJ50: APAGADO
A51: CENTRO | B51: CEN25 | C51: BONOMO | D51: SAN MARTIN Y 9 DE JULIO | E51: Domo | F51: Fibra Optica | H51: 172.20.12.02 | I51: =COUNTIF(L51:AM51,"") -> 7 | J51: =COUNTIF(L51:AM51,"APAGADO") -> 21 | K51: =(I51)/(J51+I51) -> 0.25 | L51: APAGADO | M51: APAGADO | N51: APAGADO | O51: APAGADO | S51: APAGADO | T51: APAGADO | U51: APAGADO | V51: APAGADO | W51: APAGADO | X51: APAGADO | Y51: APAGADO | Z51: APAGADO | AA51: APAGADO | AB51: APAGADO | AC51: APAGADO | AE51: APAGADO | AF51: APAGADO | AG51: APAGADO | AH51: APAGADO | AI51: APAGADO | AJ51: APAGADO
A52: CENTRO | B52: CEN26 | C52: BONOMO | D52: Mitre y España | E52: Domo | F52: Fibra Optica | H52: 172.20.12.06 | I52: =COUNTIF(L52:AM52,"") -> 26 | J52: =COUNTIF(L52:AM52,"APAGADO") -> 2 | K52: =(I52)/(J52+I52) -> 0.92857143 | AI52: APAGADO | AJ52: APAGADO
A53: CENTRO | B53: CEN27 | C53: BONOMO | D53: San Juan y España | E53: Domo | F53: Fibra Optica | H53: 172.20.12.37 | I53: =COUNTIF(L53:AM53,"") -> 25 | J53: =COUNTIF(L53:AM53,"APAGADO") -> 3 | K53: =(I53)/(J53+I53) -> 0.89285714 | T53: APAGADO | AI53: APAGADO | AJ53: APAGADO
A54: CENTRO | B54: CEN28 | C54: BONOMO | D54: Mitre y Alberdi | E54: Domo | F54: Fibra Optica | H54: 172.20.12.38 | I54: =COUNTIF(L54:AM54,"") -> 26 | J54: =COUNTIF(L54:AM54,"APAGADO") -> 2 | K54: =(I54)/(J54+I54) -> 0.92857143 | AI54: APAGADO | AJ54: APAGADO
A55: CENTRO | B55: CEN29 | C55: BONOMO | D55: Alberdi y San Juan | E55: Domo | F55: Fibra Optica | H55: 172.20.12.40 | I55: =COUNTIF(L55:AM55,"") -> 26 | J55: =COUNTIF(L55:AM55,"APAGADO") -> 2 | K55: =(I55)/(J55+I55) -> 0.92857143 | AI55: APAGADO | AJ55: APAGADO
A56: CENTRO | B56: CEN30 | C56: BONOMO | D56: Mitre y Pringles | E56: Domo | F56: Fibra Optica | H56: 172.20.12.39 | I56: =COUNTIF(L56:AM56,"") -> 26 | J56: =COUNTIF(L56:AM56,"APAGADO") -> 2 | K56: =(I56)/(J56+I56) -> 0.92857143 | AI56: APAGADO | AJ56: APAGADO
A57: CENTRO | B57: CEN31 | C57: BONOMO | D57: Mitre e/Monteagudo y Alberdi | E57: Domo | F57: Fibra Optica | H57: 172.20.12.41 | I57: =COUNTIF(L57:AM57,"") -> 26 | J57: =COUNTIF(L57:AM57,"APAGADO") -> 2 | K57: =(I57)/(J57+I57) -> 0.92857143 | AI57: APAGADO | AJ57: APAGADO
A58: CENTRO | B58: CEN32 | C58: BONOMO | D58: Aristobulo del Valle y España | E58: Domo | F58: Fibra Optica | H58: 172.20.12.42 | I58: =COUNTIF(L58:AM58,"") -> 26 | J58: =COUNTIF(L58:AM58,"APAGADO") -> 2 | K58: =(I58)/(J58+I58) -> 0.92857143 | AI58: APAGADO | AJ58: APAGADO
A59: CENTRO | B59: CEN33 | C59: BONOMO | D59: Peron y Alberdi | E59: Domo | F59: Fibra Optica | H59: 172.20.12.47 | I59: =COUNTIF(L59:AM59,"") -> 26 | J59: =COUNTIF(L59:AM59,"APAGADO") -> 2 | K59: =(I59)/(J59+I59) -> 0.92857143 | AI59: APAGADO | AJ59: APAGADO
A60: CENTRO | B60: CEN34 | C60: BONOMO | D60: Peron y España | E60: Domo | F60: Fibra Optica | H60: 172.20.12.49 | I60: =COUNTIF(L60:AM60,"") -> 26 | J60: =COUNTIF(L60:AM60,"APAGADO") -> 2 | K60: =(I60)/(J60+I60) -> 0.92857143 | AI60: APAGADO | AJ60: APAGADO
A61: CENTRO | B61: CEN35 | C61: BONOMO | D61: España y Marmol | E61: Domo | F61: Fibra Optica | H61: 172.20.12.50 | I61: =COUNTIF(L61:AM61,"") -> 28 | J61: =COUNTIF(L61:AM61,"APAGADO") -> 0 | K61: =(I61)/(J61+I61) -> 1
A62: CENTRO | B62: CEN36 | C62: BONOMO | D62: España y 9 de Julio | E62: Domo | F62: Fibra Optica | H62: 172.20.12.51 | I62: =COUNTIF(L62:AM62,"") -> 28 | J62: =COUNTIF(L62:AM62,"APAGADO") -> 0 | K62: =(I62)/(J62+I62) -> 1
A63: CENTRO | B63: CEN 37 | C63: BONOMO | D63: Diagonal Granaderos y Monteagudo | E63: Domo | F63: Fibra Optica | H63: 172.20.12.52 | I63: =COUNTIF(L63:AM63,"") -> 28 | J63: =COUNTIF(L63:AM63,"APAGADO") -> 0 | K63: =(I63)/(J63+I63) -> 1
A64: CENTRO | B64: CEN38 | C64: BONOMO | D64: Diagonal Constituyentes y Almafuerte | E64: Domo | F64: Fibra Optica | H64: 172.20.12.53 | I64: =COUNTIF(L64:AM64,"") -> 28 | J64: =COUNTIF(L64:AM64,"APAGADO") -> 0 | K64: =(I64)/(J64+I64) -> 1
A65: CENTRO | B65: CEN39 | C65: BONOMO | D65: San Martin y Alem | E65: Domo | F65: Fibra Optica | H65: 172.20.12.56 | I65: =COUNTIF(L65:AM65,"") -> 26 | J65: =COUNTIF(L65:AM65,"APAGADO") -> 2 | K65: =(I65)/(J65+I65) -> 0.92857143 | AI65: APAGADO | AJ65: APAGADO
A66: CENTRO | B66: CEN40 | C66: BONOMO | D66: Contreras y Monteagudo | E66: Domo | F66: Fibra Optica | H66: 172.20.12.57 | I66: =COUNTIF(L66:AM66,"") -> 28 | J66: =COUNTIF(L66:AM66,"APAGADO") -> 0 | K66: =(I66)/(J66+I66) -> 1
A67: CENTRO | B67: CEN41 | C67: BONOMO | D67: Contreras y Alberdi | E67: Domo | F67: Fibra Optica | H67: 172.20.12.58 | I67: =COUNTIF(L67:AM67,"") -> 6 | J67: =COUNTIF(L67:AM67,"APAGADO") -> 22 | K67: =(I67)/(J67+I67) -> 0.21428571 | L67: APAGADO | M67: APAGADO | N67: APAGADO | O67: APAGADO | Q67: APAGADO | S67: APAGADO | T67: APAGADO | U67: APAGADO | V67: APAGADO | W67: APAGADO | X67: APAGADO | Y67: APAGADO | Z67: APAGADO | AA67: APAGADO | AB67: APAGADO | AC67: APAGADO | AE67: APAGADO | AF67: APAGADO | AG67: APAGADO | AH67: APAGADO | AI67: APAGADO | AJ67: APAGADO
A68: CENTRO | B68: CEN42 | C68: BONOMO | D68: Diagonal Constituyentes y Alem | E68: Domo | F68: Fibra Optica | H68: 172.20.12.59 | I68: =COUNTIF(L68:AM68,"") -> 28 | J68: =COUNTIF(L68:AM68,"APAGADO") -> 0 | K68: =(I68)/(J68+I68) -> 1
A69: CENTRO | B69: CEN43 | C69: BONOMO | D69: Sallares y Alberdi | E69: Domo | F69: Fibra Optica | H69: 172.20.12.61 | I69: =COUNTIF(L69:AM69,"") -> 26 | J69: =COUNTIF(L69:AM69,"APAGADO") -> 2 | K69: =(I69)/(J69+I69) -> 0.92857143 | AI69: APAGADO | AJ69: APAGADO
A70: CENTRO | B70: CEN44 | C70: BONOMO | D70: Mitre y Brown | E70: Domo | F70: Fibra Optica | H70: 172.20.12.62 | I70: =COUNTIF(L70:AM70,"") -> 23 | J70: =COUNTIF(L70:AM70,"APAGADO") -> 5 | K70: =(I70)/(J70+I70) -> 0.82142857 | M70: APAGADO | AG70: APAGADO | AH70: APAGADO | AI70: APAGADO | AJ70: APAGADO
A71: CENTRO | B71: CEN45 (fija 1) | C71: BONOMO | D71: EEUU Y MORENO | E71: Fija | F71: Fibra Optica | H71: 172.20.11.74 | I71: =COUNTIF(L71:AM71,"") -> 28 | J71: =COUNTIF(L71:AM71,"APAGADO") -> 0 | K71: =(I71)/(J71+I71) -> 1
A72: CENTRO | B72: CEN46 (fija 2) | C72: BONOMO | D72: EEUU Y MORENO | E72: Fija | F72: Fibra Optica | H72: 172.20.11.75 | I72: =COUNTIF(L72:AM72,"") -> 28 | J72: =COUNTIF(L72:AM72,"APAGADO") -> 0 | K72: =(I72)/(J72+I72) -> 1
A73: CENTRO | B73: CEN47 | C73: BONOMO | D73: Sallares y Brown | E73: Domo | F73: Fibra Optica | H73: 172.20.12.65 | I73: =COUNTIF(L73:AM73,"") -> 18 | J73: =COUNTIF(L73:AM73,"APAGADO") -> 10 | K73: =(I73)/(J73+I73) -> 0.64285714 | L73: APAGADO | M73: APAGADO | N73: APAGADO | O73: APAGADO | Q73: APAGADO | S73: APAGADO | AG73: APAGADO | AH73: APAGADO | AI73: APAGADO | AJ73: APAGADO
A74: CENTRO | B74: CEN48 | C74: BONOMO | D74: Velez Sarsfield y Las Heras | E74: Domo | F74: GPON | H74: 172.20.200.181 | I74: =COUNTIF(L74:AM74,"") -> 23 | J74: =COUNTIF(L74:AM74,"APAGADO") -> 5 | K74: =(I74)/(J74+I74) -> 0.82142857 | N74: APAGADO | O74: APAGADO | S74: APAGADO | T74: APAGADO | AB74: APAGADO
A75: CENTRO | B75: CEN49 | C75: BONOMO | D75: Av. San Martin y Florencio Sanchez | E75: Domo | F75: Radio | H75: 172.20.200.182 | I75: =COUNTIF(L75:AM75,"") -> 6 | J75: =COUNTIF(L75:AM75,"APAGADO") -> 22 | K75: =(I75)/(J75+I75) -> 0.21428571 | L75: APAGADO | M75: APAGADO | N75: APAGADO | O75: APAGADO | Q75: APAGADO | S75: APAGADO | T75: APAGADO | U75: APAGADO | V75: APAGADO | W75: APAGADO | X75: APAGADO | Y75: APAGADO | Z75: APAGADO | AA75: APAGADO | AB75: APAGADO | AC75: APAGADO | AE75: APAGADO | AF75: APAGADO | AG75: APAGADO | AH75: APAGADO | AI75: APAGADO | AJ75: APAGADO
A76: CENTRO | B76: CEN 50 | C76: BONOMO | D76: Av. San Martin y Newbery | E76: Domo | F76: GPON | H76: 172.20.10.167 | I76: =COUNTIF(L76:AM76,"") -> 9 | J76: =COUNTIF(L76:AM76,"APAGADO") -> 19 | K76: =(I76)/(J76+I76) -> 0.32142857 | L76: APAGADO | M76: APAGADO | N76: APAGADO | O76: APAGADO | Q76: APAGADO | S76: APAGADO | T76: APAGADO | U76: APAGADO | V76: APAGADO | W76: APAGADO | X76: APAGADO | Y76: APAGADO | Z76: APAGADO | AA76: APAGADO | AB76: APAGADO | AC76: APAGADO | AE76: APAGADO | AF76: APAGADO | AG76: APAGADO
A77: CENTRO | B77: CEN 51 | C77: BONOMO | D77: ILLIA Y LAS HERAS | E77: FIJA | F77: GPON | H77: 172.20.11.29 | I77: =COUNTIF(L77:AM77,"") -> 28 | J77: =COUNTIF(L77:AM77,"APAGADO") -> 0 | K77: =(I77)/(J77+I77) -> 1
A78: CENTRO | B78: CEN52 | C78: BONOMO | D78: San Martin y Almafuerte (ex San Martin y Dorrego) | E78: DOMO | F78: GPON | H78: 172.20.10.189 | I78: =COUNTIF(L78:AM78,"") -> 28 | J78: =COUNTIF(L78:AM78,"APAGADO") -> 0 | K78: =(I78)/(J78+I78) -> 1
A79: CENTRO | B79: CEN 53 | C79: BONOMO | D79: GUTIERREZ Y BROWN | E79: Domo | F79: GPON | H79: 172.20.10.168 | I79: =COUNTIF(L79:AM79,"") -> 28 | J79: =COUNTIF(L79:AM79,"APAGADO") -> 0 | K79: =(I79)/(J79+I79) -> 1
A80: CENTRO | B80: CEN 54 | C80: BONOMO | D80: GUTIERREZ Y PRINGLES | E80: Domo | F80: GPON | H80: 172.20.10.169 | I80: =COUNTIF(L80:AM80,"") -> 28 | J80: =COUNTIF(L80:AM80,"APAGADO") -> 0 | K80: =(I80)/(J80+I80) -> 1
A81: CENTRO | B81: CEN 55 | C81: BONOMO | D81: BOUREL Y URQUIZA | E81: Domo | F81: GPON | H81: 172.20.10.127 | I81: =COUNTIF(L81:AM81,"") -> 28 | J81: =COUNTIF(L81:AM81,"APAGADO") -> 0 | K81: =(I81)/(J81+I81) -> 1
A82: CENTRO | B82: CEN 56 | C82: BONOMO | D82: Newbery y Falucho | E82: DOMO | F82: GPON | H82: 172.20.10.176 | I82: =COUNTIF(L82:AM82,"") -> 7 | J82: =COUNTIF(L82:AM82,"APAGADO") -> 21 | K82: =(I82)/(J82+I82) -> 0.25 | M82: APAGADO | N82: APAGADO | O82: APAGADO | Q82: APAGADO | S82: APAGADO | T82: APAGADO | U82: APAGADO | V82: APAGADO | W82: APAGADO | X82: APAGADO | Y82: APAGADO | Z82: APAGADO | AA82: APAGADO | AB82: APAGADO | AC82: APAGADO | AE82: APAGADO | AF82: APAGADO | AG82: APAGADO | AH82: APAGADO | AI82: APAGADO | AJ82: APAGADO
A83: CENTRO | B83: CEN 57 | C83: BONOMO | D83: 25 DE MAYO Y DORREGO | E83: DOMO | F83: GPON | H83: 172.20.10.154 | I83: =COUNTIF(L83:AM83,"") -> 20 | J83: =COUNTIF(L83:AM83,"APAGADO") -> 8 | K83: =(I83)/(J83+I83) -> 0.71428571 | M83: APAGADO | U83: APAGADO | V83: APAGADO | W83: APAGADO | X83: APAGADO | AE83: APAGADO | AF83: APAGADO | AG83: APAGADO
A84: CENTRO | B84: CEN 58 | C84: BONOMO | D84: EEUU Y MORENO | E84: DOMO | F84: Fibra Optica | H84: 172.20.11.84 | I84: =COUNTIF(L84:AM84,"") -> 28 | J84: =COUNTIF(L84:AM84,"APAGADO") -> 0 | K84: =(I84)/(J84+I84) -> 1
A85: CENTRO | B85: CEN59 | C85: BONOMO | D85: CHACABUCO Y BOUREL | E85: DOMO | F85: GPON | H85: 172.20.200.188 | I85: =COUNTIF(L85:AM85,"") -> 28 | J85: =COUNTIF(L85:AM85,"APAGADO") -> 0 | K85: =(I85)/(J85+I85) -> 1
A86: CENTRO | B86: CEN 60 | C86: BONOMO | D86: RECONQUISTA Y ILLIA | E86: DOMO | F86: PTO A FO | G86: ILLIA Y LAS HERAS | H86: 172.20.12.67 | I86: =COUNTIF(L86:AM86,"") -> 28 | J86: =COUNTIF(L86:AM86,"APAGADO") -> 0 | K86: =(I86)/(J86+I86) -> 1
A87: CENTRO | B87: CEN 61 | C87: BONOMO | D87: BOUREL Y MAIPU | E87: DOMO | F87: GPON | H87: 172.20.10.162 | I87: =COUNTIF(L87:AM87,"") -> 19 | J87: =COUNTIF(L87:AM87,"APAGADO") -> 9 | K87: =(I87)/(J87+I87) -> 0.67857143 | L87: APAGADO | M87: APAGADO | N87: APAGADO | O87: APAGADO | Q87: APAGADO | S87: APAGADO | T87: APAGADO | U87: APAGADO | V87: APAGADO
A88: CENTRO | B88: CEN62 | C88: BONOMO | D88: ESPAÑA Y ALEM | E88: DOMO | F88: PTO A FO | G88: SAN MARTIN Y ALEM | H88: 172.20.12.82 | I88: =COUNTIF(L88:AM88,"") -> 26 | J88: =COUNTIF(L88:AM88,"APAGADO") -> 2 | K88: =(I88)/(J88+I88) -> 0.92857143 | AI88: APAGADO | AJ88: APAGADO
A89: CENTRO | B89: CEN63 | C89: BONOMO | D89: SAN MARTIN Y URQUIZA | E89: DOMO | F89: Fibra Optica | H89: 172.20.11.112 | I89: =COUNTIF(L89:AM89,"") -> 28 | J89: =COUNTIF(L89:AM89,"APAGADO") -> 0 | K89: =(I89)/(J89+I89) -> 1
A90: CENTRO | B90: CEN64 | C90: BONOMO | D90: SAN MARTIN Y BOCCUZZI | E90: FIJA | F90: Fibra Optica | H90: 172.20.11.134 | I90: =COUNTIF(L90:AM90,"") -> 25 | J90: =COUNTIF(L90:AM90,"APAGADO") -> 3 | K90: =(I90)/(J90+I90) -> 0.89285714 | AB90: APAGADO | AI90: APAGADO | AJ90: APAGADO
A91: CENTRO | B91: CEN 65 | C91: BONOMO | D91: SAN MARTIN Y JUAN PERON | E91: FIJA | F91: Fibra Optica | H91: 172.20.11.135 | I91: =COUNTIF(L91:AM91,"") -> 26 | J91: =COUNTIF(L91:AM91,"APAGADO") -> 2 | K91: =(I91)/(J91+I91) -> 0.92857143 | AI91: APAGADO | AJ91: APAGADO
A92: CENTRO | B92: CEN66 | C92: BONOMO | D92: SAN MARTIN Y JUAN PERON | E92: FIJA | F92: Fibra Optica | H92: 172.20.11.136 | I92: =COUNTIF(L92:AM92,"") -> 26 | J92: =COUNTIF(L92:AM92,"APAGADO") -> 2 | K92: =(I92)/(J92+I92) -> 0.92857143 | AI92: APAGADO | AJ92: APAGADO
A93: CENTRO | B93: CEN67 (fija 1) | C93: BONOMO | D93: 9 DE JULIO Y BROWN | E93: Fija | F93: Fibra Optica | H93: 172.20.11.188 | I93: =COUNTIF(L93:AM93,"") -> 18 | J93: =COUNTIF(L93:AM93,"APAGADO") -> 10 | K93: =(I93)/(J93+I93) -> 0.64285714 | M93: APAGADO | N93: APAGADO | O93: APAGADO | Q93: APAGADO | S93: APAGADO | U93: APAGADO | AE93: APAGADO | AF93: APAGADO | AG93: APAGADO | AJ93: APAGADO
A94: CENTRO | B94: CEN68 (fija 2) | C94: BONOMO | D94: 9 DE JULIO Y BROWN | E94: Fija | F94: Fibra Optica | H94: 172.20.11.189 | I94: =COUNTIF(L94:AM94,"") -> 18 | J94: =COUNTIF(L94:AM94,"APAGADO") -> 10 | K94: =(I94)/(J94+I94) -> 0.64285714 | M94: APAGADO | N94: APAGADO | O94: APAGADO | Q94: APAGADO | S94: APAGADO | U94: APAGADO | AE94: APAGADO | AF94: APAGADO | AG94: APAGADO | AJ94: APAGADO
A95: CENTRO | B95: CEN69 | C95: BONOMO | D95: RIVADAVIA Y BOUREL | E95: DOMO | F95: Fibra Optica | H95: 172.20.11.222 | I95: =COUNTIF(L95:AM95,"") -> 28 | J95: =COUNTIF(L95:AM95,"APAGADO") -> 0 | K95: =(I95)/(J95+I95) -> 1
A96: CENTRO | B96: CEN 70 | C96: BONOMO | D96: RIVADAVIA Y 25 MAYO | E96: Domo | F96: Fibra Optica | H96: 172.20.11.221 | I96: =COUNTIF(L96:AM96,"") -> 28 | J96: =COUNTIF(L96:AM96,"APAGADO") -> 0 | K96: =(I96)/(J96+I96) -> 1
A97: CENTRO | B97: CEN 71 | C97: BONOMO | D97: MORENO Y BOUREL | E97: Domo | F97: Fibra Optica | H97: 172.20.11.220 | I97: =COUNTIF(L97:AM97,"") -> 28 | J97: =COUNTIF(L97:AM97,"APAGADO") -> 0 | K97: =(I97)/(J97+I97) -> 1
A98: CENTRO | B98: CEN 72 | C98: BONOMO | D98: MORENO Y 25 DE MAYO | E98: Domo | F98: Fibra Optica | H98: 172.20.11.219 | I98: =COUNTIF(L98:AM98,"") -> 28 | J98: =COUNTIF(L98:AM98,"APAGADO") -> 0 | K98: =(I98)/(J98+I98) -> 1
A99: CENTRO | B99: CEN73 | C99: BONOMO | D99: BOUREL Y DEFENSA | E99: DOMO | F99: GPON | H99: 172.20.11.223 | I99: =COUNTIF(L99:AM99,"") -> 28 | J99: =COUNTIF(L99:AM99,"APAGADO") -> 0 | K99: =(I99)/(J99+I99) -> 1
A100: CENTRO | B100: CEN74 | C100: BONOMO | D100: Las Heras y Maipu | E100: Domo | F100: Fibra Optica | H100: 172.20.11.53 | I100: =COUNTIF(L100:AM100,"") -> 28 | J100: =COUNTIF(L100:AM100,"APAGADO") -> 0 | K100: =(I100)/(J100+I100) -> 1
...

Sheet ESTADISTICA
A1: ='RESUMEN TOTAL'!A4 -> Barrio | B1: ='RESUMEN TOTAL'!B4 -> [Denominacion] | C1: ='RESUMEN TOTAL'!D4 -> [Ubicacion] | D1: ='RESUMEN TOTAL'!E4 -> [Tipo de Camara] | E1: ='RESUMEN TOTAL'!F4 -> [Tipo de Conexion] | F1: ='RESUMEN TOTAL'!L4 -> 45292 | G1: ='RESUMEN TOTAL'!M4 -> 45293 | H1: ='RESUMEN TOTAL'!N4 -> 45294 | I1: ='RESUMEN TOTAL'!O4 -> 45295 | J1: ='RESUMEN TOTAL'!P4 -> 45296 | K1: ='RESUMEN TOTAL'!Q4 -> 45297 | L1: ='RESUMEN TOTAL'!R4 -> 45298 | M1: ='RESUMEN TOTAL'!S4 -> 45299 | ... AI1: ='RESUMEN TOTAL'!AO4 -> 45321
A2: ='RESUMEN TOTAL'!A5 -> ALTAMIRA | B2: ='RESUMEN TOTAL'!B5 -> ALT01 | C2: ='RESUMEN TOTAL'!D5 -> Calchaqui y Sgto. Cabral | D2: ='RESUMEN TOTAL'!E5 -> Domo | E2: ='RESUMEN TOTAL'!F5 -> Fibra Optica | F2: ='RESUMEN TOTAL'!L5 -> 0 | G2: ='RESUMEN TOTAL'!M5 -> 0 | H2: ='RESUMEN TOTAL'!N5 -> 0 | I2: ='RESUMEN TOTAL'!O5 -> 0 | J2: ='RESUMEN TOTAL'!P5 -> 0 | K2: ='RESUMEN TOTAL'!Q5 -> 0 | L2: ='RESUMEN TOTAL'!R5 -> 0 | M2: ='RESUMEN TOTAL'!S5 -> 0 | ... AI2: ='RESUMEN TOTAL'!AO5 -> 0
A3: ='RESUMEN TOTAL'!A6 -> ALTAMIRA | B3: ='RESUMEN TOTAL'!B6 -> ALT02 | C3: ='RESUMEN TOTAL'!D6 -> Calchaqui y Lope de Vega | D3: ='RESUMEN TOTAL'!E6 -> Domo | E3: ='RESUMEN TOTAL'!F6 -> PTO A FO | F3: ='RESUMEN TOTAL'!L6 -> 0 | G3: ='RESUMEN TOTAL'!M6 -> 0 | H3: ='RESUMEN TOTAL'!N6 -> 0 | I3: ='RESUMEN TOTAL'!O6 -> 0 | J3: ='RESUMEN TOTAL'!P6 -> 0 | K3: ='RESUMEN TOTAL'!Q6 -> 0 | L3: ='RESUMEN TOTAL'!R6 -> 0 | M3: ='RESUMEN TOTAL'!S6 -> 0 | ... AI3: ='RESUMEN TOTAL'!AO6 -> 0
A4: ='RESUMEN TOTAL'!A7 -> ALTAMIRA | B4: ='RESUMEN TOTAL'!B7 -> ALT 03 | C4: ='RESUMEN TOTAL'!D7 -> Bombero Galarza y Necochea | D4: ='RESUMEN TOTAL'!E7 -> Domo | E4: ='RESUMEN TOTAL'!F7 -> Fibra Optica | F4: ='RESUMEN TOTAL'!L7 -> 0 | G4: ='RESUMEN TOTAL'!M7 -> 0 | H4: ='RESUMEN TOTAL'!N7 -> 0 | I4: ='RESUMEN TOTAL'!O7 -> 0 | J4: ='RESUMEN TOTAL'!P7 -> 0 | K4: ='RESUMEN TOTAL'!Q7 -> 0 | L4: ='RESUMEN TOTAL'!R7 -> 0 | M4: ='RESUMEN TOTAL'!S7 -> 0 | ... AI4: ='RESUMEN TOTAL'!AO7 -> 0
A5: ='RESUMEN TOTAL'!A8 -> ALTAMIRA | B5: ='RESUMEN TOTAL'!B8 -> ALT 04 | C5: ='RESUMEN TOTAL'!D8 -> Francia y Necochea | D5: ='RESUMEN TOTAL'!E8 -> Domo | E5: ='RESUMEN TOTAL'!F8 -> Fibra Optica | F5: ='RESUMEN TOTAL'!L8 -> 0 | G5: ='RESUMEN TOTAL'!M8 -> 0 | H5: ='RESUMEN TOTAL'!N8 -> 0 | I5: ='RESUMEN TOTAL'!O8 -> 0 | J5: ='RESUMEN TOTAL'!P8 -> 0 | K5: ='RESUMEN TOTAL'!Q8 -> 0 | L5: ='RESUMEN TOTAL'!R8 -> 0 | M5: ='RESUMEN TOTAL'!S8 -> 0 | ... AI5: ='RESUMEN TOTAL'!AO8 -> 0
A6: ='RESUMEN TOTAL'!A9 -> ALTAMIRA | B6: ='RESUMEN TOTAL'!B9 -> ALT05 | C6: ='RESUMEN TOTAL'!D9 -> Av. Calchaqui y Bombero Galarza | D6: ='RESUMEN TOTAL'!E9 -> Domo | E6: ='RESUMEN TOTAL'!F9 -> PTO A FO | F6: ='RESUMEN TOTAL'!L9 -> 0 | G6: ='RESUMEN TOTAL'!M9 -> APAGADO | H6: ='RESUMEN TOTAL'!N9 -> APAGADO | I6: ='RESUMEN TOTAL'!O9 -> 0 | J6: ='RESUMEN TOTAL'!P9 -> 0 | K6: ='RESUMEN TOTAL'!Q9 -> 0 | L6: ='RESUMEN TOTAL'!R9 -> 0 | M6: ='RESUMEN TOTAL'!S9 -> 0 | ... AI6: ='RESUMEN TOTAL'!AO9 -> 0
A7: ='RESUMEN TOTAL'!A10 -> ALTAMIRA | B7: ='RESUMEN TOTAL'!B10 -> ALT 06 | C7: ='RESUMEN TOTAL'!D10 -> LOPE DE VEGA Y NECOCHEA | D7: ='RESUMEN TOTAL'!E10 -> Domo | E7: ='RESUMEN TOTAL'!F10 -> PTO A FO | F7: ='RESUMEN TOTAL'!L10 -> 0 | G7: ='RESUMEN TOTAL'!M10 -> 0 | H7: ='RESUMEN TOTAL'!N10 -> 0 | I7: ='RESUMEN TOTAL'!O10 -> 0 | J7: ='RESUMEN TOTAL'!P10 -> 0 | K7: ='RESUMEN TOTAL'!Q10 -> 0 | L7: ='RESUMEN TOTAL'!R10 -> 0 | M7: ='RESUMEN TOTAL'!S10 -> 0 | ... AI7: ='RESUMEN TOTAL'!AO10 -> 0
A8: ='RESUMEN TOTAL'!A11 -> ALTAMIRA | B8: ='RESUMEN TOTAL'!B11 -> ALT07 | C8: ='RESUMEN TOTAL'!D11 -> AV. CALCHAQUI Y AV. DEL TRABAJO | D8: ='RESUMEN TOTAL'!E11 -> DOMO | E8: ='RESUMEN TOTAL'!F11 -> PTO A FO | F8: ='RESUMEN TOTAL'!L11 -> 0 | G8: ='RESUMEN TOTAL'!M11 -> 0 | H8: ='RESUMEN TOTAL'!N11 -> 0 | I8: ='RESUMEN TOTAL'!O11 -> 0 | J8: ='RESUMEN TOTAL'!P11 -> 0 | K8: ='RESUMEN TOTAL'!Q11 -> 0 | L8: ='RESUMEN TOTAL'!R11 -> 0 | M8: ='RESUMEN TOTAL'!S11 -> 0 | ... AI8: ='RESUMEN TOTAL'!AO11 -> 0
A9: ='RESUMEN TOTAL'!A12 -> ALTAMIRA | B9: ='RESUMEN TOTAL'!B12 -> ALT 08 | C9: ='RESUMEN TOTAL'!D12 -> HUMAITA Y NECOCHEA | D9: ='RESUMEN TOTAL'!E12 -> DOMO | E9: ='RESUMEN TOTAL'!F12 -> Fibra Optica | F9: ='RESUMEN TOTAL'!L12 -> 0 | G9: ='RESUMEN TOTAL'!M12 -> 0 | H9: ='RESUMEN TOTAL'!N12 -> 0 | I9: ='RESUMEN TOTAL'!O12 -> 0 | J9: ='RESUMEN TOTAL'!P12 -> 0 | K9: ='RESUMEN TOTAL'!Q12 -> 0 | L9: ='RESUMEN TOTAL'!R12 -> 0 | M9: ='RESUMEN TOTAL'!S12 -> 0 | ... AI9: ='RESUMEN TOTAL'!AO12 -> 0
A10: ='RESUMEN TOTAL'!A13 -> ALTAMIRA | B10: ='RESUMEN TOTAL'!B13 -> ALT 09 | C10: ='RESUMEN TOTAL'!D13 -> NECOCHEA Y CURUPAITY | D10: ='RESUMEN TOTAL'!E13 -> DOMO | E10: ='RESUMEN TOTAL'!F13 -> Fibra Optica | F10: ='RESUMEN TOTAL'!L13 -> 0 | G10: ='RESUMEN TOTAL'!M13 -> 0 | H10: ='RESUMEN TOTAL'!N13 -> APAGADO | I10: ='RESUMEN TOTAL'!O13 -> 0 | J10: ='RESUMEN TOTAL'!P13 -> 0 | K10: ='RESUMEN TOTAL'!Q13 -> 0 | L10: ='RESUMEN TOTAL'!R13 -> 0 | M10: ='RESUMEN TOTAL'!S13 -> 0 | ... AI10: ='RESUMEN TOTAL'!AO13 -> 0
A11: ='RESUMEN TOTAL'!A14 -> ALTAMIRA | B11: ='RESUMEN TOTAL'!B14 -> ALT 10 | C11: ='RESUMEN TOTAL'!D14 -> Calchaqui y Francia | D11: ='RESUMEN TOTAL'!E14 -> Domo | E11: ='RESUMEN TOTAL'!F14 -> Radio | F11: ='RESUMEN TOTAL'!L14 -> APAGADO | G11: ='RESUMEN TOTAL'!M14 -> APAGADO | H11: ='RESUMEN TOTAL'!N14 -> 0 | I11: ='RESUMEN TOTAL'!O14 -> 0 | J11: ='RESUMEN TOTAL'!P14 -> 0 | K11: ='RESUMEN TOTAL'!Q14 -> APAGADO | L11: ='RESUMEN TOTAL'!R14 -> 0 | M11: ='RESUMEN TOTAL'!S14 -> APAGADO | ... AI11: ='RESUMEN TOTAL'!AO14 -> 0
A12: ='RESUMEN TOTAL'!A15 -> AGUSTIN RAMIREZ | B12: ='RESUMEN TOTAL'!B15 -> ARA 01 | C12: ='RESUMEN TOTAL'!D15 -> Malambo y Tranquera | D12: ='RESUMEN TOTAL'!E15 -> Domo | E12: ='RESUMEN TOTAL'!F15 -> Fibra Optica | F12: ='RESUMEN TOTAL'!L15 -> 0 | G12: ='RESUMEN TOTAL'!M15 -> 0 | H12: ='RESUMEN TOTAL'!N15 -> 0 | I12: ='RESUMEN TOTAL'!O15 -> 0 | J12: ='RESUMEN TOTAL'!P15 -> 0 | K12: ='RESUMEN TOTAL'!Q15 -> 0 | L12: ='RESUMEN TOTAL'!R15 -> 0 | M12: ='RESUMEN TOTAL'!S15 -> 0 | ... AI12: ='RESUMEN TOTAL'!AO15 -> 0
... A20: ='RESUMEN TOTAL'!A23 -> BOSQUES CENTRO | B20: ='RESUMEN TOTAL'!B23 -> BOSQC 06 | C20: ='RESUMEN TOTAL'!D23 -> LUIS AGOTE Y RUTA 36 | D20: ='RESUMEN TOTAL'!E23 -> Fija | E20: ='RESUMEN TOTAL'!F23 -> Radio | F20: ='RESUMEN TOTAL'!L23 -> 0 | G20: ='RESUMEN TOTAL'!M23 -> 0 | H20: ='RESUMEN TOTAL'!N23 -> 0 | I20: ='RESUMEN TOTAL'!O23 -> 0 | J20: ='RESUMEN TOTAL'!P23 -> 0 | K20: ='RESUMEN TOTAL'!Q23 -> 0 | L20: ='RESUMEN TOTAL'!R23 -> 0 | M20: ='RESUMEN TOTAL'!S23 -> 0 | ... AI20: ='RESUMEN TOTAL'!AO23 -> 0
A21: ='RESUMEN TOTAL'!A27 -> CENTRO | B21: ='RESUMEN TOTAL'!B27 -> CEN01 | C21: ='RESUMEN TOTAL'!D27 -> San Martin y 9 de Julio | D21: ='RESUMEN TOTAL'!E27 -> Fija | E21: ='RESUMEN TOTAL'!F27 -> Fibra Optica | F21: ='RESUMEN TOTAL'!L27 -> APAGADO | G21: ='RESUMEN TOTAL'!M27 -> APAGADO | H21: ='RESUMEN TOTAL'!N27 -> APAGADO | I21: ='RESUMEN TOTAL'!O27 -> APAGADO | J21: ='RESUMEN TOTAL'!P27 -> 0 | K21: ='RESUMEN TOTAL'!Q27 -> APAGADO | L21: ='RESUMEN TOTAL'!R27 -> 0 | M21: ='RESUMEN TOTAL'!S27 -> APAGADO | ... AI21: ='RESUMEN TOTAL'!AO27 -> 0
A22: ='RESUMEN TOTAL'!A28 -> CENTRO | B22: ='RESUMEN TOTAL'!B28 -> CEN02 | C22: ='RESUMEN TOTAL'!D28 -> San Martin y Almafuerte | D22: ='RESUMEN TOTAL'!E28 -> Fija | E22: ='RESUMEN TOTAL'!F28 -> Fibra Optica | F22: ='RESUMEN TOTAL'!L28 -> APAGADO | G22: ='RESUMEN TOTAL'!M28 -> APAGADO | H22: ='RESUMEN TOTAL'!N28 -> APAGADO | I22: ='RESUMEN TOTAL'!O28 -> APAGADO | J22: ='RESUMEN TOTAL'!P28 -> 0 | K22: ='RESUMEN TOTAL'!Q28 -> APAGADO | L22: ='RESUMEN TOTAL'!R28 -> 0 | M22: ='RESUMEN TOTAL'!S28 -> APAGADO | ... AI22: ='RESUMEN TOTAL'!AO28 -> 0
A23: ='RESUMEN TOTAL'!A29 -> CENTRO | B23: ='RESUMEN TOTAL'!B29 -> CEN03 | C23: ='RESUMEN TOTAL'!D29 -> San Martin y Sallares | D23: ='RESUMEN TOTAL'!E29 -> Domo | E23: ='RESUMEN TOTAL'!F29 -> Fibra Optica | F23: ='RESUMEN TOTAL'!L29 -> 0 | G23: ='RESUMEN TOTAL'!M29 -> 0 | H23: ='RESUMEN TOTAL'!N29 -> 0 | I23: ='RESUMEN TOTAL'!O29 -> 0 | J23: ='RESUMEN TOTAL'!P29 -> 0 | K23: ='RESUMEN TOTAL'!Q29 -> 0 | L23: ='RESUMEN TOTAL'!R29 -> 0 | M23: ='RESUMEN TOTAL'!S29 -> 0 | ... AI23: ='RESUMEN TOTAL'!AO29 -> 0
A24: ='RESUMEN TOTAL'!A30 -> CENTRO | B24: ='RESUMEN TOTAL'!B30 -> CEN04 | C24: ='RESUMEN TOTAL'!D30 -> San Martin y Contreras | D24: ='RESUMEN TOTAL'!E30 -> Domo | E24: ='RESUMEN TOTAL'!F30 -> Fibra Optica | F24: ='RESUMEN TOTAL'!L30 -> 0 | G24: ='RESUMEN TOTAL'!M30 -> 0 | H24: ='RESUMEN TOTAL'!N30 -> 0 | I24: ='RESUMEN TOTAL'!O30 -> 0 | J24: ='RESUMEN TOTAL'!P30 -> 0 | K24: ='RESUMEN TOTAL'!Q30 -> 0 | L24: ='RESUMEN TOTAL'!R30 -> 0 | M24: ='RESUMEN TOTAL'!S30 -> 0 | ... AI24: ='RESUMEN TOTAL'!AO30 -> 0
A25: ='RESUMEN TOTAL'!A31 -> CENTRO | B25: ='RESUMEN TOTAL'!B31 -> CEN 05 | C25: ='RESUMEN TOTAL'!D31 -> Bocuzzi e/España y San Martin | D25: ='RESUMEN TOTAL'!E31 -> DOMO | E25: ='RESUMEN TOTAL'!F31 -> Fibra Optica | F25: ='RESUMEN TOTAL'!L31 -> 0 | G25: ='RESUMEN TOTAL'!M31 -> 0 | H25: ='RESUMEN TOTAL'!N31 -> 0 | I25: ='RESUMEN TOTAL'!O31 -> 0 | J25: ='RESUMEN TOTAL'!P31 -> 0 | K25: ='RESUMEN TOTAL'!Q31 -> 0 | L25: ='RESUMEN TOTAL'!R31 -> 0 | M25: ='RESUMEN TOTAL'!S31 -> 0 | ... AI25: ='RESUMEN TOTAL'!AO31 -> 0
A26: ='RESUMEN TOTAL'!A32 -> CENTRO | B26: ='RESUMEN TOTAL'!B32 -> CEN06 | C26: ='RESUMEN TOTAL'!D32 -> Monteagudo y A.del Valle | D26: ='RESUMEN TOTAL'!E32 -> Fija | E26: ='RESUMEN TOTAL'!F32 -> Fibra Optica | F26: ='RESUMEN TOTAL'!L32 -> 0 | G26: ='RESUMEN TOTAL'!M32 -> 0 | H26: ='RESUMEN TOTAL'!N32 -> 0 | I26: ='RESUMEN TOTAL'!O32 -> 0 | J26: ='RESUMEN TOTAL'!P32 -> 0 | K26: ='RESUMEN TOTAL'!Q32 -> 0 | L26: ='RESUMEN TOTAL'!R32 -> 0 | M26: ='RESUMEN TOTAL'!S32 -> 0 | ... AI26: ='RESUMEN TOTAL'!AO32 -> 0
A27: ='RESUMEN TOTAL'!A33 -> CENTRO | B27: ='RESUMEN TOTAL'!B33 -> CEN07 | C27: ='RESUMEN TOTAL'!D33 -> San Martin y Guemes | D27: ='RESUMEN TOTAL'!E33 -> DOMO | E27: ='RESUMEN TOTAL'!F33 -> Fibra Optica | F27: ='RESUMEN TOTAL'!L33 -> 0 | G27: ='RESUMEN TOTAL'!M33 -> 0 | H27: ='RESUMEN TOTAL'!N33 -> 0 | I27: ='RESUMEN TOTAL'!O33 -> 0 | J27: ='RESUMEN TOTAL'!P33 -> 0 | K27: ='RESUMEN TOTAL'!Q33 -> 0 | L27: ='RESUMEN TOTAL'!R33 -> 0 | M27: ='RESUMEN TOTAL'!S33 -> 0 | ... AI27: ='RESUMEN TOTAL'!AO33 -> 0
A28: ='RESUMEN TOTAL'!A34 -> CENTRO | B28: ='RESUMEN TOTAL'!B34 -> CEN08 | C28: ='RESUMEN TOTAL'!D34 -> San Martin y Pte.Peron | D28: ='RESUMEN TOTAL'!E34 -> Domo | E28: ='RESUMEN TOTAL'!F34 -> Fibra Optica | F28: ='RESUMEN TOTAL'!L34 -> 0 | G28: ='RESUMEN TOTAL'!M34 -> 0 | H28: ='RESUMEN TOTAL'!N34 -> 0 | I28: ='RESUMEN TOTAL'!O34 -> 0 | J28: ='RESUMEN TOTAL'!P34 -> 0 | K28: ='RESUMEN TOTAL'!Q34 -> 0 | L28: ='RESUMEN TOTAL'!R34 -> 0 | M28: ='RESUMEN TOTAL'!S34 -> 0 | ... AI28: ='RESUMEN TOTAL'!AO34 -> 0
A29: ='RESUMEN TOTAL'!A35 -> CENTRO | B29: ='RESUMEN TOTAL'!B35 -> CEN09 | C29: ='RESUMEN TOTAL'!D35 -> Chacabuco y 25 de Mayo | D29: ='RESUMEN TOTAL'!E35 -> Domo | E29: ='RESUMEN TOTAL'!F35 -> Fibra Optica | F29: ='RESUMEN TOTAL'!L35 -> 0 | G29: ='RESUMEN TOTAL'!M35 -> 0 | H29: ='RESUMEN TOTAL'!N35 -> 0 | I29: ='RESUMEN TOTAL'!O35 -> 0 | J29: ='RESUMEN TOTAL'!P35 -> 0 | K29: ='RESUMEN TOTAL'!Q35 -> 0 | L29: ='RESUMEN TOTAL'!R35 -> 0 | M29: ='RESUMEN TOTAL'!S35 -> 0 | ... AI29: ='RESUMEN TOTAL'!AO35 -> 0
A30: ='RESUMEN TOTAL'!A36 -> CENTRO | B30: ='RESUMEN TOTAL'!B36 -> CEN10 | C30: ='RESUMEN TOTAL'!D36 -> Monteagudo y Pte. Peron | D30: ='RESUMEN TOTAL'!E36 -> Domo | E30: ='RESUMEN TOTAL'!F36 -> Fibra Optica | F30: ='RESUMEN TOTAL'!L36 -> 0 | G30: ='RESUMEN TOTAL'!M36 -> 0 | H30: ='RESUMEN TOTAL'!N36 -> 0 | I30: ='RESUMEN TOTAL'!O36 -> 0 | J30: ='RESUMEN TOTAL'!P36 -> 0 | K30: ='RESUMEN TOTAL'!Q36 -> 0 | L30: ='RESUMEN TOTAL'!R36 -> 0 | M30: ='RESUMEN TOTAL'!S36 -> 0 | ... AI30: ='RESUMEN TOTAL'!AO36 -> 0
A31: ='RESUMEN TOTAL'!A37 -> CENTRO | B31: ='RESUMEN TOTAL'!B37 -> CEN11 | C31: ='RESUMEN TOTAL'!D37 -> Monteagudo y Bocuzzi | D31: ='RESUMEN TOTAL'!E37 -> Domo | E31: ='RESUMEN TOTAL'!F37 -> Fibra Optica | F31: ='RESUMEN TOTAL'!L37 -> 0 | G31: ='RESUMEN TOTAL'!M37 -> 0 | H31: ='RESUMEN TOTAL'!N37 -> 0 | I31: ='RESUMEN TOTAL'!O37 -> 0 | J31: ='RESUMEN TOTAL'!P37 -> 0 | K31: ='RESUMEN TOTAL'!Q37 -> 0 | L31: ='RESUMEN TOTAL'!R37 -> 0 | M31: ='RESUMEN TOTAL'!S37 -> 0 | ... AI31: ='RESUMEN TOTAL'!AO37 -> 0
A32: ='RESUMEN TOTAL'!A38 -> CENTRO | B32: ='RESUMEN TOTAL'!B38 -> CEN 12 | C32: ='RESUMEN TOTAL'!D38 -> Monteagudo y Mitre | D32: ='RESUMEN TOTAL'!E38 -> Domo | E32: ='RESUMEN TOTAL'!F38 -> Fibra Optica | F32: ='RESUMEN TOTAL'!L38 -> 0 | G32: ='RESUMEN TOTAL'!M38 -> 0 | H32: ='RESUMEN TOTAL'!N38 -> 0 | I32: ='RESUMEN TOTAL'!O38 -> 0 | J32: ='RESUMEN TOTAL'!P38 -> 0 | K32: ='RESUMEN TOTAL'!Q38 -> 0 | L32: ='RESUMEN TOTAL'!R38 -> 0 | M32: ='RESUMEN TOTAL'!S38 -> 0 | ... AI32: ='RESUMEN TOTAL'!AO38 -> 0
... A107: ='RESUMEN TOTAL'!A113 -> CENTRO | B107: ='RESUMEN TOTAL'!B113 -> CEN87 | C107: ='RESUMEN TOTAL'!D113 -> 25 DE MAYO Y NEWBERY | D107: ='RESUMEN TOTAL'!E113 -> Domo | E107: ='RESUMEN TOTAL'!F113 -> GPON | F107: ='RESUMEN TOTAL'!L113 -> 0 | G107: ='RESUMEN TOTAL'!M113 -> 0 | H107: ='RESUMEN TOTAL'!N113 -> 0 | I107: ='RESUMEN TOTAL'!O113 -> 0 | J107: ='RESUMEN TOTAL'!P113 -> 0 | K107: ='RESUMEN TOTAL'!Q113 -> 0 | L107: ='RESUMEN TOTAL'!R113 -> 0 | M107: ='RESUMEN TOTAL'!S113 -> 0 | ... AI107: ='RESUMEN TOTAL'!AO113 -> 0
A108: ='RESUMEN TOTAL'!A115 -> SAN NICOLAS | B108: ='RESUMEN TOTAL'!B115 -> CHA01 | C108: ='RESUMEN TOTAL'!D115 -> Novak y Pte Illia | D108: ='RESUMEN TOTAL'!E115 -> Domo | E108: ='RESUMEN TOTAL'!F115 -> Radio | F108: ='RESUMEN TOTAL'!L115 -> 0 | G108: ='RESUMEN TOTAL'!M115 -> 0 | H108: ='RESUMEN TOTAL'!N115 -> 0 | I108: ='RESUMEN TOTAL'!O115 -> 0 | J108: ='RESUMEN TOTAL'!P115 -> 0 | K108: ='RESUMEN TOTAL'!Q115 -> 0 | L108: ='RESUMEN TOTAL'!R115 -> 0 | M108: ='RESUMEN TOTAL'!S115 -> 0 | ... AI108: ='RESUMEN TOTAL'!AO115 -> 0
A109: ='RESUMEN TOTAL'!A116 -> CHACABUCO | B109: ='RESUMEN TOTAL'!B116 -> CHA02 | C109: ='RESUMEN TOTAL'!D116 -> Pte. Illia y Posadas | D109: ='RESUMEN TOTAL'!E116 -> Domo | E109: ='RESUMEN TOTAL'!F116 -> Radio | F109: ='RESUMEN TOTAL'!L116 -> APAGADO | G109: ='RESUMEN TOTAL'!M116 -> APAGADO | H109: ='RESUMEN TOTAL'!N116 -> APAGADO | I109: ='RESUMEN TOTAL'!O116 -> APAGADO | J109: ='RESUMEN TOTAL'!P116 -> 0 | K109: ='RESUMEN TOTAL'!Q116 -> APAGADO | L109: ='RESUMEN TOTAL'!R116 -> 0 | M109: ='RESUMEN TOTAL'!S116 -> APAGADO | ... AI109: ='RESUMEN TOTAL'!AO116 -> 0
A110: ='RESUMEN TOTAL'!A117 -> CHACABUCO | B110: ='RESUMEN TOTAL'!B117 -> CHA03 | C110: ='RESUMEN TOTAL'!D117 -> MAIPU Y ALVAREZ THOMAS | D110: ='RESUMEN TOTAL'!E117 -> DOMO | E110: ='RESUMEN TOTAL'!F117 -> Fibra Optica | F110: ='RESUMEN TOTAL'!L117 -> APAGADO | G110: ='RESUMEN TOTAL'!M117 -> 0 | H110: ='RESUMEN TOTAL'!N117 -> 0 | I110: ='RESUMEN TOTAL'!O117 -> 0 | J110: ='RESUMEN TOTAL'!P117 -> 0 | K110: ='RESUMEN TOTAL'!Q117 -> 0 | L110: ='RESUMEN TOTAL'!R117 -> 0 | M110: ='RESUMEN TOTAL'!S117 -> 0 | ... AI110: ='RESUMEN TOTAL'!AO117 -> 0
A111: ='RESUMEN TOTAL'!A118 -> CHACABUCO | B111: ='RESUMEN TOTAL'!B118 -> CHA04 | C111: ='RESUMEN TOTAL'!D118 -> ESTADOS UNIDOS DE A. E ILLIA | D111: ='RESUMEN TOTAL'!E118 -> DOMO | E111: ='RESUMEN TOTAL'!F118 -> Fibra Optica | F111: ='RESUMEN TOTAL'!L118 -> APAGADO | G111: ='RESUMEN TOTAL'!M118 -> APAGADO | H111: ='RESUMEN TOTAL'!N118 -> APAGADO | I111: ='RESUMEN TOTAL'!O118 -> APAGADO | J111: ='RESUMEN TOTAL'!P118 -> 0 | K111: ='RESUMEN TOTAL'!Q118 -> APAGADO | L111: ='RESUMEN TOTAL'!R118 -> 0 | M111: ='RESUMEN TOTAL'!S118 -> APAGADO | ... AI111: ='RESUMEN TOTAL'!AO118 -> 0
A112: ='RESUMEN TOTAL'!A119 -> VILLA MONICA NUEVA | B112: ='RESUMEN TOTAL'!B119 -> COL01 | C112: ='RESUMEN TOTAL'!D119 -> Eva Peron y Cariboni | D112: ='RESUMEN TOTAL'!E119 -> Domo | E112: ='RESUMEN TOTAL'!F119 -> Radio | F112: ='RESUMEN TOTAL'!L119 -> 0 | G112: ='RESUMEN TOTAL'!M119 -> APAGADO | H112: ='RESUMEN TOTAL'!N119 -> 0 | I112: ='RESUMEN TOTAL'!O119 -> 0 | J112: ='RESUMEN TOTAL'!P119 -> 0 | K112: ='RESUMEN TOTAL'!Q119 -> 0 | L112: ='RESUMEN TOTAL'!R119 -> 0 | M112: ='RESUMEN TOTAL'!S119 -> 0 | ... AI112: ='RESUMEN TOTAL'!AO119 -> 0
A113: ='RESUMEN TOTAL'!A120 -> LA COLORADA ESTE | B113: ='RESUMEN TOTAL'!B120 -> COL02 | C113: ='RESUMEN TOTAL'!D120 -> Av. Eva Peron y Pompeya | D113: ='RESUMEN TOTAL'!E120 -> Domo | E113: ='RESUMEN TOTAL'!F120 -> Radio | F113: ='RESUMEN TOTAL'!L120 -> 0 | G113: ='RESUMEN TOTAL'!M120 -> APAGADO | H113: ='RESUMEN TOTAL'!N120 -> 0 | I113: ='RESUMEN TOTAL'!O120 -> 0 | J113: ='RESUMEN TOTAL'!P120 -> 0 | K113: ='RESUMEN TOTAL'!Q120 -> 0 | L113: ='RESUMEN TOTAL'!R120 -> 0 | M113: ='RESUMEN TOTAL'!S120 -> 0 | ... AI113: ='RESUMEN TOTAL'!AO120 -> 0
A114: ='RESUMEN TOTAL'!A121 -> LA COLORADA ESTE | B114: ='RESUMEN TOTAL'!B121 -> COL 03 | C114: ='RESUMEN TOTAL'!D121 -> CARIBONI Y LA ANCIANIDAD | D114: ='RESUMEN TOTAL'!E121 -> DOMO | E114: ='RESUMEN TOTAL'!F121 -> Radio | F114: ='RESUMEN TOTAL'!L121 -> 0 | G114: ='RESUMEN TOTAL'!M121 -> 0 | H114: ='RESUMEN TOTAL'!N121 -> 0 | I114: ='RESUMEN TOTAL'!O121 -> 0 | J114: ='RESUMEN TOTAL'!P121 -> 0 | K114: ='RESUMEN TOTAL'!Q121 -> 0 | L114: ='RESUMEN TOTAL'!R121 -> 0 | M114: ='RESUMEN TOTAL'!S121 -> 0 | ... AI114: ='RESUMEN TOTAL'!AO121 -> 0
A115: ='RESUMEN TOTAL'!A122 -> LA COLORADA ESTE | B115: ='RESUMEN TOTAL'!B122 -> COL 04 | C115: ='RESUMEN TOTAL'!D122 -> EVA PERON Y SAVIO | D115: ='RESUMEN TOTAL'!E122 -> Domo | E115: ='RESUMEN TOTAL'!F122 -> Fibra Optica | F115: ='RESUMEN TOTAL'!L122 -> 0 | G115: ='RESUMEN TOTAL'!M122 -> APAGADO | H115: ='RESUMEN TOTAL'!N122 -> 0 | I115: ='RESUMEN TOTAL'!O122 -> 0 | J115: ='RESUMEN TOTAL'!P122 -> 0 | K115: ='RESUMEN TOTAL'!Q122 -> 0 | L115: ='RESUMEN TOTAL'!R122 -> 0 | M115: ='RESUMEN TOTAL'!S122 -> 0 | ... AI115: ='RESUMEN TOTAL'!AO122 -> 0
A116: ='RESUMEN TOTAL'!A123 -> DON JOSE | B116: ='RESUMEN TOTAL'!B123 -> DJO01 | C116: ='RESUMEN TOTAL'!D123 -> Monteverde y Donato Alvarez | D116: ='RESUMEN TOTAL'!E123 -> Domo | E116: ='RESUMEN TOTAL'!F123 -> Radio | F116: ='RESUMEN TOTAL'!L123 -> 0 | G116: ='RESUMEN TOTAL'!M123 -> 0 | H116: ='RESUMEN TOTAL'!N123 -> 0 | I116: ='RESUMEN TOTAL'!O123 -> 0 | J116: ='RESUMEN TOTAL'!P123 -> 0 | K116: ='RESUMEN TOTAL'!Q123 -> 0 | L116: ='RESUMEN TOTAL'!R123 -> 0 | M116: ='RESUMEN TOTAL'!S123 -> 0 | ... AI116: ='RESUMEN TOTAL'!AO123 -> 0
A117: ='RESUMEN TOTAL'!A124 -> DON JOSE | B117: ='RESUMEN TOTAL'!B124 -> DJO 02 (fija 1) | C117: ='RESUMEN TOTAL'!D124 -> DONATO ALVAREZ Y EL APERO | D117: ='RESUMEN TOTAL'!E124 -> Fija | E117: ='RESUMEN TOTAL'!F124 -> PTO A FO | F117: ='RESUMEN TOTAL'!L124 -> 0 | G117: ='RESUMEN TOTAL'!M124 -> 0 | H117: ='RESUMEN TOTAL'!N124 -> 0 | I117: ='RESUMEN TOTAL'!O124 -> 0 | J117: ='RESUMEN TOTAL'!P124 -> 0 | K117: ='RESUMEN TOTAL'!Q124 -> 0 | L117: ='RESUMEN TOTAL'!R124 -> 0 | M117: ='RESUMEN TOTAL'!S124 -> 0 | ... AI117: ='RESUMEN TOTAL'!AO124 -> 0
A118: ='RESUMEN TOTAL'!A125 -> DON JOSE | B118: ='RESUMEN TOTAL'!B125 -> DJO 03 (fija 2) | C118: ='RESUMEN TOTAL'!D125 -> DONATO ALVAREZ Y EL APERO | D118: ='RESUMEN TOTAL'!E125 -> Fija | E118: ='RESUMEN TOTAL'!F125 -> PTO A FO | F118: ='RESUMEN TOTAL'!L125 -> 0 | G118: ='RESUMEN TOTAL'!M125 -> 0 | H118: ='RESUMEN TOTAL'!N125 -> 0 | I118: ='RESUMEN TOTAL'!O125 -> 0 | J118: ='RESUMEN TOTAL'!P125 -> 0 | K118: ='RESUMEN TOTAL'!Q125 -> 0 | L118: ='RESUMEN TOTAL'!R125 -> 0 | M118: ='RESUMEN TOTAL'!S125 -> 0 | ... AI118: ='RESUMEN TOTAL'!AO125 -> 0
A119: ='RESUMEN TOTAL'!A126 -> DON JOSE | B119: ='RESUMEN TOTAL'!B126 -> DJO 04 (Fija 1) | C119: ='RESUMEN TOTAL'!D126 -> MONTEVERDE Y EL INDIO | D119: ='RESUMEN TOTAL'!E126 -> Fija | E119: ='RESUMEN TOTAL'!F126 -> PTO A FO | F119: ='RESUMEN TOTAL'!L126 -> 0 | G119: ='RESUMEN TOTAL'!M126 -> APAGADO | H119: ='RESUMEN TOTAL'!N126 -> APAGADO | I119: ='RESUMEN TOTAL'!O126 -> APAGADO | J119: ='RESUMEN TOTAL'!P126 -> 0 | K119: ='RESUMEN TOTAL'!Q126 -> APAGADO | L119: ='RESUMEN TOTAL'!R126 -> 0 | M119: ='RESUMEN TOTAL'!S126 -> APAGADO | ... AI119: ='RESUMEN TOTAL'!AO126 -> 0
... A123: ='RESUMEN TOTAL'!A130 -> DON ORIONE | B123: ='RESUMEN TOTAL'!B130 -> DORIO1 | C123: ='RESUMEN TOTAL'!D130 -> AV Bosques Y Theran | D123: ='RESUMEN TOTAL'!E130 -> Domo | E123: ='RESUMEN TOTAL'!F130 -> GPON | F123: ='RESUMEN TOTAL'!L130 -> 0 | G123: ='RESUMEN TOTAL'!M130 -> 0 | H123: ='RESUMEN TOTAL'!N130 -> 0 | I123: ='RESUMEN TOTAL'!O130 -> 0 | J123: ='RESUMEN TOTAL'!P130 -> 0 | K123: ='RESUMEN TOTAL'!Q130 -> 0 | L123: ='RESUMEN TOTAL'!R130 -> 0 | M123: ='RESUMEN TOTAL'!S130 -> 0 | ... AI123: ='RESUMEN TOTAL'!AO130 -> 0
A124: ='RESUMEN TOTAL'!A132 -> EL PARQUE | B124: ='RESUMEN TOTAL'!B132 -> EPQ 01 | C124: ='RESUMEN TOTAL'!D132 -> 1282 Y GRIERSON | D124: ='RESUMEN TOTAL'!E132 -> DOMO | E124: ='RESUMEN TOTAL'!F132 -> Fibra Optica | F124: ='RESUMEN TOTAL'!L132 -> 0 | G124: ='RESUMEN TOTAL'!M132 -> 0 | H124: ='RESUMEN TOTAL'!N132 -> 0 | I124: ='RESUMEN TOTAL'!O132 -> 0 | J124: ='RESUMEN TOTAL'!P132 -> 0 | K124: ='RESUMEN TOTAL'!Q132 -> 0 | L124: ='RESUMEN TOTAL'!R132 -> 0 | M124: ='RESUMEN TOTAL'!S132 -> 0 | ... AI124: ='RESUMEN TOTAL'!AO132 -> 0
A125: ='RESUMEN TOTAL'!A133 -> EL PARQUE | B125: ='RESUMEN TOTAL'!B133 -> EPQ 02 | C125: ='RESUMEN TOTAL'!D133 -> 1282 Y MASSE | D125: ='RESUMEN TOTAL'!E133 -> DOMO | E125: ='RESUMEN TOTAL'!F133 -> Fibra Optica | F125: ='RESUMEN TOTAL'!L133 -> 0 | G125: ='RESUMEN TOTAL'!M133 -> 0 | H125: ='RESUMEN TOTAL'!N133 -> 0 | I125: ='RESUMEN TOTAL'!O133 -> 0 | J125: ='RESUMEN TOTAL'!P133 -> 0 | K125: ='RESUMEN TOTAL'!Q133 -> 0 | L125: ='RESUMEN TOTAL'!R133 -> 0 | M125: ='RESUMEN TOTAL'!S133 -> 0 | ... AI125: ='RESUMEN TOTAL'!AO133 -> 0
A126: ='RESUMEN TOTAL'!A134 -> EL PARQUE | B126: ='RESUMEN TOTAL'!B134 -> EPQ 03 | C126: ='RESUMEN TOTAL'!D134 -> 1282 Y RP 36 | D126: ='RESUMEN TOTAL'!E134 -> Domo | E126: ='RESUMEN TOTAL'!F134 -> Fibra Optica | F126: ='RESUMEN TOTAL'!L134 -> APAGADO | G126: ='RESUMEN TOTAL'!M134 -> APAGADO | H126: ='RESUMEN TOTAL'!N134 -> APAGADO | I126: ='RESUMEN TOTAL'!O134 -> APAGADO | J126: ='RESUMEN TOTAL'!P134 -> 0 | K126: ='RESUMEN TOTAL'!Q134 -> APAGADO | L126: ='RESUMEN TOTAL'!R134 -> 0 | M126: ='RESUMEN TOTAL'!S134 -> APAGADO | ... AI126: ='RESUMEN TOTAL'!AO134 -> 0
A127: ='RESUMEN TOTAL'!A135 -> EL PARQUE | B127: ='RESUMEN TOTAL'!B135 -> EPQ 04 | C127: ='RESUMEN TOTAL'!D135 -> 1282 Y MORENO | D127: ='RESUMEN TOTAL'!E135 -> DOMO | E127: ='RESUMEN TOTAL'!F135 -> Fibra Optica | F127: ='RESUMEN TOTAL'!L135 -> 0 | G127: ='RESUMEN TOTAL'!M135 -> 0 | H127: ='RESUMEN TOTAL'!N135 -> 0 | I127: ='RESUMEN TOTAL'!O135 -> 0 | J127: ='RESUMEN TOTAL'!P135 -> 0 | K127: ='RESUMEN TOTAL'!Q135 -> 0 | L127: ='RESUMEN TOTAL'!R135 -> 0 | M127: ='RESUMEN TOTAL'!S135 -> 0 | ... AI127: ='RESUMEN TOTAL'!AO135 -> 0
A128: ='RESUMEN TOTAL'!A136 -> LA ESMERALDA | B128: ='RESUMEN TOTAL'!B136 -> ESM01 | C128: ='RESUMEN TOTAL'!D136 -> Cabello y Brasil | D128: ='RESUMEN TOTAL'!E136 -> Domo | E128: ='RESUMEN TOTAL'!F136 -> Radio | F128: ='RESUMEN TOTAL'!L136 -> APAGADO | G128: ='RESUMEN TOTAL'!M136 -> APAGADO | H128: ='RESUMEN TOTAL'!N136 -> APAGADO | I128: ='RESUMEN TOTAL'!O136 -> APAGADO | J128: ='RESUMEN TOTAL'!P136 -> 0 | K128: ='RESUMEN TOTAL'!Q136 -> APAGADO | L128: ='RESUMEN TOTAL'!R136 -> 0 | M128: ='RESUMEN TOTAL'!S136 -> APAGADO | ... AI128: ='RESUMEN TOTAL'!AO136 -> 0
A129: ='RESUMEN TOTAL'!A137 -> SAN JORGE | B129: ='RESUMEN TOTAL'!B137 -> ESM02 | C129: ='RESUMEN TOTAL'!D137 -> Novak y Cabello | D129: ='RESUMEN TOTAL'!E137 -> Domo | E129: ='RESUMEN TOTAL'!F137 -> PTO A FO | F129: ='RESUMEN TOTAL'!L137 -> 0 | G129: ='RESUMEN TOTAL'!M137 -> 0 | H129: ='RESUMEN TOTAL'!N137 -> 0 | I129: ='RESUMEN TOTAL'!O137 -> 0 | J129: ='RESUMEN TOTAL'!P137 -> 0 | K129: ='RESUMEN TOTAL'!Q137 -> 0 | L129: ='RESUMEN TOTAL'!R137 -> 0 | M129: ='RESUMEN TOTAL'!S137 -> 0 | ... AI129: ='RESUMEN TOTAL'!AO137 -> 0
A130: ='RESUMEN TOTAL'!A138 -> SAN JORGE | B130: ='RESUMEN TOTAL'!B138 -> ESM03 | C130: ='RESUMEN TOTAL'!D138 -> Novak y Humahuaca | D130: ='RESUMEN TOTAL'!E138 -> DOMO | E130: ='RESUMEN TOTAL'!F138 -> PTO A FO | F130: ='RESUMEN TOTAL'!L138 -> 0 | G130: ='RESUMEN TOTAL'!M138 -> 0 | H130: ='RESUMEN TOTAL'!N138 -> 0 | I130: ='RESUMEN TOTAL'!O138 -> 0 | J130: ='RESUMEN TOTAL'!P138 -> 0 | K130: ='RESUMEN TOTAL'!Q138 -> 0 | L130: ='RESUMEN TOTAL'!R138 -> 0 | M130: ='RESUMEN TOTAL'!S138 -> 0 | ... AI130: ='RESUMEN TOTAL'!AO138 -> 0
A131: ='RESUMEN TOTAL'!A139 -> LA ESMERALDA | B131: ='RESUMEN TOTAL'!B139 -> ESM04 | C131: ='RESUMEN TOTAL'!D139 -> Basualdo y Bengochea | D131: ='RESUMEN TOTAL'!E139 -> Domo | E131: ='RESUMEN TOTAL'!F139 -> Fibra Optica | F131: ='RESUMEN TOTAL'!L139 -> 0 | G131: ='RESUMEN TOTAL'!M139 -> 0 | H131: ='RESUMEN TOTAL'!N139 -> 0 | I131: ='RESUMEN TOTAL'!O139 -> 0 | J131: ='RESUMEN TOTAL'!P139 -> 0 | K131: ='RESUMEN TOTAL'!Q139 -> 0 | L131: ='RESUMEN TOTAL'!R139 -> 0 | M131: ='RESUMEN TOTAL'!S139 -> 0 | ... AI131: ='RESUMEN TOTAL'!AO139 -> 0
A132: ='RESUMEN TOTAL'!A140 -> LA ESMERALDA | B132: ='RESUMEN TOTAL'!B140 -> ESM05 | C132: ='RESUMEN TOTAL'!D140 -> Aniceto Diaz y Villar | D132: ='RESUMEN TOTAL'!E140 -> Domo | E132: ='RESUMEN TOTAL'!F140 -> Fibra Optica | F132: ='RESUMEN TOTAL'!L140 -> 0 | G132: ='RESUMEN TOTAL'!M140 -> 0 | H132: ='RESUMEN TOTAL'!N140 -> 0 | I132: ='RESUMEN TOTAL'!O140 -> 0 | J132: ='RESUMEN TOTAL'!P140 -> 0 | K132: ='RESUMEN TOTAL'!Q140 -> 0 | L132: ='RESUMEN TOTAL'!R140 -> 0 | M132: ='RESUMEN TOTAL'!S140 -> 0 | ... AI132: ='RESUMEN TOTAL'!AO140 -> 0
A133: ='RESUMEN TOTAL'!A141 -> LA ESMERALDA | B133: ='RESUMEN TOTAL'!B141 -> ESM06 | C133: ='RESUMEN TOTAL'!D141 -> Roselli y Cabello | D133: ='RESUMEN TOTAL'!E141 -> Domo | E133: ='RESUMEN TOTAL'!F141 -> GPON | F133: ='RESUMEN TOTAL'!L141 -> 0 | G133: ='RESUMEN TOTAL'!M141 -> 0 | H133: ='RESUMEN TOTAL'!N141 -> 0 | I133: ='RESUMEN TOTAL'!O141 -> 0 | J133: ='RESUMEN TOTAL'!P141 -> 0 | K133: ='RESUMEN TOTAL'!Q141 -> 0 | L133: ='RESUMEN TOTAL'!R141 -> 0 | M133: ='RESUMEN TOTAL'!S141 -> APAGADO | ... AI133: ='RESUMEN TOTAL'!AO141 -> 0
A134: ='RESUMEN TOTAL'!A142 -> LA ESMERALDA | B134: ='RESUMEN TOTAL'!B142 -> ESM07 | C134: ='RESUMEN TOTAL'!D142 -> AV. NOVAK Y SERRANO | D134: ='RESUMEN TOTAL'!E142 -> DOMO | E134: ='RESUMEN TOTAL'!F142 -> PTO A FO | F134: ='RESUMEN TOTAL'!L142 -> 0 | G134: ='RESUMEN TOTAL'!M142 -> 0 | H134: ='RESUMEN TOTAL'!N142 -> 0 | I134: ='RESUMEN TOTAL'!O142 -> 0 | J134: ='RESUMEN TOTAL'!P142 -> 0 | K134: ='RESUMEN TOTAL'!Q142 -> 0 | L134: ='RESUMEN TOTAL'!R142 -> 0 | M134: ='RESUMEN TOTAL'!S142 -> 0 | ... AI134: ='RESUMEN TOTAL'!AO142 -> 0
A135: ='RESUMEN TOTAL'!A143 -> LA ESMERALDA | B135: ='RESUMEN TOTAL'!B143 -> ESM 08 | C135: ='RESUMEN TOTAL'!D143 -> DAVINSON Y MORANCHEL | D135: ='RESUMEN TOTAL'!E143 -> FIJA | E135: ='RESUMEN TOTAL'!F143 -> Radio | F135: ='RESUMEN TOTAL'!L143 -> 0 | G135: ='RESUMEN TOTAL'!M143 -> 0 | H135: ='RESUMEN TOTAL'!N143 -> 0 | I135: ='RESUMEN TOTAL'!O143 -> 0 | J135: ='RESUMEN TOTAL'!P143 -> 0 | K135: ='RESUMEN TOTAL'!Q143 -> 0 | L135: ='RESUMEN TOTAL'!R143 -> 0 | M135: ='RESUMEN TOTAL'!S143 -> 0 | ... AI135: ='RESUMEN TOTAL'!AO143 -> 0
... A174: ='RESUMEN TOTAL'!A182 -> LA PILETA | B174: ='RESUMEN TOTAL'!B182 -> LPI05 | C174: ='RESUMEN TOTAL'!D182 -> PAGANI Y RIVADAVIA | D174: ='RESUMEN TOTAL'!E182 -> DOMO | E174: ='RESUMEN TOTAL'!F182 -> GPON | F174: ='RESUMEN TOTAL'!L182 -> 0 | G174: ='RESUMEN TOTAL'!M182 -> 0 | H174: ='RESUMEN TOTAL'!N182 -> 0 | I174: ='RESUMEN TOTAL'!O182 -> 0 | J174: ='RESUMEN TOTAL'!P182 -> 0 | K174: ='RESUMEN TOTAL'!Q182 -> 0 | L174: ='RESUMEN TOTAL'!R182 -> 0 | M174: ='RESUMEN TOTAL'!S182 -> 0 | ... AI174: ='RESUMEN TOTAL'!AO182 -> 0
A175: ='RESUMEN TOTAL'!A184 -> LOS PILARES | B175: ='RESUMEN TOTAL'!B184 -> LPR 01 | C175: ='RESUMEN TOTAL'!D184 -> EVA PERON E/ CACHEUTA Y 1406 | D175: ='RESUMEN TOTAL'!E184 -> DOMO | E175: ='RESUMEN TOTAL'!F184 -> GPON | F175: ='RESUMEN TOTAL'!L184 -> 0 | G175: ='RESUMEN TOTAL'!M184 -> 0 | H175: ='RESUMEN TOTAL'!N184 -> 0 | I175: ='RESUMEN TOTAL'!O184 -> 0 | J175: ='RESUMEN TOTAL'!P184 -> 0 | K175: ='RESUMEN TOTAL'!Q184 -> 0 | L175: ='RESUMEN TOTAL'!R184 -> 0 | M175: ='RESUMEN TOTAL'!S184 -> 0 | ... AI175: ='RESUMEN TOTAL'!AO184 -> 0
A176: ='RESUMEN TOTAL'!A185 -> LOS PILARES | B176: ='RESUMEN TOTAL'!B185 -> LPR02 (fija 1) | C176: ='RESUMEN TOTAL'!D185 -> EVA PERON Y CACHEUTA | D176: ='RESUMEN TOTAL'!E185 -> Fija | E176: ='RESUMEN TOTAL'!F185 -> GPON | F176: ='RESUMEN TOTAL'!L185 -> 0 | G176: ='RESUMEN TOTAL'!M185 -> 0 | H176: ='RESUMEN TOTAL'!N185 -> 0 | I176: ='RESUMEN TOTAL'!O185 -> 0 | J176: ='RESUMEN TOTAL'!P185 -> 0 | K176: ='RESUMEN TOTAL'!Q185 -> 0 | L176: ='RESUMEN TOTAL'!R185 -> 0 | M176: ='RESUMEN TOTAL'!S185 -> 0 | ... AI176: ='RESUMEN TOTAL'!AO185 -> 0
A177: ='RESUMEN TOTAL'!A186 -> LOS PILARES | B177: ='RESUMEN TOTAL'!B186 -> LPR03 (fija 2) | C177: ='RESUMEN TOTAL'!D186 -> EVA PERON Y CACHEUTA | D177: ='RESUMEN TOTAL'!E186 -> Fija | E177: ='RESUMEN TOTAL'!F186 -> GPON | F177: ='RESUMEN TOTAL'!L186 -> 0 | G177: ='RESUMEN TOTAL'!M186 -> 0 | H177: ='RESUMEN TOTAL'!N186 -> 0 | I177: ='RESUMEN TOTAL'!O186 -> 0 | J177: ='RESUMEN TOTAL'!P186 -> 0 | K177: ='RESUMEN TOTAL'!Q186 -> 0 | L177: ='RESUMEN TOTAL'!R186 -> 0 | M177: ='RESUMEN TOTAL'!S186 -> 0 | ... AI177: ='RESUMEN TOTAL'!AO186 -> 0
A178: ='RESUMEN TOTAL'!A187 -> LOPEZ ROMERO | B178: ='RESUMEN TOTAL'!B187 -> LRO 05 | C178: ='RESUMEN TOTAL'!D187 -> Calchaqui y Las Americas | D178: ='RESUMEN TOTAL'!E187 -> Fija | E178: ='RESUMEN TOTAL'!F187 -> Fibra Optica | F178: ='RESUMEN TOTAL'!L187 -> 0 | G178: ='RESUMEN TOTAL'!M187 -> 0 | H178: ='RESUMEN TOTAL'!N187 -> 0 | I178: ='RESUMEN TOTAL'!O187 -> 0 | J178: ='RESUMEN TOTAL'!P187 -> 0 | K178: ='RESUMEN TOTAL'!Q187 -> 0 | L178: ='RESUMEN TOTAL'!R187 -> 0 | M178: ='RESUMEN TOTAL'!S187 -> 0 | ... AI178: ='RESUMEN TOTAL'!AO187 -> 0
A179: ='RESUMEN TOTAL'!A188 -> LOPEZ ROMERO | B179: ='RESUMEN TOTAL'!B188 -> LRO 09 | C179: ='RESUMEN TOTAL'!D188 -> Las Americas y Braile | D179: ='RESUMEN TOTAL'!E188 -> Domo | E179: ='RESUMEN TOTAL'!F188 -> Fibra Optica | F179: ='RESUMEN TOTAL'!L188 -> 0 | G179: ='RESUMEN TOTAL'!M188 -> 0 | H179: ='RESUMEN TOTAL'!N188 -> 0 | I179: ='RESUMEN TOTAL'!O188 -> 0 | J179: ='RESUMEN TOTAL'!P188 -> 0 | K179: ='RESUMEN TOTAL'!Q188 -> 0 | L179: ='RESUMEN TOTAL'!R188 -> 0 | M179: ='RESUMEN TOTAL'!S188 -> 0 | ... AI179: ='RESUMEN TOTAL'!AO188 -> 0
A180: ='RESUMEN TOTAL'!A189 -> LOPEZ ROMERO | B180: ='RESUMEN TOTAL'!B189 -> LRO 10 | C180: ='RESUMEN TOTAL'!D189 -> Con. Gral. Belgrano y Balcarce | D180: ='RESUMEN TOTAL'!E189 -> Domo | E180: ='RESUMEN TOTAL'!F189 -> Fibra Optica | F180: ='RESUMEN TOTAL'!L189 -> 0 | G180: ='RESUMEN TOTAL'!M189 -> 0 | H180: ='RESUMEN TOTAL'!N189 -> 0 | I180: ='RESUMEN TOTAL'!O189 -> 0 | J180: ='RESUMEN TOTAL'!P189 -> 0 | K180: ='RESUMEN TOTAL'!Q189 -> 0 | L180: ='RESUMEN TOTAL'!R189 -> 0 | M180: ='RESUMEN TOTAL'!S189 -> 0 | ... AI180: ='RESUMEN TOTAL'!AO189 -> 0
A181: ='RESUMEN TOTAL'!A190 -> LOPEZ ROMERO | B181: ='RESUMEN TOTAL'!B190 -> LRO 12 (fija 1) | C181: ='RESUMEN TOTAL'!D190 -> LAS AMERICAS E/ BRAILLE Y ALVARADO | D181: ='RESUMEN TOTAL'!E190 -> Fija | E181: ='RESUMEN TOTAL'!F190 -> Fibra Optica | F181: ='RESUMEN TOTAL'!L190 -> 0 | G181: ='RESUMEN TOTAL'!M190 -> 0 | H181: ='RESUMEN TOTAL'!N190 -> 0 | I181: ='RESUMEN TOTAL'!O190 -> 0 | J181: ='RESUMEN TOTAL'!P190 -> 0 | K181: ='RESUMEN TOTAL'!Q190 -> 0 | L181: ='RESUMEN TOTAL'!R190 -> 0 | M181: ='RESUMEN TOTAL'!S190 -> 0 | ... AI181: ='RESUMEN TOTAL'!AO190 -> 0
A182: ='RESUMEN TOTAL'!A191 -> LOPEZ ROMERO | B182: ='RESUMEN TOTAL'!B191 -> LRO 13 (fija 2) | C182: ='RESUMEN TOTAL'!D191 -> LAS AMERICAS E/ BRAILLE Y ALVARADO | D182: ='RESUMEN TOTAL'!E191 -> Fija | E182: ='RESUMEN TOTAL'!F191 -> Fibra Optica | F182: ='RESUMEN TOTAL'!L191 -> 0 | G182: ='RESUMEN TOTAL'!M191 -> 0 | H182: ='RESUMEN TOTAL'!N191 -> 0 | I182: ='RESUMEN TOTAL'!O191 -> 0 | J182: ='RESUMEN TOTAL'!P191 -> 0 | K182: ='RESUMEN TOTAL'!Q191 -> 0 | L182: ='RESUMEN TOTAL'!R191 -> 0 | M182: ='RESUMEN TOTAL'!S191 -> 0 | ... AI182: ='RESUMEN TOTAL'!AO191 -> 0
A183: ='RESUMEN TOTAL'!A192 -> LOPEZ ROMERO | B183: ='RESUMEN TOTAL'!B192 -> LRO01 | C183: ='RESUMEN TOTAL'!D192 -> H. IRIGOYEN Y BRAILE | D183: ='RESUMEN TOTAL'!E192 -> FIJA | E183: ='RESUMEN TOTAL'!F192 -> GPON | F183: ='RESUMEN TOTAL'!L192 -> 0 | G183: ='RESUMEN TOTAL'!M192 -> 0 | H183: ='RESUMEN TOTAL'!N192 -> 0 | I183: ='RESUMEN TOTAL'!O192 -> 0 | J183: ='RESUMEN TOTAL'!P192 -> 0 | K183: ='RESUMEN TOTAL'!Q192 -> 0 | L183: ='RESUMEN TOTAL'!R192 -> 0 | M183: ='RESUMEN TOTAL'!S192 -> 0 | ... AI183: ='RESUMEN TOTAL'!AO192 -> 0
A184: ='RESUMEN TOTAL'!A193 -> PRESIDENTE SARMIENTO | B184: ='RESUMEN TOTAL'!B193 -> LRO02 | C184: ='RESUMEN TOTAL'!D193 -> H. Irigoyen e Islas Orcadas | D184: ='RESUMEN TOTAL'!E193 -> Domo | E184: ='RESUMEN TOTAL'!F193 -> Fibra Optica | F184: ='RESUMEN TOTAL'!L193 -> 0 | G184: ='RESUMEN TOTAL'!M193 -> 0 | H184: ='RESUMEN TOTAL'!N193 -> 0 | I184: ='RESUMEN TOTAL'!O193 -> 0 | J184: ='RESUMEN TOTAL'!P193 -> 0 | K184: ='RESUMEN TOTAL'!Q193 -> 0 | L184: ='RESUMEN TOTAL'!R193 -> 0 | M184: ='RESUMEN TOTAL'!S193 -> 0 | ... AI184: ='RESUMEN TOTAL'!AO193 -> 0
A185: ='RESUMEN TOTAL'!A194 -> LOPEZ ROMERO | B185: ='RESUMEN TOTAL'!B194 -> LRO03 | C185: ='RESUMEN TOTAL'!D194 -> H. Irigoyen y Parravicini | D185: ='RESUMEN TOTAL'!E194 -> Fija | E185: ='RESUMEN TOTAL'!F194 -> Fibra Optica | F185: ='RESUMEN TOTAL'!L194 -> 0 | G185: ='RESUMEN TOTAL'!M194 -> 0 | H185: ='RESUMEN TOTAL'!N194 -> 0 | I185: ='RESUMEN TOTAL'!O194 -> 0 | J185: ='RESUMEN TOTAL'!P194 -> 0 | K185: ='RESUMEN TOTAL'!Q194 -> 0 | L185: ='RESUMEN TOTAL'!R194 -> 0 | M185: ='RESUMEN TOTAL'!S194 -> 0 | ... AI185: ='RESUMEN TOTAL'!AO194 -> 0
A186: ='RESUMEN TOTAL'!A195 -> LOPEZ ROMERO | B186: ='RESUMEN TOTAL'!B195 -> LRO04 | C186: ='RESUMEN TOTAL'!D195 -> H. Irigoyen y Alvarado | D186: ='RESUMEN TOTAL'!E195 -> FIJA | E186: ='RESUMEN TOTAL'!F195 -> Fibra Optica | F186: ='RESUMEN TOTAL'!L195 -> 0 | G186: ='RESUMEN TOTAL'!M195 -> 0 | H186: ='RESUMEN TOTAL'!N195 -> 0 | I186: ='RESUMEN TOTAL'!O195 -> 0 | J186: ='RESUMEN TOTAL'!P195 -> 0 | K186: ='RESUMEN TOTAL'!Q195 -> 0 | L186: ='RESUMEN TOTAL'!R195 -> 0 | M186: ='RESUMEN TOTAL'!S195 -> 0 | ... AI186: ='RESUMEN TOTAL'!AO195 -> 0
... A225: ='RESUMEN TOTAL'!A234 -> 9 DE JULIO | B225: ='RESUMEN TOTAL'!B234 -> NJU09 | C225: ='RESUMEN TOTAL'!D234 -> PARRILLO Y CONTRERAS | D225: ='RESUMEN TOTAL'!E234 -> DOMO | E225: ='RESUMEN TOTAL'!F234 -> Fibra Optica | F225: ='RESUMEN TOTAL'!L234 -> 0 | G225: ='RESUMEN TOTAL'!M234 -> APAGADO | H225: ='RESUMEN TOTAL'!N234 -> APAGADO | I225: ='RESUMEN TOTAL'!O234 -> 0 | J225: ='RESUMEN TOTAL'!P234 -> 0 | K225: ='RESUMEN TOTAL'!Q234 -> 0 | L225: ='RESUMEN TOTAL'!R234 -> 0 | M225: ='RESUMEN TOTAL'!S234 -> 0 | ... AI225: ='RESUMEN TOTAL'!AO234 -> 0
A226: ='RESUMEN TOTAL'!A236 -> PICO DE ORO | B226: ='RESUMEN TOTAL'!B236 -> PCO 01 | C226: ='RESUMEN TOTAL'!D236 -> CEMENTERIO | D226: ='RESUMEN TOTAL'!E236 -> DOMO | E226: ='RESUMEN TOTAL'!F236 -> Fibra Optica | F226: ='RESUMEN TOTAL'!L236 -> 0 | G226: ='RESUMEN TOTAL'!M236 -> APAGADO | H226: ='RESUMEN TOTAL'!N236 -> 0 | I226: ='RESUMEN TOTAL'!O236 -> 0 | J226: ='RESUMEN TOTAL'!P236 -> 0 | K226: ='RESUMEN TOTAL'!Q236 -> 0 | L226: ='RESUMEN TOTAL'!R236 -> 0 | M226: ='RESUMEN TOTAL'!S236 -> 0 | ... AI226: ='RESUMEN TOTAL'!AO236 -> 0
A227: ='RESUMEN TOTAL'!A237 -> PICO DE ORO | B227: ='RESUMEN TOTAL'!B237 -> PCO02 (fija 1) | C227: ='RESUMEN TOTAL'!D237 -> SICILIA E/ VIENA Y VARSOVIA | D227: ='RESUMEN TOTAL'!E237 -> Fija | E227: ='RESUMEN TOTAL'!F237 -> Fibra Optica | F227: ='RESUMEN TOTAL'!L237 -> 0 | G227: ='RESUMEN TOTAL'!M237 -> APAGADO | H227: ='RESUMEN TOTAL'!N237 -> 0 | I227: ='RESUMEN TOTAL'!O237 -> 0 | J227: ='RESUMEN TOTAL'!P237 -> 0 | K227: ='RESUMEN TOTAL'!Q237 -> 0 | L227: ='RESUMEN TOTAL'!R237 -> 0 | M227: ='RESUMEN TOTAL'!S237 -> 0 | ... AI227: ='RESUMEN TOTAL'!AO237 -> 0
A228: ='RESUMEN TOTAL'!A238 -> PICO DE ORO | B228: ='RESUMEN TOTAL'!B238 -> PCO03 (fija 2) | C228: ='RESUMEN TOTAL'!D238 -> SICILIA E/ VIENA Y VARSOVIA | D228: ='RESUMEN TOTAL'!E238 -> Fija | E228: ='RESUMEN TOTAL'!F238 -> Fibra Optica | F228: ='RESUMEN TOTAL'!L238 -> 0 | G228: ='RESUMEN TOTAL'!M238 -> APAGADO | H228: ='RESUMEN TOTAL'!N238 -> 0 | I228: ='RESUMEN TOTAL'!O238 -> 0 | J228: ='RESUMEN TOTAL'!P238 -> 0 | K228: ='RESUMEN TOTAL'!Q238 -> 0 | L228: ='RESUMEN TOTAL'!R238 -> 0 | M228: ='RESUMEN TOTAL'!S238 -> 0 | ... AI228: ='RESUMEN TOTAL'!AO238 -> 0
A229: ='RESUMEN TOTAL'!A239 -> PICO DE ORO | B229: ='RESUMEN TOTAL'!B239 -> PCO04 (fija 1) | C229: ='RESUMEN TOTAL'!D239 -> BERNA Y POLONIA | D229: ='RESUMEN TOTAL'!E239 -> Fija | E229: ='RESUMEN TOTAL'!F239 -> Fibra Optica | F229: ='RESUMEN TOTAL'!L239 -> 0 | G229: ='RESUMEN TOTAL'!M239 -> APAGADO | H229: ='RESUMEN TOTAL'!N239 -> 0 | I229: ='RESUMEN TOTAL'!O239 -> 0 | J229: ='RESUMEN TOTAL'!P239 -> 0 | K229: ='RESUMEN TOTAL'!Q239 -> 0 | L229: ='RESUMEN TOTAL'!R239 -> 0 | M229: ='RESUMEN TOTAL'!S239 -> 0 | ... AI229: ='RESUMEN TOTAL'!AO239 -> 0
A230: ='RESUMEN TOTAL'!A240 -> PICO DE ORO | B230: ='RESUMEN TOTAL'!B240 -> PCO05 (fija 2) | C230: ='RESUMEN TOTAL'!D240 -> BERNA Y POLONIA | D230: ='RESUMEN TOTAL'!E240 -> Fija | E230: ='RESUMEN TOTAL'!F240 -> Fibra Optica | F230: ='RESUMEN TOTAL'!L240 -> 0 | G230: ='RESUMEN TOTAL'!M240 -> APAGADO | H230: ='RESUMEN TOTAL'!N240 -> 0 | I230: ='RESUMEN TOTAL'!O240 -> 0 | J230: ='RESUMEN TOTAL'!P240 -> 0 | K230: ='RESUMEN TOTAL'!Q240 -> 0 | L230: ='RESUMEN TOTAL'!R240 -> 0 | M230: ='RESUMEN TOTAL'!S240 -> 0 | ... AI230: ='RESUMEN TOTAL'!AO240 -> 0
A231: ='RESUMEN TOTAL'!A241 -> AGUSTIN RAMIREZ | B231: ='RESUMEN TOTAL'!B241 -> PUNTO SEGURO - AGUSTIN RAMIREZ (domo) | C231: ='RESUMEN TOTAL'!D241 -> EL MALAMBO Y LA TRANQUERA | D231: ='RESUMEN TOTAL'!E241 -> DOMO | E231: ='RESUMEN TOTAL'!F241 -> Fibra Optica | F231: ='RESUMEN TOTAL'!L241 -> 0 | G231: ='RESUMEN TOTAL'!M241 -> 0 | H231: ='RESUMEN TOTAL'!N241 -> 0 | I231: ='RESUMEN TOTAL'!O241 -> 0 | J231: ='RESUMEN TOTAL'!P241 -> 0 | K231: ='RESUMEN TOTAL'!Q241 -> 0 | L231: ='RESUMEN TOTAL'!R241 -> 0 | M231: ='RESUMEN TOTAL'!S241 -> 0 | ... AI231: ='RESUMEN TOTAL'!AO241 -> 0
A232: ='RESUMEN TOTAL'!A242 -> AGUSTIN RAMIREZ | B232: ='RESUMEN TOTAL'!B242 -> PUNTO SEGURO - AGUSTIN RAMIREZ (fija) | C232: ='RESUMEN TOTAL'!D242 -> EL MALAMBO Y LA TRANQUERA | D232: ='RESUMEN TOTAL'!E242 -> Fija | E232: ='RESUMEN TOTAL'!F242 -> Fibra Optica | F232: ='RESUMEN TOTAL'!L242 -> 0 | G232: ='RESUMEN TOTAL'!M242 -> 0 | H232: ='RESUMEN TOTAL'!N242 -> 0 | I232: ='RESUMEN TOTAL'!O242 -> 0 | J232: ='RESUMEN TOTAL'!P242 -> 0 | K232: ='RESUMEN TOTAL'!Q242 -> 0 | L232: ='RESUMEN TOTAL'!R242 -> 0 | M232: ='RESUMEN TOTAL'!S242 -> 0 | ... AI232: ='RESUMEN TOTAL'!AO242 -> 0
A233: ='RESUMEN TOTAL'!A243 -> AGUSTIN RAMIREZ | B233: ='RESUMEN TOTAL'!B243 -> PUNTO SEGURO AGUSTIN RAMIREZ INTERCOMUNICADOR | C233: ='RESUMEN TOTAL'!D243 -> MALAMBO Y LA TRANQUERA | D233: ='RESUMEN TOTAL'!E243 -> Fija | E233: ='RESUMEN TOTAL'!F243 -> Fibra Optica | F233: ='RESUMEN TOTAL'!L243 -> 0 | G233: ='RESUMEN TOTAL'!M243 -> 0 | H233: ='RESUMEN TOTAL'!N243 -> 0 | I233: ='RESUMEN TOTAL'!O243 -> 0 | J233: ='RESUMEN TOTAL'!P243 -> 0 | K233: ='RESUMEN TOTAL'!Q243 -> 0 | L233: ='RESUMEN TOTAL'!R243 -> 0 | M233: ='RESUMEN TOTAL'!S243 -> 0 | ... AI233: ='RESUMEN TOTAL'!AO243 -> 0
A234: ='RESUMEN TOTAL'!A244 -> EL PARQUE | B234: ='RESUMEN TOTAL'!B244 -> PUNTO SEGURO - EL PARQUE (domo) | C234: ='RESUMEN TOTAL'!D244 -> CALLE 1282 Y 1201 | D234: ='RESUMEN TOTAL'!E244 -> DOMO | E234: ='RESUMEN TOTAL'!F244 -> Fibra Optica | F234: ='RESUMEN TOTAL'!L244 -> APAGADO | G234: ='RESUMEN TOTAL'!M244 -> APAGADO | H234: ='RESUMEN TOTAL'!N244 -> APAGADO | I234: ='RESUMEN TOTAL'!O244 -> APAGADO | J234: ='RESUMEN TOTAL'!P244 -> 0 | K234: ='RESUMEN TOTAL'!Q244 -> APAGADO | L234: ='RESUMEN TOTAL'!R244 -> 0 | M234: ='RESUMEN TOTAL'!S244 -> APAGADO | ... AI234: ='RESUMEN TOTAL'!AO244 -> 0
A235: ='RESUMEN TOTAL'!A245 -> EL PARQUE | B235: ='RESUMEN TOTAL'!B245 -> PUNTO SEGURO - EL PARQUE (fija) | C235: ='RESUMEN TOTAL'!D245 -> CALLE 1282 Y 1201 | D235: ='RESUMEN TOTAL'!E245 -> Fija | E235: ='RESUMEN TOTAL'!F245 -> Fibra Optica | F235: ='RESUMEN TOTAL'!L245 -> 0 | G235: ='RESUMEN TOTAL'!M245 -> 0 | H235: ='RESUMEN TOTAL'!N245 -> 0 | I235: ='RESUMEN TOTAL'!O245 -> 0 | J235: ='RESUMEN TOTAL'!P245 -> 0 | K235: ='RESUMEN TOTAL'!Q245 -> 0 | L235: ='RESUMEN TOTAL'!R245 -> 0 | M235: ='RESUMEN TOTAL'!S245 -> 0 | ... AI235: ='RESUMEN TOTAL'!AO245 -> 0
A236: ='RESUMEN TOTAL'!A246 -> EL PARQUE | B236: ='RESUMEN TOTAL'!B246 -> PUNTO SEGURO - EL PARQUE INTERCOMUNICADOR | C236: ='RESUMEN TOTAL'!D246 -> 1282 Y 1201 | D236: ='RESUMEN TOTAL'!E246 -> Fija | E236: ='RESUMEN TOTAL'!F246 -> Fibra Optica | F236: ='RESUMEN TOTAL'!L246 -> 0 | G236: ='RESUMEN TOTAL'!M246 -> 0 | H236: ='RESUMEN TOTAL'!N246 -> 0 | I236: ='RESUMEN TOTAL'!O246 -> 0 | J236: ='RESUMEN TOTAL'!P246 -> 0 | K236: ='RESUMEN TOTAL'!Q246 -> 0 | L236: ='RESUMEN TOTAL'!R246 -> 0 | M236: ='RESUMEN TOTAL'!S246 -> 0 | ... AI236: ='RESUMEN TOTAL'!AO246 -> 0
A237: ='RESUMEN TOTAL'!A247 -> INGENIERO ALLAN | B237: ='RESUMEN TOTAL'!B247 -> PUNTO SEGURO - ING. ALLAN (domo) | C237: ='RESUMEN TOTAL'!D247 -> DIAG. LOS YAGANES Y 1148 | D237: ='RESUMEN TOTAL'!E247 -> DOMO | E237: ='RESUMEN TOTAL'!F247 -> Fibra Optica | F237: ='RESUMEN TOTAL'!L247 -> 0 | G237: ='RESUMEN TOTAL'!M247 -> 0 | H237: ='RESUMEN TOTAL'!N247 -> 0 | I237: ='RESUMEN TOTAL'!O247 -> 0 | J237: ='RESUMEN TOTAL'!P247 -> 0 | K237: ='RESUMEN TOTAL'!Q247 -> 0 | L237: ='RESUMEN TOTAL'!R247 -> 0 | M237: ='RESUMEN TOTAL'!S247 -> 0 | ... AI237: ='RESUMEN TOTAL'!AO247 -> 0
... A264: ='RESUMEN TOTAL'!A274 -> EL ROCIO | B264: ='RESUMEN TOTAL'!B274 -> RCO06 (fija 2) | C264: ='RESUMEN TOTAL'!D274 -> LOBOS Y CHASCOMUS | D264: ='RESUMEN TOTAL'!E274 -> FIJA | E264: ='RESUMEN TOTAL'!F274 -> Fibra Optica | F264: ='RESUMEN TOTAL'!L274 -> 0 | G264: ='RESUMEN TOTAL'!M274 -> 0 | H264: ='RESUMEN TOTAL'!N274 -> 0 | I264: ='RESUMEN TOTAL'!O274 -> 0 | J264: ='RESUMEN TOTAL'!P274 -> 0 | K264: ='RESUMEN TOTAL'!Q274 -> 0 | L264: ='RESUMEN TOTAL'!R274 -> 0 | M264: ='RESUMEN TOTAL'!S274 -> 0 | ... AI264: ='RESUMEN TOTAL'!AO274 -> 0
A265: ='RESUMEN TOTAL'!A276 -> RICARDO ROJAS | B265: ='RESUMEN TOTAL'!B276 -> RRJ01 | C265: ='RESUMEN TOTAL'!D276 -> AV. LUJAN Y BRAGADO | D265: ='RESUMEN TOTAL'!E276 -> DOMO | E265: ='RESUMEN TOTAL'!F276 -> Fibra Optica | F265: ='RESUMEN TOTAL'!L276 -> 0 | G265: ='RESUMEN TOTAL'!M276 -> 0 | H265: ='RESUMEN TOTAL'!N276 -> 0 | I265: ='RESUMEN TOTAL'!O276 -> 0 | J265: ='RESUMEN TOTAL'!P276 -> 0 | K265: ='RESUMEN TOTAL'!Q276 -> 0 | L265: ='RESUMEN TOTAL'!R276 -> 0 | M265: ='RESUMEN TOTAL'!S276 -> 0 | ... AI265: ='RESUMEN TOTAL'!AO276 -> 0
A266: ='RESUMEN TOTAL'!A277 -> RICARDO ROJAS | B266: ='RESUMEN TOTAL'!B277 -> RRJ02 | C266: ='RESUMEN TOTAL'!D277 -> AV. LUJAN Y DIAG. LOS POETAS | D266: ='RESUMEN TOTAL'!E277 -> DOMO | E266: ='RESUMEN TOTAL'!F277 -> Fibra Optica | F266: ='RESUMEN TOTAL'!L277 -> 0 | G266: ='RESUMEN TOTAL'!M277 -> 0 | H266: ='RESUMEN TOTAL'!N277 -> 0 | I266: ='RESUMEN TOTAL'!O277 -> 0 | J266: ='RESUMEN TOTAL'!P277 -> 0 | K266: ='RESUMEN TOTAL'!Q277 -> 0 | L266: ='RESUMEN TOTAL'!R277 -> 0 | M266: ='RESUMEN TOTAL'!S277 -> 0 | ... AI266: ='RESUMEN TOTAL'!AO277 -> 0
A267: ='RESUMEN TOTAL'!A278 -> RICARDO ROJAS | B267: ='RESUMEN TOTAL'!B278 -> RRJ03 (fija 1) | C267: ='RESUMEN TOTAL'!D278 -> RUBEN DARIO E/ FADER Y DIAG. LOS POETAS | D267: ='RESUMEN TOTAL'!E278 -> Fija | E267: ='RESUMEN TOTAL'!F278 -> Fibra Optica | F267: ='RESUMEN TOTAL'!L278 -> 0 | G267: ='RESUMEN TOTAL'!M278 -> 0 | H267: ='RESUMEN TOTAL'!N278 -> 0 | I267: ='RESUMEN TOTAL'!O278 -> 0 | J267: ='RESUMEN TOTAL'!P278 -> 0 | K267: ='RESUMEN TOTAL'!Q278 -> 0 | L267: ='RESUMEN TOTAL'!R278 -> 0 | M267: ='RESUMEN TOTAL'!S278 -> 0 | ... AI267: ='RESUMEN TOTAL'!AO278 -> 0
A268: ='RESUMEN TOTAL'!A279 -> RICARDO ROJAS | B268: ='RESUMEN TOTAL'!B279 -> RRJ04 (fija 2) | C268: ='RESUMEN TOTAL'!D279 -> RUBEN DARIO E/ FADER Y DIAG. LOS POETAS | D268: ='RESUMEN TOTAL'!E279 -> Fija | E268: ='RESUMEN TOTAL'!F279 -> Fibra Optica | F268: ='RESUMEN TOTAL'!L279 -> 0 | G268: ='RESUMEN TOTAL'!M279 -> 0 | H268: ='RESUMEN TOTAL'!N279 -> 0 | I268: ='RESUMEN TOTAL'!O279 -> 0 | J268: ='RESUMEN TOTAL'!P279 -> 0 | K268: ='RESUMEN TOTAL'!Q279 -> 0 | L268: ='RESUMEN TOTAL'!R279 -> 0 | M268: ='RESUMEN TOTAL'!S279 -> 0 | ... AI268: ='RESUMEN TOTAL'!AO279 -> 0
A269: ='RESUMEN TOTAL'!A280 -> RICARDO ROJAS | B269: ='RESUMEN TOTAL'!B280 -> RRJ 05 | C269: ='RESUMEN TOTAL'!D280 -> LUJAN Y RUTA 36 | D269: ='RESUMEN TOTAL'!E280 -> DOMO | E269: ='RESUMEN TOTAL'!F280 -> Fibra Optica | F269: ='RESUMEN TOTAL'!L280 -> 0 | G269: ='RESUMEN TOTAL'!M280 -> 0 | H269: ='RESUMEN TOTAL'!N280 -> 0 | I269: ='RESUMEN TOTAL'!O280 -> 0 | J269: ='RESUMEN TOTAL'!P280 -> 0 | K269: ='RESUMEN TOTAL'!Q280 -> 0 | L269: ='RESUMEN TOTAL'!R280 -> 0 | M269: ='RESUMEN TOTAL'!S280 -> 0 | ... AI269: ='RESUMEN TOTAL'!AO280 -> 0
A270: ='RESUMEN TOTAL'!A281 -> RICARDO ROJAS | B270: ='RESUMEN TOTAL'!B281 -> RRJ 06 | C270: ='RESUMEN TOTAL'!D281 -> Constancio Vigil y Pablo Groussac | D270: ='RESUMEN TOTAL'!E281 -> Domo | E270: ='RESUMEN TOTAL'!F281 -> Fibra Optica | F270: ='RESUMEN TOTAL'!L281 -> 0 | G270: ='RESUMEN TOTAL'!M281 -> 0 | H270: ='RESUMEN TOTAL'!N281 -> 0 | I270: ='RESUMEN TOTAL'!O281 -> 0 | J270: ='RESUMEN TOTAL'!P281 -> 0 | K270: ='RESUMEN TOTAL'!Q281 -> 0 | L270: ='RESUMEN TOTAL'!R281 -> 0 | M270: ='RESUMEN TOTAL'!S281 -> 0 | ... AI270: ='RESUMEN TOTAL'!AO281 -> 0
A271: ='RESUMEN TOTAL'!A282 -> RICARDO ROJAS | B271: ='RESUMEN TOTAL'!B282 -> RRJ 07 | C271: ='RESUMEN TOTAL'!D282 -> Constancio Vigil y Estanislao del Campo | D271: ='RESUMEN TOTAL'!E282 -> Domo | E271: ='RESUMEN TOTAL'!F282 -> Fibra Optica | F271: ='RESUMEN TOTAL'!L282 -> 0 | G271: ='RESUMEN TOTAL'!M282 -> 0 | H271: ='RESUMEN TOTAL'!N282 -> 0 | I271: ='RESUMEN TOTAL'!O282 -> 0 | J271: ='RESUMEN TOTAL'!P282 -> 0 | K271: ='RESUMEN TOTAL'!Q282 -> 0 | L271: ='RESUMEN TOTAL'!R282 -> 0 | M271: ='RESUMEN TOTAL'!S282 -> 0 | ... AI271: ='RESUMEN TOTAL'!AO282 -> 0
A272: ='RESUMEN TOTAL'!A283 -> RICARDO ROJAS | B272: ='RESUMEN TOTAL'!B283 -> RRJ 08 | C272: ='RESUMEN TOTAL'!D283 -> Constancio Vigil y Pablo Podesta | D272: ='RESUMEN TOTAL'!E283 -> Domo | E272: ='RESUMEN TOTAL'!F283 -> Fibra Optica | F272: ='RESUMEN TOTAL'!L283 -> 0 | G272: ='RESUMEN TOTAL'!M283 -> 0 | H272: ='RESUMEN TOTAL'!N283 -> 0 | I272: ='RESUMEN TOTAL'!O283 -> 0 | J272: ='RESUMEN TOTAL'!P283 -> 0 | K272: ='RESUMEN TOTAL'!Q283 -> 0 | L272: ='RESUMEN TOTAL'!R283 -> 0 | M272: ='RESUMEN TOTAL'!S283 -> 0 | ... AI272: ='RESUMEN TOTAL'!AO283 -> 0
A273: ='RESUMEN TOTAL'!A284 -> RICARDO ROJAS | B273: ='RESUMEN TOTAL'!B284 -> RRJ 09 | C273: ='RESUMEN TOTAL'!D284 -> Constancio Vigil y Jose Ingeniero | D273: ='RESUMEN TOTAL'!E284 -> Domo | E273: ='RESUMEN TOTAL'!F284 -> Fibra Optica | F273: ='RESUMEN TOTAL'!L284 -> APAGADO | G273: ='RESUMEN TOTAL'!M284 -> APAGADO | H273: ='RESUMEN TOTAL'!N284 -> 0 | I273: ='RESUMEN TOTAL'!O284 -> 0 | J273: ='RESUMEN TOTAL'!P284 -> 0 | K273: ='RESUMEN TOTAL'!Q284 -> 0 | L273: ='RESUMEN TOTAL'!R284 -> 0 | M273: ='RESUMEN TOTAL'!S284 -> 0 | ... AI273: ='RESUMEN TOTAL'!AO284 -> 0
A274: ='RESUMEN TOTAL'!A285 -> RICARDO ROJAS | B274: ='RESUMEN TOTAL'!B285 -> RRJ 10 | C274: ='RESUMEN TOTAL'!D285 -> LUGONES Y OBLIGADO | D274: ='RESUMEN TOTAL'!E285 -> Domo | E274: ='RESUMEN TOTAL'!F285 -> Fibra Optica | F274: ='RESUMEN TOTAL'!L285 -> 0 | G274: ='RESUMEN TOTAL'!M285 -> 0 | H274: ='RESUMEN TOTAL'!N285 -> 0 | I274: ='RESUMEN TOTAL'!O285 -> 0 | J274: ='RESUMEN TOTAL'!P285 -> 0 | K274: ='RESUMEN TOTAL'!Q285 -> 0 | L274: ='RESUMEN TOTAL'!R285 -> 0 | M274: ='RESUMEN TOTAL'!S285 -> 0 | ... AI274: ='RESUMEN TOTAL'!AO285 -> 0
A275: ='RESUMEN TOTAL'!A286 -> RICARDO ROJAS | B275: ='RESUMEN TOTAL'!B286 -> RRJ 11 | C275: ='RESUMEN TOTAL'!D286 -> LUGONES Y OBLIGADO | D275: ='RESUMEN TOTAL'!E286 -> Domo | E275: ='RESUMEN TOTAL'!F286 -> Fibra Optica | F275: ='RESUMEN TOTAL'!L286 -> 0 | G275: ='RESUMEN TOTAL'!M286 -> 0 | H275: ='RESUMEN TOTAL'!N286 -> 0 | I275: ='RESUMEN TOTAL'!O286 -> 0 | J275: ='RESUMEN TOTAL'!P286 -> 0 | K275: ='RESUMEN TOTAL'!Q286 -> 0 | L275: ='RESUMEN TOTAL'!R286 -> 0 | M275: ='RESUMEN TOTAL'!S286 -> 0 | ... AI275: ='RESUMEN TOTAL'!AO286 -> 0
A276: ='RESUMEN TOTAL'!A287 -> RICARDO ROJAS | B276: ='RESUMEN TOTAL'!B287 -> RRJ 12 | C276: ='RESUMEN TOTAL'!D287 -> FADER Y DIAGONAL LOS POETAS | D276: ='RESUMEN TOTAL'!E287 -> DOMO | E276: ='RESUMEN TOTAL'!F287 -> Fibra Optica | F276: ='RESUMEN TOTAL'!L287 -> 0 | G276: ='RESUMEN TOTAL'!M287 -> 0 | H276: ='RESUMEN TOTAL'!N287 -> 0 | I276: ='RESUMEN TOTAL'!O287 -> 0 | J276: ='RESUMEN TOTAL'!P287 -> 0 | K276: ='RESUMEN TOTAL'!Q287 -> 0 | L276: ='RESUMEN TOTAL'!R287 -> 0 | M276: ='RESUMEN TOTAL'!S287 -> 0 | ... AI276: ='RESUMEN TOTAL'!AO287 -> 0
... A315: ='RESUMEN TOTAL'!A326 -> SAN JORGE | B315: ='RESUMEN TOTAL'!B326 -> SJO 03 | C315: ='RESUMEN TOTAL'!D326 -> 517 Y 580 | D315: ='RESUMEN TOTAL'!E326 -> DOMO | E315: ='RESUMEN TOTAL'!F326 -> Radio | F315: ='RESUMEN TOTAL'!L326 -> 0 | G315: ='RESUMEN TOTAL'!M326 -> 0 | H315: ='RESUMEN TOTAL'!N326 -> 0 | I315: ='RESUMEN TOTAL'!O326 -> 0 | J315: ='RESUMEN TOTAL'!P326 -> 0 | K315: ='RESUMEN TOTAL'!Q326 -> 0 | L315: ='RESUMEN TOTAL'!R326 -> 0 | M315: ='RESUMEN TOTAL'!S326 -> 0 | ... AI315: ='RESUMEN TOTAL'!AO326 -> 0
A316: ='RESUMEN TOTAL'!A327 -> SAN JORGE | B316: ='RESUMEN TOTAL'!B327 -> SJO 04 | C316: ='RESUMEN TOTAL'!D327 -> 552 Y 519 | D316: ='RESUMEN TOTAL'!E327 -> DOMO | E316: ='RESUMEN TOTAL'!F327 -> Fibra Optica | F316: ='RESUMEN TOTAL'!L327 -> 0 | G316: ='RESUMEN TOTAL'!M327 -> 0 | H316: ='RESUMEN TOTAL'!O327 -> 0 | I316: ='RESUMEN TOTAL'!#REF! -> #REF! | J316: ='RESUMEN TOTAL'!P327 -> 0 | K316: ='RESUMEN TOTAL'!Q327 -> 0 | L316: ='RESUMEN TOTAL'!R327 -> 0 | M316: ='RESUMEN TOTAL'!S327 -> 0 | N316: ='RESUMEN TOTAL'!T327 -> 0 | O316: ='RESUMEN TOTAL'!U327 -> APAGADO | P316: ='RESUMEN TOTAL'!V327 -> APAGADO | Q316: ='RESUMEN TOTAL'!W327 -> APAGADO | ... AI316: ='RESUMEN TOTAL'!AO327 -> 0
A317: ='RESUMEN TOTAL'!A328 -> SAN JORGE | B317: ='RESUMEN TOTAL'!B328 -> SJO 09 (FIJA 1) | C317: ='RESUMEN TOTAL'!D328 -> 515 Y 566 | D317: ='RESUMEN TOTAL'!E328 -> Fija | E317: ='RESUMEN TOTAL'!F328 -> Radio | F317: ='RESUMEN TOTAL'!L328 -> 0 | G317: ='RESUMEN TOTAL'!M328 -> 0 | H317: ='RESUMEN TOTAL'!N328 -> 0 | I317: ='RESUMEN TOTAL'!O328 -> 0 | J317: ='RESUMEN TOTAL'!P328 -> 0 | K317: ='RESUMEN TOTAL'!Q328 -> 0 | L317: ='RESUMEN TOTAL'!R328 -> 0 | M317: ='RESUMEN TOTAL'!S328 -> 0 | ... AI317: ='RESUMEN TOTAL'!AO328 -> 0
A318: ='RESUMEN TOTAL'!A329 -> SAN JORGE | B318: ='RESUMEN TOTAL'!B329 -> SJO 10 (FIJA 2) | C318: ='RESUMEN TOTAL'!D329 -> 515 Y 566 | D318: ='RESUMEN TOTAL'!E329 -> Fija | E318: ='RESUMEN TOTAL'!F329 -> Radio | F318: ='RESUMEN TOTAL'!L329 -> 0 | G318: ='RESUMEN TOTAL'!M329 -> 0 | H318: ='RESUMEN TOTAL'!N329 -> 0 | I318: ='RESUMEN TOTAL'!O329 -> 0 | J318: ='RESUMEN TOTAL'!P329 -> 0 | K318: ='RESUMEN TOTAL'!Q329 -> 0 | L318: ='RESUMEN TOTAL'!R329 -> 0 | M318: ='RESUMEN TOTAL'!S329 -> 0 | ... AI318: ='RESUMEN TOTAL'!AO329 -> 0
A319: ='RESUMEN TOTAL'!A330 -> SAN JORGE | B319: ='RESUMEN TOTAL'!B330 -> SJO01 | C319: ='RESUMEN TOTAL'!D330 -> Calle 554 y 527 | D319: ='RESUMEN TOTAL'!E330 -> Domo | E319: ='RESUMEN TOTAL'!F330 -> GPON | F319: ='RESUMEN TOTAL'!L330 -> 0 | G319: ='RESUMEN TOTAL'!M330 -> 0 | H319: ='RESUMEN TOTAL'!N330 -> 0 | I319: ='RESUMEN TOTAL'!O330 -> 0 | J319: ='RESUMEN TOTAL'!P330 -> 0 | K319: ='RESUMEN TOTAL'!Q330 -> 0 | L319: ='RESUMEN TOTAL'!R330 -> 0 | M319: ='RESUMEN TOTAL'!S330 -> 0 | ... AI319: ='RESUMEN TOTAL'!AO330 -> 0
A320: ='RESUMEN TOTAL'!A331 -> SAN JORGE | B320: ='RESUMEN TOTAL'!B331 -> SJO02 | C320: ='RESUMEN TOTAL'!D331 -> Calle 554 y 511 | D320: ='RESUMEN TOTAL'!E331 -> Domo | E320: ='RESUMEN TOTAL'!F331 -> Radio | F320: ='RESUMEN TOTAL'!L331 -> 0 | G320: ='RESUMEN TOTAL'!M331 -> 0 | H320: ='RESUMEN TOTAL'!O331 -> 0 | I320: ='RESUMEN TOTAL'!#REF! -> #REF! | J320: ='RESUMEN TOTAL'!P331 -> 0 | K320: ='RESUMEN TOTAL'!Q331 -> 0 | L320: ='RESUMEN TOTAL'!R331 -> 0 | M320: ='RESUMEN TOTAL'!S331 -> 0 | N320: ='RESUMEN TOTAL'!T331 -> 0 | O320: ='RESUMEN TOTAL'!U331 -> 0 | P320: ='RESUMEN TOTAL'!V331 -> 0 | Q320: ='RESUMEN TOTAL'!W331 -> 0 | ... AI320: ='RESUMEN TOTAL'!AO331 -> 0
A321: ='RESUMEN TOTAL'!A332 -> SAN JORGE | B321: ='RESUMEN TOTAL'!B332 -> SJO05 (fija 1) | C321: ='RESUMEN TOTAL'!D332 -> 511 Y 560 | D321: ='RESUMEN TOTAL'!E332 -> Fija | E321: ='RESUMEN TOTAL'!F332 -> Fibra Optica | F321: ='RESUMEN TOTAL'!L332 -> 0 | G321: ='RESUMEN TOTAL'!M332 -> 0 | H321: ='RESUMEN TOTAL'!O332 -> 0 | I321: ='RESUMEN TOTAL'!#REF! -> #REF! | J321: ='RESUMEN TOTAL'!P332 -> 0 | K321: ='RESUMEN TOTAL'!Q332 -> 0 | L321: ='RESUMEN TOTAL'!R332 -> 0 | M321: ='RESUMEN TOTAL'!S332 -> 0 | N321: ='RESUMEN TOTAL'!T332 -> 0 | O321: ='RESUMEN TOTAL'!U332 -> APAGADO | P321: ='RESUMEN TOTAL'!V332 -> APAGADO | Q321: ='RESUMEN TOTAL'!W332 -> APAGADO | ... AI321: ='RESUMEN TOTAL'!AO332 -> 0
A322: ='RESUMEN TOTAL'!A333 -> SAN JORGE | B322: ='RESUMEN TOTAL'!B333 -> SJO06 (fija 2) | C322: ='RESUMEN TOTAL'!D333 -> 511 Y 560 | D322: ='RESUMEN TOTAL'!E333 -> Fija | E322: ='RESUMEN TOTAL'!F333 -> Fibra Optica | F322: ='RESUMEN TOTAL'!L333 -> 0 | G322: ='RESUMEN TOTAL'!M333 -> 0 | H322: ='RESUMEN TOTAL'!O333 -> 0 | I322: ='RESUMEN TOTAL'!#REF! -> #REF! | J322: ='RESUMEN TOTAL'!P333 -> 0 | K322: ='RESUMEN TOTAL'!Q333 -> 0 | L322: ='RESUMEN TOTAL'!R333 -> 0 | M322: ='RESUMEN TOTAL'!S333 -> 0 | N322: ='RESUMEN TOTAL'!T333 -> 0 | O322: ='RESUMEN TOTAL'!U333 -> APAGADO | P322: ='RESUMEN TOTAL'!V333 -> APAGADO | Q322: ='RESUMEN TOTAL'!W333 -> APAGADO | ... AI322: ='RESUMEN TOTAL'!AO333 -> 0
A323: ='RESUMEN TOTAL'!A334 -> SAN JORGE | B323: ='RESUMEN TOTAL'!B334 -> SJO07 (fija 1) | C323: ='RESUMEN TOTAL'!D334 -> 503 Y 556 | D323: ='RESUMEN TOTAL'!E334 -> Fija | E323: ='RESUMEN TOTAL'!F334 -> Fibra Optica | F323: ='RESUMEN TOTAL'!L334 -> 0 | G323: ='RESUMEN TOTAL'!M334 -> 0 | H323: ='RESUMEN TOTAL'!O334 -> 0 | I323: ='RESUMEN TOTAL'!#REF! -> #REF! | J323: ='RESUMEN TOTAL'!P334 -> 0 | K323: ='RESUMEN TOTAL'!Q334 -> 0 | L323: ='RESUMEN TOTAL'!R334 -> 0 | M323: ='RESUMEN TOTAL'!S334 -> 0 | N323: ='RESUMEN TOTAL'!T334 -> 0 | O323: ='RESUMEN TOTAL'!U334 -> APAGADO | P323: ='RESUMEN TOTAL'!V334 -> APAGADO | Q323: ='RESUMEN TOTAL'!W334 -> APAGADO | ... AI323: ='RESUMEN TOTAL'!AO334 -> 0
A324: ='RESUMEN TOTAL'!A335 -> SAN JORGE | B324: ='RESUMEN TOTAL'!B335 -> SJO08 (fija 2) | C324: ='RESUMEN TOTAL'!D335 -> 503 Y 556 | D324: ='RESUMEN TOTAL'!E335 -> Fija | E324: ='RESUMEN TOTAL'!F335 -> Fibra Optica | F324: ='RESUMEN TOTAL'!L335 -> 0 | G324: ='RESUMEN TOTAL'!M335 -> 0 | H324: ='RESUMEN TOTAL'!O335 -> 0 | I324: ='RESUMEN TOTAL'!#REF! -> #REF! | J324: ='RESUMEN TOTAL'!P335 -> 0 | K324: ='RESUMEN TOTAL'!Q335 -> 0 | L324: ='RESUMEN TOTAL'!R335 -> 0 | M324: ='RESUMEN TOTAL'!S335 -> 0 | N324: ='RESUMEN TOTAL'!T335 -> 0 | O324: ='RESUMEN TOTAL'!U335 -> APAGADO | P324: ='RESUMEN TOTAL'!V335 -> APAGADO | Q324: ='RESUMEN TOTAL'!W335 -> APAGADO | ... AI324: ='RESUMEN TOTAL'!AO335 -> 0
...

Sheet APAGADOS
E1: APAGADOS | F1: =COUNTIF(F3:F404, "APAGADO") -> 48 | G1: =COUNTIF(G3:G404, "APAGADO") -> 76 | H1: =COUNTIF(H3:H504, "APAGADO") -> 84 | I1: =COUNTIF(I3:I404, "APAGADO") -> 55 | J1: =COUNTIF(J3:J404, "APAGADO") -> 0 | K1: =COUNTIF(K3:K404, "APAGADO") -> 51 | L1: =COUNTIF(L3:L404, "APAGADO") -> 0 | M1: =COUNTIF(M3:M404, "APAGADO") -> 59 | N1: =COUNTIF(N3:N404, "APAGADO") -> 59 | O1: =COUNTIF(O3:O404, "APAGADO") -> 83 | P1: =COUNTIF(P3:P404, "APAGADO") -> 74 | ... AD1: =COUNTIF(AD3:AD404, "APAGADO") -> 95 | AE1: =COUNTIF(AE3:AE504, "APAGADO") -> 0 | AF1: =COUNTIF(AF3:AF404, "APAGADO") -> 0 | AG1: =COUNTIF(AG3:AG404, "APAGADO") -> 0 | AH1: =COUNTIF(AH3:AH404, "APAGADO") -> 0 | AI1: =COUNTIF(AI3:AI404, "APAGADO") -> 0 | AJ1: =COUNTIF(AJ3:AJ404, "APAGADO") -> 0
A2: =ESTADISTICA!A1 -> Barrio | B2: =ESTADISTICA!B1 -> [Denominacion] | C2: =ESTADISTICA!C1 -> [Ubicacion] | D2: =ESTADISTICA!D1 -> [Tipo de Camara] | E2: =ESTADISTICA!E1 -> [Tipo de Conexion] | F2: =ESTADISTICA!F1 -> 45292 | G2: =ESTADISTICA!G1 -> 45293 | H2: =ESTADISTICA!H1 -> 45294 | ... AH2: =ESTADISTICA!AH1 -> 45320 | AI2: 30 | AJ2: 31
A3: =ESTADISTICA!A2 -> ALTAMIRA | B3: =ESTADISTICA!B2 -> ALT01 | C3: =ESTADISTICA!C2 -> Calchaqui y Sgto. Cabral | D3: =ESTADISTICA!D2 -> Domo | E3: =ESTADISTICA!E2 -> Fibra Optica | F3: =ESTADISTICA!F2 -> 0 | G3: =ESTADISTICA!G2 -> 0 | H3: =ESTADISTICA!H2 -> 0 | ... AJ3: =ESTADISTICA!AJ2 -> 0
A4: =ESTADISTICA!A3 -> ALTAMIRA | B4: =ESTADISTICA!B3 -> ALT02 | C4: =ESTADISTICA!C3 -> Calchaqui y Lope de Vega | D4: =ESTADISTICA!D3 -> Domo | E4: =ESTADISTICA!E3 -> PTO A FO | F4: =ESTADISTICA!F3 -> 0 | G4: =ESTADISTICA!G3 -> 0 | H4: =ESTADISTICA!H3 -> 0 | ... AJ4: =ESTADISTICA!AJ3 -> 0
A5: =ESTADISTICA!A4 -> ALTAMIRA | B5: =ESTADISTICA!B4 -> ALT 03 | C5: =ESTADISTICA!C4 -> Bombero Galarza y Necochea | D5: =ESTADISTICA!D4 -> Domo | E5: =ESTADISTICA!E4 -> Fibra Optica | F5: =ESTADISTICA!F4 -> 0 | G5: =ESTADISTICA!G4 -> 0 | H5: =ESTADISTICA!H4 -> 0 | ... AJ5: =ESTADISTICA!AJ4 -> 0
A6: =ESTADISTICA!A5 -> ALTAMIRA | B6: =ESTADISTICA!B5 -> ALT 04 | C6: =ESTADISTICA!C5 -> Francia y Necochea | D6: =ESTADISTICA!D5 -> Domo | E6: =ESTADISTICA!E5 -> Fibra Optica | F6: =ESTADISTICA!F5 -> 0 | G6: =ESTADISTICA!G5 -> 0 | H6: =ESTADISTICA!H5 -> 0 | ... AJ6: =ESTADISTICA!AJ5 -> 0
A7: =ESTADISTICA!A6 -> ALTAMIRA | B7: =ESTADISTICA!B6 -> ALT05 | C7: =ESTADISTICA!C6 -> Av. Calchaqui y Bombero Galarza | D7: =ESTADISTICA!D6 -> Domo | E7: =ESTADISTICA!E6 -> PTO A FO | F7: =ESTADISTICA!F6 -> 0 | G7: =ESTADISTICA!G6 -> APAGADO | H7: =ESTADISTICA!H6 -> APAGADO | ... AJ7: =ESTADISTICA!AJ6 -> 0
A8: =ESTADISTICA!A7 -> ALTAMIRA | B8: =ESTADISTICA!B7 -> ALT 06 | C8: =ESTADISTICA!C7 -> LOPE DE VEGA Y NECOCHEA | D8: =ESTADISTICA!D7 -> Domo | E8: =ESTADISTICA!E7 -> PTO A FO | F8: =ESTADISTICA!F7 -> 0 | G8: =ESTADISTICA!G7 -> 0 | H8: =ESTADISTICA!H7 -> 0 | ... AJ8: =ESTADISTICA!AJ7 -> 0
A9: =ESTADISTICA!A8 -> ALTAMIRA | B9: =ESTADISTICA!B8 -> ALT07 | C9: =ESTADISTICA!C8 -> AV. CALCHAQUI Y AV. DEL TRABAJO | D9: =ESTADISTICA!D8 -> DOMO | E9: =ESTADISTICA!E8 -> PTO A FO | F9: =ESTADISTICA!F8 -> 0 | G9: =ESTADISTICA!G8 -> 0 | H9: =ESTADISTICA!H8 -> 0 | ... AJ9: =ESTADISTICA!AJ8 -> 0
A10: =ESTADISTICA!A9 -> ALTAMIRA | B10: =ESTADISTICA!B9 -> ALT 08 | C10: =ESTADISTICA!C9 -> HUMAITA Y NECOCHEA | D10: =ESTADISTICA!D9 -> DOMO | E10: =ESTADISTICA!E9 -> Fibra Optica | F10: =ESTADISTICA!F9 -> 0 | G10: =ESTADISTICA!G9 -> 0 | H10: =ESTADISTICA!H9 -> 0 | ... AJ10: =ESTADISTICA!AJ9 -> 0
A11: =ESTADISTICA!A10 -> ALTAMIRA | B11: =ESTADISTICA!B10 -> ALT 09 | C11: =ESTADISTICA!C10 -> NECOCHEA Y CURUPAITY | D11: =ESTADISTICA!D10 -> DOMO | E11: =ESTADISTICA!E10 -> Fibra Optica | F11: =ESTADISTICA!F10 -> 0 | G11: =ESTADISTICA!G10 -> 0 | H11: =ESTADISTICA!H10 -> APAGADO | ... AJ11: =ESTADISTICA!AJ10 -> 0
A12: =ESTADISTICA!A11 -> ALTAMIRA | B12: =ESTADISTICA!B11 -> ALT 10 | C12: =ESTADISTICA!C11 -> Calchaqui y Francia | D12: =ESTADISTICA!D11 -> Domo | E12: =ESTADISTICA!E11 -> Radio | F12: =ESTADISTICA!F11 -> APAGADO | G12: =ESTADISTICA!G11 -> APAGADO | H12: =ESTADISTICA!H11 -> 0 | ... AJ12: =ESTADISTICA!AJ11 -> 0
A13: =ESTADISTICA!A12 -> AGUSTIN RAMIREZ | B13: =ESTADISTICA!B12 -> ARA 01 | C13: =ESTADISTICA!C12 -> Malambo y Tranquera | D13: =ESTADISTICA!D12 -> Domo | E13: =ESTADISTICA!E12 -> Fibra Optica | F13: =ESTADISTICA!F12 -> 0 | G13: =ESTADISTICA!G12 -> 0 | H13: =ESTADISTICA!H12 -> 0 | ... AJ13: =ESTADISTICA!AJ12 -> 0
A14: =ESTADISTICA!A13 -> BELGRANO | B14: =ESTADISTICA!B13 -> BEL 01 | C14: =ESTADISTICA!C13 -> San Martin y Dardo Rocha | D14: =ESTADISTICA!D13 -> DOMO | E14: =ESTADISTICA!E13 -> Fibra Optica | F14: =ESTADISTICA!F13 -> 0 | G14: =ESTADISTICA!G13 -> 0 | H14: =ESTADISTICA!H13 -> 0 | ... AJ14: =ESTADISTICA!AJ13 -> 0
... A124: =ESTADISTICA!A123 -> DON ORIONE | B124: =ESTADISTICA!B123 -> DORIO1 | C124: =ESTADISTICA!C123 -> AV Bosques Y Theran | D124: =ESTADISTICA!D123 -> Domo | E124: =ESTADISTICA!E123 -> GPON | F124: =ESTADISTICA!F123 -> 0 | G124: =ESTADISTICA!G123 -> 0 | H124: =ESTADISTICA!H123 -> 0 | ... AJ124: =ESTADISTICA!AJ123 -> 0
A125: DON ORIONE | B125: DORI02 | C125: QUINQUELA MARTIN Y AV BOSQUES | F125: =ESTADISTICA!F124 -> 0 | G125: =ESTADISTICA!G124 -> 0 | H125: =ESTADISTICA!H124 -> 0 | I125: =ESTADISTICA!I124 -> 0 | J125: =ESTADISTICA!J124 -> 0 | K125: =ESTADISTICA!K124 -> 0 | L125: =ESTADISTICA!L124 -> 0 | M125: =ESTADISTICA!M124 -> 0 | ... AJ125: =ESTADISTICA!AJ124 -> 0
A126: =ESTADISTICA!A124 -> EL PARQUE | B126: =ESTADISTICA!B124 -> EPQ 01 | C126: =ESTADISTICA!C124 -> 1282 Y GRIERSON | D126: =ESTADISTICA!D124 -> DOMO | E126: =ESTADISTICA!E124 -> Fibra Optica | F126: =ESTADISTICA!F124 -> 0 | G126: =ESTADISTICA!G124 -> 0 | H126: =ESTADISTICA!H124 -> 0 | ... AJ126: =ESTADISTICA!AJ124 -> 0
A127: =ESTADISTICA!A125 -> EL PARQUE | B127: =ESTADISTICA!B125 -> EPQ 02 | C127: =ESTADISTICA!C125 -> 1282 Y MASSE | D127: =ESTADISTICA!D125 -> DOMO | E127: =ESTADISTICA!E125 -> Fibra Optica | F127: =ESTADISTICA!F125 -> 0 | G127: =ESTADISTICA!G125 -> 0 | H127: =ESTADISTICA!H125 -> 0 | ... AJ127: =ESTADISTICA!AJ125 -> 0
A128: =ESTADISTICA!A126 -> EL PARQUE | B128: =ESTADISTICA!B126 -> EPQ 03 | C128: =ESTADISTICA!C126 -> 1282 Y RP 36 | D128: =ESTADISTICA!D126 -> Domo | E128: =ESTADISTICA!E126 -> Fibra Optica | F128: =ESTADISTICA!F126 -> APAGADO | G128: =ESTADISTICA!G126 -> APAGADO | H128: =ESTADISTICA!H126 -> APAGADO | ... AJ128: =ESTADISTICA!AJ126 -> 0
A129: =ESTADISTICA!A127 -> EL PARQUE | B129: =ESTADISTICA!B127 -> EPQ 04 | C129: =ESTADISTICA!C127 -> 1282 Y MORENO | D129: =ESTADISTICA!D127 -> DOMO | E129: =ESTADISTICA!E127 -> Fibra Optica | F129: =ESTADISTICA!F127 -> 0 | G129: =ESTADISTICA!G127 -> 0 | H129: =ESTADISTICA!H127 -> 0 | ... AJ129: =ESTADISTICA!AJ127 -> 0
A130: =ESTADISTICA!A128 -> LA ESMERALDA | B130: =ESTADISTICA!B128 -> ESM01 | C130: =ESTADISTICA!C128 -> Cabello y Brasil | D130: =ESTADISTICA!D128 -> Domo | E130: =ESTADISTICA!E128 -> Radio | F130: =ESTADISTICA!F128 -> APAGADO | G130: =ESTADISTICA!G128 -> APAGADO | H130: =ESTADISTICA!H128 -> APAGADO | ... AJ130: =ESTADISTICA!AJ128 -> 0
A131: =ESTADISTICA!A129 -> SAN JORGE | B131: =ESTADISTICA!B129 -> ESM02 | C131: =ESTADISTICA!C129 -> Novak y Cabello | D131: =ESTADISTICA!D129 -> Domo | E131: =ESTADISTICA!E129 -> PTO A FO | F131: =ESTADISTICA!F129 -> 0 | G131: =ESTADISTICA!G129 -> 0 | H131: =ESTADISTICA!H129 -> 0 | ... AJ131: =ESTADISTICA!AJ129 -> 0
A132: =ESTADISTICA!A130 -> SAN JORGE | B132: =ESTADISTICA!B130 -> ESM03 | C132: =ESTADISTICA!C130 -> Novak y Humahuaca | D132: =ESTADISTICA!D130 -> DOMO | E132: =ESTADISTICA!E130 -> PTO A FO | F132: =ESTADISTICA!F130 -> 0 | G132: =ESTADISTICA!G130 -> 0 | H132: =ESTADISTICA!H130 -> 0 | ... AJ132: =ESTADISTICA!AJ130 -> 0
A133: =ESTADISTICA!A131 -> LA ESMERALDA | B133: =ESTADISTICA!B131 -> ESM04 | C133: =ESTADISTICA!C131 -> Basualdo y Bengochea | D133: =ESTADISTICA!D131 -> Domo | E133: =ESTADISTICA!E131 -> Fibra Optica | F133: =ESTADISTICA!F131 -> 0 | G133: =ESTADISTICA!G131 -> 0 | H133: =ESTADISTICA!H131 -> 0 | ... AJ133: =ESTADISTICA!AJ131 -> 0
A134: =ESTADISTICA!A132 -> LA ESMERALDA | B134: =ESTADISTICA!B132 -> ESM05 | C134: =ESTADISTICA!C132 -> Aniceto Diaz y Villar | D134: =ESTADISTICA!D132 -> Domo | E134: =ESTADISTICA!E132 -> Fibra Optica | F134: =ESTADISTICA!F132 -> 0 | G134: =ESTADISTICA!G132 -> 0 | H134: =ESTADISTICA!H132 -> 0 | ... AJ134: =ESTADISTICA!AJ132 -> 0
A135: =ESTADISTICA!A133 -> LA ESMERALDA | B135: =ESTADISTICA!B133 -> ESM06 | C135: =ESTADISTICA!C133 -> Roselli y Cabello | D135: =ESTADISTICA!D133 -> Domo | E135: =ESTADISTICA!E133 -> GPON | F135: =ESTADISTICA!F133 -> 0 | G135: =ESTADISTICA!G133 -> 0 | H135: =ESTADISTICA!H133 -> 0 | ... AJ135: =ESTADISTICA!AJ133 -> 0
A136: =ESTADISTICA!A134 -> LA ESMERALDA | B136: =ESTADISTICA!B134 -> ESM07 | C136: =ESTADISTICA!C134 -> AV. NOVAK Y SERRANO | D136: =ESTADISTICA!D134 -> DOMO | E136: =ESTADISTICA!E134 -> PTO A FO | F136: =ESTADISTICA!F134 -> 0 | G136: =ESTADISTICA!G134 -> 0 | H136: =ESTADISTICA!H134 -> 0 | ... AJ136: =ESTADISTICA!AJ134 -> 0
A137: =ESTADISTICA!A135 -> LA ESMERALDA | B137: =ESTADISTICA!B135 -> ESM 08 | C137: =ESTADISTICA!C135 -> DAVINSON Y MORANCHEL | D137: =ESTADISTICA!D135 -> FIJA | E137: =ESTADISTICA!E135 -> Radio | F137: =ESTADISTICA!F135 -> 0 | G137: =ESTADISTICA!G135 -> 0 | H137: =ESTADISTICA!H135 -> 0 | ... AJ137: =ESTADISTICA!AJ135 -> 0
... A204: =ESTADISTICA!A202 -> MAYOL | B204: =ESTADISTICA!B202 -> MAY 04 | C204: =ESTADISTICA!C202 -> MAR CHIQUITA Y RIO JACHAL | D204: =ESTADISTICA!D202 -> DOMO | E204: =ESTADISTICA!E202 -> Radio | F204: =ESTADISTICA!F202 -> 0 | G204: =ESTADISTICA!G202 -> 0 | H204: =ESTADISTICA!H202 -> 0 | ... AJ204: =ESTADISTICA!AJ202 -> 0
A205: MONTE CUDINE | B205: =ESTADISTICA!B203 -> MCUD 01 | C205: =ESTADISTICA!C203 -> TINOGASTA Y SAN LORENZO | D205: =ESTADISTICA!D203 -> Domo | E205: =ESTADISTICA!E203 -> Fibra Optica | F205: =ESTADISTICA!F203 -> 0 | G205: =ESTADISTICA!G203 -> 0 | H205: =ESTADISTICA!H203 -> 0 | I205: =ESTADISTICA!I203 -> 0 | ... AJ205: =ESTADISTICA!AJ203 -> 0
A206: MONTE CUDINE | B206: =ESTADISTICA!B204 -> MCUD 02 | C206: =ESTADISTICA!C204 -> CALLE 115 A Y 158 | D206: =ESTADISTICA!D204 -> DOMO | E206: =ESTADISTICA!E204 -> Fibra Optica | F206: =ESTADISTICA!F204 -> 0 | G206: =ESTADISTICA!G204 -> 0 | H206: =ESTADISTICA!H204 -> 0 | I206: =ESTADISTICA!I204 -> 0 | ... AJ206: =ESTADISTICA!AJ204 -> 0
A207: =ESTADISTICA!A205 -> MARTIN FIERRO | B207: =ESTADISTICA!B205 -> MFI 01 | C207: =ESTADISTICA!C205 -> Belgrano y Sgto. Cabral | D207: =ESTADISTICA!D205 -> Fija | E207: =ESTADISTICA!E205 -> Fibra Optica | F207: =ESTADISTICA!F205 -> 0 | G207: =ESTADISTICA!G205 -> 0 | H207: =ESTADISTICA!H205 -> 0 | ... AJ207: =ESTADISTICA!AJ205 -> 0
A208: =ESTADISTICA!A206 -> LOPEZ ROMERO | B208: =ESTADISTICA!B206 -> MFI02 | C208: =ESTADISTICA!C206 -> Calchaqui y Balcarce | D208: =ESTADISTICA!D206 -> Fija | E208: =ESTADISTICA!E206 -> Fibra Optica | F208: =ESTADISTICA!F206 -> 0 | G208: =ESTADISTICA!G206 -> 0 | H208: =ESTADISTICA!H206 -> 0 | ... AJ208: =ESTADISTICA!AJ206 -> 0
A209: =ESTADISTICA!A208 -> MARTIN FIERRO | B209: =ESTADISTICA!B208 -> MFI04 | C209: =ESTADISTICA!C208 -> Calchaqui y balcarce | D209: =ESTADISTICA!D208 -> Domo | E209: =ESTADISTICA!E208 -> Fibra Optica | F209: =ESTADISTICA!F208 -> 0 | G209: =ESTADISTICA!G208 -> 0 | H209: =ESTADISTICA!H208 -> 0 | ... AJ209: =ESTADISTICA!AJ208 -> 0
A210: =ESTADISTICA!A209 -> SAN EMILIO | B210: =ESTADISTICA!B209 -> MFI 05 | C210: =ESTADISTICA!C209 -> Cno. Gral. Belgrano y Guayaquil | D210: =ESTADISTICA!D209 -> Domo | E210: =ESTADISTICA!E209 -> Fibra Optica | F210: =ESTADISTICA!F209 -> 0 | G210: =ESTADISTICA!G209 -> 0 | H210: =ESTADISTICA!H209 -> 0 | ... AJ210: =ESTADISTICA!AJ209 -> 0
A211: =ESTADISTICA!A210 -> SAN EMILIO | B211: =ESTADISTICA!B210 -> MFI06 | C211: =ESTADISTICA!C210 -> Con. Gral. Belgrano y Bombero Galarza | D211: =ESTADISTICA!D210 -> DOMO | E211: =ESTADISTICA!E210 -> Radio | F211: =ESTADISTICA!F210 -> 0 | G211: =ESTADISTICA!G210 -> 0 | H211: =ESTADISTICA!H210 -> 0 | ... AJ211: =ESTADISTICA!AJ210 -> 0
A212: =ESTADISTICA!A211 -> MARTIN FIERRO | B212: =ESTADISTICA!B211 -> MFI 07 | C212: =ESTADISTICA!C211 -> Sargento Cabral y Carlos Gardel | D212: =ESTADISTICA!D211 -> Domo | E212: =ESTADISTICA!E211 -> PTO A FO | F212: =ESTADISTICA!F211 -> 0 | G212: =ESTADISTICA!G211 -> 0 | H212: =ESTADISTICA!H211 -> 0 | ... AJ212: =ESTADISTICA!AJ211 -> 0
A213: =ESTADISTICA!A212 -> MARTIN FIERRO | B213: =ESTADISTICA!B212 -> MFI 08 | C213: =ESTADISTICA!C212 -> Braile y Batalla de Callao | D213: =ESTADISTICA!D212 -> Domo | E213: =ESTADISTICA!E212 -> PTO A FO | F213: =ESTADISTICA!F212 -> 0 | G213: =ESTADISTICA!G212 -> 0 | H213: =ESTADISTICA!H212 -> 0 | ... AJ213: =ESTADISTICA!AJ212 -> 0
A214: =ESTADISTICA!A213 -> GOBERNADOR MONTEVERDE | B214: =ESTADISTICA!B213 -> MON01 | C214: =ESTADISTICA!C213 -> San Martin y Patricias Argentinas | D214: =ESTADISTICA!D213 -> Fija | E214: =ESTADISTICA!E213 -> Fibra Optica | F214: =ESTADISTICA!F213 -> 0 | G214: =ESTADISTICA!G213 -> 0 | H214: =ESTADISTICA!H213 -> 0 | ... AJ214: =ESTADISTICA!AJ213 -> 0
A215: =ESTADISTICA!A214 -> GOBERNADOR MONTEVERDE | B215: =ESTADISTICA!B214 -> MON02 | C215: =ESTADISTICA!C214 -> Senzabello y Famatina | D215: =ESTADISTICA!D214 -> Domo | E215: =ESTADISTICA!E214 -> Radio | F215: =ESTADISTICA!F214 -> 0 | G215: =ESTADISTICA!G214 -> 0 | H215: =ESTADISTICA!H214 -> 0 | ... AJ215: =ESTADISTICA!AJ214 -> 0
A216: =ESTADISTICA!A215 -> GOBERNADOR MONTEVERDE | B216: =ESTADISTICA!B215 -> MON03 | C216: =ESTADISTICA!C215 -> Senzabello y Guemes | D216: =ESTADISTICA!D215 -> Domo | E216: =ESTADISTICA!E215 -> Radio | F216: =ESTADISTICA!F215 -> 0 | G216: =ESTADISTICA!G215 -> 0 | H216: =ESTADISTICA!H215 -> 0 | ... AJ216: =ESTADISTICA!AJ215 -> 0
A217: =ESTADISTICA!A216 -> GOBERNADOR MONTEVERDE | B217: =ESTADISTICA!B216 -> MON04 | C217: =ESTADISTICA!C216 -> Av. Yrigoyen y San Lorenzo | D217: =ESTADISTICA!D216 -> Domo | E217: =ESTADISTICA!E216 -> GPON | F217: =ESTADISTICA!F216 -> 0 | G217: =ESTADISTICA!G216 -> 0 | H217: =ESTADISTICA!H216 -> 0 | ... AJ217: =ESTADISTICA!AJ216 -> 0
A218: =ESTADISTICA!A217 -> 9 DE JULIO | B218: =ESTADISTICA!B217 -> NJU 01 | C218: =ESTADISTICA!C217 -> Sallares y Parrillo | D218: =ESTADISTICA!D217 -> Domo | E218: =ESTADISTICA!E217 -> Fibra Optica | F218: =ESTADISTICA!F217 -> 0 | G218: =ESTADISTICA!G217 -> APAGADO | H218: =ESTADISTICA!H217 -> 0 | ... AJ218: =ESTADISTICA!AJ217 -> 0
A219: =ESTADISTICA!A218 -> 9 DE JULIO | B219: =ESTADISTICA!B218 -> NJU02 | C219: =ESTADISTICA!C218 -> Ituzaingo y Boccuzzi | D219: =ESTADISTICA!D218 -> Domo | E219: =ESTADISTICA!E218 -> GPON | F219: =ESTADISTICA!F218 -> APAGADO | G219: =ESTADISTICA!G218 -> APAGADO | H219: =ESTADISTICA!H218 -> APAGADO | ... AJ219: =ESTADISTICA!AJ218 -> 0
A220: =ESTADISTICA!A219 -> 9 DE JULIO | B220: =ESTADISTICA!B219 -> NJU03 | C220: =ESTADISTICA!C219 -> San Juan y Parrillo | D220: =ESTADISTICA!D219 -> Domo | E220: =ESTADISTICA!E219 -> PTO A FO | F220: =ESTADISTICA!F219 -> 0 | G220: =ESTADISTICA!G219 -> APAGADO | H220: =ESTADISTICA!H219 -> 0 | ... AJ220: =ESTADISTICA!AJ219 -> 0
... A517: =ESTADISTICA!A516 -> PARADAS SEGURAS | B517: =ESTADISTICA!B516 -> 39 C | C517: =ESTADISTICA!C516 -> Hudson y Groussac Este | D517: =ESTADISTICA!D516 -> GFIJA | E517: =ESTADISTICA!E516 -> GPON | F517: =ESTADISTICA!F516 -> 0 | G517: =ESTADISTICA!G516 -> APAGADO | H517: =ESTADISTICA!H516 -> APAGADO | ... AJ517: =ESTADISTICA!AJ516 -> 0
A518: PARADAS SEGURAS | B518: 39 I | C518: Hudson y Groussac Este | D518: INTERCOMUNICADOR | E518: GPON | F518: =ESTADISTICA!F517 -> 0 | G518: =ESTADISTICA!G517 -> 0 | H518: =ESTADISTICA!H517 -> 0 | I518: =ESTADISTICA!I517 -> 0 | J518: =ESTADISTICA!J517 -> 0 | K518: =ESTADISTICA!K517 -> 0 | L518: =ESTADISTICA!L517 -> 0 | M518: =ESTADISTICA!M517 -> APAGADO | ... AJ518: =ESTADISTICA!AJ517 -> 0
A519: PARADAS SEGURAS | B519: 40 C | C519: Hudson y Groussac Oeste | D519: GFIJA | E519: GPON | F519: =ESTADISTICA!F518 -> 0 | G519: =ESTADISTICA!G518 -> 0 | H519: =ESTADISTICA!H518 -> 0 | I519: =ESTADISTICA!I518 -> 0 | J519: =ESTADISTICA!J518 -> 0 | K519: =ESTADISTICA!K518 -> 0 | L519: =ESTADISTICA!L518 -> 0 | M519: =ESTADISTICA!M518 -> 0 | ... AJ519: =ESTADISTICA!AJ518 -> 0
A520: PARADAS SEGURAS | B520: 40 I | C520: Hudson y Groussac Oeste | D520: INTERCOMUNICADOR | E520: GPON | F520: =ESTADISTICA!F519 -> 0 | G520: =ESTADISTICA!G519 -> 0 | H520: =ESTADISTICA!H519 -> 0 | I520: =ESTADISTICA!I519 -> 0 | J520: =ESTADISTICA!J519 -> 0 | K520: =ESTADISTICA!K519 -> 0 | L520: =ESTADISTICA!L519 -> 0 | M520: =ESTADISTICA!M519 -> 0 | ... AJ520: =ESTADISTICA!AJ519 -> 0
A521: PARADAS SEGURAS | B521: 41 C | C521: Hudson y Dumas Este | D521: GFIJA | E521: GPON | F521: =ESTADISTICA!F520 -> 0 | G521: =ESTADISTICA!G520 -> APAGADO | H521: =ESTADISTICA!H520 -> APAGADO | I521: =ESTADISTICA!I520 -> APAGADO | J521: =ESTADISTICA!J520 -> 0 | K521: =ESTADISTICA!K520 -> APAGADO | L521: =ESTADISTICA!L520 -> 0 | M521: =ESTADISTICA!M520 -> APAGADO | ... AJ521: =ESTADISTICA!AJ520 -> 0
A522: PARADAS SEGURAS | B522: 41 I | C522: Hudson y Dumas Este | D522: INTERCOMUNICADOR | E522: GPON | F522: =ESTADISTICA!F521 -> 0 | G522: =ESTADISTICA!G521 -> APAGADO | H522: =ESTADISTICA!H521 -> APAGADO | I522: =ESTADISTICA!I521 -> APAGADO | J522: =ESTADISTICA!J521 -> 0 | K522: =ESTADISTICA!K521 -> APAGADO | L522: =ESTADISTICA!L521 -> 0 | M522: =ESTADISTICA!M521 -> APAGADO | ... AJ522: =ESTADISTICA!AJ521 -> 0
A523: PARADAS SEGURAS | B523: 42 C | C523: Hudson y Dumas Oeste | D523: GFIJA | E523: GPON | F523: =ESTADISTICA!F522 -> 0 | G523: =ESTADISTICA!G522 -> 0 | H523: =ESTADISTICA!H522 -> 0 | I523: =ESTADISTICA!I522 -> 0 | J523: =ESTADISTICA!J522 -> 0 | K523: =ESTADISTICA!K522 -> 0 | L523: =ESTADISTICA!L522 -> 0 | M523: =ESTADISTICA!M522 -> 0 | ... AJ523: =ESTADISTICA!AJ522 -> 0
A524: PARADAS SEGURAS | B524: 42 I | C524: Hudson y Dumas Oeste | D524: INTERCOMUNICADOR | E524: GPON | F524: =ESTADISTICA!F523 -> 0 | G524: =ESTADISTICA!G523 -> 0 | H524: =ESTADISTICA!H523 -> 0 | I524: =ESTADISTICA!I523 -> 0 | J524: =ESTADISTICA!J523 -> 0 | K524: =ESTADISTICA!K523 -> 0 | L524: =ESTADISTICA!L523 -> 0 | M524: =ESTADISTICA!M523 -> 0 | ... AJ524: =ESTADISTICA!AJ523 -> 0
A525: PARADAS SEGURAS | B525: 43 C | C525: Hudson y Manuel de Falla Este | D525: GFIJA | E525: GPON | F525: =ESTADISTICA!F524 -> 0 | G525: =ESTADISTICA!G524 -> APAGADO | H525: =ESTADISTICA!H524 -> APAGADO | I525: =ESTADISTICA!I524 -> APAGADO | J525: =ESTADISTICA!J524 -> 0 | K525: =ESTADISTICA!K524 -> APAGADO | L525: =ESTADISTICA!L524 -> 0 | M525: =ESTADISTICA!M524 -> APAGADO | ... AJ525: =ESTADISTICA!AJ524 -> 0
A526: PARADAS SEGURAS | B526: 43 I | C526: Hudson y Manuel de Falla Este | D526: INTERCOMUNICADOR | E526: GPON | F526: =ESTADISTICA!F525 -> 0 | G526: =ESTADISTICA!G525 -> APAGADO | H526: =ESTADISTICA!H525 -> APAGADO | I526: =ESTADISTICA!I525 -> APAGADO | J526: =ESTADISTICA!J525 -> 0 | K526: =ESTADISTICA!K525 -> APAGADO | L526: =ESTADISTICA!L525 -> 0 | M526: =ESTADISTICA!M525 -> APAGADO | ... AJ526: =ESTADISTICA!AJ525 -> 0
A527: PARADAS SEGURAS | B527: 45 C | C527: Hudson y Benito Perez Galdos Este | D527: GFIJA | E527: GPON | F527: =ESTADISTICA!F526 -> 0 | G527: =ESTADISTICA!G526 -> 0 | H527: =ESTADISTICA!H526 -> 0 | I527: =ESTADISTICA!I526 -> 0 | J527: =ESTADISTICA!J526 -> 0 | K527: =ESTADISTICA!K526 -> 0 | L527: =ESTADISTICA!L526 -> 0 | M527: =ESTADISTICA!M526 -> 0 | ... AJ527: =ESTADISTICA!AJ526 -> 0
A528: PARADAS SEGURAS | B528: 45 I | C528: Hudson y Benito Perez Galdos Este | D528: INTERCOMUNICADOR | E528: GPON | F528: =ESTADISTICA!F527 -> 0 | G528: =ESTADISTICA!G527 -> 0 | H528: =ESTADISTICA!H527 -> 0 | I528: =ESTADISTICA!I527 -> 0 | J528: =ESTADISTICA!J527 -> 0 | K528: =ESTADISTICA!K527 -> 0 | L528: =ESTADISTICA!L527 -> 0 | M528: =ESTADISTICA!M527 -> 0 | ... AJ528: =ESTADISTICA!AJ527 -> 0
A529: PARADAS SEGURAS | B529: 46 C | C529: Hudson y Avenida Bosques Este | D529: GFIJA | E529: GPON | F529: =ESTADISTICA!F528 -> 0 | G529: =ESTADISTICA!G528 -> APAGADO | H529: =ESTADISTICA!H528 -> APAGADO | I529: =ESTADISTICA!I528 -> APAGADO | J529: =ESTADISTICA!J528 -> 0 | K529: =ESTADISTICA!K528 -> APAGADO | L529: =ESTADISTICA!L528 -> 0 | M529: =ESTADISTICA!M528 -> APAGADO | ... AJ529: =ESTADISTICA!AJ528 -> 0
... A540: PARADAS SEGURAS | B540: 74I | C540: GORRITI NORTE | D540: INTERCOMUNICADOR | E540: GPON | F540: =ESTADISTICA!F539 -> 0 | G540: =ESTADISTICA!G539 -> APAGADO | H540: =ESTADISTICA!H539 -> APAGADO | I540: =ESTADISTICA!I539 -> APAGADO | J540: =ESTADISTICA!J539 -> 0 | K540: =ESTADISTICA!K539 -> APAGADO | L540: =ESTADISTICA!L539 -> 0 | M540: =ESTADISTICA!M539 -> APAGADO | ... AJ540: =ESTADISTICA!AJ539 -> 0

Sheet APAGADOS FIBRA
C1: TOTAL FIBRA | D1: =COUNTIFS(E4:E401,"=Fibra Optica") -> 247
E2: APAGADOS | F2: =COUNTIFS(F4:F501, "=APAGADO",E4:E501,"=Fibra Optica") -> 32 | G2: =COUNTIFS(G4:G501, "=APAGADO",E4:E501,"=Fibra Optica") -> 58 | H2: =COUNTIFS(H4:H501, "=APAGADO",E4:E501,"=Fibra Optica") -> 34 | I2: =COUNTIFS(I4:I501, "=APAGADO",E4:E501,"=Fibra Optica") -> 41 | J2: =COUNTIFS(J4:J501, "=APAGADO",E4:E501,"=Fibra Optica") -> 0 | K2: =COUNTIFS(K4:K501, "=APAGADO",E4:E501,"=Fibra Optica") -> 38 | L2: =COUNTIFS(L4:L501, "=APAGADO",E4:E501,"=Fibra Optica") -> 0 | M2: =COUNTIFS(M4:M501, "=APAGADO",E4:E501,"=Fibra Optica") -> 41 | N2: =COUNTIFS(N4:N501, "=APAGADO",E4:E501,"=Fibra Optica") -> 42 | O2: =COUNTIFS(O4:O501, "=APAGADO",E4:E501,"=Fibra Optica") -> 65 | P2: =COUNTIFS(P4:P601, "=APAGADO",E4:E601,"=Fibra Optica") -> 66 | Q2: =COUNTIFS(Q4:Q501, "=APAGADO",E4:E501,"=Fibra Optica") -> 65 | R2: =COUNTIFS(R4:R501, "=APAGADO",E4:E501,"=Fibra Optica") -> 49 | S2: =COUNTIFS(S4:S501, "=APAGADO",E4:E501,"=Fibra Optica") -> 51 | T2: =COUNTIFS(T4:T501, "=APAGADO",E4:E501,"=Fibra Optica") -> 32 | U2: =COUNTIFS(U4:U501, "=APAGADO",E4:E501,"=Fibra Optica") -> 36 | V2: =COUNTIFS(V4:V501, "=APAGADO",E4:E501,"=Fibra Optica") -> 35 | W2: =COUNTIFS(W4:W501, "=APAGADO",E4:E501,"=Fibra Optica") -> 36 | X2: =COUNTIFS(X4:X501, "=APAGADO",E4:E501,"=Fibra Optica") -> 0 | Y2: =COUNTIFS(Y4:Y501, "=APAGADO",E4:E501,"=Fibra Optica") -> 40 | Z2: =COUNTIFS(Z4:Z501, "=APAGADO",E4:E501,"=Fibra Optica") -> 42 | AA2: =COUNTIFS(AA4:AA501, "=APAGADO",E4:E501,"=Fibra Optica") -> 40 | AB2: =COUNTIFS(AB4:AB501, "=APAGADO",E4:E501,"=Fibra Optica") -> 37 | AC2: =COUNTIFS(AC4:AC601, "=APAGADO",E4:E601,"=Fibra Optica") -> 74 | AD2: =COUNTIFS(AD4:AD501, "=APAGADO",E4:E501,"=Fibra Optica") -> 74 | AE2: =COUNTIFS(AE4:AE501, "=APAGADO",E4:E501,"=Fibra Optica") -> 0 | AF2: =COUNTIFS(AF4:AF501, "=APAGADO",E4:E501,"=Fibra Optica") -> 0 | AG2: =COUNTIFS(AG4:AG501, "=APAGADO",E4:E501,"=Fibra Optica") -> 0 | AH2: =COUNTIFS(AH4:AH501, "=APAGADO",E4:E501,"=Fibra Optica") -> 0 | AI2: =COUNTIFS(AI4:AI501, "=APAGADO",F4:F501,"=Fibra Optica") -> 0 | AJ2: =COUNTIFS(AJ4:AJ501, "=APAGADO",G4:G501,"=Fibra Optica") -> 0
A3: =ESTADISTICA!A1 -> Barrio | B3: =ESTADISTICA!B1 -> [Denominacion] | C3: =ESTADISTICA!C1 -> [Ubicacion] | D3: =ESTADISTICA!D1 -> [Tipo de Camara] | E3: =ESTADISTICA!E1 -> [Tipo de Conexion] | F3: =ESTADISTICA!F1 -> 45292 | G3: =ESTADISTICA!G1 -> 45293 | H3: =ESTADISTICA!H1 -> 45294 | ... AH3: =ESTADISTICA!AH1 -> 45320 | AI3: 30 | AJ3: 31
A4: ='RESUMEN TOTAL'!A7 -> ALTAMIRA | B4: ='RESUMEN TOTAL'!B7 -> ALT 03 | C4: ='RESUMEN TOTAL'!D7 -> Bombero Galarza y Necochea | D4: ='RESUMEN TOTAL'!E7 -> Domo | E4: ='RESUMEN TOTAL'!F7 -> Fibra Optica | F4: ='RESUMEN TOTAL'!L7 -> 0 | G4: ='RESUMEN TOTAL'!M7 -> 0 | H4: ='RESUMEN TOTAL'!N7 -> 0 | I4: ='RESUMEN TOTAL'!O7 -> 0 | J4: ='RESUMEN TOTAL'!P7 -> 0 | K4: ='RESUMEN TOTAL'!Q7 -> 0 | L4: ='RESUMEN TOTAL'!R7 -> 0 | M4: ='RESUMEN TOTAL'!S7 -> 0 | ... AJ4: ='RESUMEN TOTAL'!AP7 -> 0
A5: ='RESUMEN TOTAL'!A8 -> ALTAMIRA | B5: ='RESUMEN TOTAL'!B8 -> ALT 04 | C5: ='RESUMEN TOTAL'!D8 -> Francia y Necochea | D5: ='RESUMEN TOTAL'!E8 -> Domo | E5: ='RESUMEN TOTAL'!F8 -> Fibra Optica | F5: ='RESUMEN TOTAL'!L8 -> 0 | G5: ='RESUMEN TOTAL'!M8 -> 0 | H5: ='RESUMEN TOTAL'!N8 -> 0 | I5: ='RESUMEN TOTAL'!O8 -> 0 | J5: ='RESUMEN TOTAL'!P8 -> 0 | K5: ='RESUMEN TOTAL'!Q8 -> 0 | L5: ='RESUMEN TOTAL'!R8 -> 0 | M5: ='RESUMEN TOTAL'!S8 -> 0 | ... AJ5: ='RESUMEN TOTAL'!AP8 -> 0
A6: ='RESUMEN TOTAL'!A9 -> ALTAMIRA | B6: ='RESUMEN TOTAL'!B9 -> ALT05 | C6: ='RESUMEN TOTAL'!D9 -> Av. Calchaqui y Bombero Galarza | D6: ='RESUMEN TOTAL'!E9 -> Domo | E6: ='RESUMEN TOTAL'!F9 -> PTO A FO | F6: ='RESUMEN TOTAL'!L9 -> 0 | G6: ='RESUMEN TOTAL'!M9 -> APAGADO | H6: ='RESUMEN TOTAL'!N9 -> APAGADO | I6: ='RESUMEN TOTAL'!O9 -> 0 | J6: ='RESUMEN TOTAL'!P9 -> 0 | K6: ='RESUMEN TOTAL'!Q9 -> 0 | L6: ='RESUMEN TOTAL'!R9 -> 0 | M6: ='RESUMEN TOTAL'!S9 -> 0 | ... AJ6: ='RESUMEN TOTAL'!AP9 -> 0
A7: ='RESUMEN TOTAL'!A10 -> ALTAMIRA | B7: ='RESUMEN TOTAL'!B10 -> ALT 06 | C7: ='RESUMEN TOTAL'!D10 -> LOPE DE VEGA Y NECOCHEA | D7: ='RESUMEN TOTAL'!E10 -> Domo | E7: ='RESUMEN TOTAL'!F10 -> PTO A FO | F7: ='RESUMEN TOTAL'!L10 -> 0 | G7: ='RESUMEN TOTAL'!M10 -> 0 | H7: ='RESUMEN TOTAL'!N10 -> 0 | I7: ='RESUMEN TOTAL'!O10 -> 0 | J7: ='RESUMEN TOTAL'!P10 -> 0 | K7: ='RESUMEN TOTAL'!Q10 -> 0 | L7: ='RESUMEN TOTAL'!R10 -> 0 | M7: ='RESUMEN TOTAL'!S10 -> 0 | ... AJ7: ='RESUMEN TOTAL'!AP10 -> 0
A8: ='RESUMEN TOTAL'!A11 -> ALTAMIRA | B8: ='RESUMEN TOTAL'!B11 -> ALT07 | C8: ='RESUMEN TOTAL'!D11 -> AV. CALCHAQUI Y AV. DEL TRABAJO | D8: ='RESUMEN TOTAL'!E11 -> DOMO | E8: ='RESUMEN TOTAL'!F11 -> PTO A FO | F8: ='RESUMEN TOTAL'!L11 -> 0 | G8: ='RESUMEN TOTAL'!M11 -> 0 | H8: ='RESUMEN TOTAL'!N11 -> 0 | I8: ='RESUMEN TOTAL'!O11 -> 0 | J8: ='RESUMEN TOTAL'!P11 -> 0 | K8: ='RESUMEN TOTAL'!Q11 -> 0 | L8: ='RESUMEN TOTAL'!R11 -> 0 | M8: ='RESUMEN TOTAL'!S11 -> 0 | ... AJ8: ='RESUMEN TOTAL'!AP11 -> 0
A9: ='RESUMEN TOTAL'!A12 -> ALTAMIRA | B9: ='RESUMEN TOTAL'!B12 -> ALT 08 | C9: ='RESUMEN TOTAL'!D12 -> HUMAITA Y NECOCHEA | D9: ='RESUMEN TOTAL'!E12 -> DOMO | E9: ='RESUMEN TOTAL'!F12 -> Fibra Optica | F9: ='RESUMEN TOTAL'!L12 -> 0 | G9: ='RESUMEN TOTAL'!M12 -> 0 | H9: ='RESUMEN TOTAL'!N12 -> 0 | I9: ='RESUMEN TOTAL'!O12 -> 0 | J9: ='RESUMEN TOTAL'!P12 -> 0 | K9: ='RESUMEN TOTAL'!Q12 -> 0 | L9: ='RESUMEN TOTAL'!R12 -> 0 | M9: ='RESUMEN TOTAL'!S12 -> 0 | ... AJ9: ='RESUMEN TOTAL'!AP12 -> 0
A10: ='RESUMEN TOTAL'!A13 -> ALTAMIRA | B10: ='RESUMEN TOTAL'!B13 -> ALT 09 | C10: ='RESUMEN TOTAL'!D13 -> NECOCHEA Y CURUPAITY | D10: ='RESUMEN TOTAL'!E13 -> DOMO | E10: ='RESUMEN TOTAL'!F13 -> Fibra Optica | F10: ='RESUMEN TOTAL'!L13 -> 0 | G10: ='RESUMEN TOTAL'!M13 -> 0 | H10: ='RESUMEN TOTAL'!N13 -> APAGADO | I10: ='RESUMEN TOTAL'!O13 -> 0 | J10: ='RESUMEN TOTAL'!P13 -> 0 | K10: ='RESUMEN TOTAL'!Q13 -> 0 | L10: ='RESUMEN TOTAL'!R13 -> 0 | M10: ='RESUMEN TOTAL'!S13 -> 0 | ... AJ10: ='RESUMEN TOTAL'!AP13 -> 0
A11: ='RESUMEN TOTAL'!A14 -> ALTAMIRA | B11: ='RESUMEN TOTAL'!B14 -> ALT 10 | C11: ='RESUMEN TOTAL'!D14 -> Calchaqui y Francia | D11: ='RESUMEN TOTAL'!E14 -> Domo | E11: ='RESUMEN TOTAL'!F14 -> Radio | F11: ='RESUMEN TOTAL'!L14 -> APAGADO | G11: ='RESUMEN TOTAL'!M14 -> APAGADO | H11: ='RESUMEN TOTAL'!N14 -> 0 | I11: ='RESUMEN TOTAL'!O14 -> 0 | J11: ='RESUMEN TOTAL'!P14 -> 0 | K11: ='RESUMEN TOTAL'!Q14 -> APAGADO | L11: ='RESUMEN TOTAL'!R14 -> 0 | M11: ='RESUMEN TOTAL'!S14 -> APAGADO | ... AJ11: ='RESUMEN TOTAL'!AP14 -> 0
A12: ='RESUMEN TOTAL'!A15 -> AGUSTIN RAMIREZ | B12: ='RESUMEN TOTAL'!B15 -> ARA 01 | C12: ='RESUMEN TOTAL'!D15 -> Malambo y Tranquera | D12: ='RESUMEN TOTAL'!E15 -> Domo | E12: ='RESUMEN TOTAL'!F15 -> Fibra Optica | F12: ='RESUMEN TOTAL'!L15 -> 0 | G12: ='RESUMEN TOTAL'!M15 -> 0 | H12: ='RESUMEN TOTAL'!N15 -> 0 | I12: ='RESUMEN TOTAL'!O15 -> 0 | J12: ='RESUMEN TOTAL'!P15 -> 0 | K12: ='RESUMEN TOTAL'!Q15 -> 0 | L12: ='RESUMEN TOTAL'!R15 -> 0 | M12: ='RESUMEN TOTAL'!S15 -> 0 | ... AJ12: ='RESUMEN TOTAL'!AP15 -> 0
A13: ='RESUMEN TOTAL'!A16 -> BELGRANO | B13: ='RESUMEN TOTAL'!B16 -> BEL 01 | C13: ='RESUMEN TOTAL'!D16 -> San Martin y Dardo Rocha | D13: ='RESUMEN TOTAL'!E16 -> DOMO | E13: ='RESUMEN TOTAL'!F16 -> Fibra Optica | F13: ='RESUMEN TOTAL'!L16 -> 0 | G13: ='RESUMEN TOTAL'!M16 -> 0 | H13: ='RESUMEN TOTAL'!N16 -> 0 | I13: ='RESUMEN TOTAL'!O16 -> 0 | J13: ='RESUMEN TOTAL'!P16 -> 0 | K13: ='RESUMEN TOTAL'!Q16 -> 0 | L13: ='RESUMEN TOTAL'!R16 -> 0 | M13: ='RESUMEN TOTAL'!S16 -> 0 | ... AJ13: ='RESUMEN TOTAL'!AP16 -> 0
A14: ='RESUMEN TOTAL'!A17 -> BELGRANO | B14: ='RESUMEN TOTAL'!B17 -> BEL 02 | C14: ='RESUMEN TOTAL'!D17 -> Guardia vieja y Fronteriz | D14: ='RESUMEN TOTAL'!E17 -> DOMO | E14: ='RESUMEN TOTAL'!F17 -> Fibra Optica | F14: ='RESUMEN TOTAL'!L17 -> 0 | G14: ='RESUMEN TOTAL'!M17 -> 0 | H14: ='RESUMEN TOTAL'!N17 -> 0 | I14: ='RESUMEN TOTAL'!O17 -> 0 | J14: ='RESUMEN TOTAL'!P17 -> 0 | K14: ='RESUMEN TOTAL'!Q17 -> 0 | L14: ='RESUMEN TOTAL'!R17 -> 0 | M14: ='RESUMEN TOTAL'!S17 -> 0 | ... AJ14: ='RESUMEN TOTAL'!AP17 -> 0
A15: ='RESUMEN TOTAL'!A18 -> BOSQUES CENTRO | B15: ='RESUMEN TOTAL'!B18 -> BOSQC 01 | C15: ='RESUMEN TOTAL'!D18 -> LUIS AGOTE E/DANUNCIO Y CAMPOAMOR | D15: ='RESUMEN TOTAL'!E18 -> Fija | E15: ='RESUMEN TOTAL'!F18 -> Radio | F15: ='RESUMEN TOTAL'!L18 -> 0 | G15: ='RESUMEN TOTAL'!M18 -> 0 | H15: ='RESUMEN TOTAL'!N18 -> 0 | I15: ='RESUMEN TOTAL'!O18 -> 0 | J15: ='RESUMEN TOTAL'!P18 -> 0 | K15: ='RESUMEN TOTAL'!Q18 -> 0 | L15: ='RESUMEN TOTAL'!R18 -> 0 | M15: ='RESUMEN TOTAL'!S18 -> 0 | ... AJ15: ='RESUMEN TOTAL'!AP18 -> 0
... A20: ='RESUMEN TOTAL'!A23 -> BOSQUES CENTRO | B20: ='RESUMEN TOTAL'!B23 -> BOSQC 06 | C20: ='RESUMEN TOTAL'!D23 -> LUIS AGOTE Y RUTA 36 | D20: ='RESUMEN TOTAL'!E23 -> Fija | E20: ='RESUMEN TOTAL'!F23 -> Radio | F20: ='RESUMEN TOTAL'!L23 -> 0 | G20: ='RESUMEN TOTAL'!M23 -> 0 | H20: ='RESUMEN TOTAL'!N23 -> 0 | I20: ='RESUMEN TOTAL'!O23 -> 0 | J20: ='RESUMEN TOTAL'!P23 -> 0 | K20: ='RESUMEN TOTAL'!Q23 -> 0 | L20: ='RESUMEN TOTAL'!R23 -> 0 | M20: ='RESUMEN TOTAL'!S23 -> 0 | ... AJ20: ='RESUMEN TOTAL'!AP23 -> 0
A21: ='RESUMEN TOTAL'!A27 -> CENTRO | B21: ='RESUMEN TOTAL'!B27 -> CEN01 | C21: ='RESUMEN TOTAL'!D27 -> San Martin y 9 de Julio | D21: ='RESUMEN TOTAL'!E27 -> Fija | E21: ='RESUMEN TOTAL'!F27 -> Fibra Optica | F21: ='RESUMEN TOTAL'!L27 -> APAGADO | G21: ='RESUMEN TOTAL'!M27 -> APAGADO | H21: ='RESUMEN TOTAL'!N27 -> APAGADO | I21: ='RESUMEN TOTAL'!O27 -> APAGADO | J21: ='RESUMEN TOTAL'!P27 -> 0 | K21: ='RESUMEN TOTAL'!Q27 -> APAGADO | L21: ='RESUMEN TOTAL'!R27 -> 0 | M21: ='RESUMEN TOTAL'!S27 -> APAGADO | ... AJ21: ='RESUMEN TOTAL'!AP27 -> 0
A22: ='RESUMEN TOTAL'!A28 -> CENTRO | B22: ='RESUMEN TOTAL'!B28 -> CEN02 | C22: ='RESUMEN TOTAL'!D28 -> San Martin y Almafuerte | D22: ='RESUMEN TOTAL'!E28 -> Fija | E22: ='RESUMEN TOTAL'!F28 -> Fibra Optica | F22: ='RESUMEN TOTAL'!L28 -> APAGADO | G22: ='RESUMEN TOTAL'!M28 -> APAGADO | H22: ='RESUMEN TOTAL'!N28 -> APAGADO | I22: ='RESUMEN TOTAL'!O28 -> APAGADO | J22: ='RESUMEN TOTAL'!P28 -> 0 | K22: ='RESUMEN TOTAL'!Q28 -> APAGADO | L22: ='RESUMEN TOTAL'!R28 -> 0 | M22: ='RESUMEN TOTAL'!S28 -> APAGADO | ... AJ22: ='RESUMEN TOTAL'!AP28 -> 0
A23: ='RESUMEN TOTAL'!A29 -> CENTRO | B23: ='RESUMEN TOTAL'!B29 -> CEN03 | C23: ='RESUMEN TOTAL'!D29 -> San Martin y Sallares | D23: ='RESUMEN TOTAL'!E29 -> Domo | E23: ='RESUMEN TOTAL'!F29 -> Fibra Optica | F23: ='RESUMEN TOTAL'!L29 -> 0 | G23: ='RESUMEN TOTAL'!M29 -> 0 | H23: ='RESUMEN TOTAL'!N29 -> 0 | I23: ='RESUMEN TOTAL'!O29 -> 0 | J23: ='RESUMEN TOTAL'!P29 -> 0 | K23: ='RESUMEN TOTAL'!Q29 -> 0 | L23: ='RESUMEN TOTAL'!R29 -> 0 | M23: ='RESUMEN TOTAL'!S29 -> 0 | ... AJ23: ='RESUMEN TOTAL'!AP29 -> 0
A24: ='RESUMEN TOTAL'!A30 -> CENTRO | B24: ='RESUMEN TOTAL'!B30 -> CEN04 | C24: ='RESUMEN TOTAL'!D30 -> San Martin y Contreras | D24: ='RESUMEN TOTAL'!E30 -> Domo | E24: ='RESUMEN TOTAL'!F30 -> Fibra Optica | F24: ='RESUMEN TOTAL'!L30 -> 0 | G24: ='RESUMEN TOTAL'!M30 -> 0 | H24: ='RESUMEN TOTAL'!N30 -> 0 | I24: ='RESUMEN TOTAL'!O30 -> 0 | J24: ='RESUMEN TOTAL'!P30 -> 0 | K24: ='RESUMEN TOTAL'!Q30 -> 0 | L24: ='RESUMEN TOTAL'!R30 -> 0 | M24: ='RESUMEN TOTAL'!S30 -> 0 | ... AJ24: ='RESUMEN TOTAL'!AP30 -> 0
A25: ='RESUMEN TOTAL'!A31 -> CENTRO | B25: ='RESUMEN TOTAL'!B31 -> CEN 05 | C25: ='RESUMEN TOTAL'!D31 -> Bocuzzi e/España y San Martin | D25: ='RESUMEN TOTAL'!E31 -> DOMO | E25: ='RESUMEN TOTAL'!F31 -> Fibra Optica | F25: ='RESUMEN TOTAL'!L31 -> 0 | G25: ='RESUMEN TOTAL'!M31 -> 0 | H25: ='RESUMEN TOTAL'!N31 -> 0 | I25: ='RESUMEN TOTAL'!O31 -> 0 | J25: ='RESUMEN TOTAL'!P31 -> 0 | K25: ='RESUMEN TOTAL'!Q31 -> 0 | L25: ='RESUMEN TOTAL'!R31 -> 0 | M25: ='RESUMEN TOTAL'!S31 -> 0 | ... AJ25: ='RESUMEN TOTAL'!AP31 -> 0
A26: ='RESUMEN TOTAL'!A32 -> CENTRO | B26: ='RESUMEN TOTAL'!B32 -> CEN06 | C26: ='RESUMEN TOTAL'!D32 -> Monteagudo y A.del Valle | D26: ='RESUMEN TOTAL'!E32 -> Fija | E26: ='RESUMEN TOTAL'!F32 -> Fibra Optica | F26: ='RESUMEN TOTAL'!L32 -> 0 | G26: ='RESUMEN TOTAL'!M32 -> 0 | H26: ='RESUMEN TOTAL'!N32 -> 0 | I26: ='RESUMEN TOTAL'!O32 -> 0 | J26: ='RESUMEN TOTAL'!P32 -> 0 | K26: ='RESUMEN TOTAL'!Q32 -> 0 | L26: ='RESUMEN TOTAL'!R32 -> 0 | M26: ='RESUMEN TOTAL'!S32 -> 0 | ... AJ26: ='RESUMEN TOTAL'!AP32 -> 0
A27: ='RESUMEN TOTAL'!A33 -> CENTRO | B27: ='RESUMEN TOTAL'!B33 -> CEN07 | C27: ='RESUMEN TOTAL'!D33 -> San Martin y Guemes | D27: ='RESUMEN TOTAL'!E33 -> DOMO | E27: ='RESUMEN TOTAL'!F33 -> Fibra Optica | F27: ='RESUMEN TOTAL'!L33 -> 0 | G27: ='RESUMEN TOTAL'!M33 -> 0 | H27: ='RESUMEN TOTAL'!N33 -> 0 | I27: ='RESUMEN TOTAL'!O33 -> 0 | J27: ='RESUMEN TOTAL'!P33 -> 0 | K27: ='RESUMEN TOTAL'!Q33 -> 0 | L27: ='RESUMEN TOTAL'!R33 -> 0 | M27: ='RESUMEN TOTAL'!S33 -> 0 | ... AJ27: ='RESUMEN TOTAL'!AP33 -> 0
A28: ='RESUMEN TOTAL'!A34 -> CENTRO | B28: ='RESUMEN TOTAL'!B34 -> CEN08 | C28: ='RESUMEN TOTAL'!D34 -> San Martin y Pte.Peron | D28: ='RESUMEN TOTAL'!E34 -> Domo | E28: ='RESUMEN TOTAL'!F34 -> Fibra Optica | F28: ='RESUMEN TOTAL'!L34 -> 0 | G28: ='RESUMEN TOTAL'!M34 -> 0 | H28: ='RESUMEN TOTAL'!N34 -> 0 | I28: ='RESUMEN TOTAL'!O34 -> 0 | J28: ='RESUMEN TOTAL'!P34 -> 0 | K28: ='RESUMEN TOTAL'!Q34 -> 0 | L28: ='RESUMEN TOTAL'!R34 -> 0 | M28: ='RESUMEN TOTAL'!S34 -> 0 | ... AJ28: ='RESUMEN TOTAL'!AP34 -> 0
A29: ='RESUMEN TOTAL'!A35 -> CENTRO | B29: ='RESUMEN TOTAL'!B35 -> CEN09 | C29: ='RESUMEN TOTAL'!D35 -> Chacabuco y 25 de Mayo | D29: ='RESUMEN TOTAL'!E35 -> Domo | E29: ='RESUMEN TOTAL'!F35 -> Fibra Optica | F29: ='RESUMEN TOTAL'!L35 -> 0 | G29: ='RESUMEN TOTAL'!M35 -> 0 | H29: ='RESUMEN TOTAL'!N35 -> 0 | I29: ='RESUMEN TOTAL'!O35 -> 0 | J29: ='RESUMEN TOTAL'!P35 -> 0 | K29: ='RESUMEN TOTAL'!Q35 -> 0 | L29: ='RESUMEN TOTAL'!R35 -> 0 | M29: ='RESUMEN TOTAL'!S35 -> 0 | ... AJ29: ='RESUMEN TOTAL'!AP35 -> 0
A30: ='RESUMEN TOTAL'!A36 -> CENTRO | B30: ='RESUMEN TOTAL'!B36 -> CEN10 | C30: ='RESUMEN TOTAL'!D36 -> Monteagudo y Pte. Peron | D30: ='RESUMEN TOTAL'!E36 -> Domo | E30: ='RESUMEN TOTAL'!F36 -> Fibra Optica | F30: ='RESUMEN TOTAL'!L36 -> 0 | G30: ='RESUMEN TOTAL'!M36 -> 0 | H30: ='RESUMEN TOTAL'!N36 -> 0 | I30: ='RESUMEN TOTAL'!O36 -> 0 | J30: ='RESUMEN TOTAL'!P36 -> 0 | K30: ='RESUMEN TOTAL'!Q36 -> 0 | L30: ='RESUMEN TOTAL'!R36 -> 0 | M30: ='RESUMEN TOTAL'!S36 -> 0 | ... AJ30: ='RESUMEN TOTAL'!AP36 -> 0
A31: ='RESUMEN TOTAL'!A37 -> CENTRO | B31: ='RESUMEN TOTAL'!B37 -> CEN11 | C31: ='RESUMEN TOTAL'!D37 -> Monteagudo y Bocuzzi | D31: ='RESUMEN TOTAL'!E37 -> Domo | E31: ='RESUMEN TOTAL'!F37 -> Fibra Optica | F31: ='RESUMEN TOTAL'!L37 -> 0 | G31: ='RESUMEN TOTAL'!M37 -> 0 | H31: ='RESUMEN TOTAL'!N37 -> 0 | I31: ='RESUMEN TOTAL'!O37 -> 0 | J31: ='RESUMEN TOTAL'!P37 -> 0 | K31: ='RESUMEN TOTAL'!Q37 -> 0 | L31: ='RESUMEN TOTAL'!R37 -> 0 | M31: ='RESUMEN TOTAL'!S37 -> 0 | ... AJ31: ='RESUMEN TOTAL'!AP37 -> 0
A32: ='RESUMEN TOTAL'!A38 -> CENTRO | B32: ='RESUMEN TOTAL'!B38 -> CEN 12 | C32: ='RESUMEN TOTAL'!D38 -> Monteagudo y Mitre | D32: ='RESUMEN TOTAL'!E38 -> Domo | E32: ='RESUMEN TOTAL'!F38 -> Fibra Optica | F32: ='RESUMEN TOTAL'!L38 -> 0 | G32: ='RESUMEN TOTAL'!M38 -> 0 | H32: ='RESUMEN TOTAL'!N38 -> 0 | I32: ='RESUMEN TOTAL'!O38 -> 0 | J32: ='RESUMEN TOTAL'!P38 -> 0 | K32: ='RESUMEN TOTAL'!Q38 -> 0 | L32: ='RESUMEN TOTAL'!R38 -> 0 | M32: ='RESUMEN TOTAL'!S38 -> 0 | ... AJ32: ='RESUMEN TOTAL'!AP38 -> 0
... A67: ='RESUMEN TOTAL'!A73 -> CENTRO | B67: ='RESUMEN TOTAL'!B73 -> CEN47 | C67: ='RESUMEN TOTAL'!D73 -> Sallares y Brown | D67: ='RESUMEN TOTAL'!E73 -> Domo | E67: ='RESUMEN TOTAL'!F73 -> Fibra Optica | F67: ='RESUMEN TOTAL'!L73 -> APAGADO | G67: ='RESUMEN TOTAL'!M73 -> APAGADO | H67: ='RESUMEN TOTAL'!N73 -> APAGADO | I67: ='RESUMEN TOTAL'!O73 -> APAGADO | J67: ='RESUMEN TOTAL'!P73 -> 0 | K67: ='RESUMEN TOTAL'!Q73 -> APAGADO | L67: ='RESUMEN TOTAL'!R73 -> 0 | M67: ='RESUMEN TOTAL'!S73 -> APAGADO | ... AJ67: ='RESUMEN TOTAL'!AP73 -> 0
A68: ='RESUMEN TOTAL'!A74 -> CENTRO | B68: ='RESUMEN TOTAL'!B74 -> CEN48 | C68: ='RESUMEN TOTAL'!D74 -> Velez Sarsfield y Las Heras | D68: ='RESUMEN TOTAL'!E74 -> Domo | E68: ='RESUMEN TOTAL'!F74 -> GPON | F68: ='RESUMEN TOTAL'!L74 -> 0 | G68: ='RESUMEN TOTAL'!M74 -> 0 | H68: ='RESUMEN TOTAL'!N74 -> APAGADO | I68: ='RESUMEN TOTAL'!O74 -> APAGADO | J68: ='RESUMEN TOTAL'!P74 -> 0 | K68: ='RESUMEN TOTAL'!Q74 -> 0 | L68: ='RESUMEN TOTAL'!R74 -> 0 | M68: ='RESUMEN TOTAL'!S74 -> APAGADO | ... Z68: ='RESUMEN TOTAL'!AF74 -> 0 | AA68: ='RESUMEN TOTAL'!AG560 -> 0 | AB68: ='RESUMEN TOTAL'!AH74 -> 0 | AC68: ='RESUMEN TOTAL'!AI74 -> 0 | AD68: ='RESUMEN TOTAL'!AJ74 -> 0 | AE68: ='RESUMEN TOTAL'!AK74 -> 0 | AF68: ='RESUMEN TOTAL'!AL74 -> 0 | AG68: ='RESUMEN TOTAL'!AM74 -> 0 | AH68: ='RESUMEN TOTAL'!AN74 -> 0 | AI68: ='RESUMEN TOTAL'!AO74 -> 0 | AJ68: ='RESUMEN TOTAL'!AP74 -> 0
A69: ='RESUMEN TOTAL'!A75 -> CENTRO | B69: ='RESUMEN TOTAL'!B75 -> CEN49 | C69: ='RESUMEN TOTAL'!D75 -> Av. San Martin y Florencio Sanchez | D69: ='RESUMEN TOTAL'!E75 -> Domo | E69: ='RESUMEN TOTAL'!F75 -> Radio | F69: ='RESUMEN TOTAL'!L75 -> APAGADO | G69: ='RESUMEN TOTAL'!M75 -> APAGADO | H69: ='RESUMEN TOTAL'!N75 -> APAGADO | I69: ='RESUMEN TOTAL'!O75 -> APAGADO | J69: ='RESUMEN TOTAL'!P75 -> 0 | K69: ='RESUMEN TOTAL'!Q75 -> APAGADO | L69: ='RESUMEN TOTAL'!R75 -> 0 | M69: ='RESUMEN TOTAL'!S75 -> APAGADO | ... AJ69: ='RESUMEN TOTAL'!AP75 -> 0
A70: ='RESUMEN TOTAL'!A76 -> CENTRO | B70: ='RESUMEN TOTAL'!B76 -> CEN 50 | C70: ='RESUMEN TOTAL'!D76 -> Av. San Martin y Newbery | D70: ='RESUMEN TOTAL'!E76 -> Domo | E70: ='RESUMEN TOTAL'!F76 -> GPON | F70: ='RESUMEN TOTAL'!L76 -> APAGADO | G70: ='RESUMEN TOTAL'!M76 -> APAGADO | H70: ='RESUMEN TOTAL'!N76 -> APAGADO | I70: ='RESUMEN TOTAL'!O76 -> APAGADO | J70: ='RESUMEN TOTAL'!P76 -> 0 | K70: ='RESUMEN TOTAL'!Q76 -> APAGADO | L70: ='RESUMEN TOTAL'!R76 -> 0 | M70: ='RESUMEN TOTAL'!S76 -> APAGADO | ... AJ70: ='RESUMEN TOTAL'!AP76 -> 0
A71: ='RESUMEN TOTAL'!A77 -> CENTRO | B71: ='RESUMEN TOTAL'!B77 -> CEN 51 | C71: ='RESUMEN TOTAL'!D77 -> ILLIA Y LAS HERAS | D71: ='RESUMEN TOTAL'!E77 -> FIJA | E71: ='RESUMEN TOTAL'!F77 -> GPON | F71: ='RESUMEN TOTAL'!L77 -> 0 | G71: ='RESUMEN TOTAL'!M77 -> 0 | H71: ='RESUMEN TOTAL'!N77 -> 0 | I71: ='RESUMEN TOTAL'!O77 -> 0 | J71: ='RESUMEN TOTAL'!P77 -> 0 | K71: ='RESUMEN TOTAL'!Q77 -> 0 | L71: ='RESUMEN TOTAL'!R77 -> 0 | M71: ='RESUMEN TOTAL'!S77 -> 0 | ... AJ71: ='RESUMEN TOTAL'!AP77 -> 0
A72: ='RESUMEN TOTAL'!A78 -> CENTRO | B72: ='RESUMEN TOTAL'!B78 -> CEN52 | C72: ='RESUMEN TOTAL'!D78 -> San Martin y Almafuerte (ex San Martin y Dorrego) | D72: ='RESUMEN TOTAL'!E78 -> DOMO | E72: ='RESUMEN TOTAL'!F78 -> GPON | F72: ='RESUMEN TOTAL'!L78 -> 0 | G72: ='RESUMEN TOTAL'!M78 -> 0 | H72: ='RESUMEN TOTAL'!N78 -> 0 | I72: ='RESUMEN TOTAL'!O78 -> 0 | J72: ='RESUMEN TOTAL'!P78 -> 0 | K72: ='RESUMEN TOTAL'!Q78 -> 0 | L72: ='RESUMEN TOTAL'!R78 -> 0 | M72: ='RESUMEN TOTAL'!S78 -> 0 | ... AJ72: ='RESUMEN TOTAL'!AP78 -> 0
A73: ='RESUMEN TOTAL'!A79 -> CENTRO | B73: ='RESUMEN TOTAL'!B79 -> CEN 53 | C73: ='RESUMEN TOTAL'!D79 -> GUTIERREZ Y BROWN | D73: ='RESUMEN TOTAL'!E79 -> Domo | E73: ='RESUMEN TOTAL'!F79 -> GPON | F73: ='RESUMEN TOTAL'!L79 -> 0 | G73: ='RESUMEN TOTAL'!M79 -> 0 | H73: ='RESUMEN TOTAL'!N79 -> 0 | I73: ='RESUMEN TOTAL'!O79 -> 0 | J73: ='RESUMEN TOTAL'!P79 -> 0 | K73: ='RESUMEN TOTAL'!Q79 -> 0 | L73: ='RESUMEN TOTAL'!R79 -> 0 | M73: ='RESUMEN TOTAL'!S79 -> 0 | ... AJ73: ='RESUMEN TOTAL'!AP79 -> 0
A74: ='RESUMEN TOTAL'!A80 -> CENTRO | B74: ='RESUMEN TOTAL'!B80 -> CEN 54 | C74: ='RESUMEN TOTAL'!D80 -> GUTIERREZ Y PRINGLES | D74: ='RESUMEN TOTAL'!E80 -> Domo | E74: ='RESUMEN TOTAL'!F80 -> GPON | F74: ='RESUMEN TOTAL'!L80 -> 0 | G74: ='RESUMEN TOTAL'!M80 -> 0 | H74: ='RESUMEN TOTAL'!N80 -> 0 | I74: ='RESUMEN TOTAL'!O80 -> 0 | J74: ='RESUMEN TOTAL'!P80 -> 0 | K74: ='RESUMEN TOTAL'!Q80 -> 0 | L74: ='RESUMEN TOTAL'!R80 -> 0 | M74: ='RESUMEN TOTAL'!S80 -> 0 | ... AJ74: ='RESUMEN TOTAL'!AP80 -> 0
A75: ='RESUMEN TOTAL'!A81 -> CENTRO | B75: ='RESUMEN TOTAL'!B81 -> CEN 55 | C75: ='RESUMEN TOTAL'!D81 -> BOUREL Y URQUIZA | D75: ='RESUMEN TOTAL'!E81 -> Domo | E75: ='RESUMEN TOTAL'!F81 -> GPON | F75: ='RESUMEN TOTAL'!L81 -> 0 | G75: ='RESUMEN TOTAL'!M81 -> 0 | H75: ='RESUMEN TOTAL'!N81 -> 0 | I75: ='RESUMEN TOTAL'!O81 -> 0 | J75: ='RESUMEN TOTAL'!P81 -> 0 | K75: ='RESUMEN TOTAL'!Q81 -> 0 | L75: ='RESUMEN TOTAL'!R81 -> 0 | M75: ='RESUMEN TOTAL'!S81 -> 0 | ... AJ75: ='RESUMEN TOTAL'!AP81 -> 0
A76: ='RESUMEN TOTAL'!A82 -> CENTRO | B76: ='RESUMEN TOTAL'!B82 -> CEN 56 | C76: ='RESUMEN TOTAL'!D82 -> Newbery y Falucho | D76: ='RESUMEN TOTAL'!E82 -> DOMO | E76: ='RESUMEN TOTAL'!F82 -> GPON | F76: ='RESUMEN TOTAL'!L82 -> 0 | G76: ='RESUMEN TOTAL'!M82 -> APAGADO | H76: ='RESUMEN TOTAL'!N82 -> APAGADO | I76: ='RESUMEN TOTAL'!O82 -> APAGADO | J76: ='RESUMEN TOTAL'!P82 -> 0 | K76: ='RESUMEN TOTAL'!Q82 -> APAGADO | L76: ='RESUMEN TOTAL'!R82 -> 0 | M76: ='RESUMEN TOTAL'!S82 -> APAGADO | ... AJ76: ='RESUMEN TOTAL'!AP82 -> 0
A77: ='RESUMEN TOTAL'!A83 -> CENTRO | B77: ='RESUMEN TOTAL'!B83 -> CEN 57 | C77: ='RESUMEN TOTAL'!D83 -> 25 DE MAYO Y DORREGO | D77: ='RESUMEN TOTAL'!E83 -> DOMO | E77: ='RESUMEN TOTAL'!F83 -> GPON | F77: ='RESUMEN TOTAL'!L83 -> 0 | G77: ='RESUMEN TOTAL'!M83 -> APAGADO | H77: ='RESUMEN TOTAL'!N83 -> 0 | I77: ='RESUMEN TOTAL'!O83 -> 0 | J77: ='RESUMEN TOTAL'!P83 -> 0 | K77: ='RESUMEN TOTAL'!Q83 -> 0 | L77: ='RESUMEN TOTAL'!R83 -> 0 | M77: ='RESUMEN TOTAL'!S83 -> 0 | ... AJ77: ='RESUMEN TOTAL'!AP83 -> 0
A78: ='RESUMEN TOTAL'!A84 -> CENTRO | B78: ='RESUMEN TOTAL'!B84 -> CEN 58 | C78: ='RESUMEN TOTAL'!D84 -> EEUU Y MORENO | D78: ='RESUMEN TOTAL'!E84 -> DOMO | E78: ='RESUMEN TOTAL'!F84 -> Fibra Optica | F78: ='RESUMEN TOTAL'!L84 -> 0 | G78: ='RESUMEN TOTAL'!M84 -> 0 | H78: ='RESUMEN TOTAL'!N84 -> 0 | I78: ='RESUMEN TOTAL'!O84 -> 0 | J78: ='RESUMEN TOTAL'!P84 -> 0 | K78: ='RESUMEN TOTAL'!Q84 -> 0 | L78: ='RESUMEN TOTAL'!R84 -> 0 | M78: ='RESUMEN TOTAL'!S84 -> 0 | ... AJ78: ='RESUMEN TOTAL'!AP84 -> 0
A79: ='RESUMEN TOTAL'!A85 -> CENTRO | B79: ='RESUMEN TOTAL'!B85 -> CEN59 | C79: ='RESUMEN TOTAL'!D85 -> CHACABUCO Y BOUREL | D79: ='RESUMEN TOTAL'!E85 -> DOMO | E79: ='RESUMEN TOTAL'!F85 -> GPON | F79: ='RESUMEN TOTAL'!L85 -> 0 | G79: ='RESUMEN TOTAL'!M85 -> 0 | H79: ='RESUMEN TOTAL'!N85 -> 0 | I79: ='RESUMEN TOTAL'!O85 -> 0 | J79: ='RESUMEN TOTAL'!P85 -> 0 | K79: ='RESUMEN TOTAL'!Q85 -> 0 | L79: ='RESUMEN TOTAL'!R85 -> 0 | M79: ='RESUMEN TOTAL'!S85 -> 0 | ... AJ79: ='RESUMEN TOTAL'!AP85 -> 0
A80: ='RESUMEN TOTAL'!A86 -> CENTRO | B80: ='RESUMEN TOTAL'!B86 -> CEN 60 | C80: ='RESUMEN TOTAL'!D86 -> RECONQUISTA Y ILLIA | D80: ='RESUMEN TOTAL'!E86 -> DOMO | E80: ='RESUMEN TOTAL'!F86 -> PTO A FO | F80: ='RESUMEN TOTAL'!L86 -> 0 | G80: ='RESUMEN TOTAL'!M86 -> 0 | H80: ='RESUMEN TOTAL'!N86 -> 0 | I80: ='RESUMEN TOTAL'!O86 -> 0 | J80: ='RESUMEN TOTAL'!P86 -> 0 | K80: ='RESUMEN TOTAL'!Q86 -> 0 | L80: ='RESUMEN TOTAL'!R86 -> 0 | M80: ='RESUMEN TOTAL'!S86 -> 0 | ... AJ80: ='RESUMEN TOTAL'!AP86 -> 0
... A106: ='RESUMEN TOTAL'!A112 -> CENTRO | B106: ='RESUMEN TOTAL'!B112 -> CEN 86 | C106: ='RESUMEN TOTAL'!D112 -> Monteagudo y Bocuzzi | D106: ='RESUMEN TOTAL'!E112 -> Fija | E106: ='RESUMEN TOTAL'!F112 -> Fibra Optica | F106: ='RESUMEN TOTAL'!L112 -> 0 | G106: ='RESUMEN TOTAL'!M112 -> 0 | H106: ='RESUMEN TOTAL'!N112 -> 0 | I106: ='RESUMEN TOTAL'!O112 -> 0 | J106: ='RESUMEN TOTAL'!P112 -> 0 | K106: ='RESUMEN TOTAL'!Q112 -> 0 | L106: ='RESUMEN TOTAL'!R112 -> 0 | M106: ='RESUMEN TOTAL'!S112 -> 0 | ... AJ106: ='RESUMEN TOTAL'!AP112 -> 0
A107: ='RESUMEN TOTAL'!A115 -> SAN NICOLAS | B107: ='RESUMEN TOTAL'!B115 -> CHA01 | C107: ='RESUMEN TOTAL'!D115 -> Novak y Pte Illia | D107: ='RESUMEN TOTAL'!E115 -> Domo | E107: ='RESUMEN TOTAL'!F115 -> Radio | F107: ='RESUMEN TOTAL'!L115 -> 0 | G107: ='RESUMEN TOTAL'!M115 -> 0 | H107: ='RESUMEN TOTAL'!N115 -> 0 | I107: ='RESUMEN TOTAL'!O115 -> 0 | J107: ='RESUMEN TOTAL'!P115 -> 0 | K107: ='RESUMEN TOTAL'!Q115 -> 0 | L107: ='RESUMEN TOTAL'!R115 -> 0 | M107: ='RESUMEN TOTAL'!S115 -> 0 | ... AJ107: ='RESUMEN TOTAL'!AP115 -> 0
A108: ='RESUMEN TOTAL'!A116 -> CHACABUCO | B108: ='RESUMEN TOTAL'!B116 -> CHA02 | C108: ='RESUMEN TOTAL'!D116 -> Pte. Illia y Posadas | D108: ='RESUMEN TOTAL'!E116 -> Domo | E108: ='RESUMEN TOTAL'!F116 -> Radio | F108: ='RESUMEN TOTAL'!L116 -> APAGADO | G108: ='RESUMEN TOTAL'!M116 -> APAGADO | H108: ='RESUMEN TOTAL'!N116 -> APAGADO | I108: ='RESUMEN TOTAL'!O116 -> APAGADO | J108: ='RESUMEN TOTAL'!P116 -> 0 | K108: ='RESUMEN TOTAL'!Q116 -> APAGADO | L108: ='RESUMEN TOTAL'!R116 -> 0 | M108: ='RESUMEN TOTAL'!S116 -> APAGADO | ... AJ108: ='RESUMEN TOTAL'!AP116 -> 0
A109: ='RESUMEN TOTAL'!A117 -> CHACABUCO | B109: ='RESUMEN TOTAL'!B117 -> CHA03 | C109: ='RESUMEN TOTAL'!D117 -> MAIPU Y ALVAREZ THOMAS | D109: ='RESUMEN TOTAL'!E117 -> DOMO | E109: ='RESUMEN TOTAL'!F117 -> Fibra Optica | F109: ='RESUMEN TOTAL'!L117 -> APAGADO | G109: ='RESUMEN TOTAL'!M117 -> 0 | H109: ='RESUMEN TOTAL'!N117 -> 0 | I109: ='RESUMEN TOTAL'!O117 -> 0 | J109: ='RESUMEN TOTAL'!P117 -> 0 | K109: ='RESUMEN TOTAL'!Q117 -> 0 | L109: ='RESUMEN TOTAL'!R117 -> 0 | M109: ='RESUMEN TOTAL'!S117 -> 0 | ... AJ109: ='RESUMEN TOTAL'!AP117 -> 0
A110: ='RESUMEN TOTAL'!A118 -> CHACABUCO | B110: ='RESUMEN TOTAL'!B118 -> CHA04 | C110: ='RESUMEN TOTAL'!D118 -> ESTADOS UNIDOS DE A. E ILLIA | D110: ='RESUMEN TOTAL'!E118 -> DOMO | E110: ='RESUMEN TOTAL'!F118 -> Fibra Optica | F110: ='RESUMEN TOTAL'!L118 -> APAGADO | G110: ='RESUMEN TOTAL'!M118 -> APAGADO | H110: ='RESUMEN TOTAL'!N118 -> APAGADO | I110: ='RESUMEN TOTAL'!O118 -> APAGADO | J110: ='RESUMEN TOTAL'!P118 -> 0 | K110: ='RESUMEN TOTAL'!Q118 -> APAGADO | L110: ='RESUMEN TOTAL'!R118 -> 0 | M110: ='RESUMEN TOTAL'!S118 -> APAGADO | ... AJ110: ='RESUMEN TOTAL'!AP118 -> 0
A111: ='RESUMEN TOTAL'!A119 -> VILLA MONICA NUEVA | B111: ='RESUMEN TOTAL'!B119 -> COL01 | C111: ='RESUMEN TOTAL'!D119 -> Eva Peron y Cariboni | D111: ='RESUMEN TOTAL'!E119 -> Domo | E111: ='RESUMEN TOTAL'!F119 -> Radio | F111: ='RESUMEN TOTAL'!L119 -> 0 | G111: ='RESUMEN TOTAL'!M119 -> APAGADO | H111: ='RESUMEN TOTAL'!N119 -> 0 | I111: ='RESUMEN TOTAL'!O119 -> 0 | J111: ='RESUMEN TOTAL'!P119 -> 0 | K111: ='RESUMEN TOTAL'!Q119 -> 0 | L111: ='RESUMEN TOTAL'!R119 -> 0 | M111: ='RESUMEN TOTAL'!S119 -> 0 | ... AJ111: ='RESUMEN TOTAL'!AP119 -> 0
A112: ='RESUMEN TOTAL'!A120 -> LA COLORADA ESTE | B112: ='RESUMEN TOTAL'!B120 -> COL02 | C112: ='RESUMEN TOTAL'!D120 -> Av. Eva Peron y Pompeya | D112: ='RESUMEN TOTAL'!E120 -> Domo | E112: ='RESUMEN TOTAL'!F120 -> Radio | F112: ='RESUMEN TOTAL'!L120 -> 0 | G112: ='RESUMEN TOTAL'!M120 -> APAGADO | H112: ='RESUMEN TOTAL'!N120 -> 0 | I112: ='RESUMEN TOTAL'!O120 -> 0 | J112: ='RESUMEN TOTAL'!P120 -> 0 | K112: ='RESUMEN TOTAL'!Q120 -> 0 | L112: ='RESUMEN TOTAL'!R120 -> 0 | M112: ='RESUMEN TOTAL'!S120 -> 0 | ... AJ112: ='RESUMEN TOTAL'!AP120 -> 0
A113: ='RESUMEN TOTAL'!A121 -> LA COLORADA ESTE | B113: ='RESUMEN TOTAL'!B121 -> COL 03 | C113: ='RESUMEN TOTAL'!D121 -> CARIBONI Y LA ANCIANIDAD | D113: ='RESUMEN TOTAL'!E121 -> DOMO | E113: ='RESUMEN TOTAL'!F121 -> Radio | F113: ='RESUMEN TOTAL'!L121 -> 0 | G113: ='RESUMEN TOTAL'!M121 -> 0 | H113: ='RESUMEN TOTAL'!N121 -> 0 | I113: ='RESUMEN TOTAL'!O121 -> 0 | J113: ='RESUMEN TOTAL'!P121 -> 0 | K113: ='RESUMEN TOTAL'!Q121 -> 0 | L113: ='RESUMEN TOTAL'!R121 -> 0 | M113: ='RESUMEN TOTAL'!S121 -> 0 | ... AJ113: ='RESUMEN TOTAL'!AP121 -> 0
A114: ='RESUMEN TOTAL'!A122 -> LA COLORADA ESTE | B114: ='RESUMEN TOTAL'!B122 -> COL 04 | C114: ='RESUMEN TOTAL'!D122 -> EVA PERON Y SAVIO | D114: ='RESUMEN TOTAL'!E122 -> Domo | E114: ='RESUMEN TOTAL'!F122 -> Fibra Optica | F114: ='RESUMEN TOTAL'!L122 -> 0 | G114: ='RESUMEN TOTAL'!M122 -> APAGADO | H114: ='RESUMEN TOTAL'!N122 -> 0 | I114: ='RESUMEN TOTAL'!O122 -> 0 | J114: ='RESUMEN TOTAL'!P122 -> 0 | K114: ='RESUMEN TOTAL'!Q122 -> 0 | L114: ='RESUMEN TOTAL'!R122 -> 0 | M114: ='RESUMEN TOTAL'!S122 -> 0 | ... AJ114: ='RESUMEN TOTAL'!AP122 -> 0
A115: ='RESUMEN TOTAL'!A123 -> DON JOSE | B115: ='RESUMEN TOTAL'!B123 -> DJO01 | C115: ='RESUMEN TOTAL'!D123 -> Monteverde y Donato Alvarez | D115: ='RESUMEN TOTAL'!E123 -> Domo | E115: ='RESUMEN TOTAL'!F123 -> Radio | F115: ='RESUMEN TOTAL'!L123 -> 0 | G115: ='RESUMEN TOTAL'!M123 -> 0 | H115: ='RESUMEN TOTAL'!N123 -> 0 | I115: ='RESUMEN TOTAL'!O123 -> 0 | J115: ='RESUMEN TOTAL'!P123 -> 0 | K115: ='RESUMEN TOTAL'!Q123 -> 0 | L115: ='RESUMEN TOTAL'!R123 -> 0 | M115: ='RESUMEN TOTAL'!S123 -> 0 | ... AJ115: ='RESUMEN TOTAL'!AP123 -> 0
A116: ='RESUMEN TOTAL'!A124 -> DON JOSE | B116: ='RESUMEN TOTAL'!B124 -> DJO 02 (fija 1) | C116: ='RESUMEN TOTAL'!D124 -> DONATO ALVAREZ Y EL APERO | D116: ='RESUMEN TOTAL'!E124 -> Fija | E116: ='RESUMEN TOTAL'!F124 -> PTO A FO | F116: ='RESUMEN TOTAL'!L124 -> 0 | G116: ='RESUMEN TOTAL'!M124 -> 0 | H116: ='RESUMEN TOTAL'!N124 -> 0 | I116: ='RESUMEN TOTAL'!O124 -> 0 | J116: ='RESUMEN TOTAL'!P124 -> 0 | K116: ='RESUMEN TOTAL'!Q124 -> 0 | L116: ='RESUMEN TOTAL'!R124 -> 0 | M116: ='RESUMEN TOTAL'!S124 -> 0 | ... AJ116: ='RESUMEN TOTAL'!AP124 -> 0
A117: ='RESUMEN TOTAL'!A125 -> DON JOSE | B117: ='RESUMEN TOTAL'!B125 -> DJO 03 (fija 2) | C117: ='RESUMEN TOTAL'!D125 -> DONATO ALVAREZ Y EL APERO | D117: ='RESUMEN TOTAL'!E125 -> Fija | E117: ='RESUMEN TOTAL'!F125 -> PTO A FO | F117: ='RESUMEN TOTAL'!L125 -> 0 | G117: ='RESUMEN TOTAL'!M125 -> 0 | H117: ='RESUMEN TOTAL'!N125 -> 0 | I117: ='RESUMEN TOTAL'!O125 -> 0 | J117: ='RESUMEN TOTAL'!P125 -> 0 | K117: ='RESUMEN TOTAL'!Q125 -> 0 | L117: ='RESUMEN TOTAL'!R125 -> 0 | M117: ='RESUMEN TOTAL'!S125 -> 0 | ... AJ117: ='RESUMEN TOTAL'!AP125 -> 0
A118: ='RESUMEN TOTAL'!A126 -> DON JOSE | B118: ='RESUMEN TOTAL'!B126 -> DJO 04 (Fija 1) | C118: ='RESUMEN TOTAL'!D126 -> MONTEVERDE Y EL INDIO | D118: ='RESUMEN TOTAL'!E126 -> Fija | E118: ='RESUMEN TOTAL'!F126 -> PTO A FO | F118: ='RESUMEN TOTAL'!L126 -> 0 | G118: ='RESUMEN TOTAL'!M126 -> APAGADO | H118: ='RESUMEN TOTAL'!N126 -> APAGADO | I118: ='RESUMEN TOTAL'!O126 -> APAGADO | J118: ='RESUMEN TOTAL'!P126 -> 0 | K118: ='RESUMEN TOTAL'!Q126 -> APAGADO | L118: ='RESUMEN TOTAL'!R126 -> 0 | M118: ='RESUMEN TOTAL'!S126 -> APAGADO | ... AJ118: ='RESUMEN TOTAL'!AP126 -> 0
... A121: ='RESUMEN TOTAL'!A129 -> DON JOSE | B121: ='RESUMEN TOTAL'!B129 -> DJ 07 | C121: ='RESUMEN TOTAL'!D129 -> Calle 414 y El Indio | D121: ='RESUMEN TOTAL'!E129 -> Fija | E121: ='RESUMEN TOTAL'!F129 -> PTO A FO | F121: ='RESUMEN TOTAL'!L129 -> 0 | G121: ='RESUMEN TOTAL'!M129 -> 0 | H121: ='RESUMEN TOTAL'!N129 -> 0 | I121: ='RESUMEN TOTAL'!O129 -> 0 | J121: ='RESUMEN TOTAL'!P129 -> 0 | K121: ='RESUMEN TOTAL'!Q129 -> 0 | L121: ='RESUMEN TOTAL'!R129 -> 0 | M121: ='RESUMEN TOTAL'!S129 -> 0 | ... AJ121: ='RESUMEN TOTAL'!AP129 -> 0
A122: ='RESUMEN TOTAL'!A132 -> EL PARQUE | B122: ='RESUMEN TOTAL'!B132 -> EPQ 01 | C122: ='RESUMEN TOTAL'!D132 -> 1282 Y GRIERSON | D122: ='RESUMEN TOTAL'!E132 -> DOMO | E122: ='RESUMEN TOTAL'!F132 -> Fibra Optica | F122: ='RESUMEN TOTAL'!L132 -> 0 | G122: ='RESUMEN TOTAL'!M132 -> 0 | H122: ='RESUMEN TOTAL'!N132 -> 0 | I122: ='RESUMEN TOTAL'!O132 -> 0 | J122: ='RESUMEN TOTAL'!P132 -> 0 | K122: ='RESUMEN TOTAL'!Q132 -> 0 | L122: ='RESUMEN TOTAL'!R132 -> 0 | M122: ='RESUMEN TOTAL'!S132 -> 0 | ... AJ122: ='RESUMEN TOTAL'!AP132 -> 0
A123: ='RESUMEN TOTAL'!A133 -> EL PARQUE | B123: ='RESUMEN TOTAL'!B133 -> EPQ 02 | C123: ='RESUMEN TOTAL'!D133 -> 1282 Y MASSE | D123: ='RESUMEN TOTAL'!E133 -> DOMO | E123: ='RESUMEN TOTAL'!F133 -> Fibra Optica | F123: ='RESUMEN TOTAL'!L133 -> 0 | G123: ='RESUMEN TOTAL'!M133 -> 0 | H123: ='RESUMEN TOTAL'!N133 -> 0 | I123: ='RESUMEN TOTAL'!O133 -> 0 | J123: ='RESUMEN TOTAL'!P133 -> 0 | K123: ='RESUMEN TOTAL'!Q133 -> 0 | L123: ='RESUMEN TOTAL'!R133 -> 0 | M123: ='RESUMEN TOTAL'!S133 -> 0 | ... AJ123: ='RESUMEN TOTAL'!AP133 -> 0
A124: ='RESUMEN TOTAL'!A134 -> EL PARQUE | B124: ='RESUMEN TOTAL'!B134 -> EPQ 03 | C124: ='RESUMEN TOTAL'!D134 -> 1282 Y RP 36 | D124: ='RESUMEN TOTAL'!E134 -> Domo | E124: ='RESUMEN TOTAL'!F134 -> Fibra Optica | F124: ='RESUMEN TOTAL'!L134 -> APAGADO | G124: ='RESUMEN TOTAL'!M134 -> APAGADO | H124: ='RESUMEN TOTAL'!N134 -> APAGADO | I124: ='RESUMEN TOTAL'!O134 -> APAGADO | J124: ='RESUMEN TOTAL'!P134 -> 0 | K124: ='RESUMEN TOTAL'!Q134 -> APAGADO | L124: ='RESUMEN TOTAL'!R134 -> 0 | M124: ='RESUMEN TOTAL'!S134 -> APAGADO | ... AJ124: ='RESUMEN TOTAL'!AP134 -> 0
A125: ='RESUMEN TOTAL'!A135 -> EL PARQUE | B125: ='RESUMEN TOTAL'!B135 -> EPQ 04 | C125: ='RESUMEN TOTAL'!D135 -> 1282 Y MORENO | D125: ='RESUMEN TOTAL'!E135 -> DOMO | E125: ='RESUMEN TOTAL'!F135 -> Fibra Optica | F125: ='RESUMEN TOTAL'!L135 -> 0 | G125: ='RESUMEN TOTAL'!M135 -> 0 | H125: ='RESUMEN TOTAL'!N135 -> 0 | I125: ='RESUMEN TOTAL'!O135 -> 0 | J125: ='RESUMEN TOTAL'!P135 -> 0 | K125: ='RESUMEN TOTAL'!Q135 -> 0 | L125: ='RESUMEN TOTAL'!R135 -> 0 | M125: ='RESUMEN TOTAL'!S135 -> 0 | ... AJ125: ='RESUMEN TOTAL'!AP135 -> 0
A126: ='RESUMEN TOTAL'!A136 -> LA ESMERALDA | B126: ='RESUMEN TOTAL'!B136 -> ESM01 | C126: ='RESUMEN TOTAL'!D136 -> Cabello y Brasil | D126: ='RESUMEN TOTAL'!E136 -> Domo | E126: ='RESUMEN TOTAL'!F136 -> Radio | F126: ='RESUMEN TOTAL'!L136 -> APAGADO | G126: ='RESUMEN TOTAL'!M136 -> APAGADO | H126: ='RESUMEN TOTAL'!N136 -> APAGADO | I126: ='RESUMEN TOTAL'!O136 -> APAGADO | J126: ='RESUMEN TOTAL'!P136 -> 0 | K126: ='RESUMEN TOTAL'!Q136 -> APAGADO | L126: ='RESUMEN TOTAL'!R136 -> 0 | M126: ='RESUMEN TOTAL'!S136 -> APAGADO | ... AJ126: ='RESUMEN TOTAL'!AP136 -> 0
A127: ='RESUMEN TOTAL'!A137 -> SAN JORGE | B127: ='RESUMEN TOTAL'!B137 -> ESM02 | C127: ='RESUMEN TOTAL'!D137 -> Novak y Cabello | D127: ='RESUMEN TOTAL'!E137 -> Domo | E127: ='RESUMEN TOTAL'!F137 -> PTO A FO | F127: ='RESUMEN TOTAL'!L137 -> 0 | G127: ='RESUMEN TOTAL'!M137 -> 0 | H127: ='RESUMEN TOTAL'!N137 -> 0 | I127: ='RESUMEN TOTAL'!O137 -> 0 | J127: ='RESUMEN TOTAL'!P137 -> 0 | K127: ='RESUMEN TOTAL'!Q137 -> 0 | L127: ='RESUMEN TOTAL'!R137 -> 0 | M127: ='RESUMEN TOTAL'!S137 -> 0 | ... AJ127: ='RESUMEN TOTAL'!AP137 -> 0
A128: ='RESUMEN TOTAL'!A138 -> SAN JORGE | B128: ='RESUMEN TOTAL'!B138 -> ESM03 | C128: ='RESUMEN TOTAL'!D138 -> Novak y Humahuaca | D128: ='RESUMEN TOTAL'!E138 -> DOMO | E128: ='RESUMEN TOTAL'!F138 -> PTO A FO | F128: ='RESUMEN TOTAL'!L138 -> 0 | G128: ='RESUMEN TOTAL'!M138 -> 0 | H128: ='RESUMEN TOTAL'!N138 -> 0 | I128: ='RESUMEN TOTAL'!O138 -> 0 | J128: ='RESUMEN TOTAL'!P138 -> 0 | K128: ='RESUMEN TOTAL'!Q138 -> 0 | L128: ='RESUMEN TOTAL'!R138 -> 0 | M128: ='RESUMEN TOTAL'!S138 -> 0 | ... AJ128: ='RESUMEN TOTAL'!AP138 -> 0
A129: ='RESUMEN TOTAL'!A139 -> LA ESMERALDA | B129: ='RESUMEN TOTAL'!B139 -> ESM04 | C129: ='RESUMEN TOTAL'!D139 -> Basualdo y Bengochea | D129: ='RESUMEN TOTAL'!E139 -> Domo | E129: ='RESUMEN TOTAL'!F139 -> Fibra Optica | F129: ='RESUMEN TOTAL'!L139 -> 0 | G129: ='RESUMEN TOTAL'!M139 -> 0 | H129: ='RESUMEN TOTAL'!N139 -> 0 | I129: ='RESUMEN TOTAL'!O139 -> 0 | J129: ='RESUMEN TOTAL'!P139 -> 0 | K129: ='RESUMEN TOTAL'!Q139 -> 0 | L129: ='RESUMEN TOTAL'!R139 -> 0 | M129: ='RESUMEN TOTAL'!S139 -> 0 | ... AJ129: ='RESUMEN TOTAL'!AP139 -> 0
A130: ='RESUMEN TOTAL'!A140 -> LA ESMERALDA | B130: ='RESUMEN TOTAL'!B140 -> ESM05 | C130: ='RESUMEN TOTAL'!D140 -> Aniceto Diaz y Villar | D130: ='RESUMEN TOTAL'!E140 -> Domo | E130: ='RESUMEN TOTAL'!F140 -> Fibra Optica | F130: ='RESUMEN TOTAL'!L140 -> 0 | G130: ='RESUMEN TOTAL'!M140 -> 0 | H130: ='RESUMEN TOTAL'!N140 -> 0 | I130: ='RESUMEN TOTAL'!O140 -> 0 | J130: ='RESUMEN TOTAL'!P140 -> 0 | K130: ='RESUMEN TOTAL'!Q140 -> 0 | L130: ='RESUMEN TOTAL'!R140 -> 0 | M130: ='RESUMEN TOTAL'!S140 -> 0 | ... AJ130: ='RESUMEN TOTAL'!AP140 -> 0
A131: ='RESUMEN TOTAL'!A141 -> LA ESMERALDA | B131: ='RESUMEN TOTAL'!B141 -> ESM06 | C131: ='RESUMEN TOTAL'!D141 -> Roselli y Cabello | D131: ='RESUMEN TOTAL'!E141 -> Domo | E131: ='RESUMEN TOTAL'!F141 -> GPON | F131: ='RESUMEN TOTAL'!L141 -> 0 | G131: ='RESUMEN TOTAL'!M141 -> 0 | H131: ='RESUMEN TOTAL'!N141 -> 0 | I131: ='RESUMEN TOTAL'!O141 -> 0 | J131: ='RESUMEN TOTAL'!P141 -> 0 | K131: ='RESUMEN TOTAL'!Q141 -> 0 | L131: ='RESUMEN TOTAL'!R141 -> 0 | M131: ='RESUMEN TOTAL'!S141 -> APAGADO | ... AJ131: ='RESUMEN TOTAL'!AP141 -> 0
A132: ='RESUMEN TOTAL'!A142 -> LA ESMERALDA | B132: ='RESUMEN TOTAL'!B142 -> ESM07 | C132: ='RESUMEN TOTAL'!D142 -> AV. NOVAK Y SERRANO | D132: ='RESUMEN TOTAL'!E142 -> DOMO | E132: ='RESUMEN TOTAL'!F142 -> PTO A FO | F132: ='RESUMEN TOTAL'!L142 -> 0 | G132: ='RESUMEN TOTAL'!M142 -> 0 | H132: ='RESUMEN TOTAL'!N142 -> 0 | I132: ='RESUMEN TOTAL'!O142 -> 0 | J132: ='RESUMEN TOTAL'!P142 -> 0 | K132: ='RESUMEN TOTAL'!Q142 -> 0 | L132: ='RESUMEN TOTAL'!R142 -> 0 | M132: ='RESUMEN TOTAL'!S142 -> 0 | ... AJ132: ='RESUMEN TOTAL'!AP142 -> 0
A133: ='RESUMEN TOTAL'!A143 -> LA ESMERALDA | B133: ='RESUMEN TOTAL'!B143 -> ESM 08 | C133: ='RESUMEN TOTAL'!D143 -> DAVINSON Y MORANCHEL | D133: ='RESUMEN TOTAL'!E143 -> FIJA | E133: ='RESUMEN TOTAL'!F143 -> Radio | F133: ='RESUMEN TOTAL'!L143 -> 0 | G133: ='RESUMEN TOTAL'!M143 -> 0 | H133: ='RESUMEN TOTAL'!N143 -> 0 | I133: ='RESUMEN TOTAL'!O143 -> 0 | J133: ='RESUMEN TOTAL'!P143 -> 0 | K133: ='RESUMEN TOTAL'!Q143 -> 0 | L133: ='RESUMEN TOTAL'!R143 -> 0 | M133: ='RESUMEN TOTAL'!S143 -> 0 | ... AJ133: ='RESUMEN TOTAL'!AP143 -> 0
... A171: ='RESUMEN TOTAL'!A181 -> LA PILETA | B171: ='RESUMEN TOTAL'!B181 -> LPI04 (fija 1) | C171: ='RESUMEN TOTAL'!D181 -> MAIPU Y POSADAS | D171: ='RESUMEN TOTAL'!E181 -> FIJA | E171: ='RESUMEN TOTAL'!F181 -> Fibra Optica | F171: ='RESUMEN TOTAL'!L181 -> 0 | G171: ='RESUMEN TOTAL'!M181 -> 0 | H171: ='RESUMEN TOTAL'!N181 -> 0 | I171: ='RESUMEN TOTAL'!O181 -> 0 | J171: ='RESUMEN TOTAL'!P181 -> 0 | K171: ='RESUMEN TOTAL'!Q181 -> 0 | L171: ='RESUMEN TOTAL'!R181 -> 0 | M171: ='RESUMEN TOTAL'!S181 -> 0 | ... AJ171: ='RESUMEN TOTAL'!AP181 -> 0
A172: ='RESUMEN TOTAL'!A184 -> LOS PILARES | B172: ='RESUMEN TOTAL'!B184 -> LPR 01 | C172: ='RESUMEN TOTAL'!D184 -> EVA PERON E/ CACHEUTA Y 1406 | D172: ='RESUMEN TOTAL'!E184 -> DOMO | E172: ='RESUMEN TOTAL'!F184 -> GPON | F172: ='RESUMEN TOTAL'!L184 -> 0 | G172: ='RESUMEN TOTAL'!M184 -> 0 | H172: ='RESUMEN TOTAL'!N184 -> 0 | I172: ='RESUMEN TOTAL'!O184 -> 0 | J172: ='RESUMEN TOTAL'!P184 -> 0 | K172: ='RESUMEN TOTAL'!Q184 -> 0 | L172: ='RESUMEN TOTAL'!R184 -> 0 | M172: ='RESUMEN TOTAL'!S184 -> 0 | ... AJ172: ='RESUMEN TOTAL'!AP184 -> 0
A173: ='RESUMEN TOTAL'!A185 -> LOS PILARES | B173: ='RESUMEN TOTAL'!B185 -> LPR02 (fija 1) | C173: ='RESUMEN TOTAL'!D185 -> EVA PERON Y CACHEUTA | D173: ='RESUMEN TOTAL'!E185 -> Fija | E173: ='RESUMEN TOTAL'!F185 -> GPON | F173: ='RESUMEN TOTAL'!L185 -> 0 | G173: ='RESUMEN TOTAL'!M185 -> 0 | H173: ='RESUMEN TOTAL'!N185 -> 0 | I173: ='RESUMEN TOTAL'!O185 -> 0 | J173: ='RESUMEN TOTAL'!P185 -> 0 | K173: ='RESUMEN TOTAL'!Q185 -> 0 | L173: ='RESUMEN TOTAL'!R185 -> 0 | M173: ='RESUMEN TOTAL'!S185 -> 0 | ... AJ173: ='RESUMEN TOTAL'!AP185 -> 0
A174: ='RESUMEN TOTAL'!A186 -> LOS PILARES | B174: ='RESUMEN TOTAL'!B186 -> LPR03 (fija 2) | C174: ='RESUMEN TOTAL'!D186 -> EVA PERON Y CACHEUTA | D174: ='RESUMEN TOTAL'!E186 -> Fija | E174: ='RESUMEN TOTAL'!F186 -> GPON | F174: ='RESUMEN TOTAL'!L186 -> 0 | G174: ='RESUMEN TOTAL'!M186 -> 0 | H174: ='RESUMEN TOTAL'!N186 -> 0 | I174: ='RESUMEN TOTAL'!O186 -> 0 | J174: ='RESUMEN TOTAL'!P186 -> 0 | K174: ='RESUMEN TOTAL'!Q186 -> 0 | L174: ='RESUMEN TOTAL'!R186 -> 0 | M174: ='RESUMEN TOTAL'!S186 -> 0 | ... AJ174: ='RESUMEN TOTAL'!AP186 -> 0
A175: ='RESUMEN TOTAL'!A187 -> LOPEZ ROMERO | B175: ='RESUMEN TOTAL'!B187 -> LRO 05 | C175: ='RESUMEN TOTAL'!D187 -> Calchaqui y Las Americas | D175: ='RESUMEN TOTAL'!E187 -> Fija | E175: ='RESUMEN TOTAL'!F187 -> Fibra Optica | F175: ='RESUMEN TOTAL'!L187 -> 0 | G175: ='RESUMEN TOTAL'!M187 -> 0 | H175: ='RESUMEN TOTAL'!N187 -> 0 | I175: ='RESUMEN TOTAL'!O187 -> 0 | J175: ='RESUMEN TOTAL'!P187 -> 0 | K175: ='RESUMEN TOTAL'!Q187 -> 0 | L175: ='RESUMEN TOTAL'!R187 -> 0 | M175: ='RESUMEN TOTAL'!S187 -> 0 | ... AJ175: ='RESUMEN TOTAL'!AP187 -> 0
A176: ='RESUMEN TOTAL'!A188 -> LOPEZ ROMERO | B176: ='RESUMEN TOTAL'!B188 -> LRO 09 | C176: ='RESUMEN TOTAL'!D188 -> Las Americas y Braile | D176: ='RESUMEN TOTAL'!E188 -> Domo | E176: ='RESUMEN TOTAL'!F188 -> Fibra Optica | F176: ='RESUMEN TOTAL'!L188 -> 0 | G176: ='RESUMEN TOTAL'!M188 -> 0 | H176: ='RESUMEN TOTAL'!N188 -> 0 | I176: ='RESUMEN TOTAL'!O188 -> 0 | J176: ='RESUMEN TOTAL'!P188 -> 0 | K176: ='RESUMEN TOTAL'!Q188 -> 0 | L176: ='RESUMEN TOTAL'!R188 -> 0 | M176: ='RESUMEN TOTAL'!S188 -> 0 | ... AJ176: ='RESUMEN TOTAL'!AP188 -> 0
A177: ='RESUMEN TOTAL'!A189 -> LOPEZ ROMERO | B177: ='RESUMEN TOTAL'!B189 -> LRO 10 | C177: ='RESUMEN TOTAL'!D189 -> Con. Gral. Belgrano y Balcarce | D177: ='RESUMEN TOTAL'!E189 -> Domo | E177: ='RESUMEN TOTAL'!F189 -> Fibra Optica | F177: ='RESUMEN TOTAL'!L189 -> 0 | G177: ='RESUMEN TOTAL'!M189 -> 0 | H177: ='RESUMEN TOTAL'!N189 -> 0 | I177: ='RESUMEN TOTAL'!O189 -> 0 | J177: ='RESUMEN TOTAL'!P189 -> 0 | K177: ='RESUMEN TOTAL'!Q189 -> 0 | L177: ='RESUMEN TOTAL'!R189 -> 0 | M177: ='RESUMEN TOTAL'!S189 -> 0 | ... AJ177: ='RESUMEN TOTAL'!AP189 -> 0
A178: ='RESUMEN TOTAL'!A190 -> LOPEZ ROMERO | B178: ='RESUMEN TOTAL'!B190 -> LRO 12 (fija 1) | C178: ='RESUMEN TOTAL'!D190 -> LAS AMERICAS E/ BRAILLE Y ALVARADO | D178: ='RESUMEN TOTAL'!E190 -> Fija | E178: ='RESUMEN TOTAL'!F190 -> Fibra Optica | F178: ='RESUMEN TOTAL'!L190 -> 0 | G178: ='RESUMEN TOTAL'!M190 -> 0 | H178: ='RESUMEN TOTAL'!N190 -> 0 | I178: ='RESUMEN TOTAL'!O190 -> 0 | J178: ='RESUMEN TOTAL'!P190 -> 0 | K178: ='RESUMEN TOTAL'!Q190 -> 0 | L178: ='RESUMEN TOTAL'!R190 -> 0 | M178: ='RESUMEN TOTAL'!S190 -> 0 | ... AJ178: ='RESUMEN TOTAL'!AP190 -> 0
A179: ='RESUMEN TOTAL'!A191 -> LOPEZ ROMERO | B179: ='RESUMEN TOTAL'!B191 -> LRO 13 (fija 2) | C179: ='RESUMEN TOTAL'!D191 -> LAS AMERICAS E/ BRAILLE Y ALVARADO | D179: ='RESUMEN TOTAL'!E191 -> Fija | E179: ='RESUMEN TOTAL'!F191 -> Fibra Optica | F179: ='RESUMEN TOTAL'!L191 -> 0 | G179: ='RESUMEN TOTAL'!M191 -> 0 | H179: ='RESUMEN TOTAL'!N191 -> 0 | I179: ='RESUMEN TOTAL'!O191 -> 0 | J179: ='RESUMEN TOTAL'!P191 -> 0 | K179: ='RESUMEN TOTAL'!Q191 -> 0 | L179: ='RESUMEN TOTAL'!R191 -> 0 | M179: ='RESUMEN TOTAL'!S191 -> 0 | ... AJ179: ='RESUMEN TOTAL'!AP191 -> 0
A180: ='RESUMEN TOTAL'!A192 -> LOPEZ ROMERO | B180: ='RESUMEN TOTAL'!B192 -> LRO01 | C180: ='RESUMEN TOTAL'!D192 -> H. IRIGOYEN Y BRAILE | D180: ='RESUMEN TOTAL'!E192 -> FIJA | E180: ='RESUMEN TOTAL'!F192 -> GPON | F180: ='RESUMEN TOTAL'!L192 -> 0 | G180: ='RESUMEN TOTAL'!M192 -> 0 | H180: ='RESUMEN TOTAL'!N192 -> 0 | I180: ='RESUMEN TOTAL'!O192 -> 0 | J180: ='RESUMEN TOTAL'!P192 -> 0 | K180: ='RESUMEN TOTAL'!Q192 -> 0 | L180: ='RESUMEN TOTAL'!R192 -> 0 | M180: ='RESUMEN TOTAL'!S192 -> 0 | ... AJ180: ='RESUMEN TOTAL'!AP192 -> 0
A181: ='RESUMEN TOTAL'!A193 -> PRESIDENTE SARMIENTO | B181: ='RESUMEN TOTAL'!B193 -> LRO02 | C181: ='RESUMEN TOTAL'!D193 -> H. Irigoyen e Islas Orcadas | D181: ='RESUMEN TOTAL'!E193 -> Domo | E181: ='RESUMEN TOTAL'!F193 -> Fibra Optica | F181: ='RESUMEN TOTAL'!L193 -> 0 | G181: ='RESUMEN TOTAL'!M193 -> 0 | H181: ='RESUMEN TOTAL'!N193 -> 0 | I181: ='RESUMEN TOTAL'!O193 -> 0 | J181: ='RESUMEN TOTAL'!P193 -> 0 | K181: ='RESUMEN TOTAL'!Q193 -> 0 | L181: ='RESUMEN TOTAL'!R193 -> 0 | M181: ='RESUMEN TOTAL'!S193 -> 0 | ... AJ181: ='RESUMEN TOTAL'!AP193 -> 0
A182: ='RESUMEN TOTAL'!A194 -> LOPEZ ROMERO | B182: ='RESUMEN TOTAL'!B194 -> LRO03 | C182: ='RESUMEN TOTAL'!D194 -> H. Irigoyen y Parravicini | D182: ='RESUMEN TOTAL'!E194 -> Fija | E182: ='RESUMEN TOTAL'!F194 -> Fibra Optica | F182: ='RESUMEN TOTAL'!L194 -> 0 | G182: ='RESUMEN TOTAL'!M194 -> 0 | H182: ='RESUMEN TOTAL'!N194 -> 0 | I182: ='RESUMEN TOTAL'!O194 -> 0 | J182: ='RESUMEN TOTAL'!P194 -> 0 | K182: ='RESUMEN TOTAL'!Q194 -> 0 | L182: ='RESUMEN TOTAL'!R194 -> 0 | M182: ='RESUMEN TOTAL'!S194 -> 0 | ... AJ182: ='RESUMEN TOTAL'!AP194 -> 0
A183: ='RESUMEN TOTAL'!A195 -> LOPEZ ROMERO | B183: ='RESUMEN TOTAL'!B195 -> LRO04 | C183: ='RESUMEN TOTAL'!D195 -> H. Irigoyen y Alvarado | D183: ='RESUMEN TOTAL'!E195 -> FIJA | E183: ='RESUMEN TOTAL'!F195 -> Fibra Optica | F183: ='RESUMEN TOTAL'!L195 -> 0 | G183: ='RESUMEN TOTAL'!M195 -> 0 | H183: ='RESUMEN TOTAL'!N195 -> 0 | I183: ='RESUMEN TOTAL'!O195 -> 0 | J183: ='RESUMEN TOTAL'!P195 -> 0 | K183: ='RESUMEN TOTAL'!Q195 -> 0 | L183: ='RESUMEN TOTAL'!R195 -> 0 | M183: ='RESUMEN TOTAL'!S195 -> 0 | ... AJ183: ='RESUMEN TOTAL'!AP195 -> 0
... A200: ='RESUMEN TOTAL'!A212 -> 0 | B200: ='RESUMEN TOTAL'!B212 -> MCUD 01 | C200: ='RESUMEN TOTAL'!D212 -> TINOGASTA Y SAN LORENZO | D200: ='RESUMEN TOTAL'!E212 -> Domo | E200: ='RESUMEN TOTAL'!F212 -> Fibra Optica | F200: ='RESUMEN TOTAL'!L212 -> 0 | G200: ='RESUMEN TOTAL'!M212 -> 0 | H200: ='RESUMEN TOTAL'!N212 -> 0 | I200: ='RESUMEN TOTAL'!O212 -> 0 | J200: ='RESUMEN TOTAL'!P212 -> 0 | K200: ='RESUMEN TOTAL'!Q212 -> 0 | L200: ='RESUMEN TOTAL'!R212 -> 0 | M200: ='RESUMEN TOTAL'!S212 -> 0 | ... AJ200: ='RESUMEN TOTAL'!AP212 -> 0
A201: ='RESUMEN TOTAL'!A214 -> MARTIN FIERRO | B201: ='RESUMEN TOTAL'!B214 -> MFI 01 | C201: ='RESUMEN TOTAL'!D214 -> Belgrano y Sgto. Cabral | D201: ='RESUMEN TOTAL'!E214 -> Fija | E201: ='RESUMEN TOTAL'!F214 -> Fibra Optica | F201: ='RESUMEN TOTAL'!L214 -> 0 | G201: ='RESUMEN TOTAL'!M214 -> 0 | H201: ='RESUMEN TOTAL'!N214 -> 0 | I201: ='RESUMEN TOTAL'!O214 -> 0 | J201: ='RESUMEN TOTAL'!P214 -> 0 | K201: ='RESUMEN TOTAL'!Q214 -> 0 | L201: ='RESUMEN TOTAL'!R214 -> 0 | M201: ='RESUMEN TOTAL'!S214 -> 0 | ... AJ201: ='RESUMEN TOTAL'!AP214 -> 0
A202: ='RESUMEN TOTAL'!A215 -> LOPEZ ROMERO | B202: ='RESUMEN TOTAL'!B215 -> MFI02 | C202: ='RESUMEN TOTAL'!D215 -> Calchaqui y Balcarce | D202: ='RESUMEN TOTAL'!E215 -> Fija | E202: ='RESUMEN TOTAL'!F215 -> Fibra Optica | F202: ='RESUMEN TOTAL'!L215 -> 0 | G202: ='RESUMEN TOTAL'!M215 -> 0 | H202: ='RESUMEN TOTAL'!N215 -> 0 | I202: ='RESUMEN TOTAL'!O215 -> 0 | J202: ='RESUMEN TOTAL'!P215 -> 0 | K202: ='RESUMEN TOTAL'!Q215 -> 0 | L202: ='RESUMEN TOTAL'!R215 -> 0 | M202: ='RESUMEN TOTAL'!S215 -> 0 | ... AJ202: ='RESUMEN TOTAL'!AP215 -> 0
A203: ='RESUMEN TOTAL'!A216 -> SAN EMILIO | B203: ='RESUMEN TOTAL'!B216 -> MFI 03 | C203: ='RESUMEN TOTAL'!D216 -> Cno. Gral. Belgrano y Av. del Trabajo | D203: ='RESUMEN TOTAL'!E216 -> Domo | E203: ='RESUMEN TOTAL'!F216 -> Fibra Optica | F203: ='RESUMEN TOTAL'!L216 -> 0 | G203: ='RESUMEN TOTAL'!M216 -> 0 | H203: ='RESUMEN TOTAL'!N216 -> 0 | I203: ='RESUMEN TOTAL'!O216 -> 0 | J203: ='RESUMEN TOTAL'!P216 -> 0 | K203: ='RESUMEN TOTAL'!Q216 -> 0 | L203: ='RESUMEN TOTAL'!R216 -> 0 | M203: ='RESUMEN TOTAL'!S216 -> 0 | ... AJ203: ='RESUMEN TOTAL'!AP216 -> 0
A204: ='RESUMEN TOTAL'!A217 -> MARTIN FIERRO | B204: ='RESUMEN TOTAL'!B217 -> MFI04 | C204: ='RESUMEN TOTAL'!D217 -> Calchaqui y balcarce | D204: ='RESUMEN TOTAL'!E217 -> Domo | E204: ='RESUMEN TOTAL'!F217 -> Fibra Optica | F204: ='RESUMEN TOTAL'!L217 -> 0 | G204: ='RESUMEN TOTAL'!M217 -> 0 | H204: ='RESUMEN TOTAL'!N217 -> 0 | I204: ='RESUMEN TOTAL'!O217 -> 0 | J204: ='RESUMEN TOTAL'!P217 -> 0 | K204: ='RESUMEN TOTAL'!Q217 -> 0 | L204: ='RESUMEN TOTAL'!R217 -> 0 | M204: ='RESUMEN TOTAL'!S217 -> 0 | ... AJ204: ='RESUMEN TOTAL'!AP217 -> 0
A205: ='RESUMEN TOTAL'!A218 -> SAN EMILIO | B205: ='RESUMEN TOTAL'!B218 -> MFI 05 | C205: ='RESUMEN TOTAL'!D218 -> Cno. Gral. Belgrano y Guayaquil | D205: ='RESUMEN TOTAL'!E218 -> Domo | E205: ='RESUMEN TOTAL'!F218 -> Fibra Optica | F205: ='RESUMEN TOTAL'!L218 -> 0 | G205: ='RESUMEN TOTAL'!M218 -> 0 | H205: ='RESUMEN TOTAL'!N218 -> 0 | I205: ='RESUMEN TOTAL'!O218 -> 0 | J205: ='RESUMEN TOTAL'!P218 -> 0 | K205: ='RESUMEN TOTAL'!Q218 -> 0 | L205: ='RESUMEN TOTAL'!R218 -> 0 | M205: ='RESUMEN TOTAL'!S218 -> 0 | ... AJ205: ='RESUMEN TOTAL'!AP218 -> 0
A206: ='RESUMEN TOTAL'!A219 -> SAN EMILIO | B206: ='RESUMEN TOTAL'!B219 -> MFI06 | C206: ='RESUMEN TOTAL'!D219 -> Con. Gral. Belgrano y Bombero Galarza | D206: ='RESUMEN TOTAL'!E219 -> DOMO | E206: ='RESUMEN TOTAL'!F219 -> Radio | F206: ='RESUMEN TOTAL'!L219 -> 0 | G206: ='RESUMEN TOTAL'!M219 -> 0 | H206: ='RESUMEN TOTAL'!N219 -> 0 | I206: ='RESUMEN TOTAL'!O219 -> 0 | J206: ='RESUMEN TOTAL'!P219 -> 0 | K206: ='RESUMEN TOTAL'!Q219 -> 0 | L206: ='RESUMEN TOTAL'!R219 -> 0 | M206: ='RESUMEN TOTAL'!S219 -> 0 | ... AJ206: ='RESUMEN TOTAL'!AP219 -> 0
A207: ='RESUMEN TOTAL'!A220 -> MARTIN FIERRO | B207: ='RESUMEN TOTAL'!B220 -> MFI 07 | C207: ='RESUMEN TOTAL'!D220 -> Sargento Cabral y Carlos Gardel | D207: ='RESUMEN TOTAL'!E220 -> Domo | E207: ='RESUMEN TOTAL'!F220 -> PTO A FO | F207: ='RESUMEN TOTAL'!L220 -> 0 | G207: ='RESUMEN TOTAL'!M220 -> 0 | H207: ='RESUMEN TOTAL'!N220 -> 0 | I207: ='RESUMEN TOTAL'!O220 -> 0 | J207: ='RESUMEN TOTAL'!P220 -> 0 | K207: ='RESUMEN TOTAL'!Q220 -> 0 | L207: ='RESUMEN TOTAL'!R220 -> 0 | M207: ='RESUMEN TOTAL'!S220 -> 0 | ... AJ207: ='RESUMEN TOTAL'!AP220 -> 0
A208: ='RESUMEN TOTAL'!A221 -> MARTIN FIERRO | B208: ='RESUMEN TOTAL'!B221 -> MFI 08 | C208: ='RESUMEN TOTAL'!D221 -> Braile y Batalla de Callao | D208: ='RESUMEN TOTAL'!E221 -> Domo | E208: ='RESUMEN TOTAL'!F221 -> PTO A FO | F208: ='RESUMEN TOTAL'!L221 -> 0 | G208: ='RESUMEN TOTAL'!M221 -> 0 | H208: ='RESUMEN TOTAL'!N221 -> 0 | I208: ='RESUMEN TOTAL'!O221 -> 0 | J208: ='RESUMEN TOTAL'!P221 -> 0 | K208: ='RESUMEN TOTAL'!Q221 -> 0 | L208: ='RESUMEN TOTAL'!R221 -> 0 | M208: ='RESUMEN TOTAL'!S221 -> 0 | ... AJ208: ='RESUMEN TOTAL'!AP221 -> 0
A209: ='RESUMEN TOTAL'!A222 -> GOBERNADOR MONTEVERDE | B209: ='RESUMEN TOTAL'!B222 -> MON01 | C209: ='RESUMEN TOTAL'!D222 -> San Martin y Patricias Argentinas | D209: ='RESUMEN TOTAL'!E222 -> Fija | E209: ='RESUMEN TOTAL'!F222 -> Fibra Optica | F209: ='RESUMEN TOTAL'!L222 -> 0 | G209: ='RESUMEN TOTAL'!M222 -> 0 | H209: ='RESUMEN TOTAL'!N222 -> 0 | I209: ='RESUMEN TOTAL'!O222 -> 0 | J209: ='RESUMEN TOTAL'!P222 -> 0 | K209: ='RESUMEN TOTAL'!Q222 -> 0 | L209: ='RESUMEN TOTAL'!R222 -> 0 | M209: ='RESUMEN TOTAL'!S222 -> 0 | ... AJ209: ='RESUMEN TOTAL'!AP222 -> 0
A210: ='RESUMEN TOTAL'!A223 -> GOBERNADOR MONTEVERDE | B210: ='RESUMEN TOTAL'!B223 -> MON02 | C210: ='RESUMEN TOTAL'!D223 -> Senzabello y Famatina | D210: ='RESUMEN TOTAL'!E223 -> Domo | E210: ='RESUMEN TOTAL'!F223 -> Radio | F210: ='RESUMEN TOTAL'!L223 -> 0 | G210: ='RESUMEN TOTAL'!M223 -> 0 | H210: ='RESUMEN TOTAL'!N223 -> 0 | I210: ='RESUMEN TOTAL'!O223 -> 0 | J210: ='RESUMEN TOTAL'!P223 -> 0 | K210: ='RESUMEN TOTAL'!Q223 -> 0 | L210: ='RESUMEN TOTAL'!R223 -> 0 | M210: ='RESUMEN TOTAL'!S223 -> 0 | ... AJ210: ='RESUMEN TOTAL'!AP223 -> 0
A211: ='RESUMEN TOTAL'!A224 -> GOBERNADOR MONTEVERDE | B211: ='RESUMEN TOTAL'!B224 -> MON03 | C211: ='RESUMEN TOTAL'!D224 -> Senzabello y Guemes | D211: ='RESUMEN TOTAL'!E224 -> Domo | E211: ='RESUMEN TOTAL'!F224 -> Radio | F211: ='RESUMEN TOTAL'!L224 -> 0 | G211: ='RESUMEN TOTAL'!M224 -> 0 | H211: ='RESUMEN TOTAL'!N224 -> 0 | I211: ='RESUMEN TOTAL'!O224 -> 0 | J211: ='RESUMEN TOTAL'!P224 -> 0 | K211: ='RESUMEN TOTAL'!Q224 -> 0 | L211: ='RESUMEN TOTAL'!R224 -> 0 | M211: ='RESUMEN TOTAL'!S224 -> 0 | ... AJ211: ='RESUMEN TOTAL'!AP224 -> 0
A212: ='RESUMEN TOTAL'!A225 -> GOBERNADOR MONTEVERDE | B212: ='RESUMEN TOTAL'!B225 -> MON04 | C212: ='RESUMEN TOTAL'!D225 -> Av. Yrigoyen y San Lorenzo | D212: ='RESUMEN TOTAL'!E225 -> Domo | E212: ='RESUMEN TOTAL'!F225 -> GPON | F212: ='RESUMEN TOTAL'!L225 -> 0 | G212: ='RESUMEN TOTAL'!M225 -> 0 | H212: ='RESUMEN TOTAL'!N225 -> 0 | I212: ='RESUMEN TOTAL'!O225 -> 0 | J212: ='RESUMEN TOTAL'!P225 -> 0 | K212: ='RESUMEN TOTAL'!Q225 -> 0 | L212: ='RESUMEN TOTAL'!R225 -> 0 | M212: ='RESUMEN TOTAL'!S225 -> APAGADO | ... AJ212: ='RESUMEN TOTAL'!AP225 -> 0
... A221: ='RESUMEN TOTAL'!A234 -> 9 DE JULIO | B221: ='RESUMEN TOTAL'!B234 -> NJU09 | C221: ='RESUMEN TOTAL'!D234 -> PARRILLO Y CONTRERAS | D221: ='RESUMEN TOTAL'!E234 -> DOMO | E221: ='RESUMEN TOTAL'!F234 -> Fibra Optica | F221: ='RESUMEN TOTAL'!L234 -> 0 | G221: ='RESUMEN TOTAL'!M234 -> APAGADO | H221: ='RESUMEN TOTAL'!N234 -> APAGADO | I221: ='RESUMEN TOTAL'!O234 -> 0 | J221: ='RESUMEN TOTAL'!P234 -> 0 | K221: ='RESUMEN TOTAL'!Q234 -> 0 | L221: ='RESUMEN TOTAL'!R234 -> 0 | M221: ='RESUMEN TOTAL'!S234 -> 0 | ... AJ221: ='RESUMEN TOTAL'!AP234 -> 0
A222: ='RESUMEN TOTAL'!A236 -> PICO DE ORO | B222: ='RESUMEN TOTAL'!B236 -> PCO 01 | C222: ='RESUMEN TOTAL'!D236 -> CEMENTERIO | D222: ='RESUMEN TOTAL'!E236 -> DOMO | E222: ='RESUMEN TOTAL'!F236 -> Fibra Optica | F222: ='RESUMEN TOTAL'!L236 -> 0 | G222: ='RESUMEN TOTAL'!M236 -> APAGADO | H222: ='RESUMEN TOTAL'!N236 -> 0 | I222: ='RESUMEN TOTAL'!O236 -> 0 | J222: ='RESUMEN TOTAL'!P236 -> 0 | K222: ='RESUMEN TOTAL'!Q236 -> 0 | L222: ='RESUMEN TOTAL'!R236 -> 0 | M222: ='RESUMEN TOTAL'!S236 -> 0 | ... AJ222: ='RESUMEN TOTAL'!AP236 -> 0
A223: ='RESUMEN TOTAL'!A237 -> PICO DE ORO | B223: ='RESUMEN TOTAL'!B237 -> PCO02 (fija 1) | C223: ='RESUMEN TOTAL'!D237 -> SICILIA E/ VIENA Y VARSOVIA | D223: ='RESUMEN TOTAL'!E237 -> Fija | E223: ='RESUMEN TOTAL'!F237 -> Fibra Optica | F223: ='RESUMEN TOTAL'!L237 -> 0 | G223: ='RESUMEN TOTAL'!M237 -> APAGADO | H223: ='RESUMEN TOTAL'!N237 -> 0 | I223: ='RESUMEN TOTAL'!O237 -> 0 | J223: ='RESUMEN TOTAL'!P237 -> 0 | K223: ='RESUMEN TOTAL'!Q237 -> 0 | L223: ='RESUMEN TOTAL'!R237 -> 0 | M223: ='RESUMEN TOTAL'!S237 -> 0 | ... AJ223: ='RESUMEN TOTAL'!AP237 -> 0
A224: ='RESUMEN TOTAL'!A238 -> PICO DE ORO | B224: ='RESUMEN TOTAL'!B238 -> PCO03 (fija 2) | C224: ='RESUMEN TOTAL'!D238 -> SICILIA E/ VIENA Y VARSOVIA | D224: ='RESUMEN TOTAL'!E238 -> Fija | E224: ='RESUMEN TOTAL'!F238 -> Fibra Optica | F224: ='RESUMEN TOTAL'!L238 -> 0 | G224: ='RESUMEN TOTAL'!M238 -> APAGADO | H224: ='RESUMEN TOTAL'!N238 -> 0 | I224: ='RESUMEN TOTAL'!O238 -> 0 | J224: ='RESUMEN TOTAL'!P238 -> 0 | K224: ='RESUMEN TOTAL'!Q238 -> 0 | L224: ='RESUMEN TOTAL'!R238 -> 0 | M224: ='RESUMEN TOTAL'!S238 -> 0 | ... AJ224: ='RESUMEN TOTAL'!AP238 -> 0
A225: ='RESUMEN TOTAL'!A239 -> PICO DE ORO | B225: ='RESUMEN TOTAL'!B239 -> PCO04 (fija 1) | C225: ='RESUMEN TOTAL'!D239 -> BERNA Y POLONIA | D225: ='RESUMEN TOTAL'!E239 -> Fija | E225: ='RESUMEN TOTAL'!F239 -> Fibra Optica | F225: ='RESUMEN TOTAL'!L239 -> 0 | G225: ='RESUMEN TOTAL'!M239 -> APAGADO | H225: ='RESUMEN TOTAL'!N239 -> 0 | I225: ='RESUMEN TOTAL'!O239 -> 0 | J225: ='RESUMEN TOTAL'!P239 -> 0 | K225: ='RESUMEN TOTAL'!Q239 -> 0 | L225: ='RESUMEN TOTAL'!R239 -> 0 | M225: ='RESUMEN TOTAL'!S239 -> 0 | ... AJ225: ='RESUMEN TOTAL'!AP239 -> 0
A226: ='RESUMEN TOTAL'!A240 -> PICO DE ORO | B226: ='RESUMEN TOTAL'!B240 -> PCO05 (fija 2) | C226: ='RESUMEN TOTAL'!D240 -> BERNA Y POLONIA | D226: ='RESUMEN TOTAL'!E240 -> Fija | E226: ='RESUMEN TOTAL'!F240 -> Fibra Optica | F226: ='RESUMEN TOTAL'!L240 -> 0 | G226: ='RESUMEN TOTAL'!M240 -> APAGADO | H226: ='RESUMEN TOTAL'!N240 -> 0 | I226: ='RESUMEN TOTAL'!O240 -> 0 | J226: ='RESUMEN TOTAL'!P240 -> 0 | K226: ='RESUMEN TOTAL'!Q240 -> 0 | L226: ='RESUMEN TOTAL'!R240 -> 0 | M226: ='RESUMEN TOTAL'!S240 -> 0 | ... AJ226: ='RESUMEN TOTAL'!AP240 -> 0
...

Sheet APAGADOS ANTENA
C1: TOTAL PTO A FO
E2: APAGADOS | F2: =COUNTIFS(F5:F502, "=APAGADO",E5:E502,"=PTO A FO") -> 2 | G2: =COUNTIFS(G5:G502, "=APAGADO",E5:E502,"=PTO A FO") -> 6 | H2: =COUNTIFS(H5:H502, "=APAGADO",E5:E502,"=PTO A FO") -> 5 | I2: =COUNTIFS(I5:I602, "=APAGADO",E5:E602,"=PTO A FO") -> 4 | J2: =COUNTIFS(J5:J502, "=APAGADO",E5:E502,"=PTO A FO") -> 0 | K2: =COUNTIFS(K5:K502, "=APAGADO",E5:E502,"=PTO A FO") -> 4 | L2: =COUNTIFS(L5:L502, "=APAGADO",E5:E502,"=PTO A FO") -> 0 | M2: =COUNTIFS(M5:M502, "=APAGADO",E5:E502,"=PTO A FO") -> 4 | N2: =COUNTIFS(N5:N502, "=APAGADO",E5:E502,"=PTO A FO") -> 3 | O2: =COUNTIFS(O5:O502, "=APAGADO",E5:E502,"=PTO A FO") -> 5 | P2: =COUNTIFS(P5:P502, "=APAGADO",E5:E502,"=PTO A FO") -> 5 | Q2: =COUNTIFS(Q5:Q502, "=APAGADO",E5:E502,"=PTO A FO") -> 6 | R2: =COUNTIFS(R5:R502, "=APAGADO",E5:E502,"=PTO A FO") -> 3 | S2: =COUNTIFS(S5:S502, "=APAGADO",E5:E502,"=PTO A FO") -> 4 | T2: =COUNTIFS(T5:T502, "=APAGADO",E5:E502,"=PTO A FO") -> 4 | U2: =COUNTIFS(U5:U502, "=APAGADO",E5:E502,"=PTO A FO") -> 5 | V2: =COUNTIFS(V5:V502, "=APAGADO",E5:E502,"=PTO A FO") -> 3 | W2: =COUNTIFS(W5:W502, "=APAGADO",E5:E502,"=PTO A FO") -> 4 | X2: =COUNTIFS(X4:X502, "=APAGADO",E4:E502,"=PTO A FO") -> 0 | Y2: =COUNTIFS(Y5:Y502, "=APAGADO",E5:E502,"=PTO A FO") -> 3 | Z2: =COUNTIFS(Z5:Z502, "=APAGADO",E5:E502,"=PTO A FO") -> 4 | AA2: =COUNTIFS(AA5:AA502, "=APAGADO",E5:E502,"=PTO A FO") -> 3 | AB2: =COUNTIFS(AB5:AB502, "=APAGADO",E5:E502,"=PTO A FO") -> 5 | AC2: =COUNTIFS(AC4:AC602, "=APAGADO",E4:E602,"=PTO A FO") -> 7 | AD2: =COUNTIFS(AD5:AD502, "=APAGADO",E5:E502,"=PTO A FO") -> 7 | AE2: =COUNTIFS(AE5:AE502, "=APAGADO",E5:E502,"=PTO A FO") -> 0 | AF2: =COUNTIFS(AF5:AF502, "=APAGADO",E5:E502,"=PTO A FO") -> 0 | AG2: =COUNTIFS(AG5:AG502, "=APAGADO",E5:E502,"=PTO A FO") -> 0 | AH2: =COUNTIFS(AH5:AH502, "=APAGADO",E5:E502,"=PTO A FO") -> 0 | AI2: =COUNTIFS(AI5:AI502, "=APAGADO",F5:F502,"=PTO A FO") -> 0 | AJ2: =COUNTIFS(AJ5:AJ502, "=APAGADO",G5:G502,"=PTO A FO") -> 0
A3: =ESTADISTICA!A1 -> Barrio | B3: =ESTADISTICA!B1 -> [Denominacion] | C3: =ESTADISTICA!C1 -> [Ubicacion] | D3: =ESTADISTICA!D1 -> [Tipo de Camara] | E3: =ESTADISTICA!E1 -> [Tipo de Conexion] | F3: =ESTADISTICA!F1 -> 45292 | G3: =ESTADISTICA!G1 -> 45293 | H3: =ESTADISTICA!H1 -> 45294 | ... AI3: =ESTADISTICA!AI1 -> 45321 | AJ3: 45688
A4: ='RESUMEN TOTAL'!A6 -> ALTAMIRA | B4: ='RESUMEN TOTAL'!B6 -> ALT02 | C4: ='RESUMEN TOTAL'!D6 -> Calchaqui y Lope de Vega | D4: ='RESUMEN TOTAL'!E6 -> Domo | E4: ='RESUMEN TOTAL'!F6 -> PTO A FO | F4: ='RESUMEN TOTAL'!L6 -> 0 | G4: ='RESUMEN TOTAL'!M6 -> 0 | H4: ='RESUMEN TOTAL'!N6 -> 0 | I4: ='RESUMEN TOTAL'!O6 -> 0 | J4: ='RESUMEN TOTAL'!P6 -> 0 | K4: ='RESUMEN TOTAL'!Q6 -> 0 | L4: ='RESUMEN TOTAL'!R6 -> 0 | M4: ='RESUMEN TOTAL'!S6 -> 0 | ... AJ4: ='RESUMEN TOTAL'!AP6 -> 0
A5: ='RESUMEN TOTAL'!A7 -> ALTAMIRA | B5: ='RESUMEN TOTAL'!B7 -> ALT 03 | C5: ='RESUMEN TOTAL'!D7 -> Bombero Galarza y Necochea | D5: ='RESUMEN TOTAL'!E7 -> Domo | E5: ='RESUMEN TOTAL'!F7 -> Fibra Optica | F5: ='RESUMEN TOTAL'!L7 -> 0 | G5: ='RESUMEN TOTAL'!M7 -> 0 | H5: ='RESUMEN TOTAL'!N7 -> 0 | I5: ='RESUMEN TOTAL'!O7 -> 0 | J5: ='RESUMEN TOTAL'!P7 -> 0 | K5: ='RESUMEN TOTAL'!Q7 -> 0 | L5: ='RESUMEN TOTAL'!R7 -> 0 | M5: ='RESUMEN TOTAL'!S7 -> 0 | ... AJ5: ='RESUMEN TOTAL'!AP7 -> 0
A6: ='RESUMEN TOTAL'!A8 -> ALTAMIRA | B6: ='RESUMEN TOTAL'!B8 -> ALT 04 | C6: ='RESUMEN TOTAL'!D8 -> Francia y Necochea | D6: ='RESUMEN TOTAL'!E8 -> Domo | E6: ='RESUMEN TOTAL'!F8 -> Fibra Optica | F6: ='RESUMEN TOTAL'!L8 -> 0 | G6: ='RESUMEN TOTAL'!M8 -> 0 | H6: ='RESUMEN TOTAL'!N8 -> 0 | I6: ='RESUMEN TOTAL'!O8 -> 0 | J6: ='RESUMEN TOTAL'!P8 -> 0 | K6: ='RESUMEN TOTAL'!Q8 -> 0 | L6: ='RESUMEN TOTAL'!R8 -> 0 | M6: ='RESUMEN TOTAL'!S8 -> 0 | ... AJ6: ='RESUMEN TOTAL'!AP8 -> 0
A7: ='RESUMEN TOTAL'!A9 -> ALTAMIRA | B7: ='RESUMEN TOTAL'!B9 -> ALT05 | C7: ='RESUMEN TOTAL'!D9 -> Av. Calchaqui y Bombero Galarza | D7: ='RESUMEN TOTAL'!E9 -> Domo | E7: ='RESUMEN TOTAL'!F9 -> PTO A FO | F7: ='RESUMEN TOTAL'!L9 -> 0 | G7: ='RESUMEN TOTAL'!M9 -> APAGADO | H7: ='RESUMEN TOTAL'!N9 -> APAGADO | I7: ='RESUMEN TOTAL'!O9 -> 0 | J7: ='RESUMEN TOTAL'!P9 -> 0 | K7: ='RESUMEN TOTAL'!Q9 -> 0 | L7: ='RESUMEN TOTAL'!R9 -> 0 | M7: ='RESUMEN TOTAL'!S9 -> 0 | ... AJ7: ='RESUMEN TOTAL'!AP9 -> 0
A8: ='RESUMEN TOTAL'!A10 -> ALTAMIRA | B8: ='RESUMEN TOTAL'!B10 -> ALT 06 | C8: ='RESUMEN TOTAL'!D10 -> LOPE DE VEGA Y NECOCHEA | D8: ='RESUMEN TOTAL'!E10 -> Domo | E8: ='RESUMEN TOTAL'!F10 -> PTO A FO | F8: ='RESUMEN TOTAL'!L10 -> 0 | G8: ='RESUMEN TOTAL'!M10 -> 0 | H8: ='RESUMEN TOTAL'!N10 -> 0 | I8: ='RESUMEN TOTAL'!O10 -> 0 | J8: ='RESUMEN TOTAL'!P10 -> 0 | K8: ='RESUMEN TOTAL'!Q10 -> 0 | L8: ='RESUMEN TOTAL'!R10 -> 0 | M8: ='RESUMEN TOTAL'!S10 -> 0 | ... AJ8: ='RESUMEN TOTAL'!AP10 -> 0
A9: ='RESUMEN TOTAL'!A11 -> ALTAMIRA | B9: ='RESUMEN TOTAL'!B11 -> ALT07 | C9: ='RESUMEN TOTAL'!D11 -> AV. CALCHAQUI Y AV. DEL TRABAJO | D9: ='RESUMEN TOTAL'!E11 -> DOMO | E9: ='RESUMEN TOTAL'!F11 -> PTO A FO | F9: ='RESUMEN TOTAL'!L11 -> 0 | G9: ='RESUMEN TOTAL'!M11 -> 0 | H9: ='RESUMEN TOTAL'!N11 -> 0 | I9: ='RESUMEN TOTAL'!O11 -> 0 | J9: ='RESUMEN TOTAL'!P11 -> 0 | K9: ='RESUMEN TOTAL'!Q11 -> 0 | L9: ='RESUMEN TOTAL'!R11 -> 0 | M9: ='RESUMEN TOTAL'!S11 -> 0 | ... AJ9: ='RESUMEN TOTAL'!AP11 -> 0
A10: ='RESUMEN TOTAL'!A12 -> ALTAMIRA | B10: ='RESUMEN TOTAL'!B12 -> ALT 08 | C10: ='RESUMEN TOTAL'!D12 -> HUMAITA Y NECOCHEA | D10: ='RESUMEN TOTAL'!E12 -> DOMO | E10: ='RESUMEN TOTAL'!F12 -> Fibra Optica | F10: ='RESUMEN TOTAL'!L12 -> 0 | G10: ='RESUMEN TOTAL'!M12 -> 0 | H10: ='RESUMEN TOTAL'!N12 -> 0 | I10: ='RESUMEN TOTAL'!O12 -> 0 | J10: ='RESUMEN TOTAL'!P12 -> 0 | K10: ='RESUMEN TOTAL'!Q12 -> 0 | L10: ='RESUMEN TOTAL'!R12 -> 0 | M10: ='RESUMEN TOTAL'!S12 -> 0 | ... AJ10: ='RESUMEN TOTAL'!AP12 -> 0
A11: ='RESUMEN TOTAL'!A13 -> ALTAMIRA | B11: ='RESUMEN TOTAL'!B13 -> ALT 09 | C11: ='RESUMEN TOTAL'!D13 -> NECOCHEA Y CURUPAITY | D11: ='RESUMEN TOTAL'!E13 -> DOMO | E11: ='RESUMEN TOTAL'!F13 -> Fibra Optica | F11: ='RESUMEN TOTAL'!L13 -> 0 | G11: ='RESUMEN TOTAL'!M13 -> 0 | H11: ='RESUMEN TOTAL'!N13 -> APAGADO | I11: ='RESUMEN TOTAL'!O13 -> 0 | J11: ='RESUMEN TOTAL'!P13 -> 0 | K11: ='RESUMEN TOTAL'!Q13 -> 0 | L11: ='RESUMEN TOTAL'!R13 -> 0 | M11: ='RESUMEN TOTAL'!S13 -> 0 | ... AJ11: ='RESUMEN TOTAL'!AP13 -> 0
A12: ='RESUMEN TOTAL'!A14 -> ALTAMIRA | B12: ='RESUMEN TOTAL'!B14 -> ALT 10 | C12: ='RESUMEN TOTAL'!D14 -> Calchaqui y Francia | D12: ='RESUMEN TOTAL'!E14 -> Domo | E12: ='RESUMEN TOTAL'!F14 -> Radio | F12: ='RESUMEN TOTAL'!L14 -> APAGADO | G12: ='RESUMEN TOTAL'!M14 -> APAGADO | H12: ='RESUMEN TOTAL'!N14 -> 0 | I12: ='RESUMEN TOTAL'!O14 -> 0 | J12: ='RESUMEN TOTAL'!P14 -> 0 | K12: ='RESUMEN TOTAL'!Q14 -> APAGADO | L12: ='RESUMEN TOTAL'!R14 -> 0 | M12: ='RESUMEN TOTAL'!S14 -> APAGADO | ... AJ12: ='RESUMEN TOTAL'!AP14 -> 0
A13: ='RESUMEN TOTAL'!A15 -> AGUSTIN RAMIREZ | B13: ='RESUMEN TOTAL'!B15 -> ARA 01 | C13: ='RESUMEN TOTAL'!D15 -> Malambo y Tranquera | D13: ='RESUMEN TOTAL'!E15 -> Domo | E13: ='RESUMEN TOTAL'!F15 -> Fibra Optica | F13: ='RESUMEN TOTAL'!L15 -> 0 | G13: ='RESUMEN TOTAL'!M15 -> 0 | H13: ='RESUMEN TOTAL'!N15 -> 0 | I13: ='RESUMEN TOTAL'!O15 -> 0 | J13: ='RESUMEN TOTAL'!P15 -> 0 | K13: ='RESUMEN TOTAL'!Q15 -> 0 | L13: ='RESUMEN TOTAL'!R15 -> 0 | M13: ='RESUMEN TOTAL'!S15 -> 0 | ... AJ13: ='RESUMEN TOTAL'!AP15 -> 0
A14: ='RESUMEN TOTAL'!A16 -> BELGRANO | B14: ='RESUMEN TOTAL'!B16 -> BEL 01 | C14: ='RESUMEN TOTAL'!D16 -> San Martin y Dardo Rocha | D14: ='RESUMEN TOTAL'!E16 -> DOMO | E14: ='RESUMEN TOTAL'!F16 -> Fibra Optica | F14: ='RESUMEN TOTAL'!L16 -> 0 | G14: ='RESUMEN TOTAL'!M16 -> 0 | H14: ='RESUMEN TOTAL'!N16 -> 0 | I14: ='RESUMEN TOTAL'!O16 -> 0 | J14: ='RESUMEN TOTAL'!P16 -> 0 | K14: ='RESUMEN TOTAL'!Q16 -> 0 | L14: ='RESUMEN TOTAL'!R16 -> 0 | M14: ='RESUMEN TOTAL'!S16 -> 0 | ... AJ14: ='RESUMEN TOTAL'!AP16 -> 0
A15: ='RESUMEN TOTAL'!A17 -> BELGRANO | B15: ='RESUMEN TOTAL'!B17 -> BEL 02 | C15: ='RESUMEN TOTAL'!D17 -> Guardia vieja y Fronteriz | D15: ='RESUMEN TOTAL'!E17 -> DOMO | E15: ='RESUMEN TOTAL'!F17 -> Fibra Optica | F15: ='RESUMEN TOTAL'!L17 -> 0 | G15: ='RESUMEN TOTAL'!M17 -> 0 | H15: ='RESUMEN TOTAL'!N17 -> 0 | I15: ='RESUMEN TOTAL'!O17 -> 0 | J15: ='RESUMEN TOTAL'!P17 -> 0 | K15: ='RESUMEN TOTAL'!Q17 -> 0 | L15: ='RESUMEN TOTAL'!R17 -> 0 | M15: ='RESUMEN TOTAL'!S17 -> 0 | ... AJ15: ='RESUMEN TOTAL'!AP17 -> 0
... A21: ='RESUMEN TOTAL'!A23 -> BOSQUES CENTRO | B21: ='RESUMEN TOTAL'!B23 -> BOSQC 06 | C21: ='RESUMEN TOTAL'!D23 -> LUIS AGOTE Y RUTA 36 | D21: ='RESUMEN TOTAL'!E23 -> Fija | E21: ='RESUMEN TOTAL'!F23 -> Radio | F21: ='RESUMEN TOTAL'!L23 -> 0 | G21: ='RESUMEN TOTAL'!M23 -> 0 | H21: ='RESUMEN TOTAL'!N23 -> 0 | I21: ='RESUMEN TOTAL'!O23 -> 0 | J21: ='RESUMEN TOTAL'!P23 -> 0 | K21: ='RESUMEN TOTAL'!Q23 -> 0 | L21: ='RESUMEN TOTAL'!R23 -> 0 | M21: ='RESUMEN TOTAL'!S23 -> 0 | ... AJ21: ='RESUMEN TOTAL'!AP23 -> 0
A22: ='RESUMEN TOTAL'!A27 -> CENTRO | B22: ='RESUMEN TOTAL'!B27 -> CEN01 | C22: ='RESUMEN TOTAL'!D27 -> San Martin y 9 de Julio | D22: ='RESUMEN TOTAL'!E27 -> Fija | E22: ='RESUMEN TOTAL'!F27 -> Fibra Optica | F22: ='RESUMEN TOTAL'!L27 -> APAGADO | G22: ='RESUMEN TOTAL'!M27 -> APAGADO | H22: ='RESUMEN TOTAL'!N27 -> APAGADO | I22: ='RESUMEN TOTAL'!O27 -> APAGADO | J22: ='RESUMEN TOTAL'!P27 -> 0 | K22: ='RESUMEN TOTAL'!Q27 -> APAGADO | L22: ='RESUMEN TOTAL'!R27 -> 0 | M22: ='RESUMEN TOTAL'!S27 -> APAGADO | ... AJ22: ='RESUMEN TOTAL'!AP27 -> 0
A23: ='RESUMEN TOTAL'!A28 -> CENTRO | B23: ='RESUMEN TOTAL'!B28 -> CEN02 | C23: ='RESUMEN TOTAL'!D28 -> San Martin y Almafuerte | D23: ='RESUMEN TOTAL'!E28 -> Fija | E23: ='RESUMEN TOTAL'!F28 -> Fibra Optica | F23: ='RESUMEN TOTAL'!L28 -> APAGADO | G23: ='RESUMEN TOTAL'!M28 -> APAGADO | H23: ='RESUMEN TOTAL'!N28 -> APAGADO | I23: ='RESUMEN TOTAL'!O28 -> APAGADO | J23: ='RESUMEN TOTAL'!P28 -> 0 | K23: ='RESUMEN TOTAL'!Q28 -> APAGADO | L23: ='RESUMEN TOTAL'!R28 -> 0 | M23: ='RESUMEN TOTAL'!S28 -> APAGADO | ... AJ23: ='RESUMEN TOTAL'!AP28 -> 0
A24: ='RESUMEN TOTAL'!A29 -> CENTRO | B24: ='RESUMEN TOTAL'!B29 -> CEN03 | C24: ='RESUMEN TOTAL'!D29 -> San Martin y Sallares | D24: ='RESUMEN TOTAL'!E29 -> Domo | E24: ='RESUMEN TOTAL'!F29 -> Fibra Optica | F24: ='RESUMEN TOTAL'!L29 -> 0 | G24: ='RESUMEN TOTAL'!M29 -> 0 | H24: ='RESUMEN TOTAL'!N29 -> 0 | I24: ='RESUMEN TOTAL'!O29 -> 0 | J24: ='RESUMEN TOTAL'!P29 -> 0 | K24: ='RESUMEN TOTAL'!Q29 -> 0 | L24: ='RESUMEN TOTAL'!R29 -> 0 | M24: ='RESUMEN TOTAL'!S29 -> 0 | ... AJ24: ='RESUMEN TOTAL'!AP29 -> 0
A25: ='RESUMEN TOTAL'!A30 -> CENTRO | B25: ='RESUMEN TOTAL'!B30 -> CEN04 | C25: ='RESUMEN TOTAL'!D30 -> San Martin y Contreras | D25: ='RESUMEN TOTAL'!E30 -> Domo | E25: ='RESUMEN TOTAL'!F30 -> Fibra Optica | F25: ='RESUMEN TOTAL'!L30 -> 0 | G25: ='RESUMEN TOTAL'!M30 -> 0 | H25: ='RESUMEN TOTAL'!N30 -> 0 | I25: ='RESUMEN TOTAL'!O30 -> 0 | J25: ='RESUMEN TOTAL'!P30 -> 0 | K25: ='RESUMEN TOTAL'!Q30 -> 0 | L25: ='RESUMEN TOTAL'!R30 -> 0 | M25: ='RESUMEN TOTAL'!S30 -> 0 | ... AJ25: ='RESUMEN TOTAL'!AP30 -> 0
A26: ='RESUMEN TOTAL'!A31 -> CENTRO | B26: ='RESUMEN TOTAL'!B31 -> CEN 05 | C26: ='RESUMEN TOTAL'!D31 -> Bocuzzi e/España y San Martin | D26: ='RESUMEN TOTAL'!E31 -> DOMO | E26: ='RESUMEN TOTAL'!F31 -> Fibra Optica | F26: ='RESUMEN TOTAL'!L31 -> 0 | G26: ='RESUMEN TOTAL'!M31 -> 0 | H26: ='RESUMEN TOTAL'!N31 -> 0 | I26: ='RESUMEN TOTAL'!O31 -> 0 | J26: ='RESUMEN TOTAL'!P31 -> 0 | K26: ='RESUMEN TOTAL'!Q31 -> 0 | L26: ='RESUMEN TOTAL'!R31 -> 0 | M26: ='RESUMEN TOTAL'!S31 -> 0 | ... AJ26: ='RESUMEN TOTAL'!AP31 -> 0
A27: ='RESUMEN TOTAL'!A32 -> CENTRO | B27: ='RESUMEN TOTAL'!B32 -> CEN06 | C27: ='RESUMEN TOTAL'!D32 -> Monteagudo y A.del Valle | D27: ='RESUMEN TOTAL'!E32 -> Fija | E27: ='RESUMEN TOTAL'!F32 -> Fibra Optica | F27: ='RESUMEN TOTAL'!L32 -> 0 | G27: ='RESUMEN TOTAL'!M32 -> 0 | H27: ='RESUMEN TOTAL'!N32 -> 0 | I27: ='RESUMEN TOTAL'!O32 -> 0 | J27: ='RESUMEN TOTAL'!P32 -> 0 | K27: ='RESUMEN TOTAL'!Q32 -> 0 | L27: ='RESUMEN TOTAL'!R32 -> 0 | M27: ='RESUMEN TOTAL'!S32 -> 0 | ... AJ27: ='RESUMEN TOTAL'!AP32 -> 0
A28: ='RESUMEN TOTAL'!A33 -> CENTRO | B28: ='RESUMEN TOTAL'!B33 -> CEN07 | C28: ='RESUMEN TOTAL'!D33 -> San Martin y Guemes | D28: ='RESUMEN TOTAL'!E33 -> DOMO | E28: ='RESUMEN TOTAL'!F33 -> Fibra Optica | F28: ='RESUMEN TOTAL'!L33 -> 0 | G28: ='RESUMEN TOTAL'!M33 -> 0 | H28: ='RESUMEN TOTAL'!N33 -> 0 | I28: ='RESUMEN TOTAL'!O33 -> 0 | J28: ='RESUMEN TOTAL'!P33 -> 0 | K28: ='RESUMEN TOTAL'!Q33 -> 0 | L28: ='RESUMEN TOTAL'!R33 -> 0 | M28: ='RESUMEN TOTAL'!S33 -> 0 | ... AJ28: ='RESUMEN TOTAL'!AP33 -> 0
A29: ='RESUMEN TOTAL'!A34 -> CENTRO | B29: ='RESUMEN TOTAL'!B34 -> CEN08 | C29: ='RESUMEN TOTAL'!D34 -> San Martin y Pte.Peron | D29: ='RESUMEN TOTAL'!E34 -> Domo | E29: ='RESUMEN TOTAL'!F34 -> Fibra Optica | F29: ='RESUMEN TOTAL'!L34 -> 0 | G29: ='RESUMEN TOTAL'!M34 -> 0 | H29: ='RESUMEN TOTAL'!N34 -> 0 | I29: ='RESUMEN TOTAL'!O34 -> 0 | J29: ='RESUMEN TOTAL'!P34 -> 0 | K29: ='RESUMEN TOTAL'!Q34 -> 0 | L29: ='RESUMEN TOTAL'!R34 -> 0 | M29: ='RESUMEN TOTAL'!S34 -> 0 | ... AJ29: ='RESUMEN TOTAL'!AP34 -> 0
A30: ='RESUMEN TOTAL'!A35 -> CENTRO | B30: ='RESUMEN TOTAL'!B35 -> CEN09 | C30: ='RESUMEN TOTAL'!D35 -> Chacabuco y 25 de Mayo | D30: ='RESUMEN TOTAL'!E35 -> Domo | E30: ='RESUMEN TOTAL'!F35 -> Fibra Optica | F30: ='RESUMEN TOTAL'!L35 -> 0 | G30: ='RESUMEN TOTAL'!M35 -> 0 | H30: ='RESUMEN TOTAL'!N35 -> 0 | I30: ='RESUMEN TOTAL'!O35 -> 0 | J30: ='RESUMEN TOTAL'!P35 -> 0 | K30: ='RESUMEN TOTAL'!Q35 -> 0 | L30: ='RESUMEN TOTAL'!R35 -> 0 | M30: ='RESUMEN TOTAL'!S35 -> 0 | ... AJ30: ='RESUMEN TOTAL'!AP35 -> 0
A31: ='RESUMEN TOTAL'!A36 -> CENTRO | B31: ='RESUMEN TOTAL'!B36 -> CEN10 | C31: ='RESUMEN TOTAL'!D36 -> Monteagudo y Pte. Peron | D31: ='RESUMEN TOTAL'!E36 -> Domo | E31: ='RESUMEN TOTAL'!F36 -> Fibra Optica | F31: ='RESUMEN TOTAL'!L36 -> 0 | G31: ='RESUMEN TOTAL'!M36 -> 0 | H31: ='RESUMEN TOTAL'!N36 -> 0 | I31: ='RESUMEN TOTAL'!O36 -> 0 | J31: ='RESUMEN TOTAL'!P36 -> 0 | K31: ='RESUMEN TOTAL'!Q36 -> 0 | L31: ='RESUMEN TOTAL'!R36 -> 0 | M31: ='RESUMEN TOTAL'!S36 -> 0 | ... AJ31: ='RESUMEN TOTAL'!AP36 -> 0
A32: ='RESUMEN TOTAL'!A37 -> CENTRO | B32: ='RESUMEN TOTAL'!B37 -> CEN11 | C32: ='RESUMEN TOTAL'!D37 -> Monteagudo y Bocuzzi | D32: ='RESUMEN TOTAL'!E37 -> Domo | E32: ='RESUMEN TOTAL'!F37 -> Fibra Optica | F32: ='RESUMEN TOTAL'!L37 -> 0 | G32: ='RESUMEN TOTAL'!M37 -> 0 | H32: ='RESUMEN TOTAL'!N37 -> 0 | I32: ='RESUMEN TOTAL'!O37 -> 0 | J32: ='RESUMEN TOTAL'!P37 -> 0 | K32: ='RESUMEN TOTAL'!Q37 -> 0 | L32: ='RESUMEN TOTAL'!R37 -> 0 | M32: ='RESUMEN TOTAL'!S37 -> 0 | ... AJ32: ='RESUMEN TOTAL'!AP37 -> 0
A33: ='RESUMEN TOTAL'!A38 -> CENTRO | B33: ='RESUMEN TOTAL'!B38 -> CEN 12 | C33: ='RESUMEN TOTAL'!D38 -> Monteagudo y Mitre | D33: ='RESUMEN TOTAL'!E38 -> Domo | E33: ='RESUMEN TOTAL'!F38 -> Fibra Optica | F33: ='RESUMEN TOTAL'!L38 -> 0 | G33: ='RESUMEN TOTAL'!M38 -> 0 | H33: ='RESUMEN TOTAL'!N38 -> 0 | I33: ='RESUMEN TOTAL'!O38 -> 0 | J33: ='RESUMEN TOTAL'!P38 -> 0 | K33: ='RESUMEN TOTAL'!Q38 -> 0 | L33: ='RESUMEN TOTAL'!R38 -> 0 | M33: ='RESUMEN TOTAL'!S38 -> 0 | ... AJ33: ='RESUMEN TOTAL'!AP38 -> 0
... A68: ='RESUMEN TOTAL'!A73 -> CENTRO | B68: ='RESUMEN TOTAL'!B73 -> CEN47 | C68: ='RESUMEN TOTAL'!D73 -> Sallares y Brown | D68: ='RESUMEN TOTAL'!E73 -> Domo | E68: ='RESUMEN TOTAL'!F73 -> Fibra Optica | F68: ='RESUMEN TOTAL'!L73 -> APAGADO | G68: ='RESUMEN TOTAL'!M73 -> APAGADO | H68: ='RESUMEN TOTAL'!N73 -> APAGADO | I68: ='RESUMEN TOTAL'!O73 -> APAGADO | J68: ='RESUMEN TOTAL'!P73 -> 0 | K68: ='RESUMEN TOTAL'!Q73 -> APAGADO | L68: ='RESUMEN TOTAL'!R73 -> 0 | M68: ='RESUMEN TOTAL'!S73 -> APAGADO | ... AJ68: ='RESUMEN TOTAL'!AP73 -> 0
A69: ='RESUMEN TOTAL'!A74 -> CENTRO | B69: ='RESUMEN TOTAL'!B74 -> CEN48 | C69: ='RESUMEN TOTAL'!D74 -> Velez Sarsfield y Las Heras | D69: ='RESUMEN TOTAL'!E74 -> Domo | E69: ='RESUMEN TOTAL'!F74 -> GPON | F69: ='RESUMEN TOTAL'!L74 -> 0 | G69: ='RESUMEN TOTAL'!M74 -> 0 | H69: ='RESUMEN TOTAL'!N74 -> APAGADO | I69: ='RESUMEN TOTAL'!O74 -> APAGADO | J69: ='RESUMEN TOTAL'!P74 -> 0 | K69: ='RESUMEN TOTAL'!Q74 -> 0 | L69: ='RESUMEN TOTAL'!R74 -> 0 | M69: ='RESUMEN TOTAL'!S74 -> APAGADO | ... Z69: ='RESUMEN TOTAL'!AF74 -> 0 | AA69: ='RESUMEN TOTAL'!AG560 -> 0 | AB69: ='RESUMEN TOTAL'!AH74 -> 0 | AC69: ='RESUMEN TOTAL'!AI74 -> 0 | AD69: ='RESUMEN TOTAL'!AJ74 -> 0 | AE69: ='RESUMEN TOTAL'!AK74 -> 0 | AF69: ='RESUMEN TOTAL'!AL74 -> 0 | AG69: ='RESUMEN TOTAL'!AM74 -> 0 | AH69: ='RESUMEN TOTAL'!AN74 -> 0 | AI69: ='RESUMEN TOTAL'!AO74 -> 0 | AJ69: ='RESUMEN TOTAL'!AP74 -> 0
A70: ='RESUMEN TOTAL'!A75 -> CENTRO | B70: ='RESUMEN TOTAL'!B75 -> CEN49 | C70: ='RESUMEN TOTAL'!D75 -> Av. San Martin y Florencio Sanchez | D70: ='RESUMEN TOTAL'!E75 -> Domo | E70: ='RESUMEN TOTAL'!F75 -> Radio | F70: ='RESUMEN TOTAL'!L75 -> APAGADO | G70: ='RESUMEN TOTAL'!M75 -> APAGADO | H70: ='RESUMEN TOTAL'!N75 -> APAGADO | I70: ='RESUMEN TOTAL'!O75 -> APAGADO | J70: ='RESUMEN TOTAL'!P75 -> 0 | K70: ='RESUMEN TOTAL'!Q75 -> APAGADO | L70: ='RESUMEN TOTAL'!R75 -> 0 | M70: ='RESUMEN TOTAL'!S75 -> APAGADO | ... AJ70: ='RESUMEN TOTAL'!AP75 -> 0
A71: ='RESUMEN TOTAL'!A76 -> CENTRO | B71: ='RESUMEN TOTAL'!B76 -> CEN 50 | C71: ='RESUMEN TOTAL'!D76 -> Av. San Martin y Newbery | D71: ='RESUMEN TOTAL'!E76 -> Domo | E71: ='RESUMEN TOTAL'!F76 -> GPON | F71: ='RESUMEN TOTAL'!L76 -> APAGADO | G71: ='RESUMEN TOTAL'!M76 -> APAGADO | H71: ='RESUMEN TOTAL'!N76 -> APAGADO | I71: ='RESUMEN TOTAL'!O76 -> APAGADO | J71: ='RESUMEN TOTAL'!P76 -> 0 | K71: ='RESUMEN TOTAL'!Q76 -> APAGADO | L71: ='RESUMEN TOTAL'!R76 -> 0 | M71: ='RESUMEN TOTAL'!S76 -> APAGADO | ... AJ71: ='RESUMEN TOTAL'!AP76 -> 0
A72: ='RESUMEN TOTAL'!A77 -> CENTRO | B72: ='RESUMEN TOTAL'!B77 -> CEN 51 | C72: ='RESUMEN TOTAL'!D77 -> ILLIA Y LAS HERAS | D72: ='RESUMEN TOTAL'!E77 -> FIJA | E72: ='RESUMEN TOTAL'!F77 -> GPON | F72: ='RESUMEN TOTAL'!L77 -> 0 | G72: ='RESUMEN TOTAL'!M77 -> 0 | H72: ='RESUMEN TOTAL'!N77 -> 0 | I72: ='RESUMEN TOTAL'!O77 -> 0 | J72: ='RESUMEN TOTAL'!P77 -> 0 | K72: ='RESUMEN TOTAL'!Q77 -> 0 | L72: ='RESUMEN TOTAL'!R77 -> 0 | M72: ='RESUMEN TOTAL'!S77 -> 0 | ... AJ72: ='RESUMEN TOTAL'!AP77 -> 0
A73: ='RESUMEN TOTAL'!A78 -> CENTRO | B73: ='RESUMEN TOTAL'!B78 -> CEN52 | C73: ='RESUMEN TOTAL'!D78 -> San Martin y Almafuerte (ex San Martin y Dorrego) | D73: ='RESUMEN TOTAL'!E78 -> DOMO | E73: ='RESUMEN TOTAL'!F78 -> GPON | F73: ='RESUMEN TOTAL'!L78 -> 0 | G73: ='RESUMEN TOTAL'!M78 -> 0 | H73: ='RESUMEN TOTAL'!N78 -> 0 | I73: ='RESUMEN TOTAL'!O78 -> 0 | J73: ='RESUMEN TOTAL'!P78 -> 0 | K73: ='RESUMEN TOTAL'!Q78 -> 0 | L73: ='RESUMEN TOTAL'!R78 -> 0 | M73: ='RESUMEN TOTAL'!S78 -> 0 | ... AJ73: ='RESUMEN TOTAL'!AP78 -> 0
A74: ='RESUMEN TOTAL'!A79 -> CENTRO | B74: ='RESUMEN TOTAL'!B79 -> CEN 53 | C74: ='RESUMEN TOTAL'!D79 -> GUTIERREZ Y BROWN | D74: ='RESUMEN TOTAL'!E79 -> Domo | E74: ='RESUMEN TOTAL'!F79 -> GPON | F74: ='RESUMEN TOTAL'!L79 -> 0 | G74: ='RESUMEN TOTAL'!M79 -> 0 | H74: ='RESUMEN TOTAL'!N79 -> 0 | I74: ='RESUMEN TOTAL'!O79 -> 0 | J74: ='RESUMEN TOTAL'!P79 -> 0 | K74: ='RESUMEN TOTAL'!Q79 -> 0 | L74: ='RESUMEN TOTAL'!R79 -> 0 | M74: ='RESUMEN TOTAL'!S79 -> 0 | ... AJ74: ='RESUMEN TOTAL'!AP79 -> 0
A75: ='RESUMEN TOTAL'!A80 -> CENTRO | B75: ='RESUMEN TOTAL'!B80 -> CEN 54 | C75: ='RESUMEN TOTAL'!D80 -> GUTIERREZ Y PRINGLES | D75: ='RESUMEN TOTAL'!E80 -> Domo | E75: ='RESUMEN TOTAL'!F80 -> GPON | F75: ='RESUMEN TOTAL'!L80 -> 0 | G75: ='RESUMEN TOTAL'!M80 -> 0 | H75: ='RESUMEN TOTAL'!N80 -> 0 | I75: ='RESUMEN TOTAL'!O80 -> 0 | J75: ='RESUMEN TOTAL'!P80 -> 0 | K75: ='RESUMEN TOTAL'!Q80 -> 0 | L75: ='RESUMEN TOTAL'!R80 -> 0 | M75: ='RESUMEN TOTAL'!S80 -> 0 | ... AJ75: ='RESUMEN TOTAL'!AP80 -> 0
A76: ='RESUMEN TOTAL'!A81 -> CENTRO | B76: ='RESUMEN TOTAL'!B81 -> CEN 55 | C76: ='RESUMEN TOTAL'!D81 -> BOUREL Y URQUIZA | D76: ='RESUMEN TOTAL'!E81 -> Domo | E76: ='RESUMEN TOTAL'!F81 -> GPON | F76: ='RESUMEN TOTAL'!L81 -> 0 | G76: ='RESUMEN TOTAL'!M81 -> 0 | H76: ='RESUMEN TOTAL'!N81 -> 0 | I76: ='RESUMEN TOTAL'!O81 -> 0 | J76: ='RESUMEN TOTAL'!P81 -> 0 | K76: ='RESUMEN TOTAL'!Q81 -> 0 | L76: ='RESUMEN TOTAL'!R81 -> 0 | M76: ='RESUMEN TOTAL'!S81 -> 0 | ... AJ76: ='RESUMEN TOTAL'!AP81 -> 0
A77: ='RESUMEN TOTAL'!A82 -> CENTRO | B77: ='RESUMEN TOTAL'!B82 -> CEN 56 | C77: ='RESUMEN TOTAL'!D82 -> Newbery y Falucho | D77: ='RESUMEN TOTAL'!E82 -> DOMO | E77: ='RESUMEN TOTAL'!F82 -> GPON | F77: ='RESUMEN TOTAL'!L82 -> 0 | G77: ='RESUMEN TOTAL'!M82 -> APAGADO | H77: ='RESUMEN TOTAL'!N82 -> APAGADO | I77: ='RESUMEN TOTAL'!O82 -> APAGADO | J77: ='RESUMEN TOTAL'!P82 -> 0 | K77: ='RESUMEN TOTAL'!Q82 -> APAGADO | L77: ='RESUMEN TOTAL'!R82 -> 0 | M77: ='RESUMEN TOTAL'!S82 -> APAGADO | ... AJ77: ='RESUMEN TOTAL'!AP82 -> 0
A78: ='RESUMEN TOTAL'!A83 -> CENTRO | B78: ='RESUMEN TOTAL'!B83 -> CEN 57 | C78: ='RESUMEN TOTAL'!D83 -> 25 DE MAYO Y DORREGO | D78: ='RESUMEN TOTAL'!E83 -> DOMO | E78: ='RESUMEN TOTAL'!F83 -> GPON | F78: ='RESUMEN TOTAL'!L83 -> 0 | G78: ='RESUMEN TOTAL'!M83 -> APAGADO | H78: ='RESUMEN TOTAL'!N83 -> 0 | I78: ='RESUMEN TOTAL'!O83 -> 0 | J78: ='RESUMEN TOTAL'!P83 -> 0 | K78: ='RESUMEN TOTAL'!Q83 -> 0 | L78: ='RESUMEN TOTAL'!R83 -> 0 | M78: ='RESUMEN TOTAL'!S83 -> 0 | ... AJ78: ='RESUMEN TOTAL'!AP83 -> 0
A79: ='RESUMEN TOTAL'!A84 -> CENTRO | B79: ='RESUMEN TOTAL'!B84 -> CEN 58 | C79: ='RESUMEN TOTAL'!D84 -> EEUU Y MORENO | D79: ='RESUMEN TOTAL'!E84 -> DOMO | E79: ='RESUMEN TOTAL'!F84 -> Fibra Optica | F79: ='RESUMEN TOTAL'!L84 -> 0 | G79: ='RESUMEN TOTAL'!M84 -> 0 | H79: ='RESUMEN TOTAL'!N84 -> 0 | I79: ='RESUMEN TOTAL'!O84 -> 0 | J79: ='RESUMEN TOTAL'!P84 -> 0 | K79: ='RESUMEN TOTAL'!Q84 -> 0 | L79: ='RESUMEN TOTAL'!R84 -> 0 | M79: ='RESUMEN TOTAL'!S84 -> 0 | ... AJ79: ='RESUMEN TOTAL'!AP84 -> 0
A80: ='RESUMEN TOTAL'!A85 -> CENTRO | B80: ='RESUMEN TOTAL'!B85 -> CEN59 | C80: ='RESUMEN TOTAL'!D85 -> CHACABUCO Y BOUREL | D80: ='RESUMEN TOTAL'!E85 -> DOMO | E80: ='RESUMEN TOTAL'!F85 -> GPON | F80: ='RESUMEN TOTAL'!L85 -> 0 | G80: ='RESUMEN TOTAL'!M85 -> 0 | H80: ='RESUMEN TOTAL'!N85 -> 0 | I80: ='RESUMEN TOTAL'!O85 -> 0 | J80: ='RESUMEN TOTAL'!P85 -> 0 | K80: ='RESUMEN TOTAL'!Q85 -> 0 | L80: ='RESUMEN TOTAL'!R85 -> 0 | M80: ='RESUMEN TOTAL'!S85 -> 0 | ... AJ80: ='RESUMEN TOTAL'!AP85 -> 0
A81: ='RESUMEN TOTAL'!A86 -> CENTRO | B81: ='RESUMEN TOTAL'!B86 -> CEN 60 | C81: ='RESUMEN TOTAL'!D86 -> RECONQUISTA Y ILLIA | D81: ='RESUMEN TOTAL'!E86 -> DOMO | E81: ='RESUMEN TOTAL'!F86 -> PTO A FO | F81: ='RESUMEN TOTAL'!L86 -> 0 | G81: ='RESUMEN TOTAL'!M86 -> 0 | H81: ='RESUMEN TOTAL'!N86 -> 0 | I81: ='RESUMEN TOTAL'!O86 -> 0 | J81: ='RESUMEN TOTAL'!P86 -> 0 | K81: ='RESUMEN TOTAL'!Q86 -> 0 | L81: ='RESUMEN TOTAL'!R86 -> 0 | M81: ='RESUMEN TOTAL'!S86 -> 0 | ... AJ81: ='RESUMEN TOTAL'!AP86 -> 0
... A107: ='RESUMEN TOTAL'!A112 -> CENTRO | B107: ='RESUMEN TOTAL'!B112 -> CEN 86 | C107: ='RESUMEN TOTAL'!D112 -> Monteagudo y Bocuzzi | D107: ='RESUMEN TOTAL'!E112 -> Fija | E107: ='RESUMEN TOTAL'!F112 -> Fibra Optica | F107: ='RESUMEN TOTAL'!L112 -> 0 | G107: ='RESUMEN TOTAL'!M112 -> 0 | H107: ='RESUMEN TOTAL'!N112 -> 0 | I107: ='RESUMEN TOTAL'!O112 -> 0 | J107: ='RESUMEN TOTAL'!P112 -> 0 | K107: ='RESUMEN TOTAL'!Q112 -> 0 | L107: ='RESUMEN TOTAL'!R112 -> 0 | M107: ='RESUMEN TOTAL'!S112 -> 0 | ... AJ107: ='RESUMEN TOTAL'!AP112 -> 0
A108: ='RESUMEN TOTAL'!A115 -> SAN NICOLAS | B108: ='RESUMEN TOTAL'!B115 -> CHA01 | C108: ='RESUMEN TOTAL'!D115 -> Novak y Pte Illia | D108: ='RESUMEN TOTAL'!E115 -> Domo | E108: ='RESUMEN TOTAL'!F115 -> Radio | F108: ='RESUMEN TOTAL'!L115 -> 0 | G108: ='RESUMEN TOTAL'!M115 -> 0 | H108: ='RESUMEN TOTAL'!N115 -> 0 | I108: ='RESUMEN TOTAL'!O115 -> 0 | J108: ='RESUMEN TOTAL'!P115 -> 0 | K108: ='RESUMEN TOTAL'!Q115 -> 0 | L108: ='RESUMEN TOTAL'!R115 -> 0 | M108: ='RESUMEN TOTAL'!S115 -> 0 | ... AJ108: ='RESUMEN TOTAL'!AP115 -> 0
A109: ='RESUMEN TOTAL'!A116 -> CHACABUCO | B109: ='RESUMEN TOTAL'!B116 -> CHA02 | C109: ='RESUMEN TOTAL'!D116 -> Pte. Illia y Posadas | D109: ='RESUMEN TOTAL'!E116 -> Domo | E109: ='RESUMEN TOTAL'!F116 -> Radio | F109: ='RESUMEN TOTAL'!L116 -> APAGADO | G109: ='RESUMEN TOTAL'!M116 -> APAGADO | H109: ='RESUMEN TOTAL'!N116 -> APAGADO | I109: ='RESUMEN TOTAL'!O116 -> APAGADO | J109: ='RESUMEN TOTAL'!P116 -> 0 | K109: ='RESUMEN TOTAL'!Q116 -> APAGADO | L109: ='RESUMEN TOTAL'!R116 -> 0 | M109: ='RESUMEN TOTAL'!S116 -> APAGADO | ... AJ109: ='RESUMEN TOTAL'!AP116 -> 0
A110: ='RESUMEN TOTAL'!A117 -> CHACABUCO | B110: ='RESUMEN TOTAL'!B117 -> CHA03 | C110: ='RESUMEN TOTAL'!D117 -> MAIPU Y ALVAREZ THOMAS | D110: ='RESUMEN TOTAL'!E117 -> DOMO | E110: ='RESUMEN TOTAL'!F117 -> Fibra Optica | F110: ='RESUMEN TOTAL'!L117 -> APAGADO | G110: ='RESUMEN TOTAL'!M117 -> 0 | H110: ='RESUMEN TOTAL'!N117 -> 0 | I110: ='RESUMEN TOTAL'!O117 -> 0 | J110: ='RESUMEN TOTAL'!P117 -> 0 | K110: ='RESUMEN TOTAL'!Q117 -> 0 | L110: ='RESUMEN TOTAL'!R117 -> 0 | M110: ='RESUMEN TOTAL'!S117 -> 0 | ... AJ110: ='RESUMEN TOTAL'!AP117 -> 0
A111: ='RESUMEN TOTAL'!A118 -> CHACABUCO | B111: ='RESUMEN TOTAL'!B118 -> CHA04 | C111: ='RESUMEN TOTAL'!D118 -> ESTADOS UNIDOS DE A. E ILLIA | D111: ='RESUMEN TOTAL'!E118 -> DOMO | E111: ='RESUMEN TOTAL'!F118 -> Fibra Optica | F111: ='RESUMEN TOTAL'!L118 -> APAGADO | G111: ='RESUMEN TOTAL'!M118 -> APAGADO | H111: ='RESUMEN TOTAL'!N118 -> APAGADO | I111: ='RESUMEN TOTAL'!O118 -> APAGADO | J111: ='RESUMEN TOTAL'!P118 -> 0 | K111: ='RESUMEN TOTAL'!Q118 -> APAGADO | L111: ='RESUMEN TOTAL'!R118 -> 0 | M111: ='RESUMEN TOTAL'!S118 -> APAGADO | ... AJ111: ='RESUMEN TOTAL'!AP118 -> 0
A112: ='RESUMEN TOTAL'!A119 -> VILLA MONICA NUEVA | B112: ='RESUMEN TOTAL'!B119 -> COL01 | C112: ='RESUMEN TOTAL'!D119 -> Eva Peron y Cariboni | D112: ='RESUMEN TOTAL'!E119 -> Domo | E112: ='RESUMEN TOTAL'!F119 -> Radio | F112: ='RESUMEN TOTAL'!L119 -> 0 | G112: ='RESUMEN TOTAL'!M119 -> APAGADO | H112: ='RESUMEN TOTAL'!N119 -> 0 | I112: ='RESUMEN TOTAL'!O119 -> 0 | J112: ='RESUMEN TOTAL'!P119 -> 0 | K112: ='RESUMEN TOTAL'!Q119 -> 0 | L112: ='RESUMEN TOTAL'!R119 -> 0 | M112: ='RESUMEN TOTAL'!S119 -> 0 | ... AJ112: ='RESUMEN TOTAL'!AP119 -> 0
A113: ='RESUMEN TOTAL'!A120 -> LA COLORADA ESTE | B113: ='RESUMEN TOTAL'!B120 -> COL02 | C113: ='RESUMEN TOTAL'!D120 -> Av. Eva Peron y Pompeya | D113: ='RESUMEN TOTAL'!E120 -> Domo | E113: ='RESUMEN TOTAL'!F120 -> Radio | F113: ='RESUMEN TOTAL'!L120 -> 0 | G113: ='RESUMEN TOTAL'!M120 -> APAGADO | H113: ='RESUMEN TOTAL'!N120 -> 0 | I113: ='RESUMEN TOTAL'!O120 -> 0 | J113: ='RESUMEN TOTAL'!P120 -> 0 | K113: ='RESUMEN TOTAL'!Q120 -> 0 | L113: ='RESUMEN TOTAL'!R120 -> 0 | M113: ='RESUMEN TOTAL'!S120 -> 0 | ... AJ113: ='RESUMEN TOTAL'!AP120 -> 0
A114: ='RESUMEN TOTAL'!A121 -> LA COLORADA ESTE | B114: ='RESUMEN TOTAL'!B121 -> COL 03 | C114: ='RESUMEN TOTAL'!D121 -> CARIBONI Y LA ANCIANIDAD | D114: ='RESUMEN TOTAL'!E121 -> DOMO | E114: ='RESUMEN TOTAL'!F121 -> Radio | F114: ='RESUMEN TOTAL'!L121 -> 0 | G114: ='RESUMEN TOTAL'!M121 -> 0 | H114: ='RESUMEN TOTAL'!N121 -> 0 | I114: ='RESUMEN TOTAL'!O121 -> 0 | J114: ='RESUMEN TOTAL'!P121 -> 0 | K114: ='RESUMEN TOTAL'!Q121 -> 0 | L114: ='RESUMEN TOTAL'!R121 -> 0 | M114: ='RESUMEN TOTAL'!S121 -> 0 | ... AJ114: ='RESUMEN TOTAL'!AP121 -> 0
A115: ='RESUMEN TOTAL'!A122 -> LA COLORADA ESTE | B115: ='RESUMEN TOTAL'!B122 -> COL 04 | C115: ='RESUMEN TOTAL'!D122 -> EVA PERON Y SAVIO | D115: ='RESUMEN TOTAL'!E122 -> Domo | E115: ='RESUMEN TOTAL'!F122 -> Fibra Optica | F115: ='RESUMEN TOTAL'!L122 -> 0 | G115: ='RESUMEN TOTAL'!M122 -> APAGADO | H115: ='RESUMEN TOTAL'!N122 -> 0 | I115: ='RESUMEN TOTAL'!O122 -> 0 | J115: ='RESUMEN TOTAL'!P122 -> 0 | K115: ='RESUMEN TOTAL'!Q122 -> 0 | L115: ='RESUMEN TOTAL'!R122 -> 0 | M115: ='RESUMEN TOTAL'!S122 -> 0 | ... AJ115: ='RESUMEN TOTAL'!AP122 -> 0
A116: ='RESUMEN TOTAL'!A123 -> DON JOSE | B116: ='RESUMEN TOTAL'!B123 -> DJO01 | C116: ='RESUMEN TOTAL'!D123 -> Monteverde y Donato Alvarez | D116: ='RESUMEN TOTAL'!E123 -> Domo | E116: ='RESUMEN TOTAL'!F123 -> Radio | F116: ='RESUMEN TOTAL'!L123 -> 0 | G116: ='RESUMEN TOTAL'!M123 -> 0 | H116: ='RESUMEN TOTAL'!N123 -> 0 | I116: ='RESUMEN TOTAL'!O123 -> 0 | J116: ='RESUMEN TOTAL'!P123 -> 0 | K116: ='RESUMEN TOTAL'!Q123 -> 0 | L116: ='RESUMEN TOTAL'!R123 -> 0 | M116: ='RESUMEN TOTAL'!S123 -> 0 | ... AJ116: ='RESUMEN TOTAL'!AP123 -> 0
A117: ='RESUMEN TOTAL'!A124 -> DON JOSE | B117: ='RESUMEN TOTAL'!B124 -> DJO 02 (fija 1) | C117: ='RESUMEN TOTAL'!D124 -> DONATO ALVAREZ Y EL APERO | D117: ='RESUMEN TOTAL'!E124 -> Fija | E117: ='RESUMEN TOTAL'!F124 -> PTO A FO | F117: ='RESUMEN TOTAL'!L124 -> 0 | G117: ='RESUMEN TOTAL'!M124 -> 0 | H117: ='RESUMEN TOTAL'!N124 -> 0 | I117: ='RESUMEN TOTAL'!O124 -> 0 | J117: ='RESUMEN TOTAL'!P124 -> 0 | K117: ='RESUMEN TOTAL'!Q124 -> 0 | L117: ='RESUMEN TOTAL'!R124 -> 0 | M117: ='RESUMEN TOTAL'!S124 -> 0 | ... AJ117: ='RESUMEN TOTAL'!AP124 -> 0
A118: ='RESUMEN TOTAL'!A125 -> DON JOSE | B118: ='RESUMEN TOTAL'!B125 -> DJO 03 (fija 2) | C118: ='RESUMEN TOTAL'!D125 -> DONATO ALVAREZ Y EL APERO | D118: ='RESUMEN TOTAL'!E125 -> Fija | E118: ='RESUMEN TOTAL'!F125 -> PTO A FO | F118: ='RESUMEN TOTAL'!L125 -> 0 | G118: ='RESUMEN TOTAL'!M125 -> 0 | H118: ='RESUMEN TOTAL'!N125 -> 0 | I118: ='RESUMEN TOTAL'!O125 -> 0 | J118: ='RESUMEN TOTAL'!P125 -> 0 | K118: ='RESUMEN TOTAL'!Q125 -> 0 | L118: ='RESUMEN TOTAL'!R125 -> 0 | M118: ='RESUMEN TOTAL'!S125 -> 0 | ... AJ118: ='RESUMEN TOTAL'!AP125 -> 0
A119: ='RESUMEN TOTAL'!A126 -> DON JOSE | B119: ='RESUMEN TOTAL'!B126 -> DJO 04 (Fija 1) | C119: ='RESUMEN TOTAL'!D126 -> MONTEVERDE Y EL INDIO | D119: ='RESUMEN TOTAL'!E126 -> Fija | E119: ='RESUMEN TOTAL'!F126 -> PTO A FO | F119: ='RESUMEN TOTAL'!L126 -> 0 | G119: ='RESUMEN TOTAL'!M126 -> APAGADO | H119: ='RESUMEN TOTAL'!N126 -> APAGADO | I119: ='RESUMEN TOTAL'!O126 -> APAGADO | J119: ='RESUMEN TOTAL'!P126 -> 0 | K119: ='RESUMEN TOTAL'!Q126 -> APAGADO | L119: ='RESUMEN TOTAL'!R126 -> 0 | M119: ='RESUMEN TOTAL'!S126 -> APAGADO | ... AJ119: ='RESUMEN TOTAL'!AP126 -> 0
... A122: ='RESUMEN TOTAL'!A129 -> DON JOSE | B122: ='RESUMEN TOTAL'!B129 -> DJ 07 | C122: ='RESUMEN TOTAL'!D129 -> Calle 414 y El Indio | D122: ='RESUMEN TOTAL'!E129 -> Fija | E122: ='RESUMEN TOTAL'!F129 -> PTO A FO | F122: ='RESUMEN TOTAL'!L129 -> 0 | G122: ='RESUMEN TOTAL'!M129 -> 0 | H122: ='RESUMEN TOTAL'!N129 -> 0 | I122: ='RESUMEN TOTAL'!O129 -> 0 | J122: ='RESUMEN TOTAL'!P129 -> 0 | K122: ='RESUMEN TOTAL'!Q129 -> 0 | L122: ='RESUMEN TOTAL'!R129 -> 0 | M122: ='RESUMEN TOTAL'!S129 -> 0 | ... AJ122: ='RESUMEN TOTAL'!AP129 -> 0
A123: ='RESUMEN TOTAL'!A132 -> EL PARQUE | B123: ='RESUMEN TOTAL'!B132 -> EPQ 01 | C123: ='RESUMEN TOTAL'!D132 -> 1282 Y GRIERSON | D123: ='RESUMEN TOTAL'!E132 -> DOMO | E123: ='RESUMEN TOTAL'!F132 -> Fibra Optica | F123: ='RESUMEN TOTAL'!L132 -> 0 | G123: ='RESUMEN TOTAL'!M132 -> 0 | H123: ='RESUMEN TOTAL'!N132 -> 0 | I123: ='RESUMEN TOTAL'!O132 -> 0 | J123: ='RESUMEN TOTAL'!P132 -> 0 | K123: ='RESUMEN TOTAL'!Q132 -> 0 | L123: ='RESUMEN TOTAL'!R132 -> 0 | M123: ='RESUMEN TOTAL'!S132 -> 0 | ... AJ123: ='RESUMEN TOTAL'!AP132 -> 0
A124: ='RESUMEN TOTAL'!A133 -> EL PARQUE | B124: ='RESUMEN TOTAL'!B133 -> EPQ 02 | C124: ='RESUMEN TOTAL'!D133 -> 1282 Y MASSE | D124: ='RESUMEN TOTAL'!E133 -> DOMO | E124: ='RESUMEN TOTAL'!F133 -> Fibra Optica | F124: ='RESUMEN TOTAL'!L133 -> 0 | G124: ='RESUMEN TOTAL'!M133 -> 0 | H124: ='RESUMEN TOTAL'!N133 -> 0 | I124: ='RESUMEN TOTAL'!O133 -> 0 | J124: ='RESUMEN TOTAL'!P133 -> 0 | K124: ='RESUMEN TOTAL'!Q133 -> 0 | L124: ='RESUMEN TOTAL'!R133 -> 0 | M124: ='RESUMEN TOTAL'!S133 -> 0 | ... AJ124: ='RESUMEN TOTAL'!AP133 -> 0
A125: ='RESUMEN TOTAL'!A134 -> EL PARQUE | B125: ='RESUMEN TOTAL'!B134 -> EPQ 03 | C125: ='RESUMEN TOTAL'!D134 -> 1282 Y RP 36 | D125: ='RESUMEN TOTAL'!E134 -> Domo | E125: ='RESUMEN TOTAL'!F134 -> Fibra Optica | F125: ='RESUMEN TOTAL'!L134 -> APAGADO | G125: ='RESUMEN TOTAL'!M134 -> APAGADO | H125: ='RESUMEN TOTAL'!N134 -> APAGADO | I125: ='RESUMEN TOTAL'!O134 -> APAGADO | J125: ='RESUMEN TOTAL'!P134 -> 0 | K125: ='RESUMEN TOTAL'!Q134 -> APAGADO | L125: ='RESUMEN TOTAL'!R134 -> 0 | M125: ='RESUMEN TOTAL'!S134 -> APAGADO | ... AJ125: ='RESUMEN TOTAL'!AP134 -> 0
A126: ='RESUMEN TOTAL'!A135 -> EL PARQUE | B126: ='RESUMEN TOTAL'!B135 -> EPQ 04 | C126: ='RESUMEN TOTAL'!D135 -> 1282 Y MORENO | D126: ='RESUMEN TOTAL'!E135 -> DOMO | E126: ='RESUMEN TOTAL'!F135 -> Fibra Optica | F126: ='RESUMEN TOTAL'!L135 -> 0 | G126: ='RESUMEN TOTAL'!M135 -> 0 | H126: ='RESUMEN TOTAL'!N135 -> 0 | I126: ='RESUMEN TOTAL'!O135 -> 0 | J126: ='RESUMEN TOTAL'!P135 -> 0 | K126: ='RESUMEN TOTAL'!Q135 -> 0 | L126: ='RESUMEN TOTAL'!R135 -> 0 | M126: ='RESUMEN TOTAL'!S135 -> 0 | ... AJ126: ='RESUMEN TOTAL'!AP135 -> 0
A127: ='RESUMEN TOTAL'!A136 -> LA ESMERALDA | B127: ='RESUMEN TOTAL'!B136 -> ESM01 | C127: ='RESUMEN TOTAL'!D136 -> Cabello y Brasil | D127: ='RESUMEN TOTAL'!E136 -> Domo | E127: ='RESUMEN TOTAL'!F136 -> Radio | F127: ='RESUMEN TOTAL'!L136 -> APAGADO | G127: ='RESUMEN TOTAL'!M136 -> APAGADO | H127: ='RESUMEN TOTAL'!N136 -> APAGADO | I127: ='RESUMEN TOTAL'!O136 -> APAGADO | J127: ='RESUMEN TOTAL'!P136 -> 0 | K127: ='RESUMEN TOTAL'!Q136 -> APAGADO | L127: ='RESUMEN TOTAL'!R136 -> 0 | M127: ='RESUMEN TOTAL'!S136 -> APAGADO | ... AJ127: ='RESUMEN TOTAL'!AP136 -> 0
A128: ='RESUMEN TOTAL'!A137 -> SAN JORGE | B128: ='RESUMEN TOTAL'!B137 -> ESM02 | C128: ='RESUMEN TOTAL'!D137 -> Novak y Cabello | D128: ='RESUMEN TOTAL'!E137 -> Domo | E128: ='RESUMEN TOTAL'!F137 -> PTO A FO | F128: ='RESUMEN TOTAL'!L137 -> 0 | G128: ='RESUMEN TOTAL'!M137 -> 0 | H128: ='RESUMEN TOTAL'!N137 -> 0 | I128: ='RESUMEN TOTAL'!O137 -> 0 | J128: ='RESUMEN TOTAL'!P137 -> 0 | K128: ='RESUMEN TOTAL'!Q137 -> 0 | L128: ='RESUMEN TOTAL'!R137 -> 0 | M128: ='RESUMEN TOTAL'!S137 -> 0 | ... AJ128: ='RESUMEN TOTAL'!AP137 -> 0
A129: ='RESUMEN TOTAL'!A138 -> SAN JORGE | B129: ='RESUMEN TOTAL'!B138 -> ESM03 | C129: ='RESUMEN TOTAL'!D138 -> Novak y Humahuaca | D129: ='RESUMEN TOTAL'!E138 -> DOMO | E129: ='RESUMEN TOTAL'!F138 -> PTO A FO | F129: ='RESUMEN TOTAL'!L138 -> 0 | G129: ='RESUMEN TOTAL'!M138 -> 0 | H129: ='RESUMEN TOTAL'!N138 -> 0 | I129: ='RESUMEN TOTAL'!O138 -> 0 | J129: ='RESUMEN TOTAL'!P138 -> 0 | K129: ='RESUMEN TOTAL'!Q138 -> 0 | L129: ='RESUMEN TOTAL'!R138 -> 0 | M129: ='RESUMEN TOTAL'!S138 -> 0 | ... AJ129: ='RESUMEN TOTAL'!AP138 -> 0
A130: ='RESUMEN TOTAL'!A139 -> LA ESMERALDA | B130: ='RESUMEN TOTAL'!B139 -> ESM04 | C130: ='RESUMEN TOTAL'!D139 -> Basualdo y Bengochea | D130: ='RESUMEN TOTAL'!E139 -> Domo | E130: ='RESUMEN TOTAL'!F139 -> Fibra Optica | F130: ='RESUMEN TOTAL'!L139 -> 0 | G130: ='RESUMEN TOTAL'!M139 -> 0 | H130: ='RESUMEN TOTAL'!N139 -> 0 | I130: ='RESUMEN TOTAL'!O139 -> 0 | J130: ='RESUMEN TOTAL'!P139 -> 0 | K130: ='RESUMEN TOTAL'!Q139 -> 0 | L130: ='RESUMEN TOTAL'!R139 -> 0 | M130: ='RESUMEN TOTAL'!S139 -> 0 | ... AJ130: ='RESUMEN TOTAL'!AP139 -> 0
A131: ='RESUMEN TOTAL'!A140 -> LA ESMERALDA | B131: ='RESUMEN TOTAL'!B140 -> ESM05 | C131: ='RESUMEN TOTAL'!D140 -> Aniceto Diaz y Villar | D131: ='RESUMEN TOTAL'!E140 -> Domo | E131: ='RESUMEN TOTAL'!F140 -> Fibra Optica | F131: ='RESUMEN TOTAL'!L140 -> 0 | G131: ='RESUMEN TOTAL'!M140 -> 0 | H131: ='RESUMEN TOTAL'!N140 -> 0 | I131: ='RESUMEN TOTAL'!O140 -> 0 | J131: ='RESUMEN TOTAL'!P140 -> 0 | K131: ='RESUMEN TOTAL'!Q140 -> 0 | L131: ='RESUMEN TOTAL'!R140 -> 0 | M131: ='RESUMEN TOTAL'!S140 -> 0 | ... AJ131: ='RESUMEN TOTAL'!AP140 -> 0
A132: ='RESUMEN TOTAL'!A141 -> LA ESMERALDA | B132: ='RESUMEN TOTAL'!B141 -> ESM06 | C132: ='RESUMEN TOTAL'!D141 -> Roselli y Cabello | D132: ='RESUMEN TOTAL'!E141 -> Domo | E132: ='RESUMEN TOTAL'!F141 -> GPON | F132: ='RESUMEN TOTAL'!L141 -> 0 | G132: ='RESUMEN TOTAL'!M141 -> 0 | H132: ='RESUMEN TOTAL'!N141 -> 0 | I132: ='RESUMEN TOTAL'!O141 -> 0 | J132: ='RESUMEN TOTAL'!P141 -> 0 | K132: ='RESUMEN TOTAL'!Q141 -> 0 | L132: ='RESUMEN TOTAL'!R141 -> 0 | M132: ='RESUMEN TOTAL'!S141 -> APAGADO | ... AJ132: ='RESUMEN TOTAL'!AP141 -> 0
A133: ='RESUMEN TOTAL'!A142 -> LA ESMERALDA | B133: ='RESUMEN TOTAL'!B142 -> ESM07 | C133: ='RESUMEN TOTAL'!D142 -> AV. NOVAK Y SERRANO | D133: ='RESUMEN TOTAL'!E142 -> DOMO | E133: ='RESUMEN TOTAL'!F142 -> PTO A FO | F133: ='RESUMEN TOTAL'!L142 -> 0 | G133: ='RESUMEN TOTAL'!M142 -> 0 | H133: ='RESUMEN TOTAL'!N142 -> 0 | I133: ='RESUMEN TOTAL'!O142 -> 0 | J133: ='RESUMEN TOTAL'!P142 -> 0 | K133: ='RESUMEN TOTAL'!Q142 -> 0 | L133: ='RESUMEN TOTAL'!R142 -> 0 | M133: ='RESUMEN TOTAL'!S142 -> 0 | ... AJ133: ='RESUMEN TOTAL'!AP142 -> 0
A134: ='RESUMEN TOTAL'!A143 -> LA ESMERALDA | B134: ='RESUMEN TOTAL'!B143 -> ESM 08 | C134: ='RESUMEN TOTAL'!D143 -> DAVINSON Y MORANCHEL | D134: ='RESUMEN TOTAL'!E143 -> FIJA | E134: ='RESUMEN TOTAL'!F143 -> Radio | F134: ='RESUMEN TOTAL'!L143 -> 0 | G134: ='RESUMEN TOTAL'!M143 -> 0 | H134: ='RESUMEN TOTAL'!N143 -> 0 | I134: ='RESUMEN TOTAL'!O143 -> 0 | J134: ='RESUMEN TOTAL'!P143 -> 0 | K134: ='RESUMEN TOTAL'!Q143 -> 0 | L134: ='RESUMEN TOTAL'!R143 -> 0 | M134: ='RESUMEN TOTAL'!S143 -> 0 | ... AJ134: ='RESUMEN TOTAL'!AP143 -> 0
... A172: ='RESUMEN TOTAL'!A181 -> LA PILETA | B172: ='RESUMEN TOTAL'!B181 -> LPI04 (fija 1) | C172: ='RESUMEN TOTAL'!D181 -> MAIPU Y POSADAS | D172: ='RESUMEN TOTAL'!E181 -> FIJA | E172: ='RESUMEN TOTAL'!F181 -> Fibra Optica | F172: ='RESUMEN TOTAL'!L181 -> 0 | G172: ='RESUMEN TOTAL'!M181 -> 0 | H172: ='RESUMEN TOTAL'!N181 -> 0 | I172: ='RESUMEN TOTAL'!O181 -> 0 | J172: ='RESUMEN TOTAL'!P181 -> 0 | K172: ='RESUMEN TOTAL'!Q181 -> 0 | L172: ='RESUMEN TOTAL'!R181 -> 0 | M172: ='RESUMEN TOTAL'!S181 -> 0 | ... AJ172: ='RESUMEN TOTAL'!AP181 -> 0
A173: ='RESUMEN TOTAL'!A184 -> LOS PILARES | B173: ='RESUMEN TOTAL'!B184 -> LPR 01 | C173: ='RESUMEN TOTAL'!D184 -> EVA PERON E/ CACHEUTA Y 1406 | D173: ='RESUMEN TOTAL'!E184 -> DOMO | E173: ='RESUMEN TOTAL'!F184 -> GPON | F173: ='RESUMEN TOTAL'!L184 -> 0 | G173: ='RESUMEN TOTAL'!M184 -> 0 | H173: ='RESUMEN TOTAL'!N184 -> 0 | I173: ='RESUMEN TOTAL'!O184 -> 0 | J173: ='RESUMEN TOTAL'!P184 -> 0 | K173: ='RESUMEN TOTAL'!Q184 -> 0 | L173: ='RESUMEN TOTAL'!R184 -> 0 | M173: ='RESUMEN TOTAL'!S184 -> 0 | ... AJ173: ='RESUMEN TOTAL'!AP184 -> 0
A174: ='RESUMEN TOTAL'!A185 -> LOS PILARES | B174: ='RESUMEN TOTAL'!B185 -> LPR02 (fija 1) | C174: ='RESUMEN TOTAL'!D185 -> EVA PERON Y CACHEUTA | D174: ='RESUMEN TOTAL'!E185 -> Fija | E174: ='RESUMEN TOTAL'!F185 -> GPON | F174: ='RESUMEN TOTAL'!L185 -> 0 | G174: ='RESUMEN TOTAL'!M185 -> 0 | H174: ='RESUMEN TOTAL'!N185 -> 0 | I174: ='RESUMEN TOTAL'!O185 -> 0 | J174: ='RESUMEN TOTAL'!P185 -> 0 | K174: ='RESUMEN TOTAL'!Q185 -> 0 | L174: ='RESUMEN TOTAL'!R185 -> 0 | M174: ='RESUMEN TOTAL'!S185 -> 0 | ... AJ174: ='RESUMEN TOTAL'!AP185 -> 0
A175: ='RESUMEN TOTAL'!A186 -> LOS PILARES | B175: ='RESUMEN TOTAL'!B186 -> LPR03 (fija 2) | C175: ='RESUMEN TOTAL'!D186 -> EVA PERON Y CACHEUTA | D175: ='RESUMEN TOTAL'!E186 -> Fija | E175: ='RESUMEN TOTAL'!F186 -> GPON | F175: ='RESUMEN TOTAL'!L186 -> 0 | G175: ='RESUMEN TOTAL'!M186 -> 0 | H175: ='RESUMEN TOTAL'!N186 -> 0 | I175: ='RESUMEN TOTAL'!O186 -> 0 | J175: ='RESUMEN TOTAL'!P186 -> 0 | K175: ='RESUMEN TOTAL'!Q186 -> 0 | L175: ='RESUMEN TOTAL'!R186 -> 0 | M175: ='RESUMEN TOTAL'!S186 -> 0 | ... AJ175: ='RESUMEN TOTAL'!AP186 -> 0
