Workbook
Name _25_de_agosto: 'RESUMEN TOTAL'!$A$7:$D$465
Name _25_de_agosto_3: 'RESUMEN TOTAL'!$A$7:$D$477
Name _30_mar: #REF!
Name BONOMOcam: Hoja1!$B$2
Name CANTIDAD_DE_CAMARAS: 'RESUMEN TOTAL'!$B$1
Name COSEIDIcam: Hoja1!$B$4

Sheet RESUMEN TOTAL
A1: CANTIDAD DE CAMARAS | B1: =COUNTA(B8:B702) -> 541 | D1: PORCIENTO DE CAIDAS | M1: =(M3)/(M2+M3) -> 0.11311475 | N1: =(N3)/(N2+N3) -> 0.11456628 | O1: =(O3)/(O2+O3) -> 0.11165846 | P1: =(P3)/(P2+P3) -> 0.10430464 | Q1: =(Q3)/(Q2+Q3) -> 0.089225589 | R1: =(R3)/(R2+R3) -> 0.12882448 | S1: =(S3)/(S2+S3) -> 0.11601307 | T1: =(T3)/(T2+T3) -> 0.10281924 | ... Y1: =(Y3)/(Y2+Y3) -> 0.086148649 | AA1: =(AA3)/(AA2+AA3) -> 0.090756303 | AB1: =(AB3)/(AB2+AB3) -> 0.090756303 | AC1: =(AC3)/(AC2+AC3) -> 0.092281879 | AD1: =(AD3)/(AD2+AD3) -> 0.083050847 | AE1: =(AE3)/(AE2+AE3) -> 0.12600969 | AF1: =(AF3)/(AF2+AF3) -> 0.13716108 | AG1: =(AG3)/(AG2+AG3) -> 0.18768769 | AH1: =(AH3)/(AH2+AH3) -> 0.14937107 | ... AP1: =(AP3)/(AP2+AP3) -> 0
D2: FUNCIONAN | M2: =CANTIDAD_DE_CAMARAS -> 541 | N2: =CANTIDAD_DE_CAMARAS -> 541 | O2: =CANTIDAD_DE_CAMARAS -> 541 | P2: =CANTIDAD_DE_CAMARAS -> 541 | Q2: =CANTIDAD_DE_CAMARAS -> 541 | R2: =CANTIDAD_DE_CAMARAS -> 541 | S2: =CANTIDAD_DE_CAMARAS -> 541 | T2: =CANTIDAD_DE_CAMARAS -> 541 | ... AP2: =CANTIDAD_DE_CAMARAS -> 541
D3: CAIDAS | M3: =COUNTIF(M7:M702, "apagado") -> 69 | N3: =COUNTIF(N7:N702, "apagado") -> 70 | O3: =COUNTIF(O7:O702, "apagado") -> 68 | P3: =COUNTIF(P7:P702, "apagado") -> 63 | Q3: =COUNTIF(Q7:Q702, "apagado") -> 53 | R3: =COUNTIF(R7:R702, "apagado") -> 80 | S3: =COUNTIF(S7:S702, "apagado") -> 71 | T3: =COUNTIF(T7:T702, "apagado") -> 62 | ... AP3: =COUNTIF(AP7:AP702, "apagado") -> 0
D4: APAGADOS FIBRA | M4: =COUNTIFS(M8:M656, "=APAGADO",F8:F656,"=Fibra Optica") -> 29 | N4: =COUNTIFS(N8:N656, "=APAGADO",F8:F656,"=Fibra Optica") -> 29 | O4: =COUNTIFS(O8:O656, "=APAGADO",F8:F656,"=Fibra Optica") -> 29 | P4: =COUNTIFS(P8:P656, "=APAGADO",F8:F656,"=Fibra Optica") -> 27 | Q4: =COUNTIFS(Q8:Q656, "=APAGADO",F8:F656,"=Fibra Optica") -> 23 | R4: =COUNTIFS(R8:R656, "=APAGADO",F8:F656,"=Fibra Optica") -> 46 | S4: =COUNTIFS(S8:S656, "=APAGADO",F8:F656,"=Fibra Optica") -> 32 | T4: =COUNTIFS(T8:T656, "=APAGADO",F8:F656,"=Fibra Optica") -> 26 | U4: =COUNTIFS(U8:U656, "=APAGADO",F8:F656,"=Fibra Optica") -> 24 | V4: =COUNTIFS(V8:V656, "=APAGADO",F8:F656,"=Fibra Optica") -> 27 | W4: =COUNTIFS(W8:W656, "=APAGADO",F8:F656,"=Fibra Optica") -> 45 | X4: =COUNTIFS(X8:X656, "=APAGADO",F8:F656,"=Fibra Optica") -> 42 | Y4: =COUNTIFS(Y8:Y656, "=APAGADO",F8:F656,"=Fibra Optica") -> 24 | Z4: =COUNTIFS(Z8:Z656, "=APAGADO",F8:F656,"=Fibra Optica") -> 22 | AA4: =COUNTIFS(AA8:AA656, "=APAGADO",F8:F656,"=Fibra Optica") -> 28 | AB4: =COUNTIFS(AB8:AB656, "=APAGADO",F8:F656,"=Fibra Optica") -> 24 | AC4: =COUNTIFS(AC8:AC656, "=APAGADO",F8:F656,"=Fibra Optica") -> 25 | AD4: =COUNTIFS(AD8:AD656, "=APAGADO",F8:F656,"=Fibra Optica") -> 19 | AE4: =COUNTIFS(AE8:AE656, "=APAGADO",F8:F656,"=Fibra Optica") -> 40 | AF4: =COUNTIFS(AF8:AF656, "=APAGADO",F8:F656,"=Fibra Optica") -> 44 | AG4: =COUNTIFS(AG8:AG656, "=APAGADO",F8:F656,"=Fibra Optica") -> 78 | AH4: =COUNTIFS(AH8:AH656, "=APAGADO",F8:F656,"=Fibra Optica") -> 49 | AI4: =COUNTIFS(AI8:AI656, "=APAGADO",F8:F656,"=Fibra Optica") -> 23 | AJ4: =COUNTIFS(AJ8:AJ656, "=APAGADO",F8:F656,"=Fibra Optica") -> 20 | AK4: =COUNTIFS(AK8:AK656, "=APAGADO",F8:F656,"=Fibra Optica") -> 20 | AL4: =COUNTIFS(AL8:AL656, "=APAGADO",F8:F656,"=Fibra Optica") -> 0 | AM4: =COUNTIFS(AM8:AM656, "=APAGADO",F8:F656,"=Fibra Optica") -> 0 | AN4: =COUNTIFS(AN8:AN656, "=APAGADO",F8:F656,"=Fibra Optica") -> 0 | AO4: =COUNTIFS(AO8:AO656, "=APAGADO",F8:F656,"=Fibra Optica") -> 0 | AP4: =COUNTIFS(AP8:AP656, "=APAGADO",F8:F656,"=Fibra Optica") -> 0
D5: APAGADOS RADIO | M5: =COUNTIFS(M8:M656, "=APAGADO",F8:F656,"=RADIO") -> 11 | N5: =COUNTIFS(N8:N656, "=APAGADO",F8:F656,"=RADIO") -> 12 | O5: =COUNTIFS(O8:O656, "=APAGADO",F8:F656,"=RADIO") -> 11 | P5: =COUNTIFS(P8:P656, "=APAGADO",F8:F656,"=RADIO") -> 12 | Q5: =COUNTIFS(Q8:Q656, "=APAGADO",F8:F656,"=RADIO") -> 11 | R5: =COUNTIFS(R8:R656, "=APAGADO",F8:F656,"=RADIO") -> 11 | S5: =COUNTIFS(S8:S656, "=APAGADO",F8:F656,"=RADIO") -> 14 | T5: =COUNTIFS(T8:T656, "=APAGADO",F8:F656,"=RADIO") -> 14 | U5: =COUNTIFS(U8:U656, "=APAGADO",F8:F656,"=RADIO") -> 10 | V5: =COUNTIFS(V8:V656, "=APAGADO",F8:F656,"=RADIO") -> 13 | W5: =COUNTIFS(W8:W656, "=APAGADO",F8:F656,"=RADIO") -> 10 | X5: =COUNTIFS(X8:X656, "=APAGADO",F8:F656,"=RADIO") -> 8 | Y5: =COUNTIFS(Y8:Y656, "=APAGADO",F8:F656,"=RADIO") -> 8 | Z5: =COUNTIFS(Z8:Z656, "=APAGADO",F8:F656,"=RADIO") -> 8 | AA5: =COUNTIFS(AA8:AA656, "=APAGADO",F8:F656,"=RADIO") -> 9 | AB5: =COUNTIFS(AB8:AB656, "=APAGADO",F8:F656,"=RADIO") -> 13 | AC5: =COUNTIFS(AC8:AC656, "=APAGADO",F8:F656,"=RADIO") -> 11 | AD5: =COUNTIFS(AD8:AD656, "=APAGADO",F8:F656,"=RADIO") -> 12 | AE5: =COUNTIFS(AE8:AE656, "=APAGADO",F8:F656,"=RADIO") -> 17 | AF5: =COUNTIFS(AF8:AF656, "=APAGADO",F8:F656,"=RADIO") -> 19 | AG5: =COUNTIFS(AG8:AG656, "=APAGADO",F8:F656,"=RADIO") -> 21 | AH5: =COUNTIFS(AH8:AH656, "=APAGADO",F8:F656,"=RADIO") -> 21 | AI5: =COUNTIFS(AI8:AI656, "=APAGADO",F8:F656,"=RADIO") -> 12 | AJ5: =COUNTIFS(AJ8:AJ656, "=APAGADO",F8:F656,"=RADIO") -> 10 | AK5: =COUNTIFS(AK8:AK656, "=APAGADO",F8:F656,"=RADIO") -> 10 | AL5: =COUNTIFS(AL8:AL656, "=APAGADO",F8:F656,"=RADIO") -> 0 | AM5: =COUNTIFS(AM8:AM656, "=APAGADO",F8:F656,"=RADIO") -> 0 | AN5: =COUNTIFS(AN8:AN656, "=APAGADO",F8:F656,"=RADIO") -> 0 | AO5: =COUNTIFS(AO8:AO656, "=APAGADO",F8:F656,"=RADIO") -> 0 | AP5: =COUNTIFS(AP8:AP656, "=APAGADO",F8:F656,"=RADIO") -> 0
D6: APAGADOS ANTENA | M6: =COUNTIFS(M8:M656, "=APAGADO",F8:F656,"=PTO A FO") -> 6 | N6: =COUNTIFS(N8:N656, "=APAGADO",F8:F656,"=PTO A FO") -> 7 | O6: =COUNTIFS(O8:O656, "=APAGADO",F8:F656,"=PTO A FO") -> 6 | P6: =COUNTIFS(P8:P656, "=APAGADO",F8:F656,"=PTO A FO") -> 5 | Q6: =COUNTIFS(Q8:Q656, "=APAGADO",F8:F656,"=PTO A FO") -> 5 | R6: =COUNTIFS(R8:R656, "=APAGADO",F8:F656,"=PTO A FO") -> 6 | S6: =COUNTIFS(S8:S656, "=APAGADO",F8:F656,"=PTO A FO") -> 6 | T6: =COUNTIFS(T8:T656, "=APAGADO",F8:F656,"=PTO A FO") -> 6 | U6: =COUNTIFS(U8:U656, "=APAGADO",F8:F656,"=PTO A FO") -> 6 | V6: =COUNTIFS(V8:V656, "=APAGADO",F8:F656,"=PTO A FO") -> 6 | W6: =COUNTIFS(W8:W656, "=APAGADO",F8:F656,"=PTO A FO") -> 6 | X6: =COUNTIFS(X8:X656, "=APAGADO",F8:F656,"=PTO A FO") -> 4 | Y6: =COUNTIFS(Y8:Y656, "=APAGADO",F8:F656,"=PTO A FO") -> 3 | Z6: =COUNTIFS(Z8:Z656, "=APAGADO",F8:F656,"=PTO A FO") -> 3 | AA6: =COUNTIFS(AA8:AA656, "=APAGADO",F8:F656,"=PTO A FO") -> 3 | AB6: =COUNTIFS(AB8:AB656, "=APAGADO",F8:F656,"=PTO A FO") -> 3 | AC6: =COUNTIFS(AC8:AC656, "=APAGADO",F8:F656,"=PTO A FO") -> 3 | AD6: =COUNTIFS(AD8:AD656, "=APAGADO",F8:F656,"=PTO A FO") -> 3 | AE6: =COUNTIFS(AE8:AE656, "=APAGADO",F8:F656,"=PTO A FO") -> 6 | AF6: =COUNTIFS(AF8:AF656, "=APAGADO",F8:F656,"=PTO A FO") -> 7 | AG6: =COUNTIFS(AG8:AG656, "=APAGADO",F8:F656,"=PTO A FO") -> 7 | AH6: =COUNTIFS(AH8:AH656, "=APAGADO",F8:F656,"=PTO A FO") -> 8 | AI6: =COUNTIFS(AI8:AI656, "=APAGADO",F8:F656,"=PTO A FO") -> 5 | AJ6: =COUNTIFS(AJ8:AJ656, "=APAGADO",F8:F656,"=PTO A FO") -> 4 | AK6: =COUNTIFS(AK8:AK656, "=APAGADO",F8:F656,"=PTO A FO") -> 4 | AL6: =COUNTIFS(AL8:AL656, "=APAGADO",F8:F656,"=PTO A FO") -> 0 | AM6: =COUNTIFS(AM8:AM656, "=APAGADO",F8:F656,"=PTO A FO") -> 0 | AN6: =COUNTIFS(AN8:AN656, "=APAGADO",F8:F656,"=PTO A FO") -> 0 | AO6: =COUNTIFS(AO8:AO656, "=APAGADO",F8:F656,"=PTO A FO") -> 0 | AP6: =COUNTIFS(AP8:AP656, "=APAGADO",F8:F656,"=PTO A FO") -> 0
A7: Barrio | B7: [Denominacion] | C7: [Empresa Mantenimiento] | D7: [Ubicacion] | E7: [Tipo de Camara] | F7: [Tipo de Conexion] | G7: Destino | I7: DIAS FUNCIONANDO | J7: MAC | K7: DIAS CAIDA | L7: EFECTIVIDAD | M7: 45901 | N7: 45902 | O7: 45903 | P7: 45904 | Q7: 45905 | R7: 45906 | S7: 45907 | T7: 45908 | U7: 45909 | V7: 45910 | W7: 45911 | X7: 45912 | Y7: 45913 | Z7: 45914 | AA7: 45915 | AB7: 45916 | AC7: 45917 | AD7: 45918 | AE7: 45919 | AF7: 45920 | AG7: 45921 | AH7: 45922 | AI7: 45923 | AJ7: 45924 | AK7: 45925 | AL7: 45926 | AM7: 45927 | AN7: 45928 | AO7: 45929 | AP7: 45930
A8: ALTAMIRA | B8: ALT01 | C8: BONOMO | D8: Calchaqui y Sgto. Cabral | E8: Domo | F8: Fibra Optica | H8: 172.20.10.6 | I8: =COUNTIF(M8:AN8,"") -> 28 | J8: 00-07-5F-87-83-56 | K8: =COUNTIF(M8:AN8,"APAGADO") -> 0 | L8: =(I8)/(K8+I8) -> 1
A9: ALTAMIRA | B9: ALT02 | C9: BONOMO | D9: Calchaqui y Lope de Vega | E9: Domo | F9: PTO A FO | G9: CABRAL Y CALCHAQUI | H9: 172.20.12.218 | I9: =COUNTIF(M9:AN9,"") -> 28 | J9: 00-04-63-50-42-A4 | K9: =COUNTIF(M9:AN9,"APAGADO") -> 0 | L9: =(I9)/(K9+I9) -> 1
A10: ALTAMIRA | B10: ALT 03 | C10: BONOMO | D10: Bombero Galarza y Necochea | E10: Domo | F10: GPON | H10: 172.20.12.54 | I10: =COUNTIF(M10:AN10,"") -> 28 | J10: 00-07-5F-87-9D-EF | K10: =COUNTIF(M10:AN10,"APAGADO") -> 0 | L10: =(I10)/(K10+I10) -> 1
A11: ALTAMIRA | B11: ALT 04 | C11: BONOMO | D11: Francia y Necochea | E11: Domo | F11: GPON | H11: 172.20.12.55 | I11: =COUNTIF(M11:AN11,"") -> 28 | J11: 00-04-63-59-22-57 | K11: =COUNTIF(M11:AN11,"APAGADO") -> 0 | L11: =(I11)/(K11+I11) -> 1
A12: ALTAMIRA | B12: ALT05 | C12: BONOMO | D12: Av. Calchaqui y Bombero Galarza | E12: Domo | F12: GPON | G12: NECOCHEA Y GALARZA | H12: 172.20.12.216 | I12: =COUNTIF(M12:AN12,"") -> 28 | J12: 00-07-5F-77-02-85 | K12: =COUNTIF(M12:AN12,"APAGADO") -> 0 | L12: =(I12)/(K12+I12) -> 1
A13: ALTAMIRA | B13: ALT 06 | C13: BONOMO | D13: LOPE DE VEGA Y NECOCHEA | E13: Domo | F13: GPON | G13: NECOCHEA Y GALARZA | H13: 172.20.12.12 | I13: =COUNTIF(M13:AN13,"") -> 28 | J13: 00-04-63-4F-DD-DB | K13: =COUNTIF(M13:AN13,"APAGADO") -> 0 | L13: =(I13)/(K13+I13) -> 1
A14: ALTAMIRA | B14: ALT07 | C14: BONOMO | D14: AV. CALCHAQUI Y AV. DEL TRABAJO | E14: DOMO | F14: PTO A FO | G14: CABRAL Y CALCHAQUI | H14: 172.20.10.57 | I14: =COUNTIF(M14:AN14,"") -> 28 | J14: 00-04-63-4F-DE-CA | K14: =COUNTIF(M14:AN14,"APAGADO") -> 0 | L14: =(I14)/(K14+I14) -> 1
A15: ALTAMIRA | B15: ALT 08 | C15: BONOMO | D15: HUMAITA Y NECOCHEA | E15: DOMO | F15: Fibra Optica | H15: 172.20.11.215 | I15: =COUNTIF(M15:AN15,"") -> 27 | J15: 00-07-5F-BE-59-2D | K15: =COUNTIF(M15:AN15,"APAGADO") -> 1 | L15: =(I15)/(K15+I15) -> 0.96428571 | V15: APAGADO
A16: ALTAMIRA | B16: ALT 09 | C16: BONOMO | D16: NECOCHEA Y CURUPAITY | E16: DOMO | F16: Fibra Optica | H16: 172.20.11.216 | I16: =COUNTIF(M16:AN16,"") -> 28 | J16: 00-07-5F-BE-59-27 | K16: =COUNTIF(M16:AN16,"APAGADO") -> 0 | L16: =(I16)/(K16+I16) -> 1
A17: ALTAMIRA | B17: ALT 10 | C17: BONOMO | D17: Calchaqui y Francia | E17: Domo | F17: GPON | H17: 172.20.12.156 | I17: =COUNTIF(M17:AN17,"") -> 25 | J17: 00-07-5F-AB-BB-41 | K17: =COUNTIF(M17:AN17,"APAGADO") -> 3 | L17: =(I17)/(K17+I17) -> 0.89285714 | M17: APAGADO | N17: APAGADO | O17: APAGADO
A18: ALTAMIRA | B18: ALT 11 | C18: BONOMO | D18: CALCHAQUÍ Y GALARZA FIJA | E18: Fija | F18: Fibra Optica | H18: 172.20.12.241 | I18: =COUNTIF(M18:AN18,"") -> 28 | K18: =COUNTIF(M18:AN18,"APAGADO") -> 0 | L18: =(I18)/(K18+I18) -> 1
A19: AGUSTIN RAMIREZ | B19: ARA 01 | C19: BONOMO | D19: Malambo y Tranquera | E19: Domo | F19: Fibra Optica | H19: 172.20.12.110 | I19: =COUNTIF(M19:AN19,"") -> 28 | J19: 00-04-63-4F-DB-B6 | K19: =COUNTIF(M19:AN19,"APAGADO") -> 0 | L19: =(I19)/(K19+I19) -> 1
A20: AGUSTIN RAMIREZ | B20: ARA 02 | C20: BONOMO | D20: El malambo y La Tranquera | E20: Fija | F20: GPON | H20: 172.20.12.235 | J20: C0:6D:ED:A3:E6:63
A21: AGUSTIN RAMIREZ | B21: ARA 03 | C21: BONOMO | D21: 437 Y La Tranquera | E21: Fija | F21: GPON | H21: 172.20.10.232 | J21: C0:6D:ED:A3:66:6A
A22: BELGRANO | B22: BEL 01 | C22: BONOMO | D22: San Martin y Dardo Rocha | E22: DOMO | F22: Fibra Optica | H22: 172.20.12.64 | I22: =COUNTIF(M22:AN22,"") -> 3 | J22: 00-07-5F-81-B9-E9 | K22: =COUNTIF(M22:AN22,"APAGADO") -> 25 | L22: =(I22)/(K22+I22) -> 0.10714286 | M22: APAGADO | N22: APAGADO | O22: APAGADO | P22: APAGADO | Q22: APAGADO | R22: APAGADO | S22: APAGADO | T22: APAGADO | U22: APAGADO | V22: APAGADO | W22: APAGADO | X22: APAGADO | Y22: APAGADO | Z22: APAGADO | AA22: APAGADO | AB22: APAGADO | AC22: APAGADO | AD22: APAGADO | AE22: APAGADO | AF22: APAGADO | AG22: APAGADO | AH22: APAGADO | AI22: APAGADO | AJ22: APAGADO | AK22: APAGADO
A23: BELGRANO | B23: BEL 02 | C23: BONOMO | D23: Guardia vieja y Fronteriz | E23: DOMO | F23: Fibra Optica | H23: 172.20.10.117 | I23: =COUNTIF(M23:AN23,"") -> 28 | J23: E4-30-22-4F-9E-62 | K23: =COUNTIF(M23:AN23,"APAGADO") -> 0 | L23: =(I23)/(K23+I23) -> 1
A24: BOSQUES CENTRO | B24: BOSQC 01 | C24: COSEIDI | D24: LUIS AGOTE E/DANUNCIO Y CAMPOAMOR | E24: Fija | F24: Radio | H24: 172.20.11.15 | I24: =COUNTIF(M24:AN24,"") -> 24 | J24: 00-07-5F-B7-56-89 | K24: =COUNTIF(M24:AN24,"APAGADO") -> 4 | L24: =(I24)/(K24+I24) -> 0.85714286 | AE24: APAGADO | AF24: APAGADO | AG24: APAGADO | AH24: APAGADO
A25: BOSQUES CENTRO | B25: BOSQC 02 | C25: COSEIDI | D25: LUIS AGOTE E/DANUNCIO Y CAMPOAMOR | E25: Fija | F25: Radio | H25: 172.20.11.16 | I25: =COUNTIF(M25:AN25,"") -> 24 | J25: 00-07-5F-B4-17-A8 | K25: =COUNTIF(M25:AN25,"APAGADO") -> 4 | L25: =(I25)/(K25+I25) -> 0.85714286 | AE25: APAGADO | AF25: APAGADO | AG25: APAGADO | AH25: APAGADO
A26: BOSQUES CENTRO | B26: BOSQC 03 | C26: COSEIDI | D26: BENAVENTE Y LUIS AGOTE | E26: Fija | F26: Radio | H26: 172.20.11.13 | I26: =COUNTIF(M26:AN26,"") -> 24 | J26: 00-07-5F-B6-B8-A5 | K26: =COUNTIF(M26:AN26,"APAGADO") -> 4 | L26: =(I26)/(K26+I26) -> 0.85714286 | AE26: APAGADO | AF26: APAGADO | AG26: APAGADO | AH26: APAGADO
A27: BOSQUES CENTRO | B27: BOSQC 04 | C27: COSEIDI | D27: BENAVENTE Y LUIS AGOTE | E27: Fija | F27: Radio | H27: 172.20.11.113 | I27: =COUNTIF(M27:AN27,"") -> 24 | J27: 00-07-5F-B6-B8-D3 | K27: =COUNTIF(M27:AN27,"APAGADO") -> 4 | L27: =(I27)/(K27+I27) -> 0.85714286 | AE27: APAGADO | AF27: APAGADO | AG27: APAGADO | AH27: APAGADO
A28: BOSQUES CENTRO | B28: BOSQC 05 | C28: COSEIDI | D28: LUIS AGOTE Y RUTA 36 | E28: Fija | F28: Radio | H28: 172.20.11.17 | I28: =COUNTIF(M28:AN28,"") -> 24 | J28: 00-07-5F-B4-42-C7 | K28: =COUNTIF(M28:AN28,"APAGADO") -> 4 | L28: =(I28)/(K28+I28) -> 0.85714286 | AE28: APAGADO | AF28: APAGADO | AG28: APAGADO | AH28: APAGADO
A29: BOSQUES CENTRO | B29: BOSQC 06 | C29: COSEIDI | D29: LUIS AGOTE Y RUTA 36 | E29: Fija | F29: Radio | H29: 172.20.11.18 | I29: =COUNTIF(M29:AN29,"") -> 24 | J29: 00-07-5F-B4-16-8D | K29: =COUNTIF(M29:AN29,"APAGADO") -> 4 | L29: =(I29)/(K29+I29) -> 0.85714286 | AE29: APAGADO | AF29: APAGADO | AG29: APAGADO | AH29: APAGADO
A30: BOSQUES CENTRO | B30: BOSQC 07 | C30: BONOMO | D30: Touring club y Sta Teresita | E30: Domo | F30: GPON | H30: 172.20.10.141 | I30: =COUNTIF(M30:AN30,"") -> 28 | J30: A0-FF-0C-D1-BD-7F | K30: =COUNTIF(M30:AN30,"APAGADO") -> 0 | L30: =(I30)/(K30+I30) -> 1
A31: BOSQUES CENTRO | B31: BOSQC 08 | C31: COSEIDI | D31: D'Anuncio Y J.B Justo (Plaza) | E31: Fija | F31: GPON | H31: 172.20.10.222
A32: BOSQUES CENTRO | B32: BOSQC 09 | C32: COSEIDI | D32: D'Anuncio e/Lisandro de la Torre y J.B Justo | E32: Fija | F32: GPON | H32: 172.20.10.227
A33: BOSQUES CENTRO | B33: BOSQC 10 | C33: COSEIDI | D33: D'Anuncio e/Lisandro de la Torre y J.B Justo | E33: Fija | F33: GPON | H33: 172.20.10.228
A34: BOSQUES CENTRO | B34: PAVE01 | C34: COSEIDI | D34: Touring Club y Ramallo | E34: Domo | F34: Fibra Optica | H34: 172.20.10.144 | I34: =COUNTIF(M34:AN34,"") -> 4 | J34: A0-FF-0C-D4-AF-AD | K34: =COUNTIF(M34:AN34,"APAGADO") -> 24 | L34: =(I34)/(K34+I34) -> 0.14285714 | M34: APAGADO | N34: APAGADO | O34: APAGADO | P34: APAGADO | Q34: APAGADO | R34: APAGADO | S34: APAGADO | T34: APAGADO | U34: APAGADO | V34: APAGADO | W34: APAGADO | X34: APAGADO | Y34: APAGADO | AA34: APAGADO | AB34: APAGADO | AC34: APAGADO | AD34: APAGADO | AE34: APAGADO | AF34: APAGADO | AG34: APAGADO | AH34: APAGADO | AI34: APAGADO | AJ34: APAGADO | AK34: APAGADO
A35: BOSQUES CENTRO | B35: PAVE02 | C35: COSEIDI | D35: Ramallo y Calingasta | E35: Domo | F35: GPON | H35: 172.20.10.37 | I35: =COUNTIF(M35:AN35,"") -> 4 | K35: =COUNTIF(M35:AN35,"APAGADO") -> 24 | L35: =(I35)/(K35+I35) -> 0.14285714 | M35: APAGADO | N35: APAGADO | O35: APAGADO | P35: APAGADO | Q35: APAGADO | R35: APAGADO | S35: APAGADO | T35: APAGADO | U35: APAGADO | V35: APAGADO | W35: APAGADO | X35: APAGADO | Y35: APAGADO | AA35: APAGADO | AB35: APAGADO | AC35: APAGADO | AD35: APAGADO | AE35: APAGADO | AF35: APAGADO | AG35: APAGADO | AH35: APAGADO | AI35: APAGADO | AJ35: APAGADO | AK35: APAGADO
A36: BOSQUES CENTRO | B36: CVA01 | C36: COSEIDI | D36: CACHEUTA Y 1355 | E36: Domo | F36: GPON | H36: 172.20.10.59 | M36: APAGADO | N36: APAGADO | O36: APAGADO | P36: APAGADO
A37: LA CAROLINA 2 | B37: CAR01 (Fija 1) | C37: COSEIDI | D37: Azurduy y Vergara | E37: Fija | F37: Fibra Optica | H37: 172.20.10.60 | I37: =COUNTIF(M37:AN37,"") -> 28 | J37: A0:FF:0C:EF:DF:AB | K37: =COUNTIF(M37:AN37,"APAGADO") -> 0 | L37: =(I37)/(K37+I37) -> 1
A38: LA CAROLINA 2 | B38: CAR02 (Fija 2) | C38: COSEIDI | D38: Azurduy y Vergara | E38: Fija | F38: Fibra Optica | H38: 172.20.10.73 | I38: =COUNTIF(M38:AN38,"") -> 28 | J38: A0:FF:0C:EF:DF:AD | K38: =COUNTIF(M38:AN38,"APAGADO") -> 0 | L38: =(I38)/(K38+I38) -> 1
A39: LA CAROLINA 2 | B39: CAR03(Fija1) | C39: COSEIDI | D39: Hudson e/1362 Y 1356 | E39: Fija | F39: Fibra Optica | H39: 172.20.8.39
A40: LA CAROLINA 2 | B40: CAR04(Fija2) | C40: COSEIDI | D40: Hudson e/1362 Y 1356 | E40: Fija | F40: Fibra Optica | H40: 172.20.8.40
A41: LA CAROLINA 2 | B41: CAR05 | C41: COSEIDI | D41: Hudson e/1362 Y 1356 | E41: Domo | F41: Fibra Optica | H41: 172.20.8.34
A42: LA CAROLINA 2 | B42: CAR06 | C42: COSEIDI | D42: Azurduy Y Barracas | E42: Domo | F42: Fibra Optica | H42: 172.20.10.223
A43: CENTRO | B43: CEN01 | C43: BONOMO | D43: San Martin y 9 de Julio | E43: Fija | F43: Fibra Optica | H43: 172.20.11.10 | I43: =COUNTIF(M43:AN43,"") -> 28 | J43: 00-07-5F-85-FC-FB | K43: =COUNTIF(M43:AN43,"APAGADO") -> 0 | L43: =(I43)/(K43+I43) -> 1
A44: CENTRO | B44: CEN02 | C44: BONOMO | D44: San Martin y Almafuerte | E44: Fija | F44: Fibra Optica | H44: 172.20.11.11 | I44: =COUNTIF(M44:AN44,"") -> 28 | J44: 00-07-5F-85-DF-9D | K44: =COUNTIF(M44:AN44,"APAGADO") -> 0 | L44: =(I44)/(K44+I44) -> 1
A45: CENTRO | B45: CEN03 | C45: BONOMO | D45: San Martin y Sallares | E45: Domo | F45: Fibra Optica | H45: 172.20.12.30 | I45: =COUNTIF(M45:AN45,"") -> 28 | J45: 00-07-5F-E6-65-A8 | K45: =COUNTIF(M45:AN45,"APAGADO") -> 0 | L45: =(I45)/(K45+I45) -> 1
A46: CENTRO | B46: CEN04 | C46: BONOMO | D46: San Martin y Contreras | E46: Domo | F46: Fibra Optica | H46: 172.20.12.29 | I46: =COUNTIF(M46:AN46,"") -> 23 | J46: 00-04-63-5A-E0-85 | K46: =COUNTIF(M46:AN46,"APAGADO") -> 5 | L46: =(I46)/(K46+I46) -> 0.82142857 | AF46: APAGADO | AG46: APAGADO | AH46: APAGADO | AI46: APAGADO | AJ46: APAGADO
A47: CENTRO | B47: CEN 05 | C47: BONOMO | D47: Bocuzzi e/España y San Martin | E47: DOMO | F47: Fibra Optica | H47: 172.20.10.200 | I47: =COUNTIF(M47:AN47,"") -> 28 | J47: 00-07-5F-81-9C-7F | K47: =COUNTIF(M47:AN47,"APAGADO") -> 0 | L47: =(I47)/(K47+I47) -> 1
A48: CENTRO | B48: CEN06 | C48: BONOMO | D48: Monteagudo y A.del Valle | E48: Fija | F48: Fibra Optica | H48: 172.20.10.02 | I48: =COUNTIF(M48:AN48,"") -> 27 | K48: =COUNTIF(M48:AN48,"APAGADO") -> 1 | L48: =(I48)/(K48+I48) -> 0.96428571 | U48: APAGADO
A49: CENTRO | B49: CEN07 | C49: BONOMO | D49: San Martin y Guemes | E49: DOMO | F49: Fibra Optica | H49: 172.20.11.20 | I49: =COUNTIF(M49:AN49,"") -> 28 | J49: 00-07-5F-77-25-57 | K49: =COUNTIF(M49:AN49,"APAGADO") -> 0 | L49: =(I49)/(K49+I49) -> 1
A50: CENTRO | B50: CEN08 | C50: BONOMO | D50: San Martin y Pte.Peron | E50: Domo | F50: Fibra Optica | H50: 172.20.11.21 | I50: =COUNTIF(M50:AN50,"") -> 28 | J50: 00-07-5F-7A-71-56 | K50: =COUNTIF(M50:AN50,"APAGADO") -> 0 | L50: =(I50)/(K50+I50) -> 1
A51: CENTRO | B51: CEN09 | C51: BONOMO | D51: Chacabuco y 25 de Mayo | E51: Domo | F51: Fibra Optica | H51: 172.20.11.22 | I51: =COUNTIF(M51:AN51,"") -> 28 | J51: 00-07-5F-76-FB-07 | K51: =COUNTIF(M51:AN51,"APAGADO") -> 0 | L51: =(I51)/(K51+I51) -> 1
A52: CENTRO | B52: CEN10 | C52: BONOMO | D52: Monteagudo y Pte. Peron | E52: Domo | F52: Fibra Optica | H52: 172.20.11.23 | I52: =COUNTIF(M52:AN52,"") -> 28 | J52: 00-07-5F-76-FC-7B | K52: =COUNTIF(M52:AN52,"APAGADO") -> 0 | L52: =(I52)/(K52+I52) -> 1
A53: CENTRO | B53: CEN11 | C53: BONOMO | D53: Monteagudo y Bocuzzi | E53: Domo | F53: Fibra Optica | H53: 172.20.10.24 | I53: =COUNTIF(M53:AN53,"") -> 28 | J53: 00-07-5F-77-26-89 | K53: =COUNTIF(M53:AN53,"APAGADO") -> 0 | L53: =(I53)/(K53+I53) -> 1
A54: CENTRO | B54: CEN 12 | C54: BONOMO | D54: Monteagudo y Mitre | E54: Domo | F54: Fibra Optica | H54: 172.20.10.23 | I54: =COUNTIF(M54:AN54,"") -> 28 | J54: 00-07-5F-75-24-A1 | K54: =COUNTIF(M54:AN54,"APAGADO") -> 0 | L54: =(I54)/(K54+I54) -> 1
A55: CENTRO | B55: CEN 13 | C55: BONOMO | D55: 25 de Mayo y Maipu | E55: DOMO | F55: GPON | H55: 172.20.10.20 | I55: =COUNTIF(M55:AN55,"") -> 28 | J55: 00-07-5F-77-2B-1B | K55: =COUNTIF(M55:AN55,"APAGADO") -> 0 | L55: =(I55)/(K55+I55) -> 1
A56: CENTRO | B56: CEN14 | C56: BONOMO | D56: Pte.Peron e/Pringles y Brown | E56: Domo | F56: Fibra Optica | H56: 172.20.10.21 | I56: =COUNTIF(M56:AN56,"") -> 26 | J56: 00-04-63-50-44-82 | K56: =COUNTIF(M56:AN56,"APAGADO") -> 2 | L56: =(I56)/(K56+I56) -> 0.92857143 | AI56: APAGADO | AJ56: APAGADO
A57: CENTRO | B57: CEN15 | C57: BONOMO | D57: Alberdi y A.del Valle | E57: Domo | F57: GPON | H57: 172.20.10.35 | I57: =COUNTIF(M57:AN57,"") -> 28 | J57: 00-07-5F-75-23-66 | K57: =COUNTIF(M57:AN57,"APAGADO") -> 0 | L57: =(I57)/(K57+I57) -> 1
A58: CENTRO | B58: CEN16 | C58: BONOMO | D58: San Martin y Pte. Peron | E58: Fija | F58: Fibra Optica | H58: 172.20.12.36 | I58: =COUNTIF(M58:AN58,"") -> 28 | J58: 00-07-5F-95-ED-8E | K58: =COUNTIF(M58:AN58,"APAGADO") -> 0 | L58: =(I58)/(K58+I58) -> 1
A59: CENTRO | B59: CEN17 | C59: BONOMO | D59: San Martin y Mitre | E59: Domo | F59: PTO A FO | G59: SAN MARTIN Y SALLARES | H59: 172.20.12.200 | I59: =COUNTIF(M59:AN59,"") -> 28 | J59: 00-04-63-5A-E0-93 | K59: =COUNTIF(M59:AN59,"APAGADO") -> 0 | L59: =(I59)/(K59+I59) -> 1
A60: CENTRO | B60: CEN18 | C60: BONOMO | D60: Monteagudo e/Mitre y Sallares | E60: Fija | F60: Fibra Optica | H60: 172.20.10.26 | I60: =COUNTIF(M60:AN60,"") -> 28 | J60: 00-04-63-32-84-B7 | K60: =COUNTIF(M60:AN60,"APAGADO") -> 0 | L60: =(I60)/(K60+I60) -> 1
A61: CENTRO | B61: CEN19 | C61: BONOMO | D61: Chacabuco y 25 de Mayo | E61: Fija | F61: Fibra Optica | H61: 172.20.10.27 | I61: =COUNTIF(M61:AN61,"") -> 28 | J61: 00-07-5F-8B-45-70 | K61: =COUNTIF(M61:AN61,"APAGADO") -> 0 | L61: =(I61)/(K61+I61) -> 1
A62: LOMAS DE MONTEVERDE | B62: CEN20 | C62: BONOMO | D62: Pte. Illia y Las Heras | E62: Domo | F62: GPON | H62: 172.20.10.33 | I62: =COUNTIF(M62:AN62,"") -> 28 | J62: 00-04-63-32-A4-95 | K62: =COUNTIF(M62:AN62,"APAGADO") -> 0 | L62: =(I62)/(K62+I62) -> 1
A63: CENTRO | B63: CEN21 | C63: BONOMO | D63: Misiones y Urquiza | E63: Fija | F63: Radio | H63: 172.20.200.132 | I63: =COUNTIF(M63:AN63,"") -> 3 | K63: =COUNTIF(M63:AN63,"APAGADO") -> 25 | L63: =(I63)/(K63+I63) -> 0.10714286 | M63: APAGADO | N63: APAGADO | O63: APAGADO | P63: APAGADO | Q63: APAGADO | R63: APAGADO | S63: APAGADO | T63: APAGADO | U63: APAGADO | V63: APAGADO | W63: APAGADO | X63: APAGADO | Y63: APAGADO | Z63: APAGADO | AA63: APAGADO | AB63: APAGADO | AC63: APAGADO | AD63: APAGADO | AE63: APAGADO | AF63: APAGADO | AG63: APAGADO | AH63: APAGADO | AI63: APAGADO | AJ63: APAGADO | AK63: APAGADO
A64: CENTRO | B64: CEN22 | C64: BONOMO | D64: Las Heras y Chacabuco | E64: Domo | F64: GPON | H64: 172.20.10.163 | I64: =COUNTIF(M64:AN64,"") -> 28 | J64: 00-07-5F-9B-B3-BC | K64: =COUNTIF(M64:AN64,"APAGADO") -> 0 | L64: =(I64)/(K64+I64) -> 1
A65: CENTRO | B65: CEN23 | C65: BONOMO | D65: Sallares y Monteagudo | E65: Domo | F65: Fibra Optica | H65: 172.20.12.05 | I65: =COUNTIF(M65:AN65,"") -> 28 | J65: 00-07-5F-77-2C-D8 | K65: =COUNTIF(M65:AN65,"APAGADO") -> 0 | L65: =(I65)/(K65+I65) -> 1
A66: CENTRO | B66: CEN24 | C66: BONOMO | D66: Sallares y España | E66: Domo | F66: Fibra Optica | H66: 172.20.11.04 | I66: =COUNTIF(M66:AN66,"") -> 4 | J66: 00-07-5F-76-F9-FD | K66: =COUNTIF(M66:AN66,"APAGADO") -> 24 | L66: =(I66)/(K66+I66) -> 0.14285714 | M66: APAGADO | N66: APAGADO | O66: APAGADO | P66: APAGADO | Q66: APAGADO | R66: APAGADO | S66: APAGADO | T66: APAGADO | U66: APAGADO | V66: APAGADO | W66: APAGADO | X66: APAGADO | Y66: APAGADO | Z66: APAGADO | AA66: APAGADO | AB66: APAGADO | AC66: APAGADO | AD66: APAGADO | AE66: APAGADO | AG66: APAGADO | AH66: APAGADO | AI66: APAGADO | AJ66: APAGADO | AK66: APAGADO
A67: CENTRO | B67: CEN25 | C67: BONOMO | D67: SAN MARTIN Y 9 DE JULIO | E67: Domo | F67: Fibra Optica | H67: 172.20.12.02 | I67: =COUNTIF(M67:AN67,"") -> 28 | J67: 00-04-63-4F-C6-19 | K67: =COUNTIF(M67:AN67,"APAGADO") -> 0 | L67: =(I67)/(K67+I67) -> 1
A68: CENTRO | B68: CEN26 | C68: BONOMO | D68: Mitre y España | E68: Domo | F68: Fibra Optica | H68: 172.20.11.38 | I68: =COUNTIF(M68:AN68,"") -> 28 | J68: 00-07-5F-B7-8E-AF | K68: =COUNTIF(M68:AN68,"APAGADO") -> 0 | L68: =(I68)/(K68+I68) -> 1
A69: CENTRO | B69: CEN27 | C69: BONOMO | D69: San Juan y España | E69: Domo | F69: Fibra Optica | H69: 172.20.12.37 | I69: =COUNTIF(M69:AN69,"") -> 28 | J69: 00-04-63-50-5A-EE | K69: =COUNTIF(M69:AN69,"APAGADO") -> 0 | L69: =(I69)/(K69+I69) -> 1
A70: CENTRO | B70: CEN28 | C70: BONOMO | D70: Mitre y Alberdi | E70: Domo | F70: Fibra Optica | H70: 172.20.12.38 | I70: =COUNTIF(M70:AN70,"") -> 28 | J70: 00-04-63-4F-C3-25 | K70: =COUNTIF(M70:AN70,"APAGADO") -> 0 | L70: =(I70)/(K70+I70) -> 1
A71: CENTRO | B71: CEN29 | C71: BONOMO | D71: Alberdi y San Juan | E71: Domo | F71: Fibra Optica | H71: 172.20.12.40 | I71: =COUNTIF(M71:AN71,"") -> 27 | J71: 00-04-63-4F-C5-D7 | K71: =COUNTIF(M71:AN71,"APAGADO") -> 1 | L71: =(I71)/(K71+I71) -> 0.96428571 | V71: APAGADO
A72: CENTRO | B72: CEN30 | C72: BONOMO | D72: Mitre y Pringles | E72: Domo | F72: Fibra Optica | H72: 172.20.12.39 | I72: =COUNTIF(M72:AN72,"") -> 27 | J72: 00-04-63-50-55-A3 | K72: =COUNTIF(M72:AN72,"APAGADO") -> 1 | L72: =(I72)/(K72+I72) -> 0.96428571 | M72: APAGADO
A73: CENTRO | B73: CEN31 | C73: BONOMO | D73: Mitre e/Monteagudo y Alberdi | E73: Domo | F73: Fibra Optica | H73: 172.20.12.41 | I73: =COUNTIF(M73:AN73,"") -> 27 | J73: 00-04-63-4F-CC-7B | K73: =COUNTIF(M73:AN73,"APAGADO") -> 1 | L73: =(I73)/(K73+I73) -> 0.96428571 | AA73: APAGADO
A74: CENTRO | B74: CEN32 | C74: BONOMO | D74: Aristobulo del Valle y España | E74: Domo | F74: Fibra Optica | H74: 172.20.12.42 | I74: =COUNTIF(M74:AN74,"") -> 28 | J74: 00-04-63-50-58-BA | K74: =COUNTIF(M74:AN74,"APAGADO") -> 0 | L74: =(I74)/(K74+I74) -> 1
A75: CENTRO | B75: CEN33 | C75: BONOMO | D75: Peron y Alberdi | E75: Domo | F75: Fibra Optica | H75: 172.20.12.47 | I75: =COUNTIF(M75:AN75,"") -> 28 | J75: 00-04-63-4F-D6-F2 | K75: =COUNTIF(M75:AN75,"APAGADO") -> 0 | L75: =(I75)/(K75+I75) -> 1
A76: CENTRO | B76: CEN34 | C76: BONOMO | D76: Peron y España | E76: Domo | F76: Fibra Optica | H76: 172.20.12.49 | I76: =COUNTIF(M76:AN76,"") -> 28 | J76: 00-07-5F-81-97-2A | K76: =COUNTIF(M76:AN76,"APAGADO") -> 0 | L76: =(I76)/(K76+I76) -> 1
A77: CENTRO | B77: CEN35 | C77: BONOMO | D77: España y Marmol | E77: Domo | F77: Fibra Optica | H77: 172.20.12.50 | I77: =COUNTIF(M77:AN77,"") -> 28 | J77: 00-04-63-4F-DB-AC | K77: =COUNTIF(M77:AN77,"APAGADO") -> 0 | L77: =(I77)/(K77+I77) -> 1
A78: CENTRO | B78: CEN36 | C78: BONOMO | D78: España y 9 de Julio | E78: Domo | F78: Fibra Optica | H78: 172.20.12.51 | I78: =COUNTIF(M78:AN78,"") -> 28 | J78: 00-04-63-4F-C5-E0 | K78: =COUNTIF(M78:AN78,"APAGADO") -> 0 | L78: =(I78)/(K78+I78) -> 1
A79: CENTRO | B79: CEN 37 | C79: BONOMO | D79: Diagonal Granaderos y Monteagudo | E79: Domo | F79: Fibra Optica | H79: 172.20.12.52 | I79: =COUNTIF(M79:AN79,"") -> 28 | J79: 00-04-63-4F-DE-4E | K79: =COUNTIF(M79:AN79,"APAGADO") -> 0 | L79: =(I79)/(K79+I79) -> 1
A80: CENTRO | B80: CEN38 | C80: BONOMO | D80: Diagonal Constituyentes y Almafuerte | E80: Domo | F80: Fibra Optica | H80: 172.20.12.53 | I80: =COUNTIF(M80:AN80,"") -> 27 | J80: 00-04-63-4F-C6-24 | K80: =COUNTIF(M80:AN80,"APAGADO") -> 1 | L80: =(I80)/(K80+I80) -> 0.96428571 | P80: APAGADO
A81: CENTRO | B81: CEN39 | C81: BONOMO | D81: San Martin y Alem | E81: Domo | F81: Fibra Optica | H81: 172.20.12.56 | I81: =COUNTIF(M81:AN81,"") -> 25 | J81: 00-07-5F-81-9C-AB | K81: =COUNTIF(M81:AN81,"APAGADO") -> 3 | L81: =(I81)/(K81+I81) -> 0.89285714 | AF81: APAGADO | AG81: APAGADO | AH81: APAGADO
A82: CENTRO | B82: CEN40 | C82: BONOMO | D82: Contreras y Monteagudo | E82: Domo | F82: Fibra Optica | H82: 172.20.12.57 | I82: =COUNTIF(M82:AN82,"") -> 25 | J82: 00-07-5F-8B-26-4D | K82: =COUNTIF(M82:AN82,"APAGADO") -> 3 | L82: =(I82)/(K82+I82) -> 0.89285714 | AF82: APAGADO | AG82: APAGADO | AH82: APAGADO
A83: CENTRO | B83: CEN41 | C83: BONOMO | D83: Contreras y Alberdi | E83: Domo | F83: Fibra Optica | H83: 172.20.12.58 | I83: =COUNTIF(M83:AN83,"") -> 25 | J83: 00-07-5F-81-9B-F4 | K83: =COUNTIF(M83:AN83,"APAGADO") -> 3 | L83: =(I83)/(K83+I83) -> 0.89285714 | AF83: APAGADO | AG83: APAGADO | AH83: APAGADO
A84: CENTRO | B84: CEN42 | C84: BONOMO | D84: Diagonal Constitucion Y ALEM | E84: Domo | F84: GPON | H84: 172.20.12.59 | I84: =COUNTIF(M84:AN84,"") -> 28 | J84: 00-07-5F-9F-CD-3D | K84: =COUNTIF(M84:AN84,"APAGADO") -> 0 | L84: =(I84)/(K84+I84) -> 1
A85: CENTRO | B85: CEN43 | C85: BONOMO | D85: Sallares y Alberdi | E85: Domo | F85: Fibra Optica | H85: 172.20.12.61 | I85: =COUNTIF(M85:AN85,"") -> 28 | J85: 00-07-5F-81-9C-47 | K85: =COUNTIF(M85:AN85,"APAGADO") -> 0 | L85: =(I85)/(K85+I85) -> 1
A86: CENTRO | B86: CEN44 | C86: BONOMO | D86: Mitre y Brown | E86: Domo | F86: Fibra Optica | H86: 172.20.12.62 | I86: =COUNTIF(M86:AN86,"") -> 28 | J86: 00-04-63-50-45-6F | K86: =COUNTIF(M86:AN86,"APAGADO") -> 0 | L86: =(I86)/(K86+I86) -> 1
A87: CENTRO | B87: CEN45 (fija 2) | C87: BONOMO | D87: EEUU Y MORENO | E87: Fija | F87: Fibra Optica | H87: 172.20.11.74 | I87: =COUNTIF(M87:AN87,"") -> 28 | J87: 00-07-5F-B7-8F-06 | K87: =COUNTIF(M87:AN87,"APAGADO") -> 0 | L87: =(I87)/(K87+I87) -> 1
A88: CENTRO | B88: CEN46 (fija 1) | C88: BONOMO | D88: EEUU Y MORENO | E88: Fija | F88: Fibra Optica | H88: 172.20.11.75 | I88: =COUNTIF(M88:AN88,"") -> 28 | J88: 00-07-5F-B6-B8-F9 | K88: =COUNTIF(M88:AN88,"APAGADO") -> 0 | L88: =(I88)/(K88+I88) -> 1
A89: CENTRO | B89: CEN47 | C89: BONOMO | D89: Sallares y Brown | E89: Domo | F89: Fibra Optica | H89: 172.20.12.65 | I89: =COUNTIF(M89:AN89,"") -> 28 | J89: 00-07-5F-87-9D-54 | K89: =COUNTIF(M89:AN89,"APAGADO") -> 0 | L89: =(I89)/(K89+I89) -> 1
A90: CENTRO | B90: CEN48 | C90: BONOMO | D90: Velez Sarsfield y Las Heras | E90: Domo | F90: GPON | H90: 172.20.10.175 | I90: =COUNTIF(M90:AN90,"") -> 28 | J90: 00-04-63-4F-CF-3A | K90: =COUNTIF(M90:AN90,"APAGADO") -> 0 | L90: =(I90)/(K90+I90) -> 1
A91: CENTRO | B91: CEN49 | C91: BONOMO | D91: Av. San Martin y Florencio Sanchez | E91: Domo | F91: Fibra Optica | H91: 172.20.10.209 | I91: =COUNTIF(M91:AN91,"") -> 28 | J91: 00-07-5F-AD-3C-47 | K91: =COUNTIF(M91:AN91,"APAGADO") -> 0 | L91: =(I91)/(K91+I91) -> 1
A92: CENTRO | B92: CEN 50 | C92: BONOMO | D92: Av. San Martin y Newbery | E92: Domo | F92: GPON | H92: 172.20.10.167 | I92: =COUNTIF(M92:AN92,"") -> 27 | J92: 00-04-63-5A-E1-03 | K92: =COUNTIF(M92:AN92,"APAGADO") -> 1 | L92: =(I92)/(K92+I92) -> 0.96428571 | AG92: APAGADO
A93: CENTRO | B93: CEN 51 | C93: BONOMO | D93: ILLIA Y LAS HERAS | E93: FIJA | F93: GPON | H93: 172.20.11.29 | I93: =COUNTIF(M93:AN93,"") -> 28 | J93: 00-07-5F-81-9B-EB | K93: =COUNTIF(M93:AN93,"APAGADO") -> 0 | L93: =(I93)/(K93+I93) -> 1
A94: CENTRO | B94: CEN52 | C94: BONOMO | D94: San Martin y Almafuerte (ex San Martin y Dorrego) | E94: DOMO | F94: GPON | H94: 172.20.10.189 | I94: =COUNTIF(M94:AN94,"") -> 28 | J94: 00:07:5F:81:AA:1F | K94: =COUNTIF(M94:AN94,"APAGADO") -> 0 | L94: =(I94)/(K94+I94) -> 1
A95: CENTRO | B95: CEN 53 | C95: BONOMO | D95: GUTIERREZ Y BROWN | E95: Domo | F95: GPON | H95: 172.20.10.168 | I95: =COUNTIF(M95:AN95,"") -> 4 | J95: 00-07-5F-96-E2-98 | K95: =COUNTIF(M95:AN95,"APAGADO") -> 24 | L95: =(I95)/(K95+I95) -> 0.14285714 | M95: APAGADO | N95: APAGADO | O95: APAGADO | P95: APAGADO | Q95: APAGADO | R95: APAGADO | S95: APAGADO | T95: APAGADO | U95: APAGADO | V95: APAGADO | W95: APAGADO | X95: APAGADO | Y95: APAGADO | Z95: APAGADO | AA95: APAGADO | AB95: APAGADO | AC95: APAGADO | AD95: APAGADO | AE95: APAGADO | AF95: APAGADO | AH95: APAGADO | AI95: APAGADO | AJ95: APAGADO | AK95: APAGADO
A96: CENTRO | B96: CEN 54 | C96: BONOMO | D96: GUTIERREZ Y PRINGLES | E96: Domo | F96: GPON | H96: 172.20.10.169 | I96: =COUNTIF(M96:AN96,"") -> 3 | J96: 00-07-5F-8B-30-98 | K96: =COUNTIF(M96:AN96,"APAGADO") -> 25 | L96: =(I96)/(K96+I96) -> 0.10714286 | M96: APAGADO | N96: APAGADO | O96: APAGADO | P96: APAGADO | Q96: APAGADO | R96: APAGADO | S96: APAGADO | T96: APAGADO | U96: APAGADO | V96: APAGADO | W96: APAGADO | X96: APAGADO | Y96: APAGADO | Z96: APAGADO | AA96: APAGADO | AB96: APAGADO | AC96: APAGADO | AD96: APAGADO | AE96: APAGADO | AF96: APAGADO | AG96: APAGADO | AH96: APAGADO | AI96: APAGADO | AJ96: APAGADO | AK96: APAGADO
A97: CENTRO | B97: CEN 55 | C97: BONOMO | D97: BOUREL Y URQUIZA | E97: Domo | F97: GPON | H97: 172.20.10.127 | I97: =COUNTIF(M97:AN97,"") -> 28 | J97: 00-07-5F-81-9C-87 | K97: =COUNTIF(M97:AN97,"APAGADO") -> 0 | L97: =(I97)/(K97+I97) -> 1
A98: CENTRO | B98: CEN 56 | C98: BONOMO | D98: Newbery y Falucho | E98: DOMO | F98: GPON | H98: 172.20.10.176 | I98: =COUNTIF(M98:AN98,"") -> 4 | J98: 00-07-5F-81-9C-8A | K98: =COUNTIF(M98:AN98,"APAGADO") -> 24 | L98: =(I98)/(K98+I98) -> 0.14285714 | M98: APAGADO | N98: APAGADO | O98: APAGADO | P98: APAGADO | Q98: APAGADO | R98: APAGADO | S98: APAGADO | T98: APAGADO | U98: APAGADO | V98: APAGADO | W98: APAGADO | X98: APAGADO | Y98: APAGADO | Z98: APAGADO | AA98: APAGADO | AC98: APAGADO | AD98: APAGADO | AE98: APAGADO | AF98: APAGADO | AG98: APAGADO | AH98: APAGADO | AI98: APAGADO | AJ98: APAGADO | AK98: APAGADO
A99: CENTRO | B99: CEN 57 | C99: BONOMO | D99: 25 DE MAYO Y DORREGO | E99: DOMO | F99: GPON | H99: 172.20.10.154 | I99: =COUNTIF(M99:AN99,"") -> 28 | J99: 00-07-5F-81-9C-74 | K99: =COUNTIF(M99:AN99,"APAGADO") -> 0 | L99: =(I99)/(K99+I99) -> 1
A100: CENTRO | B100: CEN 58 | C100: BONOMO | D100: EEUU Y MORENO | E100: DOMO | F100: Fibra Optica | H100: 172.20.11.84 | I100: =COUNTIF(M100:AN100,"") -> 28 | J100: 00-07-5F-7C-7D-EA | K100: =COUNTIF(M100:AN100,"APAGADO") -> 0 | L100: =(I100)/(K100+I100) -> 1
...

Sheet AUXILIAR

Sheet informe
C1: CANTIDAD | D1: APAGADAS | E1: %
B2: TOTAL | C2: =CANTIDAD_DE_CAMARAS -> 541 | F2: 45901
A3: L | B3: CAIDAS | C3: ='RESUMEN TOTAL'!M3 -> 69 | E3: =C3/C2 -> 0.12754159
B4: LLEGAMOS NOSOTROS | C4: 7 | D4: 62 | E4: =D4/C2 -> 0.11460259
B5: NO ESTA LA CAMARA | C5: 6 | D5: 56 | E5: =D5/C2 -> 0.10351201
A6: L | B6: RADIO | C6: ='RESUMEN TOTAL'!M5 -> 11 | D6: 44 | E6: =D6/C2 -> 0.081330869
B7: ANTENA DESMONTADA | C7: 9 | D7: 35 | E7: =D7/C2 -> 0.064695009
C8: CANTIDAD | D8: APAGADAS | E8: %
A9: F | B9: BONOMO | C9: =BONOMOcam -> 290 | D9: =Hoja1!F3 -> 38 | E9: =D9/C9 -> 0.13103448
A10: F | B10: COSEIDI | C10: =COSEIDIcam -> 251 | D10: =Hoja1!F5 -> 31 | E10: 0.12
C12: CANTIDAD | D12: APAGADAS | E12: %
B13: TOTAL | C13: =CANTIDAD_DE_CAMARAS -> 541 | F13: 45902
A14: M | B14: CAIDAS | C14: ='RESUMEN TOTAL'!N3 -> 70 | E14: =C14/C13 -> 0.12939002
B15: LLEGAMOS NOSOTROS | C15: 0 | D15: 70 | E15: =D15/C13 -> 0.12939002
B16: NO ESTA LA CAMARA | C16: 6 | D16: =D15-C16 -> 64 | E16: =D16/C13 -> 0.11829945
A17: M | B17: RADIO | C17: ='RESUMEN TOTAL'!N5 -> 12 | D17: =D16-C17 -> 52 | E17: =D17/C13 -> 0.096118299
B18: ANTENA DESMONTADA | C18: 9 | D18: =D17-C18 -> 43 | E18: =D18/C13 -> 0.07948244
C19: CANTIDAD | D19: APAGADAS | E19: %
A20: G | B20: BONOMO | C20: =BONOMOcam -> 290 | D20: =Hoja1!G3 -> 36 | E20: 0.13
A21: G | B21: COSEIDI | C21: =COSEIDIcam -> 251 | D21: =Hoja1!G5 -> 34 | E21: 0.12
C23: CANTIDAD | D23: APAGADAS | E23: %
B24: TOTAL | C24: =CANTIDAD_DE_CAMARAS -> 541 | F24: 45903
A25: N | B25: CAIDAS | C25: ='RESUMEN TOTAL'!O3 -> 68 | E25: =C25/C24 -> 0.12569316
B26: LLEGAMOS NOSOTROS | C26: 0 | D26: =C25-C26 -> 68 | E26: =D26/C24 -> 0.12569316
B27: NO ESTA LA CAMARA | C27: 0 | D27: =D26-C27 -> 68 | E27: =D27/C24 -> 0.12569316
A28: N | B28: RADIO | C28: ='RESUMEN TOTAL'!O5 -> 11 | D28: =D27-C28 -> 57 | E28: =D28/C24 -> 0.10536044
B29: ANTENA DESMONTADA | C29: 0 | D29: =D28-C29 -> 57 | E29: =D29/C24 -> 0.10536044
C30: CANTIDAD | D30: APAGADAS | E30: %
B31: BONOMO | C31: =BONOMOcam -> 290 | D31: =Hoja1!H3 -> 34 | E31: =D31/C31 -> 0.11724138
B32: COSEIDI | C32: =COSEIDIcam -> 251 | D32: =Hoja1!H5 -> 34 | E32: =D32/C32 -> 0.13545817
C34: CANTIDAD | D34: APAGADAS | E34: %
B35: TOTAL | C35: =CANTIDAD_DE_CAMARAS -> 541 | F35: 45904
A36: O | B36: CAIDAS | C36: ='RESUMEN TOTAL'!P3 -> 63 | E36: =C36/C35 -> 0.11645102
B37: LLEGAMOS NOSOTROS | C37: 6 | D37: 57 | E37: =D37/C35 -> 0.10536044
B38: NO ESTA LA CAMARA | C38: 6 | D38: =D37-C38 -> 51 | E38: =D38/C35 -> 0.094269871
A39: O | B39: RADIO | C39: ='RESUMEN TOTAL'!P5 -> 12 | D39: =D38-C39 -> 39 | E39: =D39/C35 -> 0.072088725
B40: ANTENA DESMONTADA | C40: 9 | D40: 30 | E40: =D40/C35 -> 0.055452865
C41: CANTIDAD | D41: APAGADAS | E41: %
B42: BONOMO | C42: =BONOMOcam -> 290 | D42: =Hoja1!I3 -> 35 | E42: =D42/C42 -> 0.12068966
B43: COSEIDI | C43: =COSEIDIcam -> 251 | D43: =Hoja1!I5 -> 28 | E43: 0.1
C45: CANTIDAD | D45: APAGADAS | E45: %
B46: TOTAL | C46: =CANTIDAD_DE_CAMARAS -> 541 | F46: 45905
A47: P | B47: CAIDAS | C47: ='RESUMEN TOTAL'!Q3 -> 53 | E47: =C47/C46 -> 0.097966728
B48: LLEGAMOS NOSOTROS | C48: 3 | D48: =C47-C48 -> 50 | E48: =D48/C46 -> 0.092421442
B49: NO ESTA LA CAMARA | C49: 6 | D49: =D48-C49 -> 44 | E49: =D49/C46 -> 0.081330869
A50: P | B50: RADIO | C50: ='RESUMEN TOTAL'!Q5 -> 11 | D50: =D49-C50 -> 33 | E50: =D50/C46 -> 0.060998152
B51: ANTENA DESMONTADA | C51: 9 | D51: =D50-C51 -> 24 | E51: =D51/C46 -> 0.044362292
C52: CANTIDAD | D52: APAGADAS | E52: %
B53: BONOMO | C53: =BONOMOcam -> 290 | D53: =Hoja1!J3 -> 25 | E53: 0
B54: COSEIDI | C54: =COSEIDIcam -> 251 | D54: =Hoja1!J5 -> 28 | E54: 0
C56: CANTIDAD | D56: APAGADAS | E56: %
B57: TOTAL | C57: =CANTIDAD_DE_CAMARAS -> 541 | F57: 45906
A58: Q | B58: CAIDAS | C58: ='RESUMEN TOTAL'!R3 -> 80 | E58: =C58/C57 -> 0.14787431
B59: LLEGAMOS NOSOTROS | C59: 0 | D59: 0 | E59: =D59/C57 -> 0
B60: NO ESTA LA CAMARA | C60: 0 | D60: 0 | E60: =D60/C57 -> 0
A61: Q | B61: RADIO | C61: ='RESUMEN TOTAL'!R5 -> 11 | D61: 0 | E61: =D61/C57 -> 0
B62: ANTENA DESMONTADA | C62: 0 | D62: 0 | E62: =D62/C57 -> 0
C63: CANTIDAD | D63: APAGADAS | E63: %
B64: BONOMO | C64: =BONOMOcam -> 290 | D64: =Hoja1!K3 -> 46 | E64: =D64/C64 -> 0.15862069
B65: COSEIDI | C65: =COSEIDIcam -> 251 | D65: =Hoja1!K5 -> 34 | E65: =D65/C65 -> 0.13545817
C67: CANTIDAD | D67: APAGADAS | E67: %
B68: TOTAL | C68: =CANTIDAD_DE_CAMARAS -> 541 | F68: 45907
A69: R | B69: CAIDAS | C69: ='RESUMEN TOTAL'!S3 -> 71 | E69: =C69/C68 -> 0.13123845
B70: LLEGAMOS NOSOTROS | C70: 0 | D70: =C69-C70 -> 71 | E70: =D70/C68 -> 0.13123845
B71: NO ESTA LA CAMARA | C71: 0 | D71: =D70-C71 -> 71 | E71: =D71/C68 -> 0.13123845
A72: R | B72: RADIO | C72: ='RESUMEN TOTAL'!S5 -> 14 | D72: =D71-C72 -> 57 | E72: =D72/C68 -> 0.10536044
B73: ANTENA DESMONTADA | C73: 0 | D73: =D72-C73 -> 57 | E73: =D73/C68 -> 0.10536044
C74: CANTIDAD | D74: APAGADAS | E74: %
B75: BONOMO | C75: =BONOMOcam -> 290 | D75: =Hoja1!L3 -> 34 | E75: 0
B76: COSEIDI | C76: =COSEIDIcam -> 251 | D76: =Hoja1!L5 -> 37 | E76: =D76/C76 -> 0.14741036
C78: CANTIDAD | D78: APAGADAS | E78: %
B79: TOTAL | C79: =CANTIDAD_DE_CAMARAS -> 541 | F79: 45908
A80: S | B80: CAIDAS | C80: ='RESUMEN TOTAL'!T3 -> 62 | E80: =C80/C79 -> 0.11460259
B81: LLEGAMOS NOSOTROS | C81: 5 | D81: =C80-C81 -> 57 | E81: =D81/C79 -> 0.10536044
B82: NO ESTA LA CAMARA | C82: 6 | D82: =D81-C82 -> 51 | E82: =D82/C79 -> 0.094269871
A83: S | B83: RADIO | C83: ='RESUMEN TOTAL'!T5 -> 14 | D83: =D82-C83 -> 37 | E83: =D83/C79 -> 0.068391867
B84: ANTENA DESMONTADA | C84: 9 | D84: =D83-C84 -> 28 | E84: =D84/C79 -> 0.051756007
C85: CANTIDAD | D85: APAGADAS | E85: %
B86: BONOMO | C86: =BONOMOcam -> 290 | D86: =Hoja1!M3 -> 25 | E86: 0.09
B87: COSEIDI | C87: =COSEIDIcam -> 251 | D87: =Hoja1!M5 -> 37 | E87: 0.15
C89: CANTIDAD | D89: APAGADAS | E89: %
B90: TOTAL | C90: =CANTIDAD_DE_CAMARAS -> 541 | F90: 45909
A91: T | B91: CAIDAS | C91: ='RESUMEN TOTAL'!U3 -> 54 | E91: =C91/C90 -> 0.099815157
B92: LLEGAMOS NOSOTROS | C92: 6 | D92: 48 | E92: =D92/C90 -> 0.088724584
B93: NO ESTA LA CAMARA | C93: 6 | D93: =D92-C93 -> 42 | E93: =D93/C90 -> 0.077634011
A94: T | B94: RADIO | C94: ='RESUMEN TOTAL'!U5 -> 10 | D94: =D93-C94 -> 32 | E94: =D94/C90 -> 0.059149723
B95: ANTENA DESMONTADA | C95: 9 | D95: 23 | E95: =D95/C90 -> 0.042513863
C96: CANTIDAD | D96: APAGADAS | E96: %
B97: BONOMO | C97: =BONOMOcam -> 290 | D97: =Hoja1!N3 -> 26 | E97: =D97/C97 -> 0.089655172
B98: COSEIDI | C98: =COSEIDIcam -> 251 | D98: =Hoja1!N5 -> 28 | E98: 0.12
C100: CANTIDAD | D100: APAGADAS | E100: %
B101: TOTAL | C101: =CANTIDAD_DE_CAMARAS -> 541 | F101: 45910
A102: U | B102: CAIDAS | C102: ='RESUMEN TOTAL'!V3 -> 60 | E102: =C102/C101 -> 0.11090573
B103: LLEGAMOS NOSOTROS | C103: 7 | D103: =C102-C103 -> 53 | E103: =D103/C101 -> 0.097966728
B104: NO ESTA LA CAMARA | C104: 6 | D104: =D103-C104 -> 47 | E104: =D104/C101 -> 0.086876155
A105: U | B105: RADIO | C105: ='RESUMEN TOTAL'!V5 -> 13 | D105: =D104-C105 -> 34 | E105: =D105/C101 -> 0.06284658
B106: ANTENA DESMONTADA | C106: 9 | D106: =D105-C106 -> 25 | E106: =D106/C101 -> 0.046210721
C107: CANTIDAD | D107: APAGADAS | E107: %
B108: BONOMO | C108: =BONOMOcam -> 290 | D108: =Hoja1!O3 -> 29 | E108: =D108/C108 -> 0.1
B109: COSEIDI | C109: =COSEIDIcam -> 251 | D109: =Hoja1!O5 -> 31 | E109: =D109/C109 -> 0.12350598
...

Sheet paradas
C1: TOTAL PARADAS | D1: =COUNTIFS(A5:A602,"=paradas seguras")/2 -> 0 | E1: TOTAL DE CAMARAS EN PARADAS | H1: =COUNTIFS(A5:A602,"=paradas seguras") -> 0 | I1: TOTAL DE CAMARAS | K1: =COUNTIFS(D5:D602,"=GFIJA") -> 0 | L1: TOTAL DE INTERCOMUNICADORES | O1: =COUNTIFS(D5:D602,"=INTERCOMUNICADOR") -> 0
E2: FIJAS | F2: =COUNTIFS(F4:F601, "=APAGADO",D4:D601,"=GFIJA") -> 0 | G2: =COUNTIFS(G4:G601, "=APAGADO",D4:D601,"=GFIJA") -> 0 | H2: =COUNTIFS(H4:H601, "=APAGADO",D4:D601,"=GFIJA") -> 0 | I2: =COUNTIFS(I4:I601, "=APAGADO",D4:D601,"=GFIJA") -> 0 | J2: =COUNTIFS(J4:J601, "=APAGADO",D4:D601,"=GFIJA") -> 0 | K2: =COUNTIFS(K4:K601, "=APAGADO",D4:D601,"=GFIJA") -> 0 | L2: =COUNTIFS(L4:L601, "=APAGADO",D4:D601,"=GFIJA") -> 0 | M2: =COUNTIFS(M4:M601, "=APAGADO",D4:D601,"=GFIJA") -> 0 | N2: =COUNTIFS(N4:N601, "=APAGADO",D4:D601,"=GFIJA") -> 0 | O2: =COUNTIFS(O4:O601, "=APAGADO",D4:D601,"=GFIJA") -> 0 | P2: =COUNTIFS(P4:P601, "=APAGADO",D4:D601,"=GFIJA") -> 0 | Q2: =COUNTIFS(Q4:Q601, "=APAGADO",D4:D601,"=GFIJA") -> 0 | R2: =COUNTIFS(R4:R601, "=APAGADO",D4:D601,"=GFIJA") -> 0 | S2: =COUNTIFS(S4:S601, "=APAGADO",D4:D601,"=GFIJA") -> 0 | T2: =COUNTIFS(T4:T601, "=APAGADO",D4:D601,"=GFIJA") -> 0 | U2: =COUNTIFS(U4:U601, "=APAGADO",D4:D601,"=GFIJA") -> 0 | V2: =COUNTIFS(V4:V601, "=APAGADO",D4:D601,"=GFIJA") -> 0 | W2: =COUNTIFS(W4:W601, "=APAGADO",D4:D601,"=GFIJA") -> 0 | X2: =COUNTIFS(X4:X601, "=APAGADO",D4:D601,"=GFIJA") -> 0 | Y2: =COUNTIFS(Y4:Y601, "=APAGADO",D4:D601,"=GFIJA") -> 0 | Z2: =COUNTIFS(Z4:Z601, "=APAGADO",D4:D601,"=GFIJA") -> 0 | AA2: =COUNTIFS(AA4:AA601, "=APAGADO",D4:D601,"=GFIJA") -> 0 | AB2: =COUNTIFS(AB4:AB601, "=APAGADO",D4:D601,"=GFIJA") -> 0 | AC2: =COUNTIFS(AC4:AC601, "=APAGADO",D4:D601,"=GFIJA") -> 0 | AD2: =COUNTIFS(AD4:AD601, "=APAGADO",D4:D601,"=GFIJA") -> 0 | AE2: =COUNTIFS(AE4:AE601, "=APAGADO",D4:D601,"=GFIJA") -> 0 | AF2: =COUNTIFS(AF4:AF601, "=APAGADO",D4:D601,"=GFIJA") -> 0 | AG2: =COUNTIFS(AG4:AG601, "=APAGADO",D4:D601,"=GFIJA") -> 0 | AH2: =COUNTIFS(AH4:AH601, "=APAGADO",D4:D601,"=GFIJA") -> 0 | AI2: =COUNTIFS(AI4:AI601, "=APAGADO",D4:D601,"=GFIJA") -> 0
E3: INTERCOMUNICADOR | F3: =COUNTIFS(F6:F603, "=APAGADO",D4:D601,"=INTERCOMUNICADOR") -> 0 | G3: =COUNTIFS(G6:G603, "=APAGADO",D4:D601,"=INTERCOMUNICADOR") -> 0 | H3: =COUNTIFS(H6:H603, "=APAGADO",D4:D601,"=INTERCOMUNICADOR") -> 0 | I3: =COUNTIFS(I6:I603, "=APAGADO",D4:D601,"=INTERCOMUNICADOR") -> 0 | J3: =COUNTIFS(J6:J603, "=APAGADO",D4:D601,"=INTERCOMUNICADOR") -> 0 | K3: =COUNTIFS(K6:K603, "=APAGADO",D4:D601,"=INTERCOMUNICADOR") -> 0 | L3: =COUNTIFS(L6:L603, "=APAGADO",D4:D601,"=INTERCOMUNICADOR") -> 0 | M3: =COUNTIFS(M6:M603, "=APAGADO",D4:D601,"=INTERCOMUNICADOR") -> 0 | N3: =COUNTIFS(N6:N603, "=APAGADO",D4:D601,"=INTERCOMUNICADOR") -> 0 | O3: =COUNTIFS(O6:O603, "=APAGADO",D4:D601,"=INTERCOMUNICADOR") -> 0 | P3: =COUNTIFS(P6:P603, "=APAGADO",D4:D601,"=INTERCOMUNICADOR") -> 0 | Q3: =COUNTIFS(Q6:Q603, "=APAGADO",D4:D601,"=INTERCOMUNICADOR") -> 0 | R3: =COUNTIFS(R6:R603, "=APAGADO",D4:D601,"=INTERCOMUNICADOR") -> 0 | S3: =COUNTIFS(S6:S603, "=APAGADO",D4:D601,"=INTERCOMUNICADOR") -> 0 | T3: =COUNTIFS(T6:T603, "=APAGADO",D4:D601,"=INTERCOMUNICADOR") -> 0 | U3: =COUNTIFS(U6:U603, "=APAGADO",D4:D601,"=INTERCOMUNICADOR") -> 0 | V3: =COUNTIFS(V6:V603, "=APAGADO",D4:D601,"=INTERCOMUNICADOR") -> 0 | W3: =COUNTIFS(W6:W603, "=APAGADO",D4:D601,"=INTERCOMUNICADOR") -> 0 | X3: =COUNTIFS(X6:X603, "=APAGADO",D4:D601,"=INTERCOMUNICADOR") -> 0 | Y3: =COUNTIFS(Y6:Y603, "=APAGADO",D4:D601,"=INTERCOMUNICADOR") -> 0 | Z3: =COUNTIFS(Z6:Z603, "=APAGADO",D4:D601,"=INTERCOMUNICADOR") -> 0 | AA3: =COUNTIFS(AA6:AA603, "=APAGADO",D4:D601,"=INTERCOMUNICADOR") -> 0 | AB3: =COUNTIFS(AB6:AB603, "=APAGADO",D4:D601,"=INTERCOMUNICADOR") -> 0 | AC3: =COUNTIFS(AC6:AC603, "=APAGADO",D4:D601,"=INTERCOMUNICADOR") -> 0 | AD3: =COUNTIFS(AD6:AD603, "=APAGADO",D4:D601,"=INTERCOMUNICADOR") -> 0 | AE3: =COUNTIFS(AE6:AE603, "=APAGADO",D4:D601,"=INTERCOMUNICADOR") -> 0 | AF3: =COUNTIFS(AF6:AF603, "=APAGADO",D4:D601,"=INTERCOMUNICADOR") -> 0 | AG3: =COUNTIFS(AG6:AG603, "=APAGADO",D4:D601,"=INTERCOMUNICADOR") -> 0 | AH3: =COUNTIFS(AH6:AH603, "=APAGADO",D4:D601,"=INTERCOMUNICADOR") -> 0 | AI3: =COUNTIFS(AI6:AI603, "=APAGADO",D4:D601,"=INTERCOMUNICADOR") -> 0
A4: ='RESUMEN TOTAL'!A7 -> Barrio | B4: ='RESUMEN TOTAL'!B7 -> [Denominacion] | C4: ='RESUMEN TOTAL'!D7 -> [Ubicacion] | D4: ='RESUMEN TOTAL'!E7 -> [Tipo de Camara] | E4: ='RESUMEN TOTAL'!F7 -> [Tipo de Conexion] | F4: ='RESUMEN TOTAL'!M7 -> 45901 | G4: ='RESUMEN TOTAL'!N7 -> 45902 | H4: ='RESUMEN TOTAL'!O7 -> 45903 | I4: ='RESUMEN TOTAL'!P7 -> 45904 | J4: ='RESUMEN TOTAL'!Q7 -> 45905 | K4: ='RESUMEN TOTAL'!R7 -> 45906 | L4: ='RESUMEN TOTAL'!S7 -> 45907 | M4: ='RESUMEN TOTAL'!T7 -> 45908 | ... AI4: ='RESUMEN TOTAL'!AP7 -> 45930 | XFB4: =SUM(F4:XFA4) -> 1377465
A5: ='RESUMEN TOTAL'!A8 -> ALTAMIRA | B5: ='RESUMEN TOTAL'!B8 -> ALT01 | C5: ='RESUMEN TOTAL'!D8 -> Calchaqui y Sgto. Cabral | D5: ='RESUMEN TOTAL'!E8 -> Domo | E5: ='RESUMEN TOTAL'!F8 -> Fibra Optica | F5: ='RESUMEN TOTAL'!M8 -> 0 | G5: ='RESUMEN TOTAL'!N8 -> 0 | H5: ='RESUMEN TOTAL'!O8 -> 0 | I5: ='RESUMEN TOTAL'!P8 -> 0 | J5: ='RESUMEN TOTAL'!Q8 -> 0 | K5: ='RESUMEN TOTAL'!R8 -> 0 | L5: ='RESUMEN TOTAL'!S8 -> 0 | M5: ='RESUMEN TOTAL'!T8 -> 0 | ... AI5: ='RESUMEN TOTAL'!AP8 -> 0
A6: ='RESUMEN TOTAL'!A9 -> ALTAMIRA | B6: ='RESUMEN TOTAL'!B9 -> ALT02 | C6: ='RESUMEN TOTAL'!D9 -> Calchaqui y Lope de Vega | D6: ='RESUMEN TOTAL'!E9 -> Domo | E6: ='RESUMEN TOTAL'!F9 -> PTO A FO | F6: ='RESUMEN TOTAL'!M9 -> 0 | G6: ='RESUMEN TOTAL'!N9 -> 0 | H6: ='RESUMEN TOTAL'!O9 -> 0 | I6: ='RESUMEN TOTAL'!P9 -> 0 | J6: ='RESUMEN TOTAL'!Q9 -> 0 | K6: ='RESUMEN TOTAL'!R9 -> 0 | L6: ='RESUMEN TOTAL'!S9 -> 0 | M6: ='RESUMEN TOTAL'!T9 -> 0 | ... AI6: ='RESUMEN TOTAL'!AP9 -> 0
A7: ='RESUMEN TOTAL'!A10 -> ALTAMIRA | B7: ='RESUMEN TOTAL'!B10 -> ALT 03 | C7: ='RESUMEN TOTAL'!D10 -> Bombero Galarza y Necochea | D7: ='RESUMEN TOTAL'!E10 -> Domo | E7: ='RESUMEN TOTAL'!F10 -> GPON | F7: ='RESUMEN TOTAL'!M10 -> 0 | G7: ='RESUMEN TOTAL'!N10 -> 0 | H7: ='RESUMEN TOTAL'!O10 -> 0 | I7: ='RESUMEN TOTAL'!P10 -> 0 | J7: ='RESUMEN TOTAL'!Q10 -> 0 | K7: ='RESUMEN TOTAL'!R10 -> 0 | L7: ='RESUMEN TOTAL'!S10 -> 0 | M7: ='RESUMEN TOTAL'!T10 -> 0 | ... AI7: ='RESUMEN TOTAL'!AP10 -> 0
A8: ='RESUMEN TOTAL'!A11 -> ALTAMIRA | B8: ='RESUMEN TOTAL'!B11 -> ALT 04 | C8: ='RESUMEN TOTAL'!D11 -> Francia y Necochea | D8: ='RESUMEN TOTAL'!E11 -> Domo | E8: ='RESUMEN TOTAL'!F11 -> GPON | F8: ='RESUMEN TOTAL'!M11 -> 0 | G8: ='RESUMEN TOTAL'!N11 -> 0 | H8: ='RESUMEN TOTAL'!O11 -> 0 | I8: ='RESUMEN TOTAL'!P11 -> 0 | J8: ='RESUMEN TOTAL'!Q11 -> 0 | K8: ='RESUMEN TOTAL'!R11 -> 0 | L8: ='RESUMEN TOTAL'!S11 -> 0 | M8: ='RESUMEN TOTAL'!T11 -> 0 | ... AI8: ='RESUMEN TOTAL'!AP11 -> 0
A9: ='RESUMEN TOTAL'!A12 -> ALTAMIRA | B9: ='RESUMEN TOTAL'!B12 -> ALT05 | C9: ='RESUMEN TOTAL'!D12 -> Av. Calchaqui y Bombero Galarza | D9: ='RESUMEN TOTAL'!E12 -> Domo | E9: ='RESUMEN TOTAL'!F12 -> GPON | F9: ='RESUMEN TOTAL'!M12 -> 0 | G9: ='RESUMEN TOTAL'!N12 -> 0 | H9: ='RESUMEN TOTAL'!O12 -> 0 | I9: ='RESUMEN TOTAL'!P12 -> 0 | J9: ='RESUMEN TOTAL'!Q12 -> 0 | K9: ='RESUMEN TOTAL'!R12 -> 0 | L9: ='RESUMEN TOTAL'!S12 -> 0 | M9: ='RESUMEN TOTAL'!T12 -> 0 | ... AI9: ='RESUMEN TOTAL'!AP12 -> 0
A10: ='RESUMEN TOTAL'!A13 -> ALTAMIRA | B10: ='RESUMEN TOTAL'!B13 -> ALT 06 | C10: ='RESUMEN TOTAL'!D13 -> LOPE DE VEGA Y NECOCHEA | D10: ='RESUMEN TOTAL'!E13 -> Domo | E10: ='RESUMEN TOTAL'!F13 -> GPON | F10: ='RESUMEN TOTAL'!M13 -> 0 | G10: ='RESUMEN TOTAL'!N13 -> 0 | H10: ='RESUMEN TOTAL'!O13 -> 0 | I10: ='RESUMEN TOTAL'!P13 -> 0 | J10: ='RESUMEN TOTAL'!Q13 -> 0 | K10: ='RESUMEN TOTAL'!R13 -> 0 | L10: ='RESUMEN TOTAL'!S13 -> 0 | M10: ='RESUMEN TOTAL'!T13 -> 0 | ... AI10: ='RESUMEN TOTAL'!AP13 -> 0
A11: ='RESUMEN TOTAL'!A14 -> ALTAMIRA | B11: ='RESUMEN TOTAL'!B14 -> ALT07 | C11: ='RESUMEN TOTAL'!D14 -> AV. CALCHAQUI Y AV. DEL TRABAJO | D11: ='RESUMEN TOTAL'!E14 -> DOMO | E11: ='RESUMEN TOTAL'!F14 -> PTO A FO | F11: ='RESUMEN TOTAL'!M14 -> 0 | G11: ='RESUMEN TOTAL'!N14 -> 0 | H11: ='RESUMEN TOTAL'!O14 -> 0 | I11: ='RESUMEN TOTAL'!P14 -> 0 | J11: ='RESUMEN TOTAL'!Q14 -> 0 | K11: ='RESUMEN TOTAL'!R14 -> 0 | L11: ='RESUMEN TOTAL'!S14 -> 0 | M11: ='RESUMEN TOTAL'!T14 -> 0 | ... AI11: ='RESUMEN TOTAL'!AP14 -> 0
A12: ='RESUMEN TOTAL'!A15 -> ALTAMIRA | B12: ='RESUMEN TOTAL'!B15 -> ALT 08 | C12: ='RESUMEN TOTAL'!D15 -> HUMAITA Y NECOCHEA | D12: ='RESUMEN TOTAL'!E15 -> DOMO | E12: ='RESUMEN TOTAL'!F15 -> Fibra Optica | F12: ='RESUMEN TOTAL'!M15 -> 0 | G12: ='RESUMEN TOTAL'!N15 -> 0 | H12: ='RESUMEN TOTAL'!O15 -> 0 | I12: ='RESUMEN TOTAL'!P15 -> 0 | J12: ='RESUMEN TOTAL'!Q15 -> 0 | K12: ='RESUMEN TOTAL'!R15 -> 0 | L12: ='RESUMEN TOTAL'!S15 -> 0 | M12: ='RESUMEN TOTAL'!T15 -> 0 | ... AI12: ='RESUMEN TOTAL'!AP15 -> 0
A13: ='RESUMEN TOTAL'!A16 -> ALTAMIRA | B13: ='RESUMEN TOTAL'!B16 -> ALT 09 | C13: ='RESUMEN TOTAL'!D16 -> NECOCHEA Y CURUPAITY | D13: ='RESUMEN TOTAL'!E16 -> DOMO | E13: ='RESUMEN TOTAL'!F16 -> Fibra Optica | F13: ='RESUMEN TOTAL'!M16 -> 0 | G13: ='RESUMEN TOTAL'!N16 -> 0 | H13: ='RESUMEN TOTAL'!O16 -> 0 | I13: ='RESUMEN TOTAL'!P16 -> 0 | J13: ='RESUMEN TOTAL'!Q16 -> 0 | K13: ='RESUMEN TOTAL'!R16 -> 0 | L13: ='RESUMEN TOTAL'!S16 -> 0 | M13: ='RESUMEN TOTAL'!T16 -> 0 | ... AI13: ='RESUMEN TOTAL'!AP16 -> 0
A14: ='RESUMEN TOTAL'!A17 -> ALTAMIRA | B14: ='RESUMEN TOTAL'!B17 -> ALT 10 | C14: ='RESUMEN TOTAL'!D17 -> Calchaqui y Francia | D14: ='RESUMEN TOTAL'!E17 -> Domo | E14: ='RESUMEN TOTAL'!F17 -> GPON | F14: ='RESUMEN TOTAL'!M17 -> APAGADO | G14: ='RESUMEN TOTAL'!N17 -> APAGADO | H14: ='RESUMEN TOTAL'!O17 -> APAGADO | I14: ='RESUMEN TOTAL'!P17 -> 0 | J14: ='RESUMEN TOTAL'!Q17 -> 0 | K14: ='RESUMEN TOTAL'!R17 -> 0 | L14: ='RESUMEN TOTAL'!S17 -> 0 | M14: ='RESUMEN TOTAL'!T17 -> 0 | ... AI14: ='RESUMEN TOTAL'!AP17 -> 0
A15: ='RESUMEN TOTAL'!A18 -> ALTAMIRA | B15: ='RESUMEN TOTAL'!B18 -> ALT 11 | C15: CALCHAQUÍ Y GALARZA FIJA | D15: ='RESUMEN TOTAL'!E18 -> Fija | F15: ='RESUMEN TOTAL'!M18 -> 0 | G15: ='RESUMEN TOTAL'!N18 -> 0 | H15: ='RESUMEN TOTAL'!O18 -> 0 | I15: ='RESUMEN TOTAL'!P18 -> 0 | J15: ='RESUMEN TOTAL'!Q18 -> 0 | K15: ='RESUMEN TOTAL'!R18 -> 0 | L15: ='RESUMEN TOTAL'!S18 -> 0 | M15: ='RESUMEN TOTAL'!T18 -> 0 | ... AI15: ='RESUMEN TOTAL'!AP18 -> 0
A16: ='RESUMEN TOTAL'!A19 -> AGUSTIN RAMIREZ | B16: ='RESUMEN TOTAL'!B19 -> ARA 01 | C16: ='RESUMEN TOTAL'!D19 -> Malambo y Tranquera | D16: ='RESUMEN TOTAL'!E19 -> Domo | E16: ='RESUMEN TOTAL'!F19 -> Fibra Optica | F16: ='RESUMEN TOTAL'!M19 -> 0 | G16: ='RESUMEN TOTAL'!N19 -> 0 | H16: ='RESUMEN TOTAL'!O19 -> 0 | I16: ='RESUMEN TOTAL'!P19 -> 0 | J16: ='RESUMEN TOTAL'!Q19 -> 0 | K16: ='RESUMEN TOTAL'!R19 -> 0 | L16: ='RESUMEN TOTAL'!S19 -> 0 | M16: ='RESUMEN TOTAL'!T19 -> 0 | ... AI16: ='RESUMEN TOTAL'!AP19 -> 0
A17: ='RESUMEN TOTAL'!A22 -> BELGRANO | B17: ='RESUMEN TOTAL'!B22 -> BEL 01 | C17: ='RESUMEN TOTAL'!D22 -> San Martin y Dardo Rocha | D17: ='RESUMEN TOTAL'!E22 -> DOMO | E17: ='RESUMEN TOTAL'!F22 -> Fibra Optica | F17: ='RESUMEN TOTAL'!M22 -> APAGADO | G17: ='RESUMEN TOTAL'!N22 -> APAGADO | H17: ='RESUMEN TOTAL'!O22 -> APAGADO | I17: ='RESUMEN TOTAL'!P22 -> APAGADO | J17: ='RESUMEN TOTAL'!Q22 -> APAGADO | K17: ='RESUMEN TOTAL'!R22 -> APAGADO | L17: ='RESUMEN TOTAL'!S22 -> APAGADO | M17: ='RESUMEN TOTAL'!T22 -> APAGADO | ... AI17: ='RESUMEN TOTAL'!AP22 -> 0
A18: ='RESUMEN TOTAL'!A23 -> BELGRANO | B18: ='RESUMEN TOTAL'!B23 -> BEL 02 | C18: ='RESUMEN TOTAL'!D23 -> Guardia vieja y Fronteriz | D18: ='RESUMEN TOTAL'!E23 -> DOMO | E18: ='RESUMEN TOTAL'!F23 -> Fibra Optica | F18: ='RESUMEN TOTAL'!M23 -> 0 | G18: ='RESUMEN TOTAL'!N23 -> 0 | H18: ='RESUMEN TOTAL'!O23 -> 0 | I18: ='RESUMEN TOTAL'!P23 -> 0 | J18: ='RESUMEN TOTAL'!Q23 -> 0 | K18: ='RESUMEN TOTAL'!R23 -> 0 | L18: ='RESUMEN TOTAL'!S23 -> 0 | M18: ='RESUMEN TOTAL'!T23 -> 0 | ... AI18: ='RESUMEN TOTAL'!AP23 -> 0
A19: ='RESUMEN TOTAL'!A24 -> BOSQUES CENTRO | B19: ='RESUMEN TOTAL'!B24 -> BOSQC 01 | C19: ='RESUMEN TOTAL'!D24 -> LUIS AGOTE E/DANUNCIO Y CAMPOAMOR | D19: ='RESUMEN TOTAL'!E24 -> Fija | E19: ='RESUMEN TOTAL'!F24 -> Radio | F19: ='RESUMEN TOTAL'!M24 -> 0 | G19: ='RESUMEN TOTAL'!N24 -> 0 | H19: ='RESUMEN TOTAL'!O24 -> 0 | I19: ='RESUMEN TOTAL'!P24 -> 0 | J19: ='RESUMEN TOTAL'!Q24 -> 0 | K19: ='RESUMEN TOTAL'!R24 -> 0 | L19: ='RESUMEN TOTAL'!S24 -> 0 | M19: ='RESUMEN TOTAL'!T24 -> 0 | ... AI19: ='RESUMEN TOTAL'!AP24 -> 0
A20: ='RESUMEN TOTAL'!A25 -> BOSQUES CENTRO | B20: ='RESUMEN TOTAL'!B25 -> BOSQC 02 | C20: ='RESUMEN TOTAL'!D25 -> LUIS AGOTE E/DANUNCIO Y CAMPOAMOR | D20: ='RESUMEN TOTAL'!E25 -> Fija | E20: ='RESUMEN TOTAL'!F25 -> Radio | F20: ='RESUMEN TOTAL'!M25 -> 0 | G20: ='RESUMEN TOTAL'!N25 -> 0 | H20: ='RESUMEN TOTAL'!O25 -> 0 | I20: ='RESUMEN TOTAL'!P25 -> 0 | J20: ='RESUMEN TOTAL'!Q25 -> 0 | K20: ='RESUMEN TOTAL'!R25 -> 0 | L20: ='RESUMEN TOTAL'!S25 -> 0 | M20: ='RESUMEN TOTAL'!T25 -> 0 | ... AI20: ='RESUMEN TOTAL'!AP25 -> 0
A21: ='RESUMEN TOTAL'!A26 -> BOSQUES CENTRO | B21: ='RESUMEN TOTAL'!B26 -> BOSQC 03 | C21: ='RESUMEN TOTAL'!D26 -> BENAVENTE Y LUIS AGOTE | D21: ='RESUMEN TOTAL'!E26 -> Fija | E21: ='RESUMEN TOTAL'!F26 -> Radio | F21: ='RESUMEN TOTAL'!M26 -> 0 | G21: ='RESUMEN TOTAL'!N26 -> 0 | H21: ='RESUMEN TOTAL'!O26 -> 0 | I21: ='RESUMEN TOTAL'!P26 -> 0 | J21: ='RESUMEN TOTAL'!Q26 -> 0 | K21: ='RESUMEN TOTAL'!R26 -> 0 | L21: ='RESUMEN TOTAL'!S26 -> 0 | M21: ='RESUMEN TOTAL'!T26 -> 0 | ... AI21: ='RESUMEN TOTAL'!AP26 -> 0
A22: ='RESUMEN TOTAL'!A27 -> BOSQUES CENTRO | B22: ='RESUMEN TOTAL'!B27 -> BOSQC 04 | C22: ='RESUMEN TOTAL'!D27 -> BENAVENTE Y LUIS AGOTE | D22: ='RESUMEN TOTAL'!E27 -> Fija | E22: ='RESUMEN TOTAL'!F27 -> Radio | F22: ='RESUMEN TOTAL'!M27 -> 0 | G22: ='RESUMEN TOTAL'!N27 -> 0 | H22: ='RESUMEN TOTAL'!O27 -> 0 | I22: ='RESUMEN TOTAL'!P27 -> 0 | J22: ='RESUMEN TOTAL'!Q27 -> 0 | K22: ='RESUMEN TOTAL'!R27 -> 0 | L22: ='RESUMEN TOTAL'!S27 -> 0 | M22: ='RESUMEN TOTAL'!T27 -> 0 | ... AI22: ='RESUMEN TOTAL'!AP27 -> 0
A23: ='RESUMEN TOTAL'!A28 -> BOSQUES CENTRO | B23: ='RESUMEN TOTAL'!B28 -> BOSQC 05 | C23: ='RESUMEN TOTAL'!D28 -> LUIS AGOTE Y RUTA 36 | D23: ='RESUMEN TOTAL'!E28 -> Fija | E23: ='RESUMEN TOTAL'!F28 -> Radio | F23: ='RESUMEN TOTAL'!M28 -> 0 | G23: ='RESUMEN TOTAL'!N28 -> 0 | H23: ='RESUMEN TOTAL'!O28 -> 0 | I23: ='RESUMEN TOTAL'!P28 -> 0 | J23: ='RESUMEN TOTAL'!Q28 -> 0 | K23: ='RESUMEN TOTAL'!R28 -> 0 | L23: ='RESUMEN TOTAL'!S28 -> 0 | M23: ='RESUMEN TOTAL'!T28 -> 0 | ... AI23: ='RESUMEN TOTAL'!AP28 -> 0
A24: ='RESUMEN TOTAL'!A29 -> BOSQUES CENTRO | B24: ='RESUMEN TOTAL'!B29 -> BOSQC 06 | C24: ='RESUMEN TOTAL'!D29 -> LUIS AGOTE Y RUTA 36 | D24: ='RESUMEN TOTAL'!E29 -> Fija | E24: ='RESUMEN TOTAL'!F29 -> Radio | F24: ='RESUMEN TOTAL'!M29 -> 0 | G24: ='RESUMEN TOTAL'!N29 -> 0 | H24: ='RESUMEN TOTAL'!O29 -> 0 | I24: ='RESUMEN TOTAL'!P29 -> 0 | J24: ='RESUMEN TOTAL'!Q29 -> 0 | K24: ='RESUMEN TOTAL'!R29 -> 0 | L24: ='RESUMEN TOTAL'!S29 -> 0 | M24: ='RESUMEN TOTAL'!T29 -> 0 | ... AI24: ='RESUMEN TOTAL'!AP29 -> 0
A25: ='RESUMEN TOTAL'!A43 -> CENTRO | B25: ='RESUMEN TOTAL'!B43 -> CEN01 | C25: ='RESUMEN TOTAL'!D43 -> San Martin y 9 de Julio | D25: ='RESUMEN TOTAL'!E43 -> Fija | E25: ='RESUMEN TOTAL'!F43 -> Fibra Optica | F25: ='RESUMEN TOTAL'!M43 -> 0 | G25: ='RESUMEN TOTAL'!N43 -> 0 | H25: ='RESUMEN TOTAL'!O43 -> 0 | I25: ='RESUMEN TOTAL'!P43 -> 0 | J25: ='RESUMEN TOTAL'!Q43 -> 0 | K25: ='RESUMEN TOTAL'!R43 -> 0 | L25: ='RESUMEN TOTAL'!S43 -> 0 | M25: ='RESUMEN TOTAL'!T43 -> 0 | ... AI25: ='RESUMEN TOTAL'!AP43 -> 0
A26: ='RESUMEN TOTAL'!A44 -> CENTRO | B26: ='RESUMEN TOTAL'!B44 -> CEN02 | C26: ='RESUMEN TOTAL'!D44 -> San Martin y Almafuerte | D26: ='RESUMEN TOTAL'!E44 -> Fija | E26: ='RESUMEN TOTAL'!F44 -> Fibra Optica | F26: ='RESUMEN TOTAL'!M44 -> 0 | G26: ='RESUMEN TOTAL'!N44 -> 0 | H26: ='RESUMEN TOTAL'!O44 -> 0 | I26: ='RESUMEN TOTAL'!P44 -> 0 | J26: ='RESUMEN TOTAL'!Q44 -> 0 | K26: ='RESUMEN TOTAL'!R44 -> 0 | L26: ='RESUMEN TOTAL'!S44 -> 0 | M26: ='RESUMEN TOTAL'!T44 -> 0 | ... AI26: ='RESUMEN TOTAL'!AP44 -> 0
A27: ='RESUMEN TOTAL'!A45 -> CENTRO | B27: ='RESUMEN TOTAL'!B45 -> CEN03 | C27: ='RESUMEN TOTAL'!D45 -> San Martin y Sallares | D27: ='RESUMEN TOTAL'!E45 -> Domo | E27: ='RESUMEN TOTAL'!F45 -> Fibra Optica | F27: ='RESUMEN TOTAL'!M45 -> 0 | G27: ='RESUMEN TOTAL'!N45 -> 0 | H27: ='RESUMEN TOTAL'!O45 -> 0 | I27: ='RESUMEN TOTAL'!P45 -> 0 | J27: ='RESUMEN TOTAL'!Q45 -> 0 | K27: ='RESUMEN TOTAL'!R45 -> 0 | L27: ='RESUMEN TOTAL'!S45 -> 0 | M27: ='RESUMEN TOTAL'!T45 -> 0 | ... AI27: ='RESUMEN TOTAL'!AP45 -> 0
A28: ='RESUMEN TOTAL'!A46 -> CENTRO | B28: ='RESUMEN TOTAL'!B46 -> CEN04 | C28: ='RESUMEN TOTAL'!D46 -> San Martin y Contreras | D28: ='RESUMEN TOTAL'!E46 -> Domo | E28: ='RESUMEN TOTAL'!F46 -> Fibra Optica | F28: ='RESUMEN TOTAL'!M46 -> 0 | G28: ='RESUMEN TOTAL'!N46 -> 0 | H28: ='RESUMEN TOTAL'!O46 -> 0 | I28: ='RESUMEN TOTAL'!P46 -> 0 | J28: ='RESUMEN TOTAL'!Q46 -> 0 | K28: ='RESUMEN TOTAL'!R46 -> 0 | L28: ='RESUMEN TOTAL'!S46 -> 0 | M28: ='RESUMEN TOTAL'!T46 -> 0 | ... AI28: ='RESUMEN TOTAL'!AP46 -> 0
A29: ='RESUMEN TOTAL'!A47 -> CENTRO | B29: ='RESUMEN TOTAL'!B47 -> CEN 05 | C29: ='RESUMEN TOTAL'!D47 -> Bocuzzi e/España y San Martin | D29: ='RESUMEN TOTAL'!E47 -> DOMO | E29: ='RESUMEN TOTAL'!F47 -> Fibra Optica | F29: ='RESUMEN TOTAL'!M47 -> 0 | G29: ='RESUMEN TOTAL'!N47 -> 0 | H29: ='RESUMEN TOTAL'!O47 -> 0 | I29: ='RESUMEN TOTAL'!P47 -> 0 | J29: ='RESUMEN TOTAL'!Q47 -> 0 | K29: ='RESUMEN TOTAL'!R47 -> 0 | L29: ='RESUMEN TOTAL'!S47 -> 0 | M29: ='RESUMEN TOTAL'!T47 -> 0 | ... AI29: ='RESUMEN TOTAL'!AP47 -> 0
A30: ='RESUMEN TOTAL'!A48 -> CENTRO | B30: ='RESUMEN TOTAL'!B48 -> CEN06 | C30: ='RESUMEN TOTAL'!D48 -> Monteagudo y A.del Valle | D30: ='RESUMEN TOTAL'!E48 -> Fija | E30: ='RESUMEN TOTAL'!F48 -> Fibra Optica | F30: ='RESUMEN TOTAL'!M48 -> 0 | G30: ='RESUMEN TOTAL'!N48 -> 0 | H30: ='RESUMEN TOTAL'!O48 -> 0 | I30: ='RESUMEN TOTAL'!P48 -> 0 | J30: ='RESUMEN TOTAL'!Q48 -> 0 | K30: ='RESUMEN TOTAL'!R48 -> 0 | L30: ='RESUMEN TOTAL'!S48 -> 0 | M30: ='RESUMEN TOTAL'!T48 -> 0 | ... AI30: ='RESUMEN TOTAL'!AP48 -> 0
A31: ='RESUMEN TOTAL'!A49 -> CENTRO | B31: ='RESUMEN TOTAL'!B49 -> CEN07 | C31: ='RESUMEN TOTAL'!D49 -> San Martin y Guemes | D31: ='RESUMEN TOTAL'!E49 -> DOMO | E31: ='RESUMEN TOTAL'!F49 -> Fibra Optica | F31: ='RESUMEN TOTAL'!M49 -> 0 | G31: ='RESUMEN TOTAL'!N49 -> 0 | H31: ='RESUMEN TOTAL'!O49 -> 0 | I31: ='RESUMEN TOTAL'!P49 -> 0 | J31: ='RESUMEN TOTAL'!Q49 -> 0 | K31: ='RESUMEN TOTAL'!R49 -> 0 | L31: ='RESUMEN TOTAL'!S49 -> 0 | M31: ='RESUMEN TOTAL'!T49 -> 0 | ... AI31: ='RESUMEN TOTAL'!AP49 -> 0
A32: ='RESUMEN TOTAL'!A50 -> CENTRO | B32: ='RESUMEN TOTAL'!B50 -> CEN08 | C32: ='RESUMEN TOTAL'!D50 -> San Martin y Pte.Peron | D32: ='RESUMEN TOTAL'!E50 -> Domo | E32: ='RESUMEN TOTAL'!F50 -> Fibra Optica | F32: ='RESUMEN TOTAL'!M50 -> 0 | G32: ='RESUMEN TOTAL'!N50 -> 0 | H32: ='RESUMEN TOTAL'!O50 -> 0 | I32: ='RESUMEN TOTAL'!P50 -> 0 | J32: ='RESUMEN TOTAL'!Q50 -> 0 | K32: ='RESUMEN TOTAL'!R50 -> 0 | L32: ='RESUMEN TOTAL'!S50 -> 0 | M32: ='RESUMEN TOTAL'!T50 -> 0 | ... AI32: ='RESUMEN TOTAL'!AP50 -> 0
A33: ='RESUMEN TOTAL'!A51 -> CENTRO | B33: ='RESUMEN TOTAL'!B51 -> CEN09 | C33: ='RESUMEN TOTAL'!D51 -> Chacabuco y 25 de Mayo | D33: ='RESUMEN TOTAL'!E51 -> Domo | E33: ='RESUMEN TOTAL'!F51 -> Fibra Optica | F33: ='RESUMEN TOTAL'!M51 -> 0 | G33: ='RESUMEN TOTAL'!N51 -> 0 | H33: ='RESUMEN TOTAL'!O51 -> 0 | I33: ='RESUMEN TOTAL'!P51 -> 0 | J33: ='RESUMEN TOTAL'!Q51 -> 0 | K33: ='RESUMEN TOTAL'!R51 -> 0 | L33: ='RESUMEN TOTAL'!S51 -> 0 | M33: ='RESUMEN TOTAL'!T51 -> 0 | ... AI33: ='RESUMEN TOTAL'!AP51 -> 0
A34: ='RESUMEN TOTAL'!A52 -> CENTRO | B34: ='RESUMEN TOTAL'!B52 -> CEN10 | C34: ='RESUMEN TOTAL'!D52 -> Monteagudo y Pte. Peron | D34: ='RESUMEN TOTAL'!E52 -> Domo | E34: ='RESUMEN TOTAL'!F52 -> Fibra Optica | F34: ='RESUMEN TOTAL'!M52 -> 0 | G34: ='RESUMEN TOTAL'!N52 -> 0 | H34: ='RESUMEN TOTAL'!O52 -> 0 | I34: ='RESUMEN TOTAL'!P52 -> 0 | J34: ='RESUMEN TOTAL'!Q52 -> 0 | K34: ='RESUMEN TOTAL'!R52 -> 0 | L34: ='RESUMEN TOTAL'!S52 -> 0 | M34: ='RESUMEN TOTAL'!T52 -> 0 | ... AI34: ='RESUMEN TOTAL'!AP52 -> 0
A35: ='RESUMEN TOTAL'!A53 -> CENTRO | B35: ='RESUMEN TOTAL'!B53 -> CEN11 | C35: ='RESUMEN TOTAL'!D53 -> Monteagudo y Bocuzzi | D35: ='RESUMEN TOTAL'!E53 -> Domo | E35: ='RESUMEN TOTAL'!F53 -> Fibra Optica | F35: ='RESUMEN TOTAL'!M53 -> 0 | G35: ='RESUMEN TOTAL'!N53 -> 0 | H35: ='RESUMEN TOTAL'!O53 -> 0 | I35: ='RESUMEN TOTAL'!P53 -> 0 | J35: ='RESUMEN TOTAL'!Q53 -> 0 | K35: ='RESUMEN TOTAL'!R53 -> 0 | L35: ='RESUMEN TOTAL'!S53 -> 0 | M35: ='RESUMEN TOTAL'!T53 -> 0 | ... AI35: ='RESUMEN TOTAL'!AP53 -> 0
A36: ='RESUMEN TOTAL'!A54 -> CENTRO | B36: ='RESUMEN TOTAL'!B54 -> CEN 12 | C36: ='RESUMEN TOTAL'!D54 -> Monteagudo y Mitre | D36: ='RESUMEN TOTAL'!E54 -> Domo | E36: ='RESUMEN TOTAL'!F54 -> Fibra Optica | F36: ='RESUMEN TOTAL'!M54 -> 0 | G36: ='RESUMEN TOTAL'!N54 -> 0 | H36: ='RESUMEN TOTAL'!O54 -> 0 | I36: ='RESUMEN TOTAL'!P54 -> 0 | J36: ='RESUMEN TOTAL'!Q54 -> 0 | K36: ='RESUMEN TOTAL'!R54 -> 0 | L36: ='RESUMEN TOTAL'!S54 -> 0 | M36: ='RESUMEN TOTAL'!T54 -> 0 | ... AI36: ='RESUMEN TOTAL'!AP54 -> 0
... A71: ='RESUMEN TOTAL'!A89 -> CENTRO | B71: ='RESUMEN TOTAL'!B89 -> CEN47 | C71: ='RESUMEN TOTAL'!D89 -> Sallares y Brown | D71: ='RESUMEN TOTAL'!E89 -> Domo | E71: ='RESUMEN TOTAL'!F89 -> Fibra Optica | F71: ='RESUMEN TOTAL'!M89 -> 0 | G71: ='RESUMEN TOTAL'!N89 -> 0 | H71: ='RESUMEN TOTAL'!O89 -> 0 | I71: ='RESUMEN TOTAL'!P89 -> 0 | J71: ='RESUMEN TOTAL'!Q89 -> 0 | K71: ='RESUMEN TOTAL'!R89 -> 0 | L71: ='RESUMEN TOTAL'!S89 -> 0 | M71: ='RESUMEN TOTAL'!T89 -> 0 | ... AI71: ='RESUMEN TOTAL'!AP89 -> 0
A72: ='RESUMEN TOTAL'!A90 -> CENTRO | B72: ='RESUMEN TOTAL'!B90 -> CEN48 | C72: ='RESUMEN TOTAL'!D90 -> Velez Sarsfield y Las Heras | D72: ='RESUMEN TOTAL'!E90 -> Domo | E72: ='RESUMEN TOTAL'!F90 -> GPON | F72: ='RESUMEN TOTAL'!M90 -> 0 | G72: ='RESUMEN TOTAL'!N90 -> 0 | H72: ='RESUMEN TOTAL'!O90 -> 0 | I72: ='RESUMEN TOTAL'!P90 -> 0 | J72: ='RESUMEN TOTAL'!Q90 -> 0 | K72: ='RESUMEN TOTAL'!R90 -> 0 | L72: ='RESUMEN TOTAL'!S90 -> 0 | M72: ='RESUMEN TOTAL'!T90 -> 0 | ... Z72: ='RESUMEN TOTAL'!AG90 -> 0 | AA72: ='RESUMEN TOTAL'!#REF! -> #REF! | AB72: ='RESUMEN TOTAL'!AI90 -> 0 | AC72: ='RESUMEN TOTAL'!AJ90 -> 0 | AD72: ='RESUMEN TOTAL'!AK90 -> 0 | AE72: ='RESUMEN TOTAL'!AL90 -> 0 | AF72: ='RESUMEN TOTAL'!AM90 -> 0 | AG72: ='RESUMEN TOTAL'!AN90 -> 0 | AH72: ='RESUMEN TOTAL'!AO90 -> 0 | AI72: ='RESUMEN TOTAL'!AP90 -> 0
A73: ='RESUMEN TOTAL'!A91 -> CENTRO | B73: ='RESUMEN TOTAL'!B91 -> CEN49 | C73: ='RESUMEN TOTAL'!D91 -> Av. San Martin y Florencio Sanchez | D73: ='RESUMEN TOTAL'!E91 -> Domo | E73: ='RESUMEN TOTAL'!F91 -> Fibra Optica | F73: ='RESUMEN TOTAL'!M91 -> 0 | G73: ='RESUMEN TOTAL'!N91 -> 0 | H73: ='RESUMEN TOTAL'!O91 -> 0 | I73: ='RESUMEN TOTAL'!P91 -> 0 | J73: ='RESUMEN TOTAL'!Q91 -> 0 | K73: ='RESUMEN TOTAL'!R91 -> 0 | L73: ='RESUMEN TOTAL'!S91 -> 0 | M73: ='RESUMEN TOTAL'!T91 -> 0 | ... AI73: ='RESUMEN TOTAL'!AP91 -> 0
A74: ='RESUMEN TOTAL'!A92 -> CENTRO | B74: ='RESUMEN TOTAL'!B92 -> CEN 50 | C74: ='RESUMEN TOTAL'!D92 -> Av. San Martin y Newbery | D74: ='RESUMEN TOTAL'!E92 -> Domo | E74: ='RESUMEN TOTAL'!F92 -> GPON | F74: ='RESUMEN TOTAL'!M92 -> 0 | G74: ='RESUMEN TOTAL'!N92 -> 0 | H74: ='RESUMEN TOTAL'!O92 -> 0 | I74: ='RESUMEN TOTAL'!P92 -> 0 | J74: ='RESUMEN TOTAL'!Q92 -> 0 | K74: ='RESUMEN TOTAL'!R92 -> 0 | L74: ='RESUMEN TOTAL'!S92 -> 0 | M74: ='RESUMEN TOTAL'!T92 -> 0 | ... AI74: ='RESUMEN TOTAL'!AP92 -> 0
A75: ='RESUMEN TOTAL'!A93 -> CENTRO | B75: ='RESUMEN TOTAL'!B93 -> CEN 51 | C75: ='RESUMEN TOTAL'!D93 -> ILLIA Y LAS HERAS | D75: ='RESUMEN TOTAL'!E93 -> FIJA | E75: ='RESUMEN TOTAL'!F93 -> GPON | F75: ='RESUMEN TOTAL'!M93 -> 0 | G75: ='RESUMEN TOTAL'!N93 -> 0 | H75: ='RESUMEN TOTAL'!O93 -> 0 | I75: ='RESUMEN TOTAL'!P93 -> 0 | J75: ='RESUMEN TOTAL'!Q93 -> 0 | K75: ='RESUMEN TOTAL'!R93 -> 0 | L75: ='RESUMEN TOTAL'!S93 -> 0 | M75: ='RESUMEN TOTAL'!T93 -> 0 | ... AI75: ='RESUMEN TOTAL'!AP93 -> 0
A76: ='RESUMEN TOTAL'!A94 -> CENTRO | B76: ='RESUMEN TOTAL'!B94 -> CEN52 | C76: ='RESUMEN TOTAL'!D94 -> San Martin y Almafuerte (ex San Martin y Dorrego) | D76: ='RESUMEN TOTAL'!E94 -> DOMO | E76: ='RESUMEN TOTAL'!F94 -> GPON | F76: ='RESUMEN TOTAL'!M94 -> 0 | G76: ='RESUMEN TOTAL'!N94 -> 0 | H76: ='RESUMEN TOTAL'!O94 -> 0 | I76: ='RESUMEN TOTAL'!P94 -> 0 | J76: ='RESUMEN TOTAL'!Q94 -> 0 | K76: ='RESUMEN TOTAL'!R94 -> 0 | L76: ='RESUMEN TOTAL'!S94 -> 0 | M76: ='RESUMEN TOTAL'!T94 -> 0 | ... AI76: ='RESUMEN TOTAL'!AP94 -> 0
A77: ='RESUMEN TOTAL'!A95 -> CENTRO | B77: ='RESUMEN TOTAL'!B95 -> CEN 53 | C77: ='RESUMEN TOTAL'!D95 -> GUTIERREZ Y BROWN | D77: ='RESUMEN TOTAL'!E95 -> Domo | E77: ='RESUMEN TOTAL'!F95 -> GPON | F77: ='RESUMEN TOTAL'!M95 -> APAGADO | G77: ='RESUMEN TOTAL'!N95 -> APAGADO | H77: ='RESUMEN TOTAL'!O95 -> APAGADO | I77: ='RESUMEN TOTAL'!P95 -> APAGADO | J77: ='RESUMEN TOTAL'!Q95 -> APAGADO | K77: ='RESUMEN TOTAL'!R95 -> APAGADO | L77: ='RESUMEN TOTAL'!S95 -> APAGADO | M77: ='RESUMEN TOTAL'!T95 -> APAGADO | ... AI77: ='RESUMEN TOTAL'!AP95 -> 0
A78: ='RESUMEN TOTAL'!A96 -> CENTRO | B78: ='RESUMEN TOTAL'!B96 -> CEN 54 | C78: ='RESUMEN TOTAL'!D96 -> GUTIERREZ Y PRINGLES | D78: ='RESUMEN TOTAL'!E96 -> Domo | E78: ='RESUMEN TOTAL'!F96 -> GPON | F78: ='RESUMEN TOTAL'!M96 -> APAGADO | G78: ='RESUMEN TOTAL'!N96 -> APAGADO | H78: ='RESUMEN TOTAL'!O96 -> APAGADO | I78: ='RESUMEN TOTAL'!P96 -> APAGADO | J78: ='RESUMEN TOTAL'!Q96 -> APAGADO | K78: ='RESUMEN TOTAL'!R96 -> APAGADO | L78: ='RESUMEN TOTAL'!S96 -> APAGADO | M78: ='RESUMEN TOTAL'!T96 -> APAGADO | ... AI78: ='RESUMEN TOTAL'!AP96 -> 0
A79: ='RESUMEN TOTAL'!A97 -> CENTRO | B79: ='RESUMEN TOTAL'!B97 -> CEN 55 | C79: ='RESUMEN TOTAL'!D97 -> BOUREL Y URQUIZA | D79: ='RESUMEN TOTAL'!E97 -> Domo | E79: ='RESUMEN TOTAL'!F97 -> GPON | F79: ='RESUMEN TOTAL'!M97 -> 0 | G79: ='RESUMEN TOTAL'!N97 -> 0 | H79: ='RESUMEN TOTAL'!O97 -> 0 | I79: ='RESUMEN TOTAL'!P97 -> 0 | J79: ='RESUMEN TOTAL'!Q97 -> 0 | K79: ='RESUMEN TOTAL'!R97 -> 0 | L79: ='RESUMEN TOTAL'!S97 -> 0 | M79: ='RESUMEN TOTAL'!T97 -> 0 | ... AI79: ='RESUMEN TOTAL'!AP97 -> 0
A80: ='RESUMEN TOTAL'!A98 -> CENTRO | B80: ='RESUMEN TOTAL'!B98 -> CEN 56 | C80: ='RESUMEN TOTAL'!D98 -> Newbery y Falucho | D80: ='RESUMEN TOTAL'!E98 -> DOMO | E80: ='RESUMEN TOTAL'!F98 -> GPON | F80: ='RESUMEN TOTAL'!M98 -> APAGADO | G80: ='RESUMEN TOTAL'!N98 -> APAGADO | H80: ='RESUMEN TOTAL'!O98 -> APAGADO | I80: ='RESUMEN TOTAL'!P98 -> APAGADO | J80: ='RESUMEN TOTAL'!Q98 -> APAGADO | K80: ='RESUMEN TOTAL'!R98 -> APAGADO | L80: ='RESUMEN TOTAL'!S98 -> APAGADO | M80: ='RESUMEN TOTAL'!T98 -> APAGADO | ... AI80: ='RESUMEN TOTAL'!AP98 -> 0
A81: ='RESUMEN TOTAL'!A99 -> CENTRO | B81: ='RESUMEN TOTAL'!B99 -> CEN 57 | C81: ='RESUMEN TOTAL'!D99 -> 25 DE MAYO Y DORREGO | D81: ='RESUMEN TOTAL'!E99 -> DOMO | E81: ='RESUMEN TOTAL'!F99 -> GPON | F81: ='RESUMEN TOTAL'!M99 -> 0 | G81: ='RESUMEN TOTAL'!N99 -> 0 | H81: ='RESUMEN TOTAL'!O99 -> 0 | I81: ='RESUMEN TOTAL'!P99 -> 0 | J81: ='RESUMEN TOTAL'!Q99 -> 0 | K81: ='RESUMEN TOTAL'!R99 -> 0 | L81: ='RESUMEN TOTAL'!S99 -> 0 | M81: ='RESUMEN TOTAL'!T99 -> 0 | ... AI81: ='RESUMEN TOTAL'!AP99 -> 0
A82: ='RESUMEN TOTAL'!A100 -> CENTRO | B82: ='RESUMEN TOTAL'!B100 -> CEN 58 | C82: ='RESUMEN TOTAL'!D100 -> EEUU Y MORENO | D82: ='RESUMEN TOTAL'!E100 -> DOMO | E82: ='RESUMEN TOTAL'!F100 -> Fibra Optica | F82: ='RESUMEN TOTAL'!M100 -> 0 | G82: ='RESUMEN TOTAL'!N100 -> 0 | H82: ='RESUMEN TOTAL'!O100 -> 0 | I82: ='RESUMEN TOTAL'!P100 -> 0 | J82: ='RESUMEN TOTAL'!Q100 -> 0 | K82: ='RESUMEN TOTAL'!R100 -> 0 | L82: ='RESUMEN TOTAL'!S100 -> 0 | M82: ='RESUMEN TOTAL'!T100 -> 0 | ... AI82: ='RESUMEN TOTAL'!AP100 -> 0
A83: ='RESUMEN TOTAL'!A101 -> CENTRO | B83: ='RESUMEN TOTAL'!B101 -> CEN59 | C83: ='RESUMEN TOTAL'!D101 -> CHACABUCO Y BOUREL | D83: ='RESUMEN TOTAL'!E101 -> DOMO | E83: ='RESUMEN TOTAL'!F101 -> GPON | F83: ='RESUMEN TOTAL'!M101 -> 0 | G83: ='RESUMEN TOTAL'!N101 -> 0 | H83: ='RESUMEN TOTAL'!O101 -> 0 | I83: ='RESUMEN TOTAL'!P101 -> 0 | J83: ='RESUMEN TOTAL'!Q101 -> 0 | K83: ='RESUMEN TOTAL'!R101 -> 0 | L83: ='RESUMEN TOTAL'!S101 -> 0 | M83: ='RESUMEN TOTAL'!T101 -> 0 | ... AI83: ='RESUMEN TOTAL'!AP101 -> 0
A84: ='RESUMEN TOTAL'!A102 -> CENTRO | B84: ='RESUMEN TOTAL'!B102 -> CEN 60 | C84: ='RESUMEN TOTAL'!D102 -> RECONQUISTA Y ILLIA | D84: ='RESUMEN TOTAL'!E102 -> DOMO | E84: ='RESUMEN TOTAL'!F102 -> PTO A FO | F84: ='RESUMEN TOTAL'!M102 -> 0 | G84: ='RESUMEN TOTAL'!N102 -> 0 | H84: ='RESUMEN TOTAL'!O102 -> 0 | I84: ='RESUMEN TOTAL'!P102 -> 0 | J84: ='RESUMEN TOTAL'!Q102 -> 0 | K84: ='RESUMEN TOTAL'!R102 -> 0 | L84: ='RESUMEN TOTAL'!S102 -> 0 | M84: ='RESUMEN TOTAL'!T102 -> 0 | ... AI84: ='RESUMEN TOTAL'!AP102 -> 0
... A110: ='RESUMEN TOTAL'!A128 -> CENTRO | B110: ='RESUMEN TOTAL'!B128 -> CEN 86 | C110: ='RESUMEN TOTAL'!D128 -> Monteagudo y Bocuzzi | D110: ='RESUMEN TOTAL'!E128 -> Fija | E110: ='RESUMEN TOTAL'!F128 -> Fibra Optica | F110: ='RESUMEN TOTAL'!M128 -> 0 | G110: ='RESUMEN TOTAL'!N128 -> 0 | H110: ='RESUMEN TOTAL'!O128 -> 0 | I110: ='RESUMEN TOTAL'!P128 -> 0 | J110: ='RESUMEN TOTAL'!Q128 -> 0 | K110: ='RESUMEN TOTAL'!R128 -> 0 | L110: ='RESUMEN TOTAL'!S128 -> 0 | M110: ='RESUMEN TOTAL'!T128 -> 0 | ... AI110: ='RESUMEN TOTAL'!AP128 -> 0
A111: ='RESUMEN TOTAL'!A139 -> SAN NICOLAS | B111: ='RESUMEN TOTAL'!B139 -> CHA01 | C111: ='RESUMEN TOTAL'!D139 -> Novak y Pte Illia | D111: ='RESUMEN TOTAL'!E139 -> Domo | E111: ='RESUMEN TOTAL'!F139 -> Radio | F111: ='RESUMEN TOTAL'!M139 -> 0 | G111: ='RESUMEN TOTAL'!N139 -> 0 | H111: ='RESUMEN TOTAL'!O139 -> 0 | I111: ='RESUMEN TOTAL'!P139 -> 0 | J111: ='RESUMEN TOTAL'!Q139 -> 0 | K111: ='RESUMEN TOTAL'!R139 -> 0 | L111: ='RESUMEN TOTAL'!S139 -> 0 | M111: ='RESUMEN TOTAL'!T139 -> 0 | ... AI111: ='RESUMEN TOTAL'!AP139 -> 0
A112: ='RESUMEN TOTAL'!A140 -> CHACABUCO | B112: ='RESUMEN TOTAL'!B140 -> CHA02 | C112: ='RESUMEN TOTAL'!D140 -> Pte. Illia y Posadas | D112: ='RESUMEN TOTAL'!E140 -> Domo | E112: ='RESUMEN TOTAL'!F140 -> Radio | F112: ='RESUMEN TOTAL'!M140 -> 0 | G112: ='RESUMEN TOTAL'!N140 -> 0 | H112: ='RESUMEN TOTAL'!O140 -> 0 | I112: ='RESUMEN TOTAL'!P140 -> 0 | J112: ='RESUMEN TOTAL'!Q140 -> 0 | K112: ='RESUMEN TOTAL'!R140 -> 0 | L112: ='RESUMEN TOTAL'!S140 -> 0 | M112: ='RESUMEN TOTAL'!T140 -> 0 | ... AI112: ='RESUMEN TOTAL'!AP140 -> 0
A113: ='RESUMEN TOTAL'!A141 -> CHACABUCO | B113: ='RESUMEN TOTAL'!B141 -> CHA03 | C113: ='RESUMEN TOTAL'!D141 -> MAIPU Y ALVAREZ THOMAS | D113: ='RESUMEN TOTAL'!E141 -> DOMO | E113: ='RESUMEN TOTAL'!F141 -> Fibra Optica | F113: ='RESUMEN TOTAL'!M141 -> 0 | G113: ='RESUMEN TOTAL'!N141 -> 0 | H113: ='RESUMEN TOTAL'!O141 -> 0 | I113: ='RESUMEN TOTAL'!P141 -> 0 | J113: ='RESUMEN TOTAL'!Q141 -> 0 | K113: ='RESUMEN TOTAL'!R141 -> 0 | L113: ='RESUMEN TOTAL'!S141 -> 0 | M113: ='RESUMEN TOTAL'!T141 -> 0 | ... AI113: ='RESUMEN TOTAL'!AP141 -> 0
A114: ='RESUMEN TOTAL'!A142 -> CHACABUCO | B114: ='RESUMEN TOTAL'!B142 -> CHA04 | C114: ='RESUMEN TOTAL'!D142 -> ESTADOS UNIDOS DE A. E ILLIA | D114: ='RESUMEN TOTAL'!E142 -> DOMO | E114: ='RESUMEN TOTAL'!F142 -> Fibra Optica | F114: ='RESUMEN TOTAL'!M142 -> 0 | G114: ='RESUMEN TOTAL'!N142 -> 0 | H114: ='RESUMEN TOTAL'!O142 -> 0 | I114: ='RESUMEN TOTAL'!P142 -> 0 | J114: ='RESUMEN TOTAL'!Q142 -> 0 | K114: ='RESUMEN TOTAL'!R142 -> 0 | L114: ='RESUMEN TOTAL'!S142 -> 0 | M114: ='RESUMEN TOTAL'!T142 -> 0 | ... AI114: ='RESUMEN TOTAL'!AP142 -> 0
A115: ='RESUMEN TOTAL'!A143 -> VILLA MONICA NUEVA | B115: ='RESUMEN TOTAL'!B143 -> COL01 | C115: ='RESUMEN TOTAL'!D143 -> Eva Peron y Cariboni | D115: ='RESUMEN TOTAL'!E143 -> Domo | E115: ='RESUMEN TOTAL'!F143 -> Radio | F115: ='RESUMEN TOTAL'!M143 -> 0 | G115: ='RESUMEN TOTAL'!N143 -> 0 | H115: ='RESUMEN TOTAL'!O143 -> 0 | I115: ='RESUMEN TOTAL'!P143 -> 0 | J115: ='RESUMEN TOTAL'!Q143 -> 0 | K115: ='RESUMEN TOTAL'!R143 -> 0 | L115: ='RESUMEN TOTAL'!S143 -> 0 | M115: ='RESUMEN TOTAL'!T143 -> 0 | ... AI115: ='RESUMEN TOTAL'!AP143 -> 0
A116: ='RESUMEN TOTAL'!A144 -> LA COLORADA ESTE | B116: ='RESUMEN TOTAL'!B144 -> COL02 | C116: ='RESUMEN TOTAL'!D144 -> Av. Eva Peron y Pompeya | D116: ='RESUMEN TOTAL'!E144 -> Domo | E116: ='RESUMEN TOTAL'!F144 -> Radio | F116: ='RESUMEN TOTAL'!M144 -> 0 | G116: ='RESUMEN TOTAL'!N144 -> 0 | H116: ='RESUMEN TOTAL'!O144 -> 0 | I116: ='RESUMEN TOTAL'!P144 -> 0 | J116: ='RESUMEN TOTAL'!Q144 -> 0 | K116: ='RESUMEN TOTAL'!R144 -> 0 | L116: ='RESUMEN TOTAL'!S144 -> 0 | M116: ='RESUMEN TOTAL'!T144 -> 0 | ... AI116: ='RESUMEN TOTAL'!AP144 -> 0
A117: ='RESUMEN TOTAL'!A145 -> LA COLORADA ESTE | B117: ='RESUMEN TOTAL'!B145 -> COL 03 | C117: ='RESUMEN TOTAL'!D145 -> CARIBONI Y LA ANCIANIDAD | D117: ='RESUMEN TOTAL'!E145 -> DOMO | E117: ='RESUMEN TOTAL'!F145 -> Radio | F117: ='RESUMEN TOTAL'!M145 -> 0 | G117: ='RESUMEN TOTAL'!N145 -> 0 | H117: ='RESUMEN TOTAL'!O145 -> 0 | I117: ='RESUMEN TOTAL'!P145 -> 0 | J117: ='RESUMEN TOTAL'!Q145 -> APAGADO | K117: ='RESUMEN TOTAL'!R145 -> 0 | L117: ='RESUMEN TOTAL'!S145 -> 0 | M117: ='RESUMEN TOTAL'!T145 -> 0 | ... AI117: ='RESUMEN TOTAL'!AP145 -> 0
A118: ='RESUMEN TOTAL'!A146 -> LA COLORADA ESTE | B118: ='RESUMEN TOTAL'!B146 -> COL 04 | C118: ='RESUMEN TOTAL'!D146 -> EVA PERON Y SAVIO | D118: ='RESUMEN TOTAL'!E146 -> Domo | E118: ='RESUMEN TOTAL'!F146 -> Fibra Optica | F118: ='RESUMEN TOTAL'!M146 -> 0 | G118: ='RESUMEN TOTAL'!N146 -> 0 | H118: ='RESUMEN TOTAL'!O146 -> 0 | I118: ='RESUMEN TOTAL'!P146 -> 0 | J118: ='RESUMEN TOTAL'!Q146 -> 0 | K118: ='RESUMEN TOTAL'!R146 -> 0 | L118: ='RESUMEN TOTAL'!S146 -> 0 | M118: ='RESUMEN TOTAL'!T146 -> 0 | ... AI118: ='RESUMEN TOTAL'!AP146 -> 0
A119: ='RESUMEN TOTAL'!A147 -> DON JOSE | B119: ='RESUMEN TOTAL'!B147 -> DJO01 | C119: ='RESUMEN TOTAL'!D147 -> Monteverde y Donato Alvarez | D119: ='RESUMEN TOTAL'!E147 -> Domo | E119: ='RESUMEN TOTAL'!F147 -> Radio | F119: ='RESUMEN TOTAL'!M147 -> APAGADO | G119: ='RESUMEN TOTAL'!N147 -> APAGADO | H119: ='RESUMEN TOTAL'!O147 -> APAGADO | I119: ='RESUMEN TOTAL'!P147 -> APAGADO | J119: ='RESUMEN TOTAL'!Q147 -> APAGADO | K119: ='RESUMEN TOTAL'!R147 -> APAGADO | L119: ='RESUMEN TOTAL'!S147 -> APAGADO | M119: ='RESUMEN TOTAL'!T147 -> APAGADO | ... AI119: ='RESUMEN TOTAL'!AP147 -> 0
A120: ='RESUMEN TOTAL'!A148 -> DON JOSE | B120: ='RESUMEN TOTAL'!B148 -> DJO 02 (fija 1) | C120: ='RESUMEN TOTAL'!D148 -> DONATO ALVAREZ Y EL APERO | D120: ='RESUMEN TOTAL'!E148 -> Fija | E120: ='RESUMEN TOTAL'!F148 -> PTO A FO | F120: ='RESUMEN TOTAL'!M148 -> 0 | G120: ='RESUMEN TOTAL'!N148 -> 0 | H120: ='RESUMEN TOTAL'!O148 -> 0 | I120: ='RESUMEN TOTAL'!P148 -> 0 | J120: ='RESUMEN TOTAL'!Q148 -> 0 | K120: ='RESUMEN TOTAL'!R148 -> 0 | L120: ='RESUMEN TOTAL'!S148 -> 0 | M120: ='RESUMEN TOTAL'!T148 -> 0 | ... AI120: ='RESUMEN TOTAL'!AP148 -> 0
A121: ='RESUMEN TOTAL'!A149 -> DON JOSE | B121: ='RESUMEN TOTAL'!B149 -> DJO 03 (fija 2) | C121: ='RESUMEN TOTAL'!D149 -> DONATO ALVAREZ Y EL APERO | D121: ='RESUMEN TOTAL'!E149 -> Fija | E121: ='RESUMEN TOTAL'!F149 -> PTO A FO | F121: ='RESUMEN TOTAL'!M149 -> 0 | G121: ='RESUMEN TOTAL'!N149 -> 0 | H121: ='RESUMEN TOTAL'!O149 -> 0 | I121: ='RESUMEN TOTAL'!P149 -> 0 | J121: ='RESUMEN TOTAL'!Q149 -> 0 | K121: ='RESUMEN TOTAL'!R149 -> 0 | L121: ='RESUMEN TOTAL'!S149 -> 0 | M121: ='RESUMEN TOTAL'!T149 -> 0 | ... AI121: ='RESUMEN TOTAL'!AP149 -> 0
A122: ='RESUMEN TOTAL'!A150 -> DON JOSE | B122: ='RESUMEN TOTAL'!B150 -> DJO 04 (Fija 1) | C122: ='RESUMEN TOTAL'!D150 -> MONTEVERDE Y EL INDIO | D122: ='RESUMEN TOTAL'!E150 -> Fija | E122: ='RESUMEN TOTAL'!F150 -> PTO A FO | F122: ='RESUMEN TOTAL'!M150 -> APAGADO | G122: ='RESUMEN TOTAL'!N150 -> APAGADO | H122: ='RESUMEN TOTAL'!O150 -> APAGADO | I122: ='RESUMEN TOTAL'!P150 -> APAGADO | J122: ='RESUMEN TOTAL'!Q150 -> APAGADO | K122: ='RESUMEN TOTAL'!R150 -> APAGADO | L122: ='RESUMEN TOTAL'!S150 -> APAGADO | M122: ='RESUMEN TOTAL'!T150 -> APAGADO | ... AI122: ='RESUMEN TOTAL'!AP150 -> 0
... A125: ='RESUMEN TOTAL'!A153 -> DON JOSE | B125: ='RESUMEN TOTAL'!B153 -> DJ 07 | C125: ='RESUMEN TOTAL'!D153 -> Calle 414 y El Indio | D125: ='RESUMEN TOTAL'!E153 -> Fija | E125: ='RESUMEN TOTAL'!F153 -> PTO A FO | F125: ='RESUMEN TOTAL'!M153 -> 0 | G125: ='RESUMEN TOTAL'!N153 -> 0 | H125: ='RESUMEN TOTAL'!O153 -> 0 | I125: ='RESUMEN TOTAL'!P153 -> 0 | J125: ='RESUMEN TOTAL'!Q153 -> 0 | K125: ='RESUMEN TOTAL'!R153 -> 0 | L125: ='RESUMEN TOTAL'!S153 -> 0 | M125: ='RESUMEN TOTAL'!T153 -> 0 | ... AI125: ='RESUMEN TOTAL'!AP153 -> 0
A126: ='RESUMEN TOTAL'!A157 -> EL PARQUE | B126: ='RESUMEN TOTAL'!B157 -> EPQ 01 | C126: ='RESUMEN TOTAL'!D157 -> 1282 Y GRIERSON | D126: ='RESUMEN TOTAL'!E157 -> DOMO | E126: ='RESUMEN TOTAL'!F157 -> Fibra Optica | F126: ='RESUMEN TOTAL'!M157 -> APAGADO | G126: ='RESUMEN TOTAL'!N157 -> APAGADO | H126: ='RESUMEN TOTAL'!O157 -> APAGADO | I126: ='RESUMEN TOTAL'!P157 -> APAGADO | J126: ='RESUMEN TOTAL'!Q157 -> APAGADO | K126: ='RESUMEN TOTAL'!R157 -> APAGADO | L126: ='RESUMEN TOTAL'!S157 -> APAGADO | M126: ='RESUMEN TOTAL'!T157 -> APAGADO | ... AI126: ='RESUMEN TOTAL'!AP157 -> 0
A127: ='RESUMEN TOTAL'!A158 -> EL PARQUE | B127: ='RESUMEN TOTAL'!B158 -> EPQ 02 | C127: ='RESUMEN TOTAL'!D158 -> 1282 Y MASSE | D127: ='RESUMEN TOTAL'!E158 -> DOMO | E127: ='RESUMEN TOTAL'!F158 -> Fibra Optica | F127: ='RESUMEN TOTAL'!M158 -> 0 | G127: ='RESUMEN TOTAL'!N158 -> APAGADO | H127: ='RESUMEN TOTAL'!O158 -> APAGADO | I127: ='RESUMEN TOTAL'!P158 -> APAGADO | J127: ='RESUMEN TOTAL'!Q158 -> 0 | K127: ='RESUMEN TOTAL'!R158 -> 0 | L127: ='RESUMEN TOTAL'!S158 -> 0 | M127: ='RESUMEN TOTAL'!T158 -> 0 | ... AI127: ='RESUMEN TOTAL'!AP158 -> 0
A128: ='RESUMEN TOTAL'!A159 -> EL PARQUE | B128: ='RESUMEN TOTAL'!B159 -> EPQ 03 | C128: ='RESUMEN TOTAL'!D159 -> 1282 Y RP 36 | D128: ='RESUMEN TOTAL'!E159 -> Domo | E128: ='RESUMEN TOTAL'!F159 -> Fibra Optica | F128: ='RESUMEN TOTAL'!M159 -> 0 | G128: ='RESUMEN TOTAL'!N159 -> 0 | H128: ='RESUMEN TOTAL'!O159 -> 0 | I128: ='RESUMEN TOTAL'!P159 -> 0 | J128: ='RESUMEN TOTAL'!Q159 -> 0 | K128: ='RESUMEN TOTAL'!R159 -> 0 | L128: ='RESUMEN TOTAL'!S159 -> 0 | M128: ='RESUMEN TOTAL'!T159 -> 0 | ... AI128: ='RESUMEN TOTAL'!AP159 -> 0
A129: ='RESUMEN TOTAL'!A160 -> EL PARQUE | B129: ='RESUMEN TOTAL'!B160 -> EPQ 04 | C129: ='RESUMEN TOTAL'!D160 -> 1282 Y MORENO | D129: ='RESUMEN TOTAL'!E160 -> DOMO | E129: ='RESUMEN TOTAL'!F160 -> Fibra Optica | F129: ='RESUMEN TOTAL'!M160 -> APAGADO | G129: ='RESUMEN TOTAL'!N160 -> APAGADO | H129: ='RESUMEN TOTAL'!O160 -> APAGADO | I129: ='RESUMEN TOTAL'!P160 -> APAGADO | J129: ='RESUMEN TOTAL'!Q160 -> APAGADO | K129: ='RESUMEN TOTAL'!R160 -> APAGADO | L129: ='RESUMEN TOTAL'!S160 -> APAGADO | M129: ='RESUMEN TOTAL'!T160 -> APAGADO | ... AI129: ='RESUMEN TOTAL'!AP160 -> 0
A130: ='RESUMEN TOTAL'!A163 -> LA ESMERALDA | B130: ='RESUMEN TOTAL'!B163 -> ESM01 | C130: ='RESUMEN TOTAL'!D163 -> Cabello y Brasil | D130: ='RESUMEN TOTAL'!E163 -> Domo | E130: ='RESUMEN TOTAL'!F163 -> Radio | F130: ='RESUMEN TOTAL'!M163 -> 0 | G130: ='RESUMEN TOTAL'!N163 -> 0 | H130: ='RESUMEN TOTAL'!O163 -> 0 | I130: ='RESUMEN TOTAL'!P163 -> 0 | J130: ='RESUMEN TOTAL'!Q163 -> 0 | K130: ='RESUMEN TOTAL'!R163 -> 0 | L130: ='RESUMEN TOTAL'!S163 -> 0 | M130: ='RESUMEN TOTAL'!T163 -> 0 | ... AI130: ='RESUMEN TOTAL'!AP163 -> 0
A131: ='RESUMEN TOTAL'!A164 -> SAN JORGE | B131: ='RESUMEN TOTAL'!B164 -> ESM02 | C131: ='RESUMEN TOTAL'!D164 -> Novak y Cabello | D131: ='RESUMEN TOTAL'!E164 -> Domo | E131: ='RESUMEN TOTAL'!F164 -> PTO A FO | F131: ='RESUMEN TOTAL'!M164 -> 0 | G131: ='RESUMEN TOTAL'!N164 -> 0 | H131: ='RESUMEN TOTAL'!O164 -> 0 | I131: ='RESUMEN TOTAL'!P164 -> 0 | J131: ='RESUMEN TOTAL'!Q164 -> 0 | K131: ='RESUMEN TOTAL'!R164 -> 0 | L131: ='RESUMEN TOTAL'!S164 -> 0 | M131: ='RESUMEN TOTAL'!T164 -> 0 | ... AI131: ='RESUMEN TOTAL'!AP164 -> 0
A132: ='RESUMEN TOTAL'!A165 -> SAN JORGE | B132: ='RESUMEN TOTAL'!B165 -> ESM03 | C132: ='RESUMEN TOTAL'!D165 -> Novak y Humahuaca | D132: ='RESUMEN TOTAL'!E165 -> DOMO | E132: ='RESUMEN TOTAL'!F165 -> PTO A FO | F132: ='RESUMEN TOTAL'!M165 -> 0 | G132: ='RESUMEN TOTAL'!N165 -> 0 | H132: ='RESUMEN TOTAL'!O165 -> 0 | I132: ='RESUMEN TOTAL'!P165 -> 0 | J132: ='RESUMEN TOTAL'!Q165 -> 0 | K132: ='RESUMEN TOTAL'!R165 -> 0 | L132: ='RESUMEN TOTAL'!S165 -> 0 | M132: ='RESUMEN TOTAL'!T165 -> 0 | ... AI132: ='RESUMEN TOTAL'!AP165 -> 0
A133: ='RESUMEN TOTAL'!A166 -> LA ESMERALDA | B133: ='RESUMEN TOTAL'!B166 -> ESM04 | C133: ='RESUMEN TOTAL'!D166 -> Basualdo y Bengochea | D133: ='RESUMEN TOTAL'!E166 -> Domo | E133: ='RESUMEN TOTAL'!F166 -> Fibra Optica | F133: ='RESUMEN TOTAL'!M166 -> 0 | G133: ='RESUMEN TOTAL'!N166 -> 0 | H133: ='RESUMEN TOTAL'!O166 -> 0 | I133: ='RESUMEN TOTAL'!P166 -> 0 | J133: ='RESUMEN TOTAL'!Q166 -> 0 | K133: ='RESUMEN TOTAL'!R166 -> 0 | L133: ='RESUMEN TOTAL'!S166 -> 0 | M133: ='RESUMEN TOTAL'!T166 -> 0 | ... AI133: ='RESUMEN TOTAL'!AP166 -> 0
A134: ='RESUMEN TOTAL'!A167 -> LA ESMERALDA | B134: ='RESUMEN TOTAL'!B167 -> ESM05 | C134: ='RESUMEN TOTAL'!D167 -> Aniceto Diaz y Villar | D134: ='RESUMEN TOTAL'!E167 -> Domo | E134: ='RESUMEN TOTAL'!F167 -> Fibra Optica | F134: ='RESUMEN TOTAL'!M167 -> 0 | G134: ='RESUMEN TOTAL'!N167 -> 0 | H134: ='RESUMEN TOTAL'!O167 -> 0 | I134: ='RESUMEN TOTAL'!P167 -> 0 | J134: ='RESUMEN TOTAL'!Q167 -> 0 | K134: ='RESUMEN TOTAL'!R167 -> 0 | L134: ='RESUMEN TOTAL'!S167 -> 0 | M134: ='RESUMEN TOTAL'!T167 -> 0 | ... AI134: ='RESUMEN TOTAL'!AP167 -> 0
A135: ='RESUMEN TOTAL'!A168 -> LA ESMERALDA | B135: ='RESUMEN TOTAL'!B168 -> ESM06 | C135: ='RESUMEN TOTAL'!D168 -> Roselli y Cabello | D135: ='RESUMEN TOTAL'!E168 -> Domo | E135: ='RESUMEN TOTAL'!F168 -> GPON | F135: ='RESUMEN TOTAL'!M168 -> 0 | G135: ='RESUMEN TOTAL'!N168 -> 0 | H135: ='RESUMEN TOTAL'!O168 -> 0 | I135: ='RESUMEN TOTAL'!P168 -> 0 | J135: ='RESUMEN TOTAL'!Q168 -> 0 | K135: ='RESUMEN TOTAL'!R168 -> 0 | L135: ='RESUMEN TOTAL'!S168 -> 0 | M135: ='RESUMEN TOTAL'!T168 -> 0 | ... AI135: ='RESUMEN TOTAL'!AP168 -> 0
A136: ='RESUMEN TOTAL'!A169 -> LA ESMERALDA | B136: ='RESUMEN TOTAL'!B169 -> ESM07 | C136: ='RESUMEN TOTAL'!D169 -> AV. NOVAK Y SERRANO | D136: ='RESUMEN TOTAL'!E169 -> DOMO | E136: ='RESUMEN TOTAL'!F169 -> PTO A FO | F136: ='RESUMEN TOTAL'!M169 -> 0 | G136: ='RESUMEN TOTAL'!N169 -> 0 | H136: ='RESUMEN TOTAL'!O169 -> 0 | I136: ='RESUMEN TOTAL'!P169 -> 0 | J136: ='RESUMEN TOTAL'!Q169 -> 0 | K136: ='RESUMEN TOTAL'!R169 -> 0 | L136: ='RESUMEN TOTAL'!S169 -> 0 | M136: ='RESUMEN TOTAL'!T169 -> 0 | ... AI136: ='RESUMEN TOTAL'!AP169 -> 0
A137: ='RESUMEN TOTAL'!A170 -> LA ESMERALDA | B137: ='RESUMEN TOTAL'!B170 -> ESM 08 | C137: ='RESUMEN TOTAL'!D170 -> DAVINSON Y MORANCHEL | D137: ='RESUMEN TOTAL'!E170 -> FIJA | E137: ='RESUMEN TOTAL'!F170 -> Radio | F137: ='RESUMEN TOTAL'!M170 -> 0 | G137: ='RESUMEN TOTAL'!N170 -> 0 | H137: ='RESUMEN TOTAL'!O170 -> 0 | I137: ='RESUMEN TOTAL'!P170 -> 0 | J137: ='RESUMEN TOTAL'!Q170 -> 0 | K137: ='RESUMEN TOTAL'!R170 -> 0 | L137: ='RESUMEN TOTAL'!S170 -> 0 | M137: ='RESUMEN TOTAL'!T170 -> 0 | ... AI137: ='RESUMEN TOTAL'!AP170 -> 0
A138: ='RESUMEN TOTAL'!A171 -> LA ESMERALDA | B138: ='RESUMEN TOTAL'!B171 -> ESM09 (fija 1) | C138: ='RESUMEN TOTAL'!D171 -> EEUU Y CABELLO | D138: ='RESUMEN TOTAL'!E171 -> Fija | E138: ='RESUMEN TOTAL'!F171 -> Fibra Optica | F138: ='RESUMEN TOTAL'!M171 -> 0 | G138: ='RESUMEN TOTAL'!N171 -> 0 | H138: ='RESUMEN TOTAL'!O171 -> 0 | I138: ='RESUMEN TOTAL'!P171 -> 0 | J138: ='RESUMEN TOTAL'!Q171 -> 0 | K138: ='RESUMEN TOTAL'!R171 -> 0 | L138: ='RESUMEN TOTAL'!S171 -> 0 | M138: ='RESUMEN TOTAL'!T171 -> 0 | ... AI138: ='RESUMEN TOTAL'!AP171 -> 0
A139: ='RESUMEN TOTAL'!A172 -> LA ESMERALDA | B139: ='RESUMEN TOTAL'!B172 -> ESM10 (fija 2) | C139: ='RESUMEN TOTAL'!D172 -> EEUU Y CABELLO | D139: ='RESUMEN TOTAL'!E172 -> Fija | E139: ='RESUMEN TOTAL'!F172 -> Fibra Optica | F139: ='RESUMEN TOTAL'!M172 -> 0 | G139: ='RESUMEN TOTAL'!N172 -> 0 | H139: ='RESUMEN TOTAL'!O172 -> 0 | I139: ='RESUMEN TOTAL'!P172 -> 0 | J139: ='RESUMEN TOTAL'!Q172 -> 0 | K139: ='RESUMEN TOTAL'!R172 -> 0 | L139: ='RESUMEN TOTAL'!S172 -> 0 | M139: ='RESUMEN TOTAL'!T172 -> 0 | ... AI139: ='RESUMEN TOTAL'!AP172 -> 0
A140: ='RESUMEN TOTAL'!A173 -> LA ESMERALDA | B140: ='RESUMEN TOTAL'!B173 -> ESM11 (fija 1) | C140: ='RESUMEN TOTAL'!D173 -> NOVAK Y LAMBARDI | D140: ='RESUMEN TOTAL'!E173 -> Fija | E140: ='RESUMEN TOTAL'!F173 -> Fibra Optica | F140: ='RESUMEN TOTAL'!M173 -> 0 | G140: ='RESUMEN TOTAL'!N173 -> 0 | H140: ='RESUMEN TOTAL'!O173 -> 0 | I140: ='RESUMEN TOTAL'!P173 -> 0 | J140: ='RESUMEN TOTAL'!Q173 -> 0 | K140: ='RESUMEN TOTAL'!R173 -> 0 | L140: ='RESUMEN TOTAL'!S173 -> 0 | M140: ='RESUMEN TOTAL'!T173 -> 0 | ... AI140: ='RESUMEN TOTAL'!AP173 -> 0
A141: ='RESUMEN TOTAL'!A174 -> LA ESMERALDA | B141: ='RESUMEN TOTAL'!B174 -> ESM12 (fija 2) | C141: ='RESUMEN TOTAL'!D174 -> NOVAK Y LAMBARDI | D141: ='RESUMEN TOTAL'!E174 -> Fija | E141: ='RESUMEN TOTAL'!F174 -> Fibra Optica | F141: ='RESUMEN TOTAL'!M174 -> 0 | G141: ='RESUMEN TOTAL'!N174 -> 0 | H141: ='RESUMEN TOTAL'!O174 -> 0 | I141: ='RESUMEN TOTAL'!P174 -> 0 | J141: ='RESUMEN TOTAL'!Q174 -> 0 | K141: ='RESUMEN TOTAL'!R174 -> 0 | L141: ='RESUMEN TOTAL'!S174 -> 0 | M141: ='RESUMEN TOTAL'!T174 -> 0 | ... AI141: ='RESUMEN TOTAL'!AP174 -> 0
... A145: ='RESUMEN TOTAL'!A178 -> LA ESMERALDA | B145: ='RESUMEN TOTAL'!B178 -> ESM 16 | C145: ='RESUMEN TOTAL'!D178 -> Basualdo y Lieja | D145: ='RESUMEN TOTAL'!E178 -> Fija | E145: ='RESUMEN TOTAL'!F178 -> Fibra Optica | F145: ='RESUMEN TOTAL'!M178 -> 0 | G145: ='RESUMEN TOTAL'!N178 -> 0 | H145: ='RESUMEN TOTAL'!O178 -> 0 | I145: ='RESUMEN TOTAL'!P178 -> 0 | J145: ='RESUMEN TOTAL'!Q178 -> 0 | K145: ='RESUMEN TOTAL'!R178 -> 0 | L145: ='RESUMEN TOTAL'!S178 -> 0 | M145: ='RESUMEN TOTAL'!T178 -> 0 | ... AI145: ='RESUMEN TOTAL'!AP178 -> 0
A146: ='RESUMEN TOTAL'!A182 -> INGENIERO ALLAN | B146: ='RESUMEN TOTAL'!B182 -> INA 01 | C146: ='RESUMEN TOTAL'!D182 -> 1138 Y 1155 | D146: ='RESUMEN TOTAL'!E182 -> DOMO | E146: ='RESUMEN TOTAL'!F182 -> Fibra Optica | F146: ='RESUMEN TOTAL'!M182 -> 0 | G146: ='RESUMEN TOTAL'!N182 -> 0 | H146: ='RESUMEN TOTAL'!O182 -> 0 | I146: ='RESUMEN TOTAL'!P182 -> 0 | J146: ='RESUMEN TOTAL'!Q182 -> 0 | K146: ='RESUMEN TOTAL'!R182 -> 0 | L146: ='RESUMEN TOTAL'!S182 -> 0 | M146: ='RESUMEN TOTAL'!T182 -> 0 | ... AI146: ='RESUMEN TOTAL'!AP182 -> 0
A147: ='RESUMEN TOTAL'!A183 -> INGENIERO ALLAN | B147: ='RESUMEN TOTAL'!B183 -> INA 02 | C147: ='RESUMEN TOTAL'!D183 -> 1144 Y 1155 | D147: ='RESUMEN TOTAL'!E183 -> DOMO | E147: ='RESUMEN TOTAL'!F183 -> Fibra Optica | F147: ='RESUMEN TOTAL'!M183 -> 0 | G147: ='RESUMEN TOTAL'!N183 -> 0 | H147: ='RESUMEN TOTAL'!O183 -> 0 | I147: ='RESUMEN TOTAL'!P183 -> 0 | J147: ='RESUMEN TOTAL'!Q183 -> 0 | K147: ='RESUMEN TOTAL'!R183 -> 0 | L147: ='RESUMEN TOTAL'!S183 -> 0 | M147: ='RESUMEN TOTAL'!T183 -> 0 | ... AI147: ='RESUMEN TOTAL'!AP183 -> 0
A148: ='RESUMEN TOTAL'!A184 -> INFICO | B148: ='RESUMEN TOTAL'!B184 -> INF 01 | C148: ='RESUMEN TOTAL'!D184 -> AV. HUDSON Y CARIBONI | D148: ='RESUMEN TOTAL'!E184 -> Domo | E148: ='RESUMEN TOTAL'!F184 -> Fibra Optica | F148: ='RESUMEN TOTAL'!M184 -> APAGADO | G148: ='RESUMEN TOTAL'!N184 -> APAGADO | H148: ='RESUMEN TOTAL'!O184 -> APAGADO | I148: ='RESUMEN TOTAL'!P184 -> APAGADO | J148: ='RESUMEN TOTAL'!Q184 -> APAGADO | K148: ='RESUMEN TOTAL'!R184 -> APAGADO | L148: ='RESUMEN TOTAL'!S184 -> APAGADO | M148: ='RESUMEN TOTAL'!T184 -> APAGADO | ... AI148: ='RESUMEN TOTAL'!AP184 -> 0
A149: ='RESUMEN TOTAL'!A185 -> VILLA ARGENTINA | B149: ='RESUMEN TOTAL'!B185 -> KM01 | C149: ='RESUMEN TOTAL'!D185 -> Vias FFCC y La Pulperia | D149: ='RESUMEN TOTAL'!E185 -> DOMO | E149: ='RESUMEN TOTAL'!F185 -> GPON | F149: ='RESUMEN TOTAL'!M185 -> 0 | G149: ='RESUMEN TOTAL'!N185 -> 0 | H149: ='RESUMEN TOTAL'!O185 -> 0 | I149: ='RESUMEN TOTAL'!P185 -> 0 | J149: ='RESUMEN TOTAL'!Q185 -> 0 | K149: ='RESUMEN TOTAL'!R185 -> 0 | L149: ='RESUMEN TOTAL'!S185 -> 0 | M149: ='RESUMEN TOTAL'!T185 -> 0 | ... AI149: ='RESUMEN TOTAL'!AP185 -> 0
A150: ='RESUMEN TOTAL'!A186 -> CHACABUCO | B150: ='RESUMEN TOTAL'!B186 -> KM02 | C150: ='RESUMEN TOTAL'!D186 -> Novak e/El Overo y el Mangrullo | D150: ='RESUMEN TOTAL'!E186 -> Domo | E150: ='RESUMEN TOTAL'!F186 -> GPON | F150: ='RESUMEN TOTAL'!M186 -> 0 | G150: ='RESUMEN TOTAL'!N186 -> 0 | H150: ='RESUMEN TOTAL'!O186 -> 0 | I150: ='RESUMEN TOTAL'!P186 -> 0 | J150: ='RESUMEN TOTAL'!Q186 -> 0 | K150: ='RESUMEN TOTAL'!R186 -> 0 | L150: ='RESUMEN TOTAL'!S186 -> 0 | M150: ='RESUMEN TOTAL'!T186 -> 0 | ... AI150: ='RESUMEN TOTAL'!AP186 -> 0
A151: ='RESUMEN TOTAL'!A187 -> KM 26700 (JULIO A. COSTA) | B151: ='RESUMEN TOTAL'!B187 -> KM03 | C151: ='RESUMEN TOTAL'!D187 -> Novak y La Pulperia | D151: ='RESUMEN TOTAL'!E187 -> Domo | E151: ='RESUMEN TOTAL'!F187 -> Radio | F151: ='RESUMEN TOTAL'!M187 -> 0 | G151: ='RESUMEN TOTAL'!N187 -> 0 | H151: ='RESUMEN TOTAL'!O187 -> 0 | I151: ='RESUMEN TOTAL'!P187 -> 0 | J151: ='RESUMEN TOTAL'!Q187 -> 0 | K151: ='RESUMEN TOTAL'!R187 -> 0 | L151: ='RESUMEN TOTAL'!S187 -> 0 | M151: ='RESUMEN TOTAL'!T187 -> 0 | ... AI151: ='RESUMEN TOTAL'!AP187 -> 0
A152: ='RESUMEN TOTAL'!A188 -> KM 26700 (JULIO A. COSTA) | B152: ='RESUMEN TOTAL'!B188 -> KM04 | C152: ='RESUMEN TOTAL'!D188 -> El Ombu y El Zonda | D152: ='RESUMEN TOTAL'!E188 -> Domo | E152: ='RESUMEN TOTAL'!F188 -> Radio | F152: ='RESUMEN TOTAL'!M188 -> APAGADO | G152: ='RESUMEN TOTAL'!N188 -> APAGADO | H152: ='RESUMEN TOTAL'!O188 -> APAGADO | I152: ='RESUMEN TOTAL'!P188 -> APAGADO | J152: ='RESUMEN TOTAL'!Q188 -> APAGADO | K152: ='RESUMEN TOTAL'!R188 -> APAGADO | L152: ='RESUMEN TOTAL'!S188 -> APAGADO | M152: ='RESUMEN TOTAL'!T188 -> APAGADO | ... AI152: ='RESUMEN TOTAL'!AP188 -> 0
A153: ='RESUMEN TOTAL'!A189 -> KM 26700 (JULIO A. COSTA) | B153: ='RESUMEN TOTAL'!B189 -> KM05 | C153: ='RESUMEN TOTAL'!D189 -> El Ombu y Los Charruas | D153: ='RESUMEN TOTAL'!E189 -> Domo | E153: ='RESUMEN TOTAL'!F189 -> Radio | F153: ='RESUMEN TOTAL'!M189 -> 0 | G153: ='RESUMEN TOTAL'!N189 -> APAGADO | H153: ='RESUMEN TOTAL'!O189 -> APAGADO | I153: ='RESUMEN TOTAL'!P189 -> APAGADO | J153: ='RESUMEN TOTAL'!Q189 -> APAGADO | K153: ='RESUMEN TOTAL'!R189 -> APAGADO | L153: ='RESUMEN TOTAL'!S189 -> APAGADO | M153: ='RESUMEN TOTAL'!T189 -> APAGADO | ... AI153: ='RESUMEN TOTAL'!AP189 -> 0
A154: ='RESUMEN TOTAL'!A190 -> KM 26700 (JULIO A. COSTA) | B154: ='RESUMEN TOTAL'!B190 -> KM06 | C154: ='RESUMEN TOTAL'!D190 -> El Ombu y La Cautiva | D154: ='RESUMEN TOTAL'!E190 -> DOMO | E154: ='RESUMEN TOTAL'!F190 -> Radio | F154: ='RESUMEN TOTAL'!M190 -> APAGADO | G154: ='RESUMEN TOTAL'!N190 -> APAGADO | H154: ='RESUMEN TOTAL'!O190 -> APAGADO | I154: ='RESUMEN TOTAL'!P190 -> APAGADO | J154: ='RESUMEN TOTAL'!Q190 -> APAGADO | K154: ='RESUMEN TOTAL'!R190 -> APAGADO | L154: ='RESUMEN TOTAL'!S190 -> APAGADO | M154: ='RESUMEN TOTAL'!T190 -> APAGADO | ... AI154: ='RESUMEN TOTAL'!AP190 -> 0
A155: ='RESUMEN TOTAL'!A191 -> KM 26700 (JULIO A. COSTA) | B155: ='RESUMEN TOTAL'!B191 -> KM 07 | C155: ='RESUMEN TOTAL'!D191 -> EL ALJIBE E/ EL ZONDA Y DON SEGUNDO SOMBRA | D155: ='RESUMEN TOTAL'!E191 -> DOMO | E155: ='RESUMEN TOTAL'!F191 -> GPON | F155: ='RESUMEN TOTAL'!M191 -> APAGADO | G155: ='RESUMEN TOTAL'!N191 -> APAGADO | H155: ='RESUMEN TOTAL'!O191 -> APAGADO | I155: ='RESUMEN TOTAL'!P191 -> 0 | J155: ='RESUMEN TOTAL'!Q191 -> 0 | K155: ='RESUMEN TOTAL'!R191 -> APAGADO | L155: ='RESUMEN TOTAL'!S191 -> APAGADO | M155: ='RESUMEN TOTAL'!T191 -> APAGADO | ... AI155: ='RESUMEN TOTAL'!AP191 -> 0
A156: ='RESUMEN TOTAL'!A192 -> KM 26700 (JULIO A. COSTA) | B156: ='RESUMEN TOTAL'!B192 -> KM08 / UPA 03 | C156: ='RESUMEN TOTAL'!D192 -> LOS CHARRUAS Y BLANDENGUES | D156: ='RESUMEN TOTAL'!E192 -> DOMO | E156: ='RESUMEN TOTAL'!F192 -> Radio | F156: ='RESUMEN TOTAL'!M192 -> 0 | G156: ='RESUMEN TOTAL'!N192 -> APAGADO | H156: ='RESUMEN TOTAL'!O192 -> APAGADO | I156: ='RESUMEN TOTAL'!P192 -> APAGADO | J156: ='RESUMEN TOTAL'!Q192 -> 0 | K156: ='RESUMEN TOTAL'!R192 -> 0 | L156: ='RESUMEN TOTAL'!S192 -> 0 | M156: ='RESUMEN TOTAL'!T192 -> 0 | ... AI156: ='RESUMEN TOTAL'!AP192 -> 0
A157: ='RESUMEN TOTAL'!A193 -> KM 26700 (JULIO A. COSTA) | B157: ='RESUMEN TOTAL'!B193 -> KM09 / UPA 1 | C157: ='RESUMEN TOTAL'!D193 -> NOVAK Y LA POSTA | D157: ='RESUMEN TOTAL'!E193 -> DOMO | E157: ='RESUMEN TOTAL'!F193 -> Radio | F157: ='RESUMEN TOTAL'!M193 -> 0 | G157: ='RESUMEN TOTAL'!N193 -> 0 | H157: ='RESUMEN TOTAL'!O193 -> 0 | I157: ='RESUMEN TOTAL'!P193 -> 0 | J157: ='RESUMEN TOTAL'!Q193 -> 0 | K157: ='RESUMEN TOTAL'!R193 -> 0 | L157: ='RESUMEN TOTAL'!S193 -> 0 | M157: ='RESUMEN TOTAL'!T193 -> 0 | ... AI157: ='RESUMEN TOTAL'!AP193 -> 0
... A166: ='RESUMEN TOTAL'!A202 -> KM 26700 (JULIO A. COSTA) | B166: ='RESUMEN TOTAL'!B202 -> KM 18 | C166: ='RESUMEN TOTAL'!D202 -> PULPERIA Y EL ALJIBE | D166: ='RESUMEN TOTAL'!E202 -> Domo | E166: ='RESUMEN TOTAL'!F202 -> GPON | F166: ='RESUMEN TOTAL'!M202 -> 0 | G166: ='RESUMEN TOTAL'!N202 -> 0 | H166: ='RESUMEN TOTAL'!O202 -> 0 | I166: ='RESUMEN TOTAL'!P202 -> 0 | J166: ='RESUMEN TOTAL'!Q202 -> 0 | K166: ='RESUMEN TOTAL'!R202 -> 0 | L166: ='RESUMEN TOTAL'!S202 -> 0 | M166: ='RESUMEN TOTAL'!T202 -> 0 | ... AI166: ='RESUMEN TOTAL'!AP202 -> 0
A167: ='RESUMEN TOTAL'!A204 -> LOMAS DE MONTEVERDE | B167: ='RESUMEN TOTAL'!B204 -> LDM 01 | C167: ='RESUMEN TOTAL'!D204 -> ILLIA Y BOUREL | D167: ='RESUMEN TOTAL'!E204 -> DOMO | E167: ='RESUMEN TOTAL'!F204 -> PTO A FO | F167: ='RESUMEN TOTAL'!M204 -> 0 | G167: ='RESUMEN TOTAL'!N204 -> 0 | H167: ='RESUMEN TOTAL'!O204 -> 0 | I167: ='RESUMEN TOTAL'!P204 -> 0 | J167: ='RESUMEN TOTAL'!Q204 -> 0 | K167: ='RESUMEN TOTAL'!R204 -> 0 | L167: ='RESUMEN TOTAL'!S204 -> 0 | M167: ='RESUMEN TOTAL'!T204 -> 0 | ... AI167: ='RESUMEN TOTAL'!AP204 -> 0
A168: ='RESUMEN TOTAL'!A205 -> LOMAS DE MONTEVERDE | B168: ='RESUMEN TOTAL'!B205 -> LDM 02 | C168: ='RESUMEN TOTAL'!D205 -> LAS HERAS Y EDISON | D168: ='RESUMEN TOTAL'!E205 -> DOMO | E168: ='RESUMEN TOTAL'!F205 -> GPON | F168: ='RESUMEN TOTAL'!M205 -> 0 | G168: ='RESUMEN TOTAL'!N205 -> 0 | H168: ='RESUMEN TOTAL'!O205 -> 0 | I168: ='RESUMEN TOTAL'!P205 -> 0 | J168: ='RESUMEN TOTAL'!Q205 -> 0 | K168: ='RESUMEN TOTAL'!R205 -> 0 | L168: ='RESUMEN TOTAL'!S205 -> 0 | M168: ='RESUMEN TOTAL'!T205 -> 0 | ... AI168: ='RESUMEN TOTAL'!AP205 -> 0
A169: ='RESUMEN TOTAL'!A206 -> LOMAS DE MONTEVERDE | B169: ='RESUMEN TOTAL'!B206 -> LDM 03 | C169: ='RESUMEN TOTAL'!D206 -> LAS HERAS Y FRANKLIN | D169: ='RESUMEN TOTAL'!E206 -> DOMO | E169: ='RESUMEN TOTAL'!F206 -> GPON | F169: ='RESUMEN TOTAL'!M206 -> 0 | G169: ='RESUMEN TOTAL'!N206 -> 0 | H169: ='RESUMEN TOTAL'!O206 -> 0 | I169: ='RESUMEN TOTAL'!P206 -> 0 | J169: ='RESUMEN TOTAL'!Q206 -> 0 | K169: ='RESUMEN TOTAL'!R206 -> 0 | L169: ='RESUMEN TOTAL'!S206 -> 0 | M169: ='RESUMEN TOTAL'!T206 -> 0 | ... AI169: ='RESUMEN TOTAL'!AP206 -> 0
A170: ='RESUMEN TOTAL'!A208 -> LIBERTAD | B170: ='RESUMEN TOTAL'!B208 -> LIBER 01 | C170: ='RESUMEN TOTAL'!D208 -> 511 Y 574 FIJA 01 | D170: ='RESUMEN TOTAL'!E208 -> Fija | E170: ='RESUMEN TOTAL'!F208 -> RADIO | F170: ='RESUMEN TOTAL'!M208 -> 0 | G170: ='RESUMEN TOTAL'!N208 -> 0 | H170: ='RESUMEN TOTAL'!O208 -> 0 | I170: ='RESUMEN TOTAL'!P208 -> 0 | J170: ='RESUMEN TOTAL'!Q208 -> 0 | K170: ='RESUMEN TOTAL'!R208 -> 0 | L170: ='RESUMEN TOTAL'!S208 -> APAGADO | M170: ='RESUMEN TOTAL'!T208 -> APAGADO | ... AI170: ='RESUMEN TOTAL'!AP208 -> 0
A171: ='RESUMEN TOTAL'!A209 -> LIBERTAD | B171: ='RESUMEN TOTAL'!B209 -> LIBER 02 | C171: ='RESUMEN TOTAL'!D209 -> 511 Y 574 FIJA 02 | D171: ='RESUMEN TOTAL'!E209 -> Fija | E171: ='RESUMEN TOTAL'!F209 -> Radio | F171: ='RESUMEN TOTAL'!M209 -> 0 | G171: ='RESUMEN TOTAL'!N209 -> 0 | H171: ='RESUMEN TOTAL'!O209 -> 0 | I171: ='RESUMEN TOTAL'!P209 -> 0 | J171: ='RESUMEN TOTAL'!Q209 -> 0 | K171: ='RESUMEN TOTAL'!R209 -> 0 | L171: ='RESUMEN TOTAL'!S209 -> APAGADO | M171: ='RESUMEN TOTAL'!T209 -> APAGADO | ... AI171: ='RESUMEN TOTAL'!AP209 -> 0
A172: ='RESUMEN TOTAL'!A210 -> z | B172: ='RESUMEN TOTAL'!B210 -> LPI 01 | C172: ='RESUMEN TOTAL'!D210 -> Maipu y Posadas | D172: ='RESUMEN TOTAL'!E210 -> Domo | E172: ='RESUMEN TOTAL'!F210 -> Radio | F172: ='RESUMEN TOTAL'!M210 -> 0 | G172: ='RESUMEN TOTAL'!N210 -> 0 | H172: ='RESUMEN TOTAL'!O210 -> 0 | I172: ='RESUMEN TOTAL'!P210 -> 0 | J172: ='RESUMEN TOTAL'!Q210 -> 0 | K172: ='RESUMEN TOTAL'!R210 -> 0 | L172: ='RESUMEN TOTAL'!S210 -> 0 | M172: ='RESUMEN TOTAL'!T210 -> 0 | ... AI172: ='RESUMEN TOTAL'!AP210 -> 0
...

Sheet Hoja1
B1: CAMARAS | C1: 45890
A2: BONOMO | B2: =COUNTIFS('RESUMEN TOTAL'!C8:C548,"=BONOMO") -> 290 | C2: 57 | F2: 45901 | G2: 45902 | H2: 45903 | I2: 45904 | J2: 45905 | K2: 45906 | L2: 45907 | M2: 45908 | N2: 45909 | O2: 45910 | P2: 45911 | Q2: 45912 | R2: 45913 | S2: 45914 | T2: 45915 | U2: 45916 | V2: 45917 | W2: 45918 | X2: 45919 | Y2: 45920 | Z2: 45921 | AA2: 45922 | AB2: 45923 | AC2: 45924 | AD2: 45925 | AE2: 45926 | AF2: 45927 | AG2: 45928 | AH2: 45929 | AI2: 45930
C3: 0.2103321 | D3: BONOMO | E3: APAGADAS BONOMO | F3: =COUNTIFS('RESUMEN TOTAL'!M8:M656,"=APAGADO",'RESUMEN TOTAL'!C8:C656,"=BONOMO") -> 38 | G3: =COUNTIFS('RESUMEN TOTAL'!N8:N656,"=APAGADO",'RESUMEN TOTAL'!C8:C656,"=BONOMO") -> 36 | H3: =COUNTIFS('RESUMEN TOTAL'!O8:O656,"=APAGADO",'RESUMEN TOTAL'!C8:C656,"=BONOMO") -> 34 | I3: =COUNTIFS('RESUMEN TOTAL'!P8:P656,"=APAGADO",'RESUMEN TOTAL'!C8:C656,"=BONOMO") -> 35 | J3: =COUNTIFS('RESUMEN TOTAL'!Q8:Q656,"=APAGADO",'RESUMEN TOTAL'!C8:C656,"=BONOMO") -> 25 | K3: =COUNTIFS('RESUMEN TOTAL'!R8:R656,"=APAGADO",'RESUMEN TOTAL'!C8:C656,"=BONOMO") -> 46 | L3: =COUNTIFS('RESUMEN TOTAL'!S8:S656,"=APAGADO",'RESUMEN TOTAL'!C8:C656,"=BONOMO") -> 34 | M3: =COUNTIFS('RESUMEN TOTAL'!T8:T656,"=APAGADO",'RESUMEN TOTAL'!C8:C656,"=BONOMO") -> 25 | N3: =COUNTIFS('RESUMEN TOTAL'!U8:U656,"=APAGADO",'RESUMEN TOTAL'!C8:C656,"=BONOMO") -> 26 | O3: =COUNTIFS('RESUMEN TOTAL'!V8:V656,"=APAGADO",'RESUMEN TOTAL'!C8:C656,"=BONOMO") -> 29 | P3: =COUNTIFS('RESUMEN TOTAL'!W8:W656,"=APAGADO",'RESUMEN TOTAL'!C8:C656,"=BONOMO") -> 47 | Q3: =COUNTIFS('RESUMEN TOTAL'!X8:X656,"=APAGADO",'RESUMEN TOTAL'!C8:C656,"=BONOMO") -> 48 | R3: =COUNTIFS('RESUMEN TOTAL'!Y8:Y656,"=APAGADO",'RESUMEN TOTAL'!C8:C656,"=BONOMO") -> 30 | S3: =COUNTIFS('RESUMEN TOTAL'!Z8:Z656,"=APAGADO",'RESUMEN TOTAL'!C8:C656,"=BONOMO") -> 29 | T3: =COUNTIFS('RESUMEN TOTAL'!AA8:AA656,"=APAGADO",'RESUMEN TOTAL'!C8:C656,"=BONOMO") -> 33 | U3: =COUNTIFS('RESUMEN TOTAL'!AB8:AB656,"=APAGADO",'RESUMEN TOTAL'!C8:C656,"=BONOMO") -> 29 | V3: =COUNTIFS('RESUMEN TOTAL'!AC8:AC656,"=APAGADO",'RESUMEN TOTAL'!C8:C656,"=BONOMO") -> 26 | W3: =COUNTIFS('RESUMEN TOTAL'!AD8:AD656,"=APAGADO",'RESUMEN TOTAL'!C8:C656,"=BONOMO") -> 25 | X3: =COUNTIFS('RESUMEN TOTAL'!AE8:AE656,"=APAGADO",'RESUMEN TOTAL'!C8:C656,"=BONOMO") -> 22 | Y3: =COUNTIFS('RESUMEN TOTAL'!AF8:AF656,"=APAGADO",'RESUMEN TOTAL'!C8:C656,"=BONOMO") -> 31 | Z3: =COUNTIFS('RESUMEN TOTAL'!AG8:AG656,"=APAGADO",'RESUMEN TOTAL'!C8:C656,"=BONOMO") -> 31 | AA3: =COUNTIFS('RESUMEN TOTAL'!AH8:AH656,"=APAGADO",'RESUMEN TOTAL'!C8:C656,"=BONOMO") -> 35 | AB3: =COUNTIFS('RESUMEN TOTAL'!AI8:AI656,"=APAGADO",'RESUMEN TOTAL'!C8:C656,"=BONOMO") -> 36 | AC3: =COUNTIFS('RESUMEN TOTAL'!AJ8:AJ656,"=APAGADO",'RESUMEN TOTAL'!C8:C656,"=BONOMO") -> 29 | AD3: =COUNTIFS('RESUMEN TOTAL'!AK8:AK656,"=APAGADO",'RESUMEN TOTAL'!C8:C656,"=BONOMO") -> 29 | AE3: 0 | AF3: =COUNTIFS('RESUMEN TOTAL'!AM8:AM656,"=APAGADO",'RESUMEN TOTAL'!C8:C656,"=BONOMO") -> 0 | AG3: =COUNTIFS('RESUMEN TOTAL'!AN8:AN656,"=APAGADO",'RESUMEN TOTAL'!C8:C656,"=BONOMO") -> 0 | AH3: =COUNTIFS('RESUMEN TOTAL'!AO8:AO656,"=APAGADO",'RESUMEN TOTAL'!C8:C656,"=BONOMO") -> 0 | AI3: 0
A4: COSEIDI | B4: =COUNTIFS('RESUMEN TOTAL'!C8:C548,"=COSEIDI") -> 251 | C4: 52 | E4: % BONOMO | F4: =F3/BONOMOcam -> 0.13103448 | G4: =G3/BONOMOcam -> 0.12413793 | H4: =H3/BONOMOcam -> 0.11724138 | I4: =I3/BONOMOcam -> 0.12068966 | J4: 0 | K4: =K3/BONOMOcam -> 0.15862069 | L4: =L3/BONOMOcam -> 0.11724138 | M4: =M3/BONOMOcam -> 0.086206897 | N4: =N3/BONOMOcam -> 0.089655172 | O4: =O3/BONOMOcam -> 0.1 | P4: =P3/BONOMOcam -> 0.16206897 | Q4: =Q3/BONOMOcam -> 0.16551724 | R4: =R3/BONOMOcam -> 0.10344828 | ... AB4: =AB3/BONOMOcam -> 0.12413793 | AC4: 0.11 | AD4: =AD3/BONOMOcam -> 0.1 | AE4: =AE3/BONOMOcam -> 0 | AF4: =AF3/BONOMOcam -> 0 | AG4: =AG3/BONOMOcam -> 0 | AH4: =AH3/BONOMOcam -> 0 | AI4: 0
C5: 0.22317597 | D5: COSEIDI | E5: APAGADAS COSEIDI | F5: =COUNTIFS('RESUMEN TOTAL'!M10:M658,"=APAGADO",'RESUMEN TOTAL'!C10:C658,"=COSEIDI") -> 31 | G5: =COUNTIFS('RESUMEN TOTAL'!N10:N658,"=APAGADO",'RESUMEN TOTAL'!C10:C658,"=COSEIDI") -> 34 | H5: =COUNTIFS('RESUMEN TOTAL'!O10:O658,"=APAGADO",'RESUMEN TOTAL'!C10:C658,"=COSEIDI") -> 34 | I5: =COUNTIFS('RESUMEN TOTAL'!P10:P658,"=APAGADO",'RESUMEN TOTAL'!C10:C658,"=COSEIDI") -> 28 | J5: =COUNTIFS('RESUMEN TOTAL'!Q10:Q658,"=APAGADO",'RESUMEN TOTAL'!C10:C658,"=COSEIDI") -> 28 | K5: =COUNTIFS('RESUMEN TOTAL'!R10:R658,"=APAGADO",'RESUMEN TOTAL'!C10:C658,"=COSEIDI") -> 34 | L5: =COUNTIFS('RESUMEN TOTAL'!S10:S658,"=APAGADO",'RESUMEN TOTAL'!C10:C658,"=COSEIDI") -> 37 | M5: =COUNTIFS('RESUMEN TOTAL'!T10:T658,"=APAGADO",'RESUMEN TOTAL'!C10:C658,"=COSEIDI") -> 37 | N5: =COUNTIFS('RESUMEN TOTAL'!U10:U658,"=APAGADO",'RESUMEN TOTAL'!C10:C658,"=COSEIDI") -> 28 | O5: =COUNTIFS('RESUMEN TOTAL'!V10:V658,"=APAGADO",'RESUMEN TOTAL'!C10:C658,"=COSEIDI") -> 31 | P5: =COUNTIFS('RESUMEN TOTAL'!W10:W658,"=APAGADO",'RESUMEN TOTAL'!C10:C658,"=COSEIDI") -> 27 | Q5: =COUNTIFS('RESUMEN TOTAL'!X10:X658,"=APAGADO",'RESUMEN TOTAL'!C10:C658,"=COSEIDI") -> 21 | R5: =COUNTIFS('RESUMEN TOTAL'!Y10:Y658,"=APAGADO",'RESUMEN TOTAL'!C10:C658,"=COSEIDI") -> 21 | S5: =COUNTIFS('RESUMEN TOTAL'!Z10:Z658,"=APAGADO",'RESUMEN TOTAL'!C10:C658,"=COSEIDI") -> 16 | T5: =COUNTIFS('RESUMEN TOTAL'!AA10:AA658,"=APAGADO",'RESUMEN TOTAL'!C10:C658,"=COSEIDI") -> 21 | U5: 26 | V5: =COUNTIFS('RESUMEN TOTAL'!AC10:AC658,"=APAGADO",'RESUMEN TOTAL'!C10:C658,"=COSEIDI") -> 29 | W5: =COUNTIFS('RESUMEN TOTAL'!AD10:AD658,"=APAGADO",'RESUMEN TOTAL'!C10:C658,"=COSEIDI") -> 24 | X5: =COUNTIFS('RESUMEN TOTAL'!AE10:AE658,"=APAGADO",'RESUMEN TOTAL'!C10:C658,"=COSEIDI") -> 56 | Y5: =COUNTIFS('RESUMEN TOTAL'!AF10:AF658,"=APAGADO",'RESUMEN TOTAL'!C10:C658,"=COSEIDI") -> 55 | Z5: =COUNTIFS('RESUMEN TOTAL'!AG10:AG658,"=APAGADO",'RESUMEN TOTAL'!C10:C658,"=COSEIDI") -> 94 | AA5: =COUNTIFS('RESUMEN TOTAL'!AH10:AH658,"=APAGADO",'RESUMEN TOTAL'!C10:C658,"=COSEIDI") -> 60 | AB5: =COUNTIFS('RESUMEN TOTAL'!AI10:AI658,"=APAGADO",'RESUMEN TOTAL'!C10:C658,"=COSEIDI") -> 26 | AC5: =COUNTIFS('RESUMEN TOTAL'!AJ10:AJ658,"=APAGADO",'RESUMEN TOTAL'!C10:C658,"=COSEIDI") -> 24 | AD5: =COUNTIFS('RESUMEN TOTAL'!AK10:AK658,"=APAGADO",'RESUMEN TOTAL'!C10:C658,"=COSEIDI") -> 22 | AE5: =COUNTIFS('RESUMEN TOTAL'!AL10:AL658,"=APAGADO",'RESUMEN TOTAL'!C10:C658,"=COSEIDI") -> 0 | AF5: =COUNTIFS('RESUMEN TOTAL'!AM10:AM658,"=APAGADO",'RESUMEN TOTAL'!C10:C658,"=COSEIDI") -> 0 | AG5: =COUNTIFS('RESUMEN TOTAL'!AN10:AN658,"=APAGADO",'RESUMEN TOTAL'!C10:C658,"=COSEIDI") -> 0 | AH5: =COUNTIFS('RESUMEN TOTAL'!AO10:AO658,"=APAGADO",'RESUMEN TOTAL'!C10:C658,"=COSEIDI") -> 0 | AI5: =COUNTIFS('RESUMEN TOTAL'!AP10:AP658,"=APAGADO",'RESUMEN TOTAL'!C10:C658,"=COSEIDI") -> 0
E6: % COSEIDI | F6: 0.12 | G6: 0.12 | H6: =H5/COSEIDIcam -> 0.13545817 | I6: 0.1 | J6: 0 | K6: =K5/COSEIDIcam -> 0.13545817 | L6: =L5/COSEIDIcam -> 0.14741036 | M6: =M5/COSEIDIcam -> 0.14741036 | N6: =N5/COSEIDIcam -> 0.11155378 | O6: =O5/COSEIDIcam -> 0.12350598 | P6: =P5/COSEIDIcam -> 0.10756972 | Q6: =Q5/COSEIDIcam -> 0.083665339 | R6: =R5/COSEIDIcam -> 0.083665339 | ... V6: =V5/COSEIDIcam -> 0.11553785 | W6: 0.08 | X6: =X5/COSEIDIcam -> 0.22310757 | Y6: =Y5/COSEIDIcam -> 0.21912351 | Z6: =Z5/COSEIDIcam -> 0.37450199 | AA6: =AA5/COSEIDIcam -> 0.23904382 | AB6: =AB5/COSEIDIcam -> 0.10358566 | AC6: 0.09 | AD6: =AD5/COSEIDIcam -> 0.087649402 | AE6: =AE5/COSEIDIcam -> 0 | AF6: =AF5/COSEIDIcam -> 0 | AG6: =AG5/COSEIDIcam -> 0 | AH6: =AH5/COSEIDIcam -> 0 | AI6: 0
