Workbook
Name _25_de_agosto: 'RESUMEN TOTAL'!$A$7:$D$489
Name _25_de_agosto_3: 'RESUMEN TOTAL'!$A$7:$D$501
Name _30_mar: #REF!
Name BONOMOcam: Hoja1!$B$2
Name CANTIDAD_DE_CAMARAS: 'RESUMEN TOTAL'!$B$1
Name COSEIDIcam: Hoja1!$B$4

Sheet RESUMEN TOTAL
A1: CANTIDAD DE CAMARAS | B1: =COUNTA(B8:B735) -> 574 | D1: PORCIENTO DE CAIDAS | M1: =(M3)/(M2+M3) -> 0 | N1: =(N3)/(N2+N3) -> 0 | O1: =(O3)/(O2+O3) -> 0 | P1: =(P3)/(P2+P3) -> 0 | Q1: =(Q3)/(Q2+Q3) -> 0 | R1: =(R3)/(R2+R3) -> 0 | S1: =(S3)/(S2+S3) -> 0 | T1: =(T3)/(T2+T3) -> 0 | ... Y1: =(Y3)/(Y2+Y3) -> 0 | AA1: =(AA3)/(AA2+AA3) -> 0 | AB1: =(AB3)/(AB2+AB3) -> 0 | AC1: =(AC3)/(AC2+AC3) -> 0 | AD1: =(AD3)/(AD2+AD3) -> 0 | AE1: =(AE3)/(AE2+AE3) -> 0 | AF1: =(AF3)/(AF2+AF3) -> 0 | AG1: =(AG3)/(AG2+AG3) -> 0 | AH1: =(AH3)/(AH2+AH3) -> 0 | ... AQ1: =(AQ3)/(AQ2+AQ3) -> 0
D2: FUNCIONAN | M2: =CANTIDAD_DE_CAMARAS -> 574 | N2: =CANTIDAD_DE_CAMARAS -> 574 | O2: =CANTIDAD_DE_CAMARAS -> 574 | P2: =CANTIDAD_DE_CAMARAS -> 574 | Q2: =CANTIDAD_DE_CAMARAS -> 574 | R2: =CANTIDAD_DE_CAMARAS -> 574 | S2: =CANTIDAD_DE_CAMARAS -> 574 | T2: =CANTIDAD_DE_CAMARAS -> 574 | ... AQ2: =CANTIDAD_DE_CAMARAS -> 574
D3: CAIDAS | M3: =COUNTIF(M7:M735, "apagado") -> 0 | N3: =COUNTIF(N7:N735, "apagado") -> 0 | O3: =COUNTIF(O7:O735, "apagado") -> 0 | P3: =COUNTIF(P7:P735, "apagado") -> 0 | Q3: =COUNTIF(Q7:Q735, "apagado") -> 0 | R3: =COUNTIF(R7:R735, "apagado") -> 0 | S3: =COUNTIF(S7:S735, "apagado") -> 0 | T3: =COUNTIF(T7:T735, "apagado") -> 0 | ... AQ3: =COUNTIF(AQ7:AQ735, "apagado") -> 0
D4: APAGADOS FIBRA | M4: =COUNTIFS(M8:M689, "=APAGADO",F8:F689,"=Fibra Optica") -> 0 | N4: =COUNTIFS(N8:N689, "=APAGADO",F8:F689,"=Fibra Optica") -> 0 | O4: =COUNTIFS(O8:O689, "=APAGADO",F8:F689,"=Fibra Optica") -> 0 | P4: =COUNTIFS(P8:P689, "=APAGADO",F8:F689,"=Fibra Optica") -> 0 | Q4: =COUNTIFS(Q8:Q689, "=APAGADO",F8:F689,"=Fibra Optica") -> 0 | R4: =COUNTIFS(R8:R689, "=APAGADO",F8:F689,"=Fibra Optica") -> 0 | S4: =COUNTIFS(S8:S689, "=APAGADO",F8:F689,"=Fibra Optica") -> 0 | T4: =COUNTIFS(T8:T689, "=APAGADO",F8:F689,"=Fibra Optica") -> 0 | U4: =COUNTIFS(U8:U689, "=APAGADO",F8:F689,"=Fibra Optica") -> 0 | V4: =COUNTIFS(V8:V689, "=APAGADO",F8:F689,"=Fibra Optica") -> 0 | W4: =COUNTIFS(W8:W689, "=APAGADO",F8:F689,"=Fibra Optica") -> 0 | X4: =COUNTIFS(X8:X689, "=APAGADO",F8:F689,"=Fibra Optica") -> 0 | Y4: =COUNTIFS(Y8:Y689, "=APAGADO",F8:F689,"=Fibra Optica") -> 0 | Z4: =COUNTIFS(Z8:Z689, "=APAGADO",F8:F689,"=Fibra Optica") -> 0 | AA4: =COUNTIFS(AA8:AA689, "=APAGADO",F8:F689,"=Fibra Optica") -> 0 | AB4: =COUNTIFS(AB8:AB689, "=APAGADO",F8:F689,"=Fibra Optica") -> 0 | AC4: =COUNTIFS(AC8:AC689, "=APAGADO",F8:F689,"=Fibra Optica") -> 0 | AD4: =COUNTIFS(AD8:AD689, "=APAGADO",F8:F689,"=Fibra Optica") -> 0 | AE4: =COUNTIFS(AE8:AE689, "=APAGADO",F8:F689,"=Fibra Optica") -> 0 | AF4: =COUNTIFS(AF8:AF689, "=APAGADO",F8:F689,"=Fibra Optica") -> 0 | AG4: =COUNTIFS(AG8:AG689, "=APAGADO",F8:F689,"=Fibra Optica") -> 0 | AH4: =COUNTIFS(AH8:AH689, "=APAGADO",F8:F689,"=Fibra Optica") -> 0 | AI4: =COUNTIFS(AI8:AI689, "=APAGADO",F8:F689,"=Fibra Optica") -> 0 | AJ4: =COUNTIFS(AJ8:AJ689, "=APAGADO",F8:F689,"=Fibra Optica") -> 0 | AK4: =COUNTIFS(AK8:AK689, "=APAGADO",F8:F689,"=Fibra Optica") -> 0 | AL4: =COUNTIFS(AL8:AL689, "=APAGADO",F8:F689,"=Fibra Optica") -> 0 | AM4: =COUNTIFS(AM8:AM689, "=APAGADO",F8:F689,"=Fibra Optica") -> 0 | AN4: =COUNTIFS(AN8:AN689, "=APAGADO",F8:F689,"=Fibra Optica") -> 0 | AO4: =COUNTIFS(AO8:AO689, "=APAGADO",F8:F689,"=Fibra Optica") -> 0 | AP4: =COUNTIFS(AP8:AP689, "=APAGADO",F8:F689,"=Fibra Optica") -> 0 | AQ4: =COUNTIFS(AQ8:AQ689, "=APAGADO",G8:G689,"=Fibra Optica") -> 0
D5: APAGADOS RADIO | M5: =COUNTIFS(M8:M689, "=APAGADO",F8:F689,"=RADIO") -> 0 | N5: =COUNTIFS(N8:N689, "=APAGADO",F8:F689,"=RADIO") -> 0 | O5: =COUNTIFS(O8:O689, "=APAGADO",F8:F689,"=RADIO") -> 0 | P5: =COUNTIFS(P8:P689, "=APAGADO",F8:F689,"=RADIO") -> 0 | Q5: =COUNTIFS(Q8:Q689, "=APAGADO",F8:F689,"=RADIO") -> 0 | R5: =COUNTIFS(R8:R689, "=APAGADO",F8:F689,"=RADIO") -> 0 | S5: =COUNTIFS(S8:S689, "=APAGADO",F8:F689,"=RADIO") -> 0 | T5: =COUNTIFS(T8:T689, "=APAGADO",F8:F689,"=RADIO") -> 0 | U5: =COUNTIFS(U8:U689, "=APAGADO",F8:F689,"=RADIO") -> 0 | V5: =COUNTIFS(V8:V689, "=APAGADO",F8:F689,"=RADIO") -> 0 | W5: =COUNTIFS(W8:W689, "=APAGADO",F8:F689,"=RADIO") -> 0 | X5: =COUNTIFS(X8:X689, "=APAGADO",F8:F689,"=RADIO") -> 0 | Y5: =COUNTIFS(Y8:Y689, "=APAGADO",F8:F689,"=RADIO") -> 0 | Z5: =COUNTIFS(Z8:Z689, "=APAGADO",F8:F689,"=RADIO") -> 0 | AA5: =COUNTIFS(AA8:AA689, "=APAGADO",F8:F689,"=RADIO") -> 0 | AB5: =COUNTIFS(AB8:AB689, "=APAGADO",F8:F689,"=RADIO") -> 0 | AC5: =COUNTIFS(AC8:AC689, "=APAGADO",F8:F689,"=RADIO") -> 0 | AD5: =COUNTIFS(AD8:AD689, "=APAGADO",F8:F689,"=RADIO") -> 0 | AE5: =COUNTIFS(AE8:AE689, "=APAGADO",F8:F689,"=RADIO") -> 0 | AF5: =COUNTIFS(AF8:AF689, "=APAGADO",F8:F689,"=RADIO") -> 0 | AG5: =COUNTIFS(AG8:AG689, "=APAGADO",F8:F689,"=RADIO") -> 0 | AH5: =COUNTIFS(AH8:AH689, "=APAGADO",F8:F689,"=RADIO") -> 0 | AI5: =COUNTIFS(AI8:AI689, "=APAGADO",F8:F689,"=RADIO") -> 0 | AJ5: =COUNTIFS(AJ8:AJ689, "=APAGADO",F8:F689,"=RADIO") -> 0 | AK5: =COUNTIFS(AK8:AK689, "=APAGADO",F8:F689,"=RADIO") -> 0 | AL5: =COUNTIFS(AL8:AL689, "=APAGADO",F8:F689,"=RADIO") -> 0 | AM5: =COUNTIFS(AM8:AM689, "=APAGADO",F8:F689,"=RADIO") -> 0 | AN5: =COUNTIFS(AN8:AN689, "=APAGADO",F8:F689,"=RADIO") -> 0 | AO5: =COUNTIFS(AO8:AO689, "=APAGADO",F8:F689,"=RADIO") -> 0 | AP5: =COUNTIFS(AP8:AP689, "=APAGADO",F8:F689,"=RADIO") -> 0 | AQ5: =COUNTIFS(AQ8:AQ689, "=APAGADO",G8:G689,"=RADIO") -> 0
D6: APAGADOS ANTENA | M6: =COUNTIFS(M8:M689, "=APAGADO",F8:F689,"=PTO A FO") -> 0 | N6: =COUNTIFS(N8:N689, "=APAGADO",F8:F689,"=PTO A FO") -> 0 | O6: =COUNTIFS(O8:O689, "=APAGADO",F8:F689,"=PTO A FO") -> 0 | P6: =COUNTIFS(P8:P689, "=APAGADO",F8:F689,"=PTO A FO") -> 0 | Q6: =COUNTIFS(Q8:Q689, "=APAGADO",F8:F689,"=PTO A FO") -> 0 | R6: =COUNTIFS(R8:R689, "=APAGADO",F8:F689,"=PTO A FO") -> 0 | S6: =COUNTIFS(S8:S689, "=APAGADO",F8:F689,"=PTO A FO") -> 0 | T6: =COUNTIFS(T8:T689, "=APAGADO",F8:F689,"=PTO A FO") -> 0 | U6: =COUNTIFS(U8:U689, "=APAGADO",F8:F689,"=PTO A FO") -> 0 | V6: =COUNTIFS(V8:V689, "=APAGADO",F8:F689,"=PTO A FO") -> 0 | W6: =COUNTIFS(W8:W689, "=APAGADO",F8:F689,"=PTO A FO") -> 0 | X6: =COUNTIFS(X8:X689, "=APAGADO",F8:F689,"=PTO A FO") -> 0 | Y6: =COUNTIFS(Y8:Y689, "=APAGADO",F8:F689,"=PTO A FO") -> 0 | Z6: =COUNTIFS(Z8:Z689, "=APAGADO",F8:F689,"=PTO A FO") -> 0 | AA6: =COUNTIFS(AA8:AA689, "=APAGADO",F8:F689,"=PTO A FO") -> 0 | AB6: =COUNTIFS(AB8:AB689, "=APAGADO",F8:F689,"=PTO A FO") -> 0 | AC6: =COUNTIFS(AC8:AC689, "=APAGADO",F8:F689,"=PTO A FO") -> 0 | AD6: =COUNTIFS(AD8:AD689, "=APAGADO",F8:F689,"=PTO A FO") -> 0 | AE6: =COUNTIFS(AE8:AE689, "=APAGADO",F8:F689,"=PTO A FO") -> 0 | AF6: =COUNTIFS(AF8:AF689, "=APAGADO",F8:F689,"=PTO A FO") -> 0 | AG6: =COUNTIFS(AG8:AG689, "=APAGADO",F8:F689,"=PTO A FO") -> 0 | AH6: =COUNTIFS(AH8:AH689, "=APAGADO",F8:F689,"=PTO A FO") -> 0 | AI6: =COUNTIFS(AI8:AI689, "=APAGADO",F8:F689,"=PTO A FO") -> 0 | AJ6: =COUNTIFS(AJ8:AJ689, "=APAGADO",F8:F689,"=PTO A FO") -> 0 | AK6: =COUNTIFS(AK8:AK689, "=APAGADO",F8:F689,"=PTO A FO") -> 0 | AL6: =COUNTIFS(AL8:AL689, "=APAGADO",F8:F689,"=PTO A FO") -> 0 | AM6: =COUNTIFS(AM8:AM689, "=APAGADO",F8:F689,"=PTO A FO") -> 0 | AN6: =COUNTIFS(AN8:AN689, "=APAGADO",F8:F689,"=PTO A FO") -> 0 | AO6: =COUNTIFS(AO8:AO689, "=APAGADO",F8:F689,"=PTO A FO") -> 0 | AP6: =COUNTIFS(AP8:AP689, "=APAGADO",F8:F689,"=PTO A FO") -> 0 | AQ6: =COUNTIFS(AQ8:AQ689, "=APAGADO",G8:G689,"=PTO A FO") -> 0
A7: Barrio | B7: [Denominacion] | C7: [Empresa Mantenimiento] | D7: [Ubicacion] | E7: [Tipo de Camara] | F7: [Tipo de Conexion] | G7: Destino | I7: DIAS FUNCIONANDO | J7: MAC | K7: DIAS CAIDA | L7: EFECTIVIDAD | M7: 46023 | N7: 46024 | O7: 46025 | P7: 46026 | Q7: 46027 | R7: 46028 | S7: 46029 | T7: 46030 | U7: 46031 | V7: 46032 | W7: 46033 | X7: 46034 | Y7: 46035 | Z7: 46036 | AA7: 46037 | AB7: 46038 | AC7: 46039 | AD7: 46040 | AE7: 46041 | AF7: 46042 | AG7: 46043 | AH7: 46044 | AI7: 46045 | AJ7: 46046 | AK7: 46047 | AL7: 46048 | AM7: 46049 | AN7: 46050 | AO7: 46051 | AP7: 46052 | AQ7: 46053
A8: ALTAMIRA | B8: ALT01 | C8: BONOMO | D8: Calchaqui y Sgto. Cabral | E8: Domo | F8: Fibra Optica | H8: 172.20.10.6 | I8: =COUNTIF(M8:AN8,"") -> 28 | J8: 00-07-5F-87-83-56 | K8: =COUNTIF(M8:AN8,"APAGADO") -> 0 | L8: =(I8)/(K8+I8) -> 1
A9: ALTAMIRA | B9: ALT02 | C9: BONOMO | D9: Calchaqui y Lope de Vega | E9: Domo | F9: PTO A FO | G9: CABRAL Y CALCHAQUI | H9: 172.20.12.218 | I9: =COUNTIF(M9:AN9,"") -> 28 | J9: 00-04-63-50-42-A4 | K9: =COUNTIF(M9:AN9,"APAGADO") -> 0 | L9: =(I9)/(K9+I9) -> 1
A10: ALTAMIRA | B10: ALT 03 | C10: BONOMO | D10: Bombero Galarza y Necochea | E10: Domo | F10: GPON | H10: 172.20.12.54 | I10: =COUNTIF(M10:AN10,"") -> 28 | J10: 00-07-5F-87-9D-EF | K10: =COUNTIF(M10:AN10,"APAGADO") -> 0 | L10: =(I10)/(K10+I10) -> 1
A11: ALTAMIRA | B11: ALT 04 | C11: BONOMO | D11: Francia y Necochea | E11: Domo | F11: GPON | H11: 172.20.12.55 | I11: =COUNTIF(M11:AN11,"") -> 28 | J11: 00-04-63-59-22-57 | K11: =COUNTIF(M11:AN11,"APAGADO") -> 0 | L11: =(I11)/(K11+I11) -> 1
A12: ALTAMIRA | B12: ALT05 | C12: BONOMO | D12: Av. Calchaqui y Bombero Galarza | E12: Domo | F12: GPON | G12: NECOCHEA Y GALARZA | H12: 172.20.12.216 | I12: =COUNTIF(M12:AN12,"") -> 28 | J12: 00-07-5F-77-02-85 | K12: =COUNTIF(M12:AN12,"APAGADO") -> 0 | L12: =(I12)/(K12+I12) -> 1
A13: ALTAMIRA | B13: ALT 06 | C13: BONOMO | D13: LOPE DE VEGA Y NECOCHEA | E13: Domo | F13: GPON | G13: NECOCHEA Y GALARZA | H13: 172.20.12.12 | I13: =COUNTIF(M13:AN13,"") -> 28 | J13: 00-04-63-4F-DD-DB | K13: =COUNTIF(M13:AN13,"APAGADO") -> 0 | L13: =(I13)/(K13+I13) -> 1
A14: ALTAMIRA | B14: ALT07 | C14: BONOMO | D14: AV. CALCHAQUI Y AV. DEL TRABAJO | E14: DOMO | F14: PTO A FO | G14: CABRAL Y CALCHAQUI | H14: 172.20.10.57 | I14: =COUNTIF(M14:AN14,"") -> 28 | J14: 00-04-63-4F-DE-CA | K14: =COUNTIF(M14:AN14,"APAGADO") -> 0 | L14: =(I14)/(K14+I14) -> 1
A15: ALTAMIRA | B15: ALT 08 | C15: BONOMO | D15: HUMAITA Y NECOCHEA | E15: DOMO | F15: Fibra Optica | H15: 172.20.11.215 | I15: =COUNTIF(M15:AN15,"") -> 28 | J15: 00-07-5F-BE-59-2D | K15: =COUNTIF(M15:AN15,"APAGADO") -> 0 | L15: =(I15)/(K15+I15) -> 1
A16: ALTAMIRA | B16: ALT 09 | C16: BONOMO | D16: NECOCHEA Y CURUPAITY | E16: DOMO | F16: Fibra Optica | H16: 172.20.11.216 | I16: =COUNTIF(M16:AN16,"") -> 28 | J16: 00-07-5F-BE-59-27 | K16: =COUNTIF(M16:AN16,"APAGADO") -> 0 | L16: =(I16)/(K16+I16) -> 1
A17: ALTAMIRA | B17: ALT 10 | C17: BONOMO | D17: Calchaqui y Francia | E17: Domo | F17: GPON | H17: 172.20.12.156 | I17: =COUNTIF(M17:AN17,"") -> 28 | J17: 00-07-5F-AB-BB-41 | K17: =COUNTIF(M17:AN17,"APAGADO") -> 0 | L17: =(I17)/(K17+I17) -> 1
A18: ALTAMIRA | B18: ALT 11 | C18: BONOMO | D18: CALCHAQUÍ Y GALARZA FIJA | E18: Fija | F18: GPON | H18: 172.20.12.241 | I18: =COUNTIF(M18:AN18,"") -> 28 | J18: 3c-1b-f8-df-95-58 | K18: =COUNTIF(M18:AN18,"APAGADO") -> 0 | L18: =(I18)/(K18+I18) -> 1
A19: AGUSTIN RAMIREZ | B19: ARA 01 | C19: BONOMO | D19: Malambo y Tranquera | E19: Domo | F19: Fibra Optica | H19: 172.20.12.110 | I19: =COUNTIF(M19:AN19,"") -> 28 | J19: 00-04-63-4F-DB-B6 | K19: =COUNTIF(M19:AN19,"APAGADO") -> 0 | L19: =(I19)/(K19+I19) -> 1
A20: AGUSTIN RAMIREZ | B20: ARA 02 | C20: BONOMO | D20: El malambo y La Tranquera | E20: Fija | F20: GPON | H20: 172.20.12.235 | I20: =COUNTIF(M20:AN20,"") -> 28 | J20: C0:6D:ED:A3:E6:63 | K20: =COUNTIF(M20:AN20,"APAGADO") -> 0 | L20: =(I20)/(K20+I20) -> 1
A21: AGUSTIN RAMIREZ | B21: ARA 03 | C21: BONOMO | D21: 437 Y La Tranquera | E21: Fija | F21: GPON | H21: 172.20.10.232 | I21: =COUNTIF(M21:AN21,"") -> 28 | J21: C0:6D:ED:A3:66:6A | K21: =COUNTIF(M21:AN21,"APAGADO") -> 0 | L21: =(I21)/(K21+I21) -> 1
A22: BELGRANO | B22: BEL 01 | C22: BONOMO | D22: San Martin y Dardo Rocha | E22: DOMO | F22: Fibra Optica | H22: 172.20.12.64 | I22: =COUNTIF(M22:AN22,"") -> 28 | J22: 00-07-5F-81-B9-E9 | K22: =COUNTIF(M22:AN22,"APAGADO") -> 0 | L22: =(I22)/(K22+I22) -> 1
A23: BELGRANO | B23: BEL 02 | C23: BONOMO | D23: Guardia vieja y Fronteriz | E23: DOMO | F23: Fibra Optica | H23: 172.20.10.117 | I23: =COUNTIF(M23:AN23,"") -> 28 | J23: E4-30-22-4F-9E-62 | K23: =COUNTIF(M23:AN23,"APAGADO") -> 0 | L23: =(I23)/(K23+I23) -> 1
A24: BOSQUES CENTRO | B24: BOSQC 01 | C24: COSEIDI | D24: LUIS AGOTE E/DANUNCIO Y CAMPOAMOR | E24: Fija | F24: PTO A FO | H24: 172.20.11.15 | I24: =COUNTIF(M24:AN24,"") -> 28 | J24: 00-07-5F-B7-56-89 | K24: =COUNTIF(M24:AN24,"APAGADO") -> 0 | L24: =(I24)/(K24+I24) -> 1
A25: BOSQUES CENTRO | B25: BOSQC 02 | C25: COSEIDI | D25: LUIS AGOTE E/DANUNCIO Y CAMPOAMOR | E25: Fija | F25: PTO A FO | H25: 172.20.11.16 | I25: =COUNTIF(M25:AN25,"") -> 28 | J25: 00-07-5F-B4-17-A8 | K25: =COUNTIF(M25:AN25,"APAGADO") -> 0 | L25: =(I25)/(K25+I25) -> 1
A26: BOSQUES CENTRO | B26: BOSQC 03 | C26: COSEIDI | D26: BENAVENTE Y LUIS AGOTE | E26: Fija | F26: PTO A FO | H26: 172.20.11.13 | I26: =COUNTIF(M26:AN26,"") -> 28 | J26: 00-07-5F-B6-B8-A5 | K26: =COUNTIF(M26:AN26,"APAGADO") -> 0 | L26: =(I26)/(K26+I26) -> 1
... A50: CENTRO | B50: CEN 05 | C50: BONOMO | D50: Bocuzzi e/España y San Martin | E50: DOMO | F50: Fibra Optica | H50: 172.20.10.200 | I50: =COUNTIF(M50:AN50,"") -> 28 | J50: 00-07-5F-81-9C-7F | K50: =COUNTIF(M50:AN50,"APAGADO") -> 0 | L50: =(I50)/(K50+I50) -> 1
A51: CENTRO | B51: CEN06 | C51: BONOMO | D51: Monteagudo y A.del Valle | E51: Fija | F51: Fibra Optica | H51: 172.20.10.02 | I51: =COUNTIF(M51:AN51,"") -> 28 | K51: =COUNTIF(M51:AN51,"APAGADO") -> 0 | L51: =(I51)/(K51+I51) -> 1
A52: CENTRO | B52: CEN07 | C52: BONOMO | D52: San Martin y Guemes | E52: DOMO | F52: Fibra Optica | H52: 172.20.11.20 | I52: =COUNTIF(M52:AN52,"") -> 28 | J52: 00-07-5F-77-25-57 | K52: =COUNTIF(M52:AN52,"APAGADO") -> 0 | L52: =(I52)/(K52+I52) -> 1
A53: CENTRO | B53: CEN08 | C53: BONOMO | D53: San Martin y Pte.Peron | E53: Domo | F53: Fibra Optica | H53: 172.20.11.21 | I53: =COUNTIF(M53:AN53,"") -> 28 | J53: 00-07-5F-7A-71-56 | K53: =COUNTIF(M53:AN53,"APAGADO") -> 0 | L53: =(I53)/(K53+I53) -> 1
A54: CENTRO | B54: CEN09 | C54: BONOMO | D54: Chacabuco y 25 de Mayo | E54: Domo | F54: Fibra Optica | H54: 172.20.11.22 | I54: =COUNTIF(M54:AN54,"") -> 28 | J54: 00-07-5F-76-FB-07 | K54: =COUNTIF(M54:AN54,"APAGADO") -> 0 | L54: =(I54)/(K54+I54) -> 1
A55: CENTRO | B55: CEN10 | C55: BONOMO | D55: Monteagudo y Pte. Peron | E55: Domo | F55: Fibra Optica | H55: 172.20.11.23 | I55: =COUNTIF(M55:AN55,"") -> 28 | J55: 00-07-5F-76-FC-7B | K55: =COUNTIF(M55:AN55,"APAGADO") -> 0 | L55: =(I55)/(K55+I55) -> 1
A56: CENTRO | B56: CEN11 | C56: BONOMO | D56: Monteagudo y Bocuzzi | E56: Domo | F56: Fibra Optica | H56: 172.20.10.24 | I56: =COUNTIF(M56:AN56,"") -> 28 | J56: 00-07-5F-77-26-89 | K56: =COUNTIF(M56:AN56,"APAGADO") -> 0 | L56: =(I56)/(K56+I56) -> 1
A57: CENTRO | B57: CEN 12 | C57: BONOMO | D57: Monteagudo y Mitre | E57: Domo | F57: Fibra Optica | H57: 172.20.10.23 | I57: =COUNTIF(M57:AN57,"") -> 28 | J57: 00-07-5F-75-24-A1 | K57: =COUNTIF(M57:AN57,"APAGADO") -> 0 | L57: =(I57)/(K57+I57) -> 1
A58: CENTRO | B58: CEN 13 | C58: BONOMO | D58: 25 de Mayo y Maipu | E58: DOMO | F58: GPON | H58: 172.20.10.20 | I58: =COUNTIF(M58:AN58,"") -> 28 | J58: 00-07-5F-77-2B-1B | K58: =COUNTIF(M58:AN58,"APAGADO") -> 0 | L58: =(I58)/(K58+I58) -> 1
A59: CENTRO | B59: CEN14 | C59: BONOMO | D59: Pte.Peron e/Pringles y Brown | E59: Domo | F59: Fibra Optica | H59: 172.20.10.21 | I59: =COUNTIF(M59:AN59,"") -> 28 | J59: 00-04-63-50-44-82 | K59: =COUNTIF(M59:AN59,"APAGADO") -> 0 | L59: =(I59)/(K59+I59) -> 1
A60: CENTRO | B60: CEN15 | C60: BONOMO | D60: Alberdi y A.del Valle | E60: Domo | F60: GPON | H60: 172.20.10.35 | I60: =COUNTIF(M60:AN60,"") -> 28 | J60: 00-07-5F-75-23-66 | K60: =COUNTIF(M60:AN60,"APAGADO") -> 0 | L60: =(I60)/(K60+I60) -> 1
A61: CENTRO | B61: CEN16 | C61: BONOMO | D61: San Martin y Pte. Peron | E61: Fija | F61: Fibra Optica | H61: 172.20.12.36 | I61: =COUNTIF(M61:AN61,"") -> 28 | J61: 00-07-5F-95-ED-8E | K61: =COUNTIF(M61:AN61,"APAGADO") -> 0 | L61: =(I61)/(K61+I61) -> 1
A62: CENTRO | B62: CEN17 | C62: BONOMO | D62: San Martin y Mitre | E62: Domo | F62: PTO A FO | G62: SAN MARTIN Y SALLARES | H62: 172.20.12.200 | I62: =COUNTIF(M62:AN62,"") -> 28 | J62: 00-04-63-5A-E0-93 | K62: =COUNTIF(M62:AN62,"APAGADO") -> 0 | L62: =(I62)/(K62+I62) -> 1
A63: CENTRO | B63: CEN18 | C63: BONOMO | D63: Monteagudo e/Mitre y Sallares | E63: Fija | F63: Fibra Optica | H63: 172.20.10.26 | I63: =COUNTIF(M63:AN63,"") -> 28 | J63: 00-04-63-32-84-B7 | K63: =COUNTIF(M63:AN63,"APAGADO") -> 0 | L63: =(I63)/(K63+I63) -> 1
A64: CENTRO | B64: CEN19 | C64: BONOMO | D64: Chacabuco y 25 de Mayo | E64: Fija | F64: Fibra Optica | H64: 172.20.10.27 | I64: =COUNTIF(M64:AN64,"") -> 28 | J64: 00-07-5F-8B-45-70 | K64: =COUNTIF(M64:AN64,"APAGADO") -> 0 | L64: =(I64)/(K64+I64) -> 1
A65: LOMAS DE MONTEVERDE | B65: CEN20 | C65: BONOMO | D65: Pte. Illia y Las Heras | E65: Domo | F65: GPON | H65: 172.20.10.33 | I65: =COUNTIF(M65:AN65,"") -> 28 | J65: 00-04-63-32-A4-95 | K65: =COUNTIF(M65:AN65,"APAGADO") -> 0 | L65: =(I65)/(K65+I65) -> 1
A66: CENTRO | B66: CEN21 | C66: BONOMO | D66: Misiones y Urquiza | E66: Fija | F66: GPON | H66: 172.20.200.132 | I66: =COUNTIF(M66:AN66,"") -> 28 | K66: =COUNTIF(M66:AN66,"APAGADO") -> 0 | L66: =(I66)/(K66+I66) -> 1
A67: CENTRO | B67: CEN22 | C67: BONOMO | D67: Las Heras y Chacabuco | E67: Domo | F67: GPON | H67: 172.20.10.163 | I67: =COUNTIF(M67:AN67,"") -> 28 | J67: 00-07-5F-9B-B3-BC | K67: =COUNTIF(M67:AN67,"APAGADO") -> 0 | L67: =(I67)/(K67+I67) -> 1
A68: CENTRO | B68: CEN23 | C68: BONOMO | D68: Sallares y Monteagudo | E68: Domo | F68: Fibra Optica | H68: 172.20.12.05 | I68: =COUNTIF(M68:AN68,"") -> 28 | J68: 00-07-5F-77-2C-D8 | K68: =COUNTIF(M68:AN68,"APAGADO") -> 0 | L68: =(I68)/(K68+I68) -> 1
A69: CENTRO | B69: CEN24 | C69: BONOMO | D69: Sallares y España | E69: Domo | F69: Fibra Optica | H69: 172.20.11.04 | I69: =COUNTIF(M69:AN69,"") -> 28 | J69: 00-07-5F-76-F9-FD | K69: =COUNTIF(M69:AN69,"APAGADO") -> 0 | L69: =(I69)/(K69+I69) -> 1
A70: CENTRO | B70: CEN25 | C70: BONOMO | D70: SAN MARTIN Y 9 DE JULIO | E70: Domo | F70: Fibra Optica | H70: 172.20.12.02 | I70: =COUNTIF(M70:AN70,"") -> 28 | J70: 00-04-63-4F-C6-19 | K70: =COUNTIF(M70:AN70,"APAGADO") -> 0 | L70: =(I70)/(K70+I70) -> 1
A71: CENTRO | B71: CEN26 | C71: BONOMO | D71: Mitre y España | E71: Domo | F71: Fibra Optica | H71: 172.20.11.38 | I71: =COUNTIF(M71:AN71,"") -> 28 | J71: 00-07-5F-B7-8E-AF | K71: =COUNTIF(M71:AN71,"APAGADO") -> 0 | L71: =(I71)/(K71+I71) -> 1
A72: CENTRO | B72: CEN27 | C72: BONOMO | D72: San Juan y España | E72: Domo | F72: Fibra Optica | H72: 172.20.12.37 | I72: =COUNTIF(M72:AN72,"") -> 28 | J72: 00-04-63-50-5A-EE | K72: =COUNTIF(M72:AN72,"APAGADO") -> 0 | L72: =(I72)/(K72+I72) -> 1
A73: CENTRO | B73: CEN28 | C73: BONOMO | D73: Mitre y Alberdi | E73: Domo | F73: Fibra Optica | H73: 172.20.12.38 | I73: =COUNTIF(M73:AN73,"") -> 28 | J73: 00-04-63-4F-C3-25 | K73: =COUNTIF(M73:AN73,"APAGADO") -> 0 | L73: =(I73)/(K73+I73) -> 1
A74: CENTRO | B74: CEN29 | C74: BONOMO | D74: Alberdi y San Juan | E74: Domo | F74: Fibra Optica | H74: 172.20.12.40 | I74: =COUNTIF(M74:AN74,"") -> 28 | J74: 00-04-63-4F-C5-D7 | K74: =COUNTIF(M74:AN74,"APAGADO") -> 0 | L74: =(I74)/(K74+I74) -> 1
A75: CENTRO | B75: CEN30 | C75: BONOMO | D75: Mitre y Pringles | E75: Domo | F75: Fibra Optica | H75: 172.20.12.39 | I75: =COUNTIF(M75:AN75,"") -> 28 | J75: 00-04-63-50-55-A3 | K75: =COUNTIF(M75:AN75,"APAGADO") -> 0 | L75: =(I75)/(K75+I75) -> 1
A76: CENTRO | B76: CEN31 | C76: BONOMO | D76: Mitre e/Monteagudo y Alberdi | E76: Domo | F76: Fibra Optica | H76: 172.20.12.41 | I76: =COUNTIF(M76:AN76,"") -> 28 | J76: 00-04-63-4F-CC-7B | K76: =COUNTIF(M76:AN76,"APAGADO") -> 0 | L76: =(I76)/(K76+I76) -> 1
A77: CENTRO | B77: CEN32 | C77: BONOMO | D77: Aristobulo del Valle y España | E77: Domo | F77: Fibra Optica | H77: 172.20.12.42 | I77: =COUNTIF(M77:AN77,"") -> 28 | J77: 00-04-63-50-58-BA | K77: =COUNTIF(M77:AN77,"APAGADO") -> 0 | L77: =(I77)/(K77+I77) -> 1
A78: CENTRO | B78: CEN33 | C78: BONOMO | D78: Peron y Alberdi | E78: Domo | F78: Fibra Optica | H78: 172.20.12.47 | I78: =COUNTIF(M78:AN78,"") -> 28 | J78: 00-04-63-4F-D6-F2 | K78: =COUNTIF(M78:AN78,"APAGADO") -> 0 | L78: =(I78)/(K78+I78) -> 1
... A104: CENTRO | B104: CEN59 | C104: BONOMO | D104: CHACABUCO Y BOUREL | E104: DOMO | F104: GPON | H104: 172.20.10.161 | I104: =COUNTIF(M104:AN104,"") -> 28 | J104: 00-07-5F-81-9C-A0 | K104: =COUNTIF(M104:AN104,"APAGADO") -> 0 | L104: =(I104)/(K104+I104) -> 1
A105: CENTRO | B105: CEN 60 | C105: BONOMO | D105: RECONQUISTA Y ILLIA | E105: DOMO | F105: PTO A FO | G105: ILLIA Y LAS HERAS | H105: 172.20.12.67 | I105: =COUNTIF(M105:AN105,"") -> 28 | J105: 00-07-5F-81-9D-01 | K105: =COUNTIF(M105:AN105,"APAGADO") -> 0 | L105: =(I105)/(K105+I105) -> 1
A106: CENTRO | B106: CEN 61 | C106: BONOMO | D106: BOUREL Y MAIPU | E106: DOMO | F106: GPON | H106: 172.20.10.162 | I106: =COUNTIF(M106:AN106,"") -> 28 | J106: 00-04-63-4F-DF-95 | K106: =COUNTIF(M106:AN106,"APAGADO") -> 0 | L106: =(I106)/(K106+I106) -> 1
A107: CENTRO | B107: CEN62 | C107: BONOMO | D107: ESPAÑA Y ALEM | E107: DOMO | F107: PTO A FO | G107: SAN MARTIN Y ALEM | H107: 172.20.12.82 | I107: =COUNTIF(M107:AN107,"") -> 28 | J107: 00-07-5F-81-9C-86 | K107: =COUNTIF(M107:AN107,"APAGADO") -> 0 | L107: =(I107)/(K107+I107) -> 1
A108: CENTRO | B108: CEN63 | C108: BONOMO | D108: SAN MARTIN Y URQUIZA | E108: DOMO | F108: Fibra Optica | H108: 172.20.11.112 | I108: =COUNTIF(M108:AN108,"") -> 28 | J108: 00-07-5F-BE-58-54 | K108: =COUNTIF(M108:AN108,"APAGADO") -> 0 | L108: =(I108)/(K108+I108) -> 1
A109: CENTRO | B109: CEN64 | C109: BONOMO | D109: SAN MARTIN Y BOCCUZZI | E109: FIJA | F109: Fibra Optica | H109: 172.20.11.134 | I109: =COUNTIF(M109:AN109,"") -> 28 | J109: 00-07-5F-B6-B8-D2 | K109: =COUNTIF(M109:AN109,"APAGADO") -> 0 | L109: =(I109)/(K109+I109) -> 1
A110: CENTRO | B110: CEN 65 | C110: BONOMO | D110: SAN MARTIN Y JUAN PERON | E110: FIJA | F110: GPON | H110: 172.20.11.135 | I110: =COUNTIF(M110:AN110,"") -> 28 | J110: 00-07-5F-B7-85-A1 | K110: =COUNTIF(M110:AN110,"APAGADO") -> 0 | L110: =(I110)/(K110+I110) -> 1
A111: CENTRO | B111: CEN66 | C111: BONOMO | D111: SAN MARTIN Y JUAN PERON | E111: FIJA | F111: GPON | H111: 172.20.11.136 | I111: =COUNTIF(M111:AN111,"") -> 28 | J111: 00-07-5F-B7-85-A1 | K111: =COUNTIF(M111:AN111,"APAGADO") -> 0 | L111: =(I111)/(K111+I111) -> 1
A112: CENTRO | B112: CEN67 (fija 1) | C112: BONOMO | D112: 9 DE JULIO Y BROWN | E112: Fija | F112: GPON | H112: 172.20.11.188 | I112: =COUNTIF(M112:AN112,"") -> 28 | J112: 00-07-5F-B6-B9-B4 | K112: =COUNTIF(M112:AN112,"APAGADO") -> 0 | L112: =(I112)/(K112+I112) -> 1
A113: CENTRO | B113: CEN68 (fija 2) | C113: BONOMO | D113: 9 DE JULIO Y BROWN | E113: Fija | F113: GPON | H113: 172.20.11.189 | I113: =COUNTIF(M113:AN113,"") -> 28 | J113: 00-07-5F-B7-84-C0 | K113: =COUNTIF(M113:AN113,"APAGADO") -> 0 | L113: =(I113)/(K113+I113) -> 1
A114: CENTRO | B114: CEN69 | C114: BONOMO | D114: RIVADAVIA Y BOUREL | E114: DOMO | F114: Fibra Optica | H114: 172.20.11.222 | I114: =COUNTIF(M114:AN114,"") -> 28 | J114: 00-07-5F-BE-59-32 | K114: =COUNTIF(M114:AN114,"APAGADO") -> 0 | L114: =(I114)/(K114+I114) -> 1
A115: CENTRO | B115: CEN 70 | C115: BONOMO | D115: RIVADAVIA Y 25 MAYO | E115: Domo | F115: Fibra Optica | H115: 172.20.11.221 | I115: =COUNTIF(M115:AN115,"") -> 28 | J115: 00-07-5F-BE-59-31 | K115: =COUNTIF(M115:AN115,"APAGADO") -> 0 | L115: =(I115)/(K115+I115) -> 1
A116: CENTRO | B116: CEN 71 | C116: BONOMO | D116: MORENO Y BOUREL | E116: Domo | F116: GPON | H116: 172.20.11.220 | I116: =COUNTIF(M116:AN116,"") -> 28 | J116: 00-07-5F-AB-BA-BE | K116: =COUNTIF(M116:AN116,"APAGADO") -> 0 | L116: =(I116)/(K116+I116) -> 1
A117: CENTRO | B117: CEN 72 | C117: BONOMO | D117: MORENO Y 25 DE MAYO | E117: Domo | F117: Fibra Optica | H117: 172.20.11.219 | I117: =COUNTIF(M117:AN117,"") -> 28 | J117: 00-07-5F-AB-BB-44 | K117: =COUNTIF(M117:AN117,"APAGADO") -> 0 | L117: =(I117)/(K117+I117) -> 1
A118: CENTRO | B118: CEN73 | C118: BONOMO | D118: BOUREL Y DEFENSA | E118: DOMO | F118: Fibra Optica | H118: 172.20.11.223 | I118: =COUNTIF(M118:AN118,"") -> 28 | J118: 00-07-5F-76-EC-AC | K118: =COUNTIF(M118:AN118,"APAGADO") -> 0 | L118: =(I118)/(K118+I118) -> 1
A119: CENTRO | B119: CEN74 | C119: BONOMO | D119: Las Heras y Maipu | E119: Domo | F119: Fibra Optica | H119: 172.20.11.53 | I119: =COUNTIF(M119:AN119,"") -> 28 | J119: 00-07-5F-AB-BB-47 | K119: =COUNTIF(M119:AN119,"APAGADO") -> 0 | L119: =(I119)/(K119+I119) -> 1
... A145: SAN NICOLAS | B145: CHA01 | C145: BONOMO | D145: Novak y Pte Illia | E145: Domo | F145: PTO A FO | H145: 172.20.10.70 | I145: =COUNTIF(M145:AN145,"") -> 28 | J145: 00-04-63-50-44-84 | K145: =COUNTIF(M145:AN145,"APAGADO") -> 0 | L145: =(I145)/(K145+I145) -> 1
A146: CHACABUCO | B146: CHA02 | C146: BONOMO | D146: Pte. Illia y Posadas | E146: Domo | F146: PTO A FO | H146: 172.20.200.186 | I146: =COUNTIF(M146:AN146,"") -> 28 | K146: =COUNTIF(M146:AN146,"APAGADO") -> 0 | L146: =(I146)/(K146+I146) -> 1
A147: CHACABUCO | B147: CHA03 | C147: BONOMO | D147: MAIPU Y ALVAREZ THOMAS | E147: DOMO | F147: Fibra Optica | H147: 172.20.11.71 | I147: =COUNTIF(M147:AN147,"") -> 28 | J147: 00-07-5F-BE-58-0F | K147: =COUNTIF(M147:AN147,"APAGADO") -> 0 | L147: =(I147)/(K147+I147) -> 1
A148: CHACABUCO | B148: CHA04 | C148: BONOMO | D148: ESTADOS UNIDOS DE A. E ILLIA | E148: DOMO | F148: Fibra Optica | H148: 172.20.11.191 | I148: =COUNTIF(M148:AN148,"") -> 28 | J148: 00-07-5F-BE-58-5C | K148: =COUNTIF(M148:AN148,"APAGADO") -> 0 | L148: =(I148)/(K148+I148) -> 1
A149: VILLA MONICA NUEVA | B149: COL01 | C149: COSEIDI | D149: Eva Peron y Cariboni | E149: Domo | F149: Fibra Optica | H149: 172.20.11.129 | I149: =COUNTIF(M149:AN149,"") -> 28 | J149: 00-07-5F-77-01-B7 | K149: =COUNTIF(M149:AN149,"APAGADO") -> 0 | L149: =(I149)/(K149+I149) -> 1
A150: LA COLORADA ESTE | B150: COL02 | C150: COSEIDI | D150: Av. Eva Peron y Pompeya | E150: Domo | F150: PTO A FO | H150: 172.20.10.98 | I150: =COUNTIF(M150:AN150,"") -> 28 | J150: 00-07-5F-81-9C-9E | K150: =COUNTIF(M150:AN150,"APAGADO") -> 0 | L150: =(I150)/(K150+I150) -> 1
A151: LA COLORADA ESTE | B151: COL 03 | C151: COSEIDI | D151: CARIBONI Y LA ANCIANIDAD | E151: DOMO | F151: Radio | H151: 10.20.30.37 | I151: =COUNTIF(M151:AN151,"") -> 28 | K151: =COUNTIF(M151:AN151,"APAGADO") -> 0 | L151: =(I151)/(K151+I151) -> 1
A152: LA COLORADA ESTE | B152: COL 04 | C152: COSEIDI | D152: EVA PERON Y SAVIO | E152: Domo | F152: Fibra Optica | H152: 172.20.10.75 | I152: =COUNTIF(M152:AN152,"") -> 28 | J152: 00-07-5F-D2-4C-75 | K152: =COUNTIF(M152:AN152,"APAGADO") -> 0 | L152: =(I152)/(K152+I152) -> 1
A153: DON JOSE | B153: DJO01 | C153: BONOMO | D153: Monteverde y Donato Alvarez | E153: Domo | F153: GPON | H153: 172.20.200.120 | I153: =COUNTIF(M153:AN153,"") -> 28 | K153: =COUNTIF(M153:AN153,"APAGADO") -> 0 | L153: =(I153)/(K153+I153) -> 1
A154: DON JOSE | B154: DJO 02 (fija 1) | C154: BONOMO | D154: DONATO ALVAREZ Y EL APERO | E154: Fija | F154: PTO A FO | G154: TORRE VILLA ARGENTINA | H154: 172.20.12.97 | I154: =COUNTIF(M154:AN154,"") -> 28 | J154: 00-07-5F-C1-94-BF | K154: =COUNTIF(M154:AN154,"APAGADO") -> 0 | L154: =(I154)/(K154+I154) -> 1
A155: DON JOSE | B155: DJO 03 (fija 2) | C155: BONOMO | D155: DONATO ALVAREZ Y EL APERO | E155: Fija | F155: PTO A FO | G155: TORRE VILLA ARGENTINA | H155: 172.20.12.98 | I155: =COUNTIF(M155:AN155,"") -> 28 | J155: 00-07-5F-B6-A1-30 | K155: =COUNTIF(M155:AN155,"APAGADO") -> 0 | L155: =(I155)/(K155+I155) -> 1
A156: DON JOSE | B156: DJO 04 (Fija 1) | C156: BONOMO | D156: MONTEVERDE Y EL INDIO | E156: Fija | F156: GPON | G156: TORRE VILLA ARGENTINA | H156: 172.20.12.91 | I156: =COUNTIF(M156:AN156,"") -> 28 | K156: =COUNTIF(M156:AN156,"APAGADO") -> 0 | L156: =(I156)/(K156+I156) -> 1
A157: DON JOSE | B157: DJO 05 (Fija 2) | C157: BONOMO | D157: MONTEVERDE Y EL INDIO | E157: Fija | F157: GPON | G157: TORRE VILLA ARGENTINA | H157: 172.20.12.92 | I157: =COUNTIF(M157:AN157,"") -> 28 | K157: =COUNTIF(M157:AN157,"APAGADO") -> 0 | L157: =(I157)/(K157+I157) -> 1
A158: DON JOSE | B158: DJ O6 | C158: BONOMO | D158: Calle 414 y El Indio | E158: Fija | F158: PTO A FO | G158: TORRE VILLA ARGENTINA | H158: 172.20.12.121 | I158: =COUNTIF(M158:AN158,"") -> 28 | J158: 00-07-5F-B6-C4-43 | K158: =COUNTIF(M158:AN158,"APAGADO") -> 0 | L158: =(I158)/(K158+I158) -> 1
A159: DON JOSE | B159: DJ 07 | C159: BONOMO | D159: Calle 414 y El Indio | E159: Fija | F159: PTO A FO | G159: TORRE VILLA ARGENTINA | H159: 172.20.12.122 | I159: =COUNTIF(M159:AN159,"") -> 28 | J159: 00-07-5F-B6-B9-A6 | K159: =COUNTIF(M159:AN159,"APAGADO") -> 0 | L159: =(I159)/(K159+I159) -> 1
A160: DON JOSE | B160: DJ 08 | C160: BONOMO | D160: El Paisano y 441 | E160: FIJA | F160: GPON | H160: 172.20.10.231 | I160: =COUNTIF(M160:AN160,"") -> 28 | J160: c0:6d:ed:a3:e5:97 | K160: =COUNTIF(M160:AN160,"APAGADO") -> 0 | L160: =(I160)/(K160+I160) -> 1
A161: DON JOSE | B161: DJ 09 | C161: BONOMO | D161: El Malambo y la Aguada | E161: FIJA | F161: GPON | H161: 172.20.8.43 | I161: =COUNTIF(M161:AN161,"") -> 28 | K161: =COUNTIF(M161:AN161,"APAGADO") -> 0 | L161: =(I161)/(K161+I161) -> 1
A162: DON ORIONE | B162: DORIO1 | C162: COSEIDI | D162: AV Bosques Y Theran | E162: Domo | F162: GPON | H162: 172.20. | I162: =COUNTIF(M162:AN162,"") -> 28 | J162: E4-30-22-4F-9E-3F | K162: =COUNTIF(M162:AN162,"APAGADO") -> 0 | L162: =(I162)/(K162+I162) -> 1
A163: DON ORIONE | B163: DORI02 | C163: COSEIDI | D163: QUINQUELA MARTIN Y AV BOSQUES | E163: DOMO | F163: GPON | H163: 172.20.12.186 | I163: =COUNTIF(M163:AN163,"") -> 28 | J163: A0-FF-0C-D1-BD-91 | K163: =COUNTIF(M163:AN163,"APAGADO") -> 0 | L163: =(I163)/(K163+I163) -> 1
A164: EL PARQUE | B164: EPQ 01 | C164: COSEIDI | D164: 1282 Y GRIERSON | E164: DOMO | F164: Fibra Optica | H164: 172.20.11.170 | I164: =COUNTIF(M164:AN164,"") -> 28 | J164: 00-07-5F-BE-58-F6 | K164: =COUNTIF(M164:AN164,"APAGADO") -> 0 | L164: =(I164)/(K164+I164) -> 1
A165: EL PARQUE | B165: EPQ 02 | C165: COSEIDI | D165: 1282 Y MASSE | E165: DOMO | F165: Fibra Optica | H165: 172.20.11.172 | I165: =COUNTIF(M165:AN165,"") -> 28 | J165: 00-07-5F-BE-58-0B | K165: =COUNTIF(M165:AN165,"APAGADO") -> 0 | L165: =(I165)/(K165+I165) -> 1
A166: EL PARQUE | B166: EPQ 03 | C166: COSEIDI | D166: 1282 Y RP 36 | E166: Domo | F166: Fibra Optica | H166: 172.20.11.169 | I166: =COUNTIF(M166:AN166,"") -> 28 | J166: 00-07-5F-AB-B7-3E | K166: =COUNTIF(M166:AN166,"APAGADO") -> 0 | L166: =(I166)/(K166+I166) -> 1
A167: EL PARQUE | B167: EPQ 04 | C167: COSEIDI | D167: 1282 Y MORENO | E167: DOMO | F167: Fibra Optica | H167: 172.20.11.171 | I167: =COUNTIF(M167:AN167,"") -> 28 | J167: 00-07-5F-BE-59-03 | K167: =COUNTIF(M167:AN167,"APAGADO") -> 0 | L167: =(I167)/(K167+I167) -> 1
A168: EL PARQUE | B168: EPQ 05 | C168: COSEIDI | D168: 1282 Y 1201 | E168: FIJA | F168: Fibra Optica | H168: 172.20.10.230 | I168: =COUNTIF(M168:AN168,"") -> 28 | J168: C0:6D:ED:A3:E4:60 | K168: =COUNTIF(M168:AN168,"APAGADO") -> 0 | L168: =(I168)/(K168+I168) -> 1
A169: EL PARQUE | B169: EPQ 06 | C169: COSEIDI | D169: 1282 Y EZEIZA | E169: DOMO | F169: Fibra Optica | H169: 172.20.10.219 | I169: =COUNTIF(M169:AN169,"") -> 28 | J169: A4:18:94:05:4A:03 | K169: =COUNTIF(M169:AN169,"APAGADO") -> 0 | L169: =(I169)/(K169+I169) -> 1
A170: LA ESMERALDA | B170: ESM01 | C170: COSEIDI | D170: Cabello y Brasil | E170: Domo | F170: PTO A FO | H170: 172.20.11.49 | I170: =COUNTIF(M170:AN170,"") -> 28 | J170: 00-07-5F-81-B3-FC | K170: =COUNTIF(M170:AN170,"APAGADO") -> 0 | L170: =(I170)/(K170+I170) -> 1
A171: SAN JORGE | B171: ESM02 | C171: COSEIDI | D171: Novak y Cabello | E171: Domo | F171: PTO A FO | G171: NOVAK Y BELGICA | H171: 172.20.11.46 | I171: =COUNTIF(M171:AN171,"") -> 28 | J171: 00-07-5F-8F-2B-DA | K171: =COUNTIF(M171:AN171,"APAGADO") -> 0 | L171: =(I171)/(K171+I171) -> 1
A172: SAN JORGE | B172: ESM03 | C172: COSEIDI | D172: Novak y Humahuaca | E172: DOMO | F172: PTO A FO | G172: NOVAK Y BELGICA | H172: 172.20.11.42 | I172: =COUNTIF(M172:AN172,"") -> 28 | J172: 00-04-63-59-22-9C | K172: =COUNTIF(M172:AN172,"APAGADO") -> 0 | L172: =(I172)/(K172+I172) -> 1
A173: LA ESMERALDA | B173: ESM04 | C173: COSEIDI | D173: Basualdo y Bengochea | E173: Domo | F173: Fibra Optica | H173: 172.20.12.46 | I173: =COUNTIF(M173:AN173,"") -> 28 | J173: 00-04-63-59-22-93 | K173: =COUNTIF(M173:AN173,"APAGADO") -> 0 | L173: =(I173)/(K173+I173) -> 1
...

Sheet AUXILIAR

Sheet informe
C1: CANTIDAD | D1: APAGADAS | E1: %
B2: TOTAL | C2: =CANTIDAD_DE_CAMARAS -> 574 | F2: 46023
A3: L | B3: CAIDAS | C3: ='RESUMEN TOTAL'!M3 -> 0 | E3: =C3/C2 -> 0
B4: LLEGAMOS NOSOTROS | C4: 0 | D4: 0 | E4: =D4/C2 -> 0
B5: NO ESTA LA CAMARA | C5: 0 | D5: 0 | E5: =D5/C2 -> 0
A6: L | B6: RADIO | C6: 0 | D6: 0 | E6: =D6/C2 -> 0
C7: 0 | D7: 0 | E7: =D7/C2 -> 0
C8: CANTIDAD | D8: APAGADAS | E8: %
A9: F | B9: BONOMO | C9: 304
A10: F | B10: COSEIDI | C10: =COSEIDIcam -> 270 | D10: =Hoja1!F5 -> 0
C12: CANTIDAD | D12: APAGADAS | E12: %
B13: TOTAL | C13: =CANTIDAD_DE_CAMARAS -> 574 | F13: 46024
A14: M | B14: CAIDAS | C14: ='RESUMEN TOTAL'!N3 -> 0 | E14: =C14/C13 -> 0
B15: LLEGAMOS NOSOTROS | C15: 0 | D15: 0 | E15: =D15/C13 -> 0
B16: NO ESTA LA CAMARA | C16: 0 | D16: =D15-C16 -> 0 | E16: =D16/C13 -> 0
A17: M | B17: RADIO | C17: ='RESUMEN TOTAL'!N5 -> 0 | D17: =D16-C17 -> 0 | E17: =D17/C13 -> 0
D18: 0 | E18: =D18/C13 -> 0
C19: CANTIDAD | D19: APAGADAS | E19: %
A20: G | B20: BONOMO | C20: 304 | D20: =Hoja1!G3 -> 0 | E20: =D20/C20 -> 0
A21: G | B21: COSEIDI | C21: =COSEIDIcam -> 270 | D21: =Hoja1!G5 -> 0 | E21: =D21/C21 -> 0
C23: CANTIDAD | D23: APAGADAS | E23: %
B24: TOTAL | C24: =CANTIDAD_DE_CAMARAS -> 574 | F24: 46025
A25: N | B25: CAIDAS | C25: ='RESUMEN TOTAL'!O3 -> 0 | E25: =C25/C24 -> 0
B26: LLEGAMOS NOSOTROS | C26: 0 | D26: =C25-C26 -> 0 | E26: =D26/C24 -> 0
B27: NO ESTA LA CAMARA | C27: 0 | D27: =D26-C27 -> 0 | E27: =D27/C24 -> 0
A28: N | B28: RADIO | C28: ='RESUMEN TOTAL'!O5 -> 0 | D28: =D27-C28 -> 0 | E28: =D28/C24 -> 0
C29: 0 | D29: =D28-C29 -> 0 | E29: =D29/C24 -> 0
C30: CANTIDAD | D30: APAGADAS | E30: %
B31: BONOMO | C31: 304 | D31: 0 | E31: =D31/C31 -> 0
B32: COSEIDI | C32: =COSEIDIcam -> 270 | D32: 0 | E32: =D32/C32 -> 0
C34: CANTIDAD | D34: APAGADAS | E34: %
B35: TOTAL | C35: =CANTIDAD_DE_CAMARAS -> 574 | F35: 46026
A36: O | B36: CAIDAS | C36: ='RESUMEN TOTAL'!P3 -> 0 | E36: =C36/C35 -> 0
B37: LLEGAMOS NOSOTROS | C37: 0 | D37: 0 | E37: =D37/C35 -> 0
B38: NO ESTA LA CAMARA | C38: 0 | D38: 0 | E38: =D38/C35 -> 0
A39: O | B39: RADIO | C39: 0 | D39: =D38-C39 -> 0 | E39: =D39/C35 -> 0
C40: 0 | D40: 0 | E40: =D40/C35 -> 0
C41: CANTIDAD | D41: APAGADAS | E41: %
B42: BONOMO | C42: 304 | D42: 0 | E42: =D42/C42 -> 0
B43: COSEIDI | C43: =COSEIDIcam -> 270 | D43: =Hoja1!I5 -> 0 | E43: 0.24
C45: CANTIDAD | D45: APAGADAS | E45: %
B46: TOTAL | C46: =CANTIDAD_DE_CAMARAS -> 574 | F46: 46027
A47: P | B47: CAIDAS | C47: ='RESUMEN TOTAL'!Q3 -> 0 | E47: =C47/C46 -> 0
B48: LLEGAMOS NOSOTROS | C48: 0 | D48: 0 | E48: =D48/C46 -> 0
B49: NO ESTA LA CAMARA | C49: 0 | D49: 0 | E49: =D49/C46 -> 0
A50: P | B50: RADIO | C50: ='RESUMEN TOTAL'!Q5 -> 0 | D50: 0 | E50: =D50/C46 -> 0
D51: 0 | E51: =D51/C46 -> 0
C52: CANTIDAD | D52: APAGADAS | E52: %
B53: BONOMO | C53: 304 | D53: =Hoja1!J3 -> 0 | E53: 0
B54: COSEIDI | C54: =COSEIDIcam -> 270 | D54: =Hoja1!J5 -> 0 | E54: 0
C56: CANTIDAD | D56: APAGADAS | E56: %
B57: TOTAL | C57: =CANTIDAD_DE_CAMARAS -> 574 | F57: 46028
A58: Q | B58: CAIDAS | C58: ='RESUMEN TOTAL'!R3 -> 0 | E58: =C58/C57 -> 0
B59: LLEGAMOS NOSOTROS | C59: 0 | D59: 0 | E59: =D59/C57 -> 0
B60: NO ESTA LA CAMARA | C60: 0 | D60: 0 | E60: =D60/C57 -> 0
A61: Q | B61: RADIO | C61: ='RESUMEN TOTAL'!R5 -> 0 | D61: 0 | E61: =D61/C57 -> 0
E62: =D62/C57 -> 0
C63: CANTIDAD | D63: APAGADAS | E63: %
B64: BONOMO | C64: 304 | D64: =Hoja1!K3 -> 0 | E64: =D64/C64 -> 0
B65: COSEIDI | C65: =COSEIDIcam -> 270 | D65: =Hoja1!K5 -> 0 | E65: =D65/C65 -> 0
C67: CANTIDAD | D67: APAGADAS | E67: %
B68: TOTAL | C68: =CANTIDAD_DE_CAMARAS -> 574 | F68: 46029
A69: R | B69: CAIDAS | C69: ='RESUMEN TOTAL'!S3 -> 0 | E69: =C69/C68 -> 0
B70: LLEGAMOS NOSOTROS | C70: 0 | D70: =C69-C70 -> 0 | E70: =D70/C68 -> 0
B71: NO ESTA LA CAMARA | C71: 0 | D71: =D70-C71 -> 0 | E71: =D71/C68 -> 0
A72: R | B72: RADIO | C72: ='RESUMEN TOTAL'!S5 -> 0 | D72: =D71-C72 -> 0 | E72: =D72/C68 -> 0
C73: 0 | D73: =D72-C73 -> 0 | E73: =D73/C68 -> 0
C74: CANTIDAD | D74: APAGADAS | E74: %
B75: BONOMO | C75: 304 | D75: =Hoja1!L3 -> 0 | E75: 0
B76: COSEIDI | C76: =COSEIDIcam -> 270 | D76: =Hoja1!L5 -> 0 | E76: =D76/C76 -> 0
C78: CANTIDAD | D78: APAGADAS | E78: %
B79: TOTAL | C79: =CANTIDAD_DE_CAMARAS -> 574 | F79: 46030
A80: S | B80: CAIDAS | C80: 0 | E80: =C80/C79 -> 0
B81: LLEGAMOS NOSOTROS | C81: 0 | D81: 0 | E81: =D81/C79 -> 0
B82: NO ESTA LA CAMARA | C82: 0 | D82: 0 | E82: =D82/C79 -> 0
A83: S | B83: RADIO | C83: 0 | D83: 0 | E83: =D83/C79 -> 0
D84: 0 | E84: =D84/C79 -> 0
C85: CANTIDAD | D85: APAGADAS | E85: %
B86: BONOMO | C86: 304 | D86: 0 | E86: 0
B87: COSEIDI | C87: =COSEIDIcam -> 270 | D87: 0 | E87: 0
C89: CANTIDAD | D89: APAGADAS | E89: %
B90: TOTAL | C90: =CANTIDAD_DE_CAMARAS -> 574 | F90: 46031
A91: T | B91: CAIDAS | C91: 0 | E91: =C91/C90 -> 0
B92: LLEGAMOS NOSOTROS | C92: 0 | D92: 0 | E92: =D92/C90 -> 0
B93: NO ESTA LA CAMARA | C93: 0 | D93: 0 | E93: =D93/C90 -> 0
A94: T | B94: RADIO | C94: 0 | D94: 0 | E94: =D94/C90 -> 0
E95: =D95/C90 -> 0
C96: CANTIDAD | D96: APAGADAS | E96: %
B97: BONOMO | C97: 304 | D97: =Hoja1!N3 -> 0 | E97: =D97/C97 -> 0
B98: COSEIDI | C98: =COSEIDIcam -> 270 | D98: =Hoja1!N5 -> 0 | E98: 0
C100: CANTIDAD | D100: APAGADAS | E100: %
B101: TOTAL | C101: =CANTIDAD_DE_CAMARAS -> 574 | F101: 46032
A102: U | B102: CAIDAS | C102: ='RESUMEN TOTAL'!V3 -> 0 | E102: =C102/C101 -> 0
B103: LLEGAMOS NOSOTROS | C103: 0 | D103: =C102-C103 -> 0 | E103: =D103/C101 -> 0
B104: NO ESTA LA CAMARA | C104: 0 | D104: =D103-C104 -> 0 | E104: =D104/C101 -> 0
A105: U | B105: RADIO | C105: ='RESUMEN TOTAL'!V5 -> 0 | D105: =D104-C105 -> 0 | E105: =D105/C101 -> 0
C106: 0 | D106: 0 | E106: =D106/C101 -> 0
C107: CANTIDAD | D107: APAGADAS | E107: %
B108: BONOMO | C108: 301 | D108: =Hoja1!O3 -> 0 | E108: =D108/C108 -> 0
B109: COSEIDI | C109: =COSEIDIcam -> 270 | D109: 0 | E109: =D109/C109 -> 0
...

Sheet paradas
C1: TOTAL PARADAS | D1: =COUNTIFS(A5:A602,"=paradas seguras")/2 -> 0 | E1: TOTAL DE CAMARAS EN PARADAS | H1: =COUNTIFS(A5:A602,"=paradas seguras") -> 0 | I1: TOTAL DE CAMARAS | K1: =COUNTIFS(D5:D602,"=GFIJA") -> 0 | L1: TOTAL DE INTERCOMUNICADORES | O1: =COUNTIFS(D5:D602,"=INTERCOMUNICADOR") -> 0
E2: FIJAS | F2: =COUNTIFS(F4:F601, "=APAGADO",D4:D601,"=GFIJA") -> 0 | G2: =COUNTIFS(G4:G601, "=APAGADO",D4:D601,"=GFIJA") -> 0 | H2: =COUNTIFS(H4:H601, "=APAGADO",D4:D601,"=GFIJA") -> 0 | I2: =COUNTIFS(I4:I601, "=APAGADO",D4:D601,"=GFIJA") -> 0 | J2: =COUNTIFS(J4:J601, "=APAGADO",D4:D601,"=GFIJA") -> 0 | K2: =COUNTIFS(K4:K601, "=APAGADO",D4:D601,"=GFIJA") -> 0 | L2: =COUNTIFS(L4:L601, "=APAGADO",D4:D601,"=GFIJA") -> 0 | M2: =COUNTIFS(M4:M601, "=APAGADO",D4:D601,"=GFIJA") -> 0 | N2: =COUNTIFS(N4:N601, "=APAGADO",D4:D601,"=GFIJA") -> 0 | O2: =COUNTIFS(O4:O601, "=APAGADO",D4:D601,"=GFIJA") -> 0 | P2: =COUNTIFS(P4:P601, "=APAGADO",D4:D601,"=GFIJA") -> 0 | Q2: =COUNTIFS(Q4:Q601, "=APAGADO",D4:D601,"=GFIJA") -> 0 | R2: =COUNTIFS(R4:R601, "=APAGADO",D4:D601,"=GFIJA") -> 0 | S2: =COUNTIFS(S4:S601, "=APAGADO",D4:D601,"=GFIJA") -> 0 | T2: =COUNTIFS(T4:T601, "=APAGADO",D4:D601,"=GFIJA") -> 0 | U2: =COUNTIFS(U4:U601, "=APAGADO",D4:D601,"=GFIJA") -> 0 | V2: =COUNTIFS(V4:V601, "=APAGADO",D4:D601,"=GFIJA") -> 0 | W2: =COUNTIFS(W4:W601, "=APAGADO",D4:D601,"=GFIJA") -> 0 | X2: =COUNTIFS(X4:X601, "=APAGADO",D4:D601,"=GFIJA") -> 0 | Y2: =COUNTIFS(Y4:Y601, "=APAGADO",D4:D601,"=GFIJA") -> 0 | Z2: =COUNTIFS(Z4:Z601, "=APAGADO",D4:D601,"=GFIJA") -> 0 | AA2: =COUNTIFS(AA4:AA601, "=APAGADO",D4:D601,"=GFIJA") -> 0 | AB2: =COUNTIFS(AB4:AB601, "=APAGADO",D4:D601,"=GFIJA") -> 0 | AC2: =COUNTIFS(AC4:AC601, "=APAGADO",D4:D601,"=GFIJA") -> 0 | AD2: =COUNTIFS(AD4:AD601, "=APAGADO",D4:D601,"=GFIJA") -> 0 | AE2: =COUNTIFS(AE4:AE601, "=APAGADO",D4:D601,"=GFIJA") -> 0 | AF2: =COUNTIFS(AF4:AF601, "=APAGADO",D4:D601,"=GFIJA") -> 0 | AG2: =COUNTIFS(AG4:AG601, "=APAGADO",D4:D601,"=GFIJA") -> 0 | AH2: =COUNTIFS(AH4:AH601, "=APAGADO",D4:D601,"=GFIJA") -> 0 | AI2: =COUNTIFS(AI4:AI601, "=APAGADO",D4:D601,"=GFIJA") -> 0 | AJ2: =COUNTIFS(AJ4:AJ601, "=APAGADO",E4:E601,"=GFIJA") -> 0
E3: INTERCOMUNICADOR | F3: =COUNTIFS(F6:F603, "=APAGADO",D4:D601,"=INTERCOMUNICADOR") -> 0 | G3: =COUNTIFS(G6:G603, "=APAGADO",D4:D601,"=INTERCOMUNICADOR") -> 0 | H3: =COUNTIFS(H6:H603, "=APAGADO",D4:D601,"=INTERCOMUNICADOR") -> 0 | I3: =COUNTIFS(I6:I603, "=APAGADO",D4:D601,"=INTERCOMUNICADOR") -> 0 | J3: =COUNTIFS(J6:J603, "=APAGADO",D4:D601,"=INTERCOMUNICADOR") -> 0 | K3: =COUNTIFS(K6:K603, "=APAGADO",D4:D601,"=INTERCOMUNICADOR") -> 0 | L3: =COUNTIFS(L6:L603, "=APAGADO",D4:D601,"=INTERCOMUNICADOR") -> 0 | M3: =COUNTIFS(M6:M603, "=APAGADO",D4:D601,"=INTERCOMUNICADOR") -> 0 | N3: =COUNTIFS(N6:N603, "=APAGADO",D4:D601,"=INTERCOMUNICADOR") -> 0 | O3: =COUNTIFS(O6:O603, "=APAGADO",D4:D601,"=INTERCOMUNICADOR") -> 0 | P3: =COUNTIFS(P6:P603, "=APAGADO",D4:D601,"=INTERCOMUNICADOR") -> 0 | Q3: =COUNTIFS(Q6:Q603, "=APAGADO",D4:D601,"=INTERCOMUNICADOR") -> 0 | R3: =COUNTIFS(R6:R603, "=APAGADO",D4:D601,"=INTERCOMUNICADOR") -> 0 | S3: =COUNTIFS(S6:S603, "=APAGADO",D4:D601,"=INTERCOMUNICADOR") -> 0 | T3: =COUNTIFS(T6:T603, "=APAGADO",D4:D601,"=INTERCOMUNICADOR") -> 0 | U3: =COUNTIFS(U6:U603, "=APAGADO",D4:D601,"=INTERCOMUNICADOR") -> 0 | V3: =COUNTIFS(V6:V603, "=APAGADO",D4:D601,"=INTERCOMUNICADOR") -> 0 | W3: =COUNTIFS(W6:W603, "=APAGADO",D4:D601,"=INTERCOMUNICADOR") -> 0 | X3: =COUNTIFS(X6:X603, "=APAGADO",D4:D601,"=INTERCOMUNICADOR") -> 0 | Y3: =COUNTIFS(Y6:Y603, "=APAGADO",D4:D601,"=INTERCOMUNICADOR") -> 0 | Z3: =COUNTIFS(Z6:Z603, "=APAGADO",D4:D601,"=INTERCOMUNICADOR") -> 0 | AA3: =COUNTIFS(AA6:AA603, "=APAGADO",D4:D601,"=INTERCOMUNICADOR") -> 0 | AB3: =COUNTIFS(AB6:AB603, "=APAGADO",D4:D601,"=INTERCOMUNICADOR") -> 0 | AC3: =COUNTIFS(AC6:AC603, "=APAGADO",D4:D601,"=INTERCOMUNICADOR") -> 0 | AD3: =COUNTIFS(AD6:AD603, "=APAGADO",D4:D601,"=INTERCOMUNICADOR") -> 0 | AE3: =COUNTIFS(AE6:AE603, "=APAGADO",D4:D601,"=INTERCOMUNICADOR") -> 0 | AF3: =COUNTIFS(AF6:AF603, "=APAGADO",D4:D601,"=INTERCOMUNICADOR") -> 0 | AG3: =COUNTIFS(AG6:AG603, "=APAGADO",D4:D601,"=INTERCOMUNICADOR") -> 0 | AH3: =COUNTIFS(AH6:AH603, "=APAGADO",D4:D601,"=INTERCOMUNICADOR") -> 0 | AI3: =COUNTIFS(AI6:AI603, "=APAGADO",D4:D601,"=INTERCOMUNICADOR") -> 0 | AJ3: =COUNTIFS(AJ6:AJ603, "=APAGADO",E4:E601,"=INTERCOMUNICADOR") -> 0
A4: ='RESUMEN TOTAL'!A7 -> Barrio | B4: ='RESUMEN TOTAL'!B7 -> [Denominacion] | C4: ='RESUMEN TOTAL'!D7 -> [Ubicacion] | D4: ='RESUMEN TOTAL'!E7 -> [Tipo de Camara] | E4: ='RESUMEN TOTAL'!F7 -> [Tipo de Conexion] | F4: ='RESUMEN TOTAL'!M7 -> 46023 | G4: ='RESUMEN TOTAL'!N7 -> 46024 | H4: ='RESUMEN TOTAL'!O7 -> 46025 | I4: ='RESUMEN TOTAL'!P7 -> 46026 | J4: ='RESUMEN TOTAL'!Q7 -> 46027 | K4: ='RESUMEN TOTAL'!R7 -> 46028 | L4: ='RESUMEN TOTAL'!S7 -> 46029 | M4: ='RESUMEN TOTAL'!T7 -> 46030 | ... AJ4: ='RESUMEN TOTAL'!AQ7 -> 46053 | XFB4: =SUM(F4:XFA4) -> 1427178
A5: ='RESUMEN TOTAL'!A8 -> ALTAMIRA | B5: ='RESUMEN TOTAL'!B8 -> ALT01 | C5: ='RESUMEN TOTAL'!D8 -> Calchaqui y Sgto. Cabral | D5: ='RESUMEN TOTAL'!E8 -> Domo | E5: ='RESUMEN TOTAL'!F8 -> Fibra Optica | F5: ='RESUMEN TOTAL'!M8 -> 0 | G5: ='RESUMEN TOTAL'!N8 -> 0 | H5: ='RESUMEN TOTAL'!O8 -> 0 | I5: ='RESUMEN TOTAL'!P8 -> 0 | J5: ='RESUMEN TOTAL'!Q8 -> 0 | K5: ='RESUMEN TOTAL'!R8 -> 0 | L5: ='RESUMEN TOTAL'!S8 -> 0 | M5: ='RESUMEN TOTAL'!T8 -> 0 | ... AJ5: ='RESUMEN TOTAL'!AQ8 -> 0
A6: ='RESUMEN TOTAL'!A9 -> ALTAMIRA | B6: ='RESUMEN TOTAL'!B9 -> ALT02 | C6: ='RESUMEN TOTAL'!D9 -> Calchaqui y Lope de Vega | D6: ='RESUMEN TOTAL'!E9 -> Domo | E6: ='RESUMEN TOTAL'!F9 -> PTO A FO | F6: ='RESUMEN TOTAL'!M9 -> 0 | G6: ='RESUMEN TOTAL'!N9 -> 0 | H6: ='RESUMEN TOTAL'!O9 -> 0 | I6: ='RESUMEN TOTAL'!P9 -> 0 | J6: ='RESUMEN TOTAL'!Q9 -> 0 | K6: ='RESUMEN TOTAL'!R9 -> 0 | L6: ='RESUMEN TOTAL'!S9 -> 0 | M6: ='RESUMEN TOTAL'!T9 -> 0 | ... AJ6: ='RESUMEN TOTAL'!AQ9 -> 0
A7: ='RESUMEN TOTAL'!A10 -> ALTAMIRA | B7: ='RESUMEN TOTAL'!B10 -> ALT 03 | C7: ='RESUMEN TOTAL'!D10 -> Bombero Galarza y Necochea | D7: ='RESUMEN TOTAL'!E10 -> Domo | E7: ='RESUMEN TOTAL'!F10 -> GPON | F7: ='RESUMEN TOTAL'!M10 -> 0 | G7: ='RESUMEN TOTAL'!N10 -> 0 | H7: ='RESUMEN TOTAL'!O10 -> 0 | I7: ='RESUMEN TOTAL'!P10 -> 0 | J7: ='RESUMEN TOTAL'!Q10 -> 0 | K7: ='RESUMEN TOTAL'!R10 -> 0 | L7: ='RESUMEN TOTAL'!S10 -> 0 | M7: ='RESUMEN TOTAL'!T10 -> 0 | ... AJ7: ='RESUMEN TOTAL'!AQ10 -> 0
A8: ='RESUMEN TOTAL'!A11 -> ALTAMIRA | B8: ='RESUMEN TOTAL'!B11 -> ALT 04 | C8: ='RESUMEN TOTAL'!D11 -> Francia y Necochea | D8: ='RESUMEN TOTAL'!E11 -> Domo | E8: ='RESUMEN TOTAL'!F11 -> GPON | F8: ='RESUMEN TOTAL'!M11 -> 0 | G8: ='RESUMEN TOTAL'!N11 -> 0 | H8: ='RESUMEN TOTAL'!O11 -> 0 | I8: ='RESUMEN TOTAL'!P11 -> 0 | J8: ='RESUMEN TOTAL'!Q11 -> 0 | K8: ='RESUMEN TOTAL'!R11 -> 0 | L8: ='RESUMEN TOTAL'!S11 -> 0 | M8: ='RESUMEN TOTAL'!T11 -> 0 | ... AJ8: ='RESUMEN TOTAL'!AQ11 -> 0
A9: ='RESUMEN TOTAL'!A12 -> ALTAMIRA | B9: ='RESUMEN TOTAL'!B12 -> ALT05 | C9: ='RESUMEN TOTAL'!D12 -> Av. Calchaqui y Bombero Galarza | D9: ='RESUMEN TOTAL'!E12 -> Domo | E9: ='RESUMEN TOTAL'!F12 -> GPON | F9: ='RESUMEN TOTAL'!M12 -> 0 | G9: ='RESUMEN TOTAL'!N12 -> 0 | H9: ='RESUMEN TOTAL'!O12 -> 0 | I9: ='RESUMEN TOTAL'!P12 -> 0 | J9: ='RESUMEN TOTAL'!Q12 -> 0 | K9: ='RESUMEN TOTAL'!R12 -> 0 | L9: ='RESUMEN TOTAL'!S12 -> 0 | M9: ='RESUMEN TOTAL'!T12 -> 0 | ... AJ9: ='RESUMEN TOTAL'!AQ12 -> 0
A10: ='RESUMEN TOTAL'!A13 -> ALTAMIRA | B10: ='RESUMEN TOTAL'!B13 -> ALT 06 | C10: ='RESUMEN TOTAL'!D13 -> LOPE DE VEGA Y NECOCHEA | D10: ='RESUMEN TOTAL'!E13 -> Domo | E10: ='RESUMEN TOTAL'!F13 -> GPON | F10: ='RESUMEN TOTAL'!M13 -> 0 | G10: ='RESUMEN TOTAL'!N13 -> 0 | H10: ='RESUMEN TOTAL'!O13 -> 0 | I10: ='RESUMEN TOTAL'!P13 -> 0 | J10: ='RESUMEN TOTAL'!Q13 -> 0 | K10: ='RESUMEN TOTAL'!R13 -> 0 | L10: ='RESUMEN TOTAL'!S13 -> 0 | M10: ='RESUMEN TOTAL'!T13 -> 0 | ... AJ10: ='RESUMEN TOTAL'!AQ13 -> 0
A11: ='RESUMEN TOTAL'!A14 -> ALTAMIRA | B11: ='RESUMEN TOTAL'!B14 -> ALT07 | C11: ='RESUMEN TOTAL'!D14 -> AV. CALCHAQUI Y AV. DEL TRABAJO | D11: ='RESUMEN TOTAL'!E14 -> DOMO | E11: ='RESUMEN TOTAL'!F14 -> PTO A FO | F11: ='RESUMEN TOTAL'!M14 -> 0 | G11: ='RESUMEN TOTAL'!N14 -> 0 | H11: ='RESUMEN TOTAL'!O14 -> 0 | I11: ='RESUMEN TOTAL'!P14 -> 0 | J11: ='RESUMEN TOTAL'!Q14 -> 0 | K11: ='RESUMEN TOTAL'!R14 -> 0 | L11: ='RESUMEN TOTAL'!S14 -> 0 | M11: ='RESUMEN TOTAL'!T14 -> 0 | ... AJ11: ='RESUMEN TOTAL'!AQ14 -> 0
A12: ='RESUMEN TOTAL'!A15 -> ALTAMIRA | B12: ='RESUMEN TOTAL'!B15 -> ALT 08 | C12: ='RESUMEN TOTAL'!D15 -> HUMAITA Y NECOCHEA | D12: ='RESUMEN TOTAL'!E15 -> DOMO | E12: ='RESUMEN TOTAL'!F15 -> Fibra Optica | F12: ='RESUMEN TOTAL'!M15 -> 0 | G12: ='RESUMEN TOTAL'!N15 -> 0 | H12: ='RESUMEN TOTAL'!O15 -> 0 | I12: ='RESUMEN TOTAL'!P15 -> 0 | J12: ='RESUMEN TOTAL'!Q15 -> 0 | K12: ='RESUMEN TOTAL'!R15 -> 0 | L12: ='RESUMEN TOTAL'!S15 -> 0 | M12: ='RESUMEN TOTAL'!T15 -> 0 | ... AJ12: ='RESUMEN TOTAL'!AQ15 -> 0
A13: ='RESUMEN TOTAL'!A16 -> ALTAMIRA | B13: ='RESUMEN TOTAL'!B16 -> ALT 09 | C13: ='RESUMEN TOTAL'!D16 -> NECOCHEA Y CURUPAITY | D13: ='RESUMEN TOTAL'!E16 -> DOMO | E13: ='RESUMEN TOTAL'!F16 -> Fibra Optica | F13: ='RESUMEN TOTAL'!M16 -> 0 | G13: ='RESUMEN TOTAL'!N16 -> 0 | H13: ='RESUMEN TOTAL'!O16 -> 0 | I13: ='RESUMEN TOTAL'!P16 -> 0 | J13: ='RESUMEN TOTAL'!Q16 -> 0 | K13: ='RESUMEN TOTAL'!R16 -> 0 | L13: ='RESUMEN TOTAL'!S16 -> 0 | M13: ='RESUMEN TOTAL'!T16 -> 0 | ... AJ13: ='RESUMEN TOTAL'!AQ16 -> 0
A14: ='RESUMEN TOTAL'!A17 -> ALTAMIRA | B14: ='RESUMEN TOTAL'!B17 -> ALT 10 | C14: ='RESUMEN TOTAL'!D17 -> Calchaqui y Francia | D14: ='RESUMEN TOTAL'!E17 -> Domo | E14: ='RESUMEN TOTAL'!F17 -> GPON | F14: ='RESUMEN TOTAL'!M17 -> 0 | G14: ='RESUMEN TOTAL'!N17 -> 0 | H14: ='RESUMEN TOTAL'!O17 -> 0 | I14: ='RESUMEN TOTAL'!P17 -> 0 | J14: ='RESUMEN TOTAL'!Q17 -> 0 | K14: ='RESUMEN TOTAL'!R17 -> 0 | L14: ='RESUMEN TOTAL'!S17 -> 0 | M14: ='RESUMEN TOTAL'!T17 -> 0 | ... AJ14: ='RESUMEN TOTAL'!AQ17 -> 0
A15: ='RESUMEN TOTAL'!A18 -> ALTAMIRA | B15: ='RESUMEN TOTAL'!B18 -> ALT 11 | C15: CALCHAQUÍ Y GALARZA FIJA | D15: ='RESUMEN TOTAL'!E18 -> Fija | F15: ='RESUMEN TOTAL'!M18 -> 0 | G15: ='RESUMEN TOTAL'!N18 -> 0 | H15: ='RESUMEN TOTAL'!O18 -> 0 | I15: ='RESUMEN TOTAL'!P18 -> 0 | J15: ='RESUMEN TOTAL'!Q18 -> 0 | K15: ='RESUMEN TOTAL'!R18 -> 0 | L15: ='RESUMEN TOTAL'!S18 -> 0 | M15: ='RESUMEN TOTAL'!T18 -> 0 | ... AJ15: ='RESUMEN TOTAL'!AQ18 -> 0
A16: ='RESUMEN TOTAL'!A19 -> AGUSTIN RAMIREZ | B16: ='RESUMEN TOTAL'!B19 -> ARA 01 | C16: ='RESUMEN TOTAL'!D19 -> Malambo y Tranquera | D16: ='RESUMEN TOTAL'!E19 -> Domo | E16: ='RESUMEN TOTAL'!F19 -> Fibra Optica | F16: ='RESUMEN TOTAL'!M19 -> 0 | G16: ='RESUMEN TOTAL'!N19 -> 0 | H16: ='RESUMEN TOTAL'!O19 -> 0 | I16: ='RESUMEN TOTAL'!P19 -> 0 | J16: ='RESUMEN TOTAL'!Q19 -> 0 | K16: ='RESUMEN TOTAL'!R19 -> 0 | L16: ='RESUMEN TOTAL'!S19 -> 0 | M16: ='RESUMEN TOTAL'!T19 -> 0 | ... AJ16: ='RESUMEN TOTAL'!AQ19 -> 0
A17: ='RESUMEN TOTAL'!A22 -> BELGRANO | B17: ='RESUMEN TOTAL'!B22 -> BEL 01 | C17: ='RESUMEN TOTAL'!D22 -> San Martin y Dardo Rocha | D17: ='RESUMEN TOTAL'!E22 -> DOMO | E17: ='RESUMEN TOTAL'!F22 -> Fibra Optica | F17: ='RESUMEN TOTAL'!M22 -> 0 | G17: ='RESUMEN TOTAL'!N22 -> 0 | H17: ='RESUMEN TOTAL'!O22 -> 0 | I17: ='RESUMEN TOTAL'!P22 -> 0 | J17: ='RESUMEN TOTAL'!Q22 -> 0 | K17: ='RESUMEN TOTAL'!R22 -> 0 | L17: ='RESUMEN TOTAL'!S22 -> 0 | M17: ='RESUMEN TOTAL'!T22 -> 0 | ... AJ17: ='RESUMEN TOTAL'!AQ22 -> 0
A18: ='RESUMEN TOTAL'!A23 -> BELGRANO | B18: ='RESUMEN TOTAL'!B23 -> BEL 02 | C18: ='RESUMEN TOTAL'!D23 -> Guardia vieja y Fronteriz | D18: ='RESUMEN TOTAL'!E23 -> DOMO | E18: ='RESUMEN TOTAL'!F23 -> Fibra Optica | F18: ='RESUMEN TOTAL'!M23 -> 0 | G18: ='RESUMEN TOTAL'!N23 -> 0 | H18: ='RESUMEN TOTAL'!O23 -> 0 | I18: ='RESUMEN TOTAL'!P23 -> 0 | J18: ='RESUMEN TOTAL'!Q23 -> 0 | K18: ='RESUMEN TOTAL'!R23 -> 0 | L18: ='RESUMEN TOTAL'!S23 -> 0 | M18: ='RESUMEN TOTAL'!T23 -> 0 | ... AJ18: ='RESUMEN TOTAL'!AQ23 -> 0
A19: ='RESUMEN TOTAL'!A24 -> BOSQUES CENTRO | B19: ='RESUMEN TOTAL'!B24 -> BOSQC 01 | C19: ='RESUMEN TOTAL'!D24 -> LUIS AGOTE E/DANUNCIO Y CAMPOAMOR | D19: ='RESUMEN TOTAL'!E24 -> Fija | E19: ='RESUMEN TOTAL'!F24 -> PTO A FO | F19: ='RESUMEN TOTAL'!M24 -> 0 | G19: ='RESUMEN TOTAL'!N24 -> 0 | H19: ='RESUMEN TOTAL'!O24 -> 0 | I19: ='RESUMEN TOTAL'!P24 -> 0 | J19: ='RESUMEN TOTAL'!Q24 -> 0 | K19: ='RESUMEN TOTAL'!R24 -> 0 | L19: ='RESUMEN TOTAL'!S24 -> 0 | M19: ='RESUMEN TOTAL'!T24 -> 0 | ... AJ19: ='RESUMEN TOTAL'!AQ24 -> 0
A20: ='RESUMEN TOTAL'!A25 -> BOSQUES CENTRO | B20: ='RESUMEN TOTAL'!B25 -> BOSQC 02 | C20: ='RESUMEN TOTAL'!D25 -> LUIS AGOTE E/DANUNCIO Y CAMPOAMOR | D20: ='RESUMEN TOTAL'!E25 -> Fija | E20: ='RESUMEN TOTAL'!F25 -> PTO A FO | F20: ='RESUMEN TOTAL'!M25 -> 0 | G20: ='RESUMEN TOTAL'!N25 -> 0 | H20: ='RESUMEN TOTAL'!O25 -> 0 | I20: ='RESUMEN TOTAL'!P25 -> 0 | J20: ='RESUMEN TOTAL'!Q25 -> 0 | K20: ='RESUMEN TOTAL'!R25 -> 0 | L20: ='RESUMEN TOTAL'!S25 -> 0 | M20: ='RESUMEN TOTAL'!T25 -> 0 | ... AJ20: ='RESUMEN TOTAL'!AQ25 -> 0
A21: ='RESUMEN TOTAL'!A26 -> BOSQUES CENTRO | B21: ='RESUMEN TOTAL'!B26 -> BOSQC 03 | C21: ='RESUMEN TOTAL'!D26 -> BENAVENTE Y LUIS AGOTE | D21: ='RESUMEN TOTAL'!E26 -> Fija | E21: ='RESUMEN TOTAL'!F26 -> PTO A FO | F21: ='RESUMEN TOTAL'!M26 -> 0 | G21: ='RESUMEN TOTAL'!N26 -> 0 | H21: ='RESUMEN TOTAL'!O26 -> 0 | I21: ='RESUMEN TOTAL'!P26 -> 0 | J21: ='RESUMEN TOTAL'!Q26 -> 0 | K21: ='RESUMEN TOTAL'!R26 -> 0 | L21: ='RESUMEN TOTAL'!S26 -> 0 | M21: ='RESUMEN TOTAL'!T26 -> 0 | ... AJ21: ='RESUMEN TOTAL'!AQ26 -> 0
A22: ='RESUMEN TOTAL'!A27 -> BOSQUES CENTRO | B22: ='RESUMEN TOTAL'!B27 -> BOSQC 04 | C22: ='RESUMEN TOTAL'!D27 -> BENAVENTE Y LUIS AGOTE | D22: ='RESUMEN TOTAL'!E27 -> Fija | E22: ='RESUMEN TOTAL'!F27 -> PTO A FO | F22: ='RESUMEN TOTAL'!M27 -> 0 | G22: ='RESUMEN TOTAL'!N27 -> 0 | H22: ='RESUMEN TOTAL'!O27 -> 0 | I22: ='RESUMEN TOTAL'!P27 -> 0 | J22: ='RESUMEN TOTAL'!Q27 -> 0 | K22: ='RESUMEN TOTAL'!R27 -> 0 | L22: ='RESUMEN TOTAL'!S27 -> 0 | M22: ='RESUMEN TOTAL'!T27 -> 0 | ... AJ22: ='RESUMEN TOTAL'!AQ27 -> 0
A23: ='RESUMEN TOTAL'!A28 -> BOSQUES CENTRO | B23: ='RESUMEN TOTAL'!B28 -> BOSQC 05 | C23: ='RESUMEN TOTAL'!D28 -> LUIS AGOTE Y RUTA 36 | D23: ='RESUMEN TOTAL'!E28 -> Fija | E23: ='RESUMEN TOTAL'!F28 -> PTO A FO | F23: ='RESUMEN TOTAL'!M28 -> 0 | G23: ='RESUMEN TOTAL'!N28 -> 0 | H23: ='RESUMEN TOTAL'!O28 -> 0 | I23: ='RESUMEN TOTAL'!P28 -> 0 | J23: ='RESUMEN TOTAL'!Q28 -> 0 | K23: ='RESUMEN TOTAL'!R28 -> 0 | L23: ='RESUMEN TOTAL'!S28 -> 0 | M23: ='RESUMEN TOTAL'!T28 -> 0 | ... AJ23: ='RESUMEN TOTAL'!AQ28 -> 0
A24: ='RESUMEN TOTAL'!A29 -> BOSQUES CENTRO | B24: ='RESUMEN TOTAL'!B29 -> BOSQC 06 | C24: ='RESUMEN TOTAL'!D29 -> LUIS AGOTE Y RUTA 36 | D24: ='RESUMEN TOTAL'!E29 -> Fija | E24: ='RESUMEN TOTAL'!F29 -> PTO A FO | F24: ='RESUMEN TOTAL'!M29 -> 0 | G24: ='RESUMEN TOTAL'!N29 -> 0 | H24: ='RESUMEN TOTAL'!O29 -> 0 | I24: ='RESUMEN TOTAL'!P29 -> 0 | J24: ='RESUMEN TOTAL'!Q29 -> 0 | K24: ='RESUMEN TOTAL'!R29 -> 0 | L24: ='RESUMEN TOTAL'!S29 -> 0 | M24: ='RESUMEN TOTAL'!T29 -> 0 | ... AJ24: ='RESUMEN TOTAL'!AQ29 -> 0
A25: ='RESUMEN TOTAL'!A46 -> CENTRO | B25: ='RESUMEN TOTAL'!B46 -> CEN01 | C25: ='RESUMEN TOTAL'!D46 -> San Martin y 9 de Julio | D25: ='RESUMEN TOTAL'!E46 -> Fija | E25: ='RESUMEN TOTAL'!F46 -> Fibra Optica | F25: ='RESUMEN TOTAL'!M46 -> 0 | G25: ='RESUMEN TOTAL'!N46 -> 0 | H25: ='RESUMEN TOTAL'!O46 -> 0 | I25: ='RESUMEN TOTAL'!P46 -> 0 | J25: ='RESUMEN TOTAL'!Q46 -> 0 | K25: ='RESUMEN TOTAL'!R46 -> 0 | L25: ='RESUMEN TOTAL'!S46 -> 0 | M25: ='RESUMEN TOTAL'!T46 -> 0 | ... AJ25: ='RESUMEN TOTAL'!AQ46 -> 0
A26: ='RESUMEN TOTAL'!A47 -> CENTRO | B26: ='RESUMEN TOTAL'!B47 -> CEN02 | C26: ='RESUMEN TOTAL'!D47 -> San Martin y Almafuerte | D26: ='RESUMEN TOTAL'!E47 -> Fija | E26: ='RESUMEN TOTAL'!F47 -> Fibra Optica | F26: ='RESUMEN TOTAL'!M47 -> 0 | G26: ='RESUMEN TOTAL'!N47 -> 0 | H26: ='RESUMEN TOTAL'!O47 -> 0 | I26: ='RESUMEN TOTAL'!P47 -> 0 | J26: ='RESUMEN TOTAL'!Q47 -> 0 | K26: ='RESUMEN TOTAL'!R47 -> 0 | L26: ='RESUMEN TOTAL'!S47 -> 0 | M26: ='RESUMEN TOTAL'!T47 -> 0 | ... AJ26: ='RESUMEN TOTAL'!AQ47 -> 0
A27: ='RESUMEN TOTAL'!A48 -> CENTRO | B27: ='RESUMEN TOTAL'!B48 -> CEN03 | C27: ='RESUMEN TOTAL'!D48 -> San Martin y Sallares | D27: ='RESUMEN TOTAL'!E48 -> Domo | E27: ='RESUMEN TOTAL'!F48 -> Fibra Optica | F27: ='RESUMEN TOTAL'!M48 -> 0 | G27: ='RESUMEN TOTAL'!N48 -> 0 | H27: ='RESUMEN TOTAL'!O48 -> 0 | I27: ='RESUMEN TOTAL'!P48 -> 0 | J27: ='RESUMEN TOTAL'!Q48 -> 0 | K27: ='RESUMEN TOTAL'!R48 -> 0 | L27: ='RESUMEN TOTAL'!S48 -> 0 | M27: ='RESUMEN TOTAL'!T48 -> 0 | ... AJ27: ='RESUMEN TOTAL'!AQ48 -> 0
A28: ='RESUMEN TOTAL'!A49 -> CENTRO | B28: ='RESUMEN TOTAL'!B49 -> CEN04 | C28: ='RESUMEN TOTAL'!D49 -> San Martin y Contreras | D28: ='RESUMEN TOTAL'!E49 -> Domo | E28: ='RESUMEN TOTAL'!F49 -> Fibra Optica | F28: ='RESUMEN TOTAL'!M49 -> 0 | G28: ='RESUMEN TOTAL'!N49 -> 0 | H28: ='RESUMEN TOTAL'!O49 -> 0 | I28: ='RESUMEN TOTAL'!P49 -> 0 | J28: ='RESUMEN TOTAL'!Q49 -> 0 | K28: ='RESUMEN TOTAL'!R49 -> 0 | L28: ='RESUMEN TOTAL'!S49 -> 0 | M28: ='RESUMEN TOTAL'!T49 -> 0 | ... AJ28: ='RESUMEN TOTAL'!AQ49 -> 0
A29: ='RESUMEN TOTAL'!A50 -> CENTRO | B29: ='RESUMEN TOTAL'!B50 -> CEN 05 | C29: ='RESUMEN TOTAL'!D50 -> Bocuzzi e/España y San Martin | D29: ='RESUMEN TOTAL'!E50 -> DOMO | E29: ='RESUMEN TOTAL'!F50 -> Fibra Optica | F29: ='RESUMEN TOTAL'!M50 -> 0 | G29: ='RESUMEN TOTAL'!N50 -> 0 | H29: ='RESUMEN TOTAL'!O50 -> 0 | I29: ='RESUMEN TOTAL'!P50 -> 0 | J29: ='RESUMEN TOTAL'!Q50 -> 0 | K29: ='RESUMEN TOTAL'!R50 -> 0 | L29: ='RESUMEN TOTAL'!S50 -> 0 | M29: ='RESUMEN TOTAL'!T50 -> 0 | ... AJ29: ='RESUMEN TOTAL'!AQ50 -> 0
A30: ='RESUMEN TOTAL'!A51 -> CENTRO | B30: ='RESUMEN TOTAL'!B51 -> CEN06 | C30: ='RESUMEN TOTAL'!D51 -> Monteagudo y A.del Valle | D30: ='RESUMEN TOTAL'!E51 -> Fija | E30: ='RESUMEN TOTAL'!F51 -> Fibra Optica | F30: ='RESUMEN TOTAL'!M51 -> 0 | G30: ='RESUMEN TOTAL'!N51 -> 0 | H30: ='RESUMEN TOTAL'!O51 -> 0 | I30: ='RESUMEN TOTAL'!P51 -> 0 | J30: ='RESUMEN TOTAL'!Q51 -> 0 | K30: ='RESUMEN TOTAL'!R51 -> 0 | L30: ='RESUMEN TOTAL'!S51 -> 0 | M30: ='RESUMEN TOTAL'!T51 -> 0 | ... AJ30: ='RESUMEN TOTAL'!AQ51 -> 0
A31: ='RESUMEN TOTAL'!A52 -> CENTRO | B31: ='RESUMEN TOTAL'!B52 -> CEN07 | C31: ='RESUMEN TOTAL'!D52 -> San Martin y Guemes | D31: ='RESUMEN TOTAL'!E52 -> DOMO | E31: ='RESUMEN TOTAL'!F52 -> Fibra Optica | F31: ='RESUMEN TOTAL'!M52 -> 0 | G31: ='RESUMEN TOTAL'!N52 -> 0 | H31: ='RESUMEN TOTAL'!O52 -> 0 | I31: ='RESUMEN TOTAL'!P52 -> 0 | J31: ='RESUMEN TOTAL'!Q52 -> 0 | K31: ='RESUMEN TOTAL'!R52 -> 0 | L31: ='RESUMEN TOTAL'!S52 -> 0 | M31: ='RESUMEN TOTAL'!T52 -> 0 | ... AJ31: ='RESUMEN TOTAL'!AQ52 -> 0
A32: ='RESUMEN TOTAL'!A53 -> CENTRO | B32: ='RESUMEN TOTAL'!B53 -> CEN08 | C32: ='RESUMEN TOTAL'!D53 -> San Martin y Pte.Peron | D32: ='RESUMEN TOTAL'!E53 -> Domo | E32: ='RESUMEN TOTAL'!F53 -> Fibra Optica | F32: ='RESUMEN TOTAL'!M53 -> 0 | G32: ='RESUMEN TOTAL'!N53 -> 0 | H32: ='RESUMEN TOTAL'!O53 -> 0 | I32: ='RESUMEN TOTAL'!P53 -> 0 | J32: ='RESUMEN TOTAL'!Q53 -> 0 | K32: ='RESUMEN TOTAL'!R53 -> 0 | L32: ='RESUMEN TOTAL'!S53 -> 0 | M32: ='RESUMEN TOTAL'!T53 -> 0 | ... AJ32: ='RESUMEN TOTAL'!AQ53 -> 0
A33: ='RESUMEN TOTAL'!A54 -> CENTRO | B33: ='RESUMEN TOTAL'!B54 -> CEN09 | C33: ='RESUMEN TOTAL'!D54 -> Chacabuco y 25 de Mayo | D33: ='RESUMEN TOTAL'!E54 -> Domo | E33: ='RESUMEN TOTAL'!F54 -> Fibra Optica | F33: ='RESUMEN TOTAL'!M54 -> 0 | G33: ='RESUMEN TOTAL'!N54 -> 0 | H33: ='RESUMEN TOTAL'!O54 -> 0 | I33: ='RESUMEN TOTAL'!P54 -> 0 | J33: ='RESUMEN TOTAL'!Q54 -> 0 | K33: ='RESUMEN TOTAL'!R54 -> 0 | L33: ='RESUMEN TOTAL'!S54 -> 0 | M33: ='RESUMEN TOTAL'!T54 -> 0 | ... AJ33: ='RESUMEN TOTAL'!AQ54 -> 0
A34: ='RESUMEN TOTAL'!A55 -> CENTRO | B34: ='RESUMEN TOTAL'!B55 -> CEN10 | C34: ='RESUMEN TOTAL'!D55 -> Monteagudo y Pte. Peron | D34: ='RESUMEN TOTAL'!E55 -> Domo | E34: ='RESUMEN TOTAL'!F55 -> Fibra Optica | F34: ='RESUMEN TOTAL'!M55 -> 0 | G34: ='RESUMEN TOTAL'!N55 -> 0 | H34: ='RESUMEN TOTAL'!O55 -> 0 | I34: ='RESUMEN TOTAL'!P55 -> 0 | J34: ='RESUMEN TOTAL'!Q55 -> 0 | K34: ='RESUMEN TOTAL'!R55 -> 0 | L34: ='RESUMEN TOTAL'!S55 -> 0 | M34: ='RESUMEN TOTAL'!T55 -> 0 | ... AJ34: ='RESUMEN TOTAL'!AQ55 -> 0
A35: ='RESUMEN TOTAL'!A56 -> CENTRO | B35: ='RESUMEN TOTAL'!B56 -> CEN11 | C35: ='RESUMEN TOTAL'!D56 -> Monteagudo y Bocuzzi | D35: ='RESUMEN TOTAL'!E56 -> Domo | E35: ='RESUMEN TOTAL'!F56 -> Fibra Optica | F35: ='RESUMEN TOTAL'!M56 -> 0 | G35: ='RESUMEN TOTAL'!N56 -> 0 | H35: ='RESUMEN TOTAL'!O56 -> 0 | I35: ='RESUMEN TOTAL'!P56 -> 0 | J35: ='RESUMEN TOTAL'!Q56 -> 0 | K35: ='RESUMEN TOTAL'!R56 -> 0 | L35: ='RESUMEN TOTAL'!S56 -> 0 | M35: ='RESUMEN TOTAL'!T56 -> 0 | ... AJ35: ='RESUMEN TOTAL'!AQ56 -> 0
A36: ='RESUMEN TOTAL'!A57 -> CENTRO | B36: ='RESUMEN TOTAL'!B57 -> CEN 12 | C36: ='RESUMEN TOTAL'!D57 -> Monteagudo y Mitre | D36: ='RESUMEN TOTAL'!E57 -> Domo | E36: ='RESUMEN TOTAL'!F57 -> Fibra Optica | F36: ='RESUMEN TOTAL'!M57 -> 0 | G36: ='RESUMEN TOTAL'!N57 -> 0 | H36: ='RESUMEN TOTAL'!O57 -> 0 | I36: ='RESUMEN TOTAL'!P57 -> 0 | J36: ='RESUMEN TOTAL'!Q57 -> 0 | K36: ='RESUMEN TOTAL'!R57 -> 0 | L36: ='RESUMEN TOTAL'!S57 -> 0 | M36: ='RESUMEN TOTAL'!T57 -> 0 | ... AJ36: ='RESUMEN TOTAL'!AQ57 -> 0
... A71: ='RESUMEN TOTAL'!A92 -> CENTRO | B71: ='RESUMEN TOTAL'!B92 -> CEN47 | C71: ='RESUMEN TOTAL'!D92 -> Sallares y Brown | D71: ='RESUMEN TOTAL'!E92 -> Domo | E71: ='RESUMEN TOTAL'!F92 -> Fibra Optica | F71: ='RESUMEN TOTAL'!M92 -> 0 | G71: ='RESUMEN TOTAL'!N92 -> 0 | H71: ='RESUMEN TOTAL'!O92 -> 0 | I71: ='RESUMEN TOTAL'!P92 -> 0 | J71: ='RESUMEN TOTAL'!Q92 -> 0 | K71: ='RESUMEN TOTAL'!R92 -> 0 | L71: ='RESUMEN TOTAL'!S92 -> 0 | M71: ='RESUMEN TOTAL'!T92 -> 0 | ... AJ71: ='RESUMEN TOTAL'!AQ92 -> 0
A72: ='RESUMEN TOTAL'!A93 -> CENTRO | B72: ='RESUMEN TOTAL'!B93 -> CEN48 | C72: ='RESUMEN TOTAL'!D93 -> Velez Sarsfield y Las Heras | D72: ='RESUMEN TOTAL'!E93 -> Domo | E72: ='RESUMEN TOTAL'!F93 -> GPON | F72: ='RESUMEN TOTAL'!M93 -> 0 | G72: ='RESUMEN TOTAL'!N93 -> 0 | H72: ='RESUMEN TOTAL'!O93 -> 0 | I72: ='RESUMEN TOTAL'!P93 -> 0 | J72: ='RESUMEN TOTAL'!Q93 -> 0 | K72: ='RESUMEN TOTAL'!R93 -> 0 | L72: ='RESUMEN TOTAL'!S93 -> 0 | M72: ='RESUMEN TOTAL'!T93 -> 0 | ... Z72: ='RESUMEN TOTAL'!AG93 -> 0 | AA72: ='RESUMEN TOTAL'!#REF! -> #REF! | AB72: ='RESUMEN TOTAL'!AI93 -> 0 | AC72: ='RESUMEN TOTAL'!AJ93 -> 0 | AD72: ='RESUMEN TOTAL'!AK93 -> 0 | AE72: ='RESUMEN TOTAL'!AL93 -> 0 | AF72: ='RESUMEN TOTAL'!AM93 -> 0 | AG72: ='RESUMEN TOTAL'!AN93 -> 0 | AH72: ='RESUMEN TOTAL'!AO93 -> 0 | AI72: ='RESUMEN TOTAL'!AP93 -> 0 | AJ72: ='RESUMEN TOTAL'!AQ93 -> 0
A73: ='RESUMEN TOTAL'!A94 -> CENTRO | B73: ='RESUMEN TOTAL'!B94 -> CEN49 | C73: ='RESUMEN TOTAL'!D94 -> Av. San Martin y Florencio Sanchez | D73: ='RESUMEN TOTAL'!E94 -> Domo | E73: ='RESUMEN TOTAL'!F94 -> Fibra Optica | F73: ='RESUMEN TOTAL'!M94 -> 0 | G73: ='RESUMEN TOTAL'!N94 -> 0 | H73: ='RESUMEN TOTAL'!O94 -> 0 | I73: ='RESUMEN TOTAL'!P94 -> 0 | J73: ='RESUMEN TOTAL'!Q94 -> 0 | K73: ='RESUMEN TOTAL'!R94 -> 0 | L73: ='RESUMEN TOTAL'!S94 -> 0 | M73: ='RESUMEN TOTAL'!T94 -> 0 | ... AJ73: ='RESUMEN TOTAL'!AQ94 -> 0
A74: ='RESUMEN TOTAL'!A95 -> CENTRO | B74: ='RESUMEN TOTAL'!B95 -> CEN 50 | C74: ='RESUMEN TOTAL'!D95 -> Av. San Martin y Newbery | D74: ='RESUMEN TOTAL'!E95 -> Domo | E74: ='RESUMEN TOTAL'!F95 -> GPON | F74: ='RESUMEN TOTAL'!M95 -> 0 | G74: ='RESUMEN TOTAL'!N95 -> 0 | H74: ='RESUMEN TOTAL'!O95 -> 0 | I74: ='RESUMEN TOTAL'!P95 -> 0 | J74: ='RESUMEN TOTAL'!Q95 -> 0 | K74: ='RESUMEN TOTAL'!R95 -> 0 | L74: ='RESUMEN TOTAL'!S95 -> 0 | M74: ='RESUMEN TOTAL'!T95 -> 0 | ... AJ74: ='RESUMEN TOTAL'!AQ95 -> 0
A75: ='RESUMEN TOTAL'!A96 -> CENTRO | B75: ='RESUMEN TOTAL'!B96 -> CEN 51 | C75: ='RESUMEN TOTAL'!D96 -> ILLIA Y LAS HERAS | D75: ='RESUMEN TOTAL'!E96 -> FIJA | E75: ='RESUMEN TOTAL'!F96 -> GPON | F75: ='RESUMEN TOTAL'!M96 -> 0 | G75: ='RESUMEN TOTAL'!N96 -> 0 | H75: ='RESUMEN TOTAL'!O96 -> 0 | I75: ='RESUMEN TOTAL'!P96 -> 0 | J75: ='RESUMEN TOTAL'!Q96 -> 0 | K75: ='RESUMEN TOTAL'!R96 -> 0 | L75: ='RESUMEN TOTAL'!S96 -> 0 | M75: ='RESUMEN TOTAL'!T96 -> 0 | ... AJ75: ='RESUMEN TOTAL'!AQ96 -> 0
A76: ='RESUMEN TOTAL'!A97 -> CENTRO | B76: ='RESUMEN TOTAL'!B97 -> CEN52 | C76: ='RESUMEN TOTAL'!D97 -> San Martin y Almafuerte (ex San Martin y Dorrego) | D76: ='RESUMEN TOTAL'!E97 -> DOMO | E76: ='RESUMEN TOTAL'!F97 -> GPON | F76: ='RESUMEN TOTAL'!M97 -> 0 | G76: ='RESUMEN TOTAL'!N97 -> 0 | H76: ='RESUMEN TOTAL'!O97 -> 0 | I76: ='RESUMEN TOTAL'!P97 -> 0 | J76: ='RESUMEN TOTAL'!Q97 -> 0 | K76: ='RESUMEN TOTAL'!R97 -> 0 | L76: ='RESUMEN TOTAL'!S97 -> 0 | M76: ='RESUMEN TOTAL'!T97 -> 0 | ... AJ76: ='RESUMEN TOTAL'!AQ97 -> 0
A77: ='RESUMEN TOTAL'!A98 -> CENTRO | B77: ='RESUMEN TOTAL'!B98 -> CEN 53 | C77: ='RESUMEN TOTAL'!D98 -> GUTIERREZ Y BROWN | D77: ='RESUMEN TOTAL'!E98 -> Domo | E77: ='RESUMEN TOTAL'!F98 -> GPON | F77: ='RESUMEN TOTAL'!M98 -> 0 | G77: ='RESUMEN TOTAL'!N98 -> 0 | H77: ='RESUMEN TOTAL'!O98 -> 0 | I77: ='RESUMEN TOTAL'!P98 -> 0 | J77: ='RESUMEN TOTAL'!Q98 -> 0 | K77: ='RESUMEN TOTAL'!R98 -> 0 | L77: ='RESUMEN TOTAL'!S98 -> 0 | M77: ='RESUMEN TOTAL'!T98 -> 0 | ... AJ77: ='RESUMEN TOTAL'!AQ98 -> 0
A78: ='RESUMEN TOTAL'!A99 -> CENTRO | B78: ='RESUMEN TOTAL'!B99 -> CEN 54 | C78: ='RESUMEN TOTAL'!D99 -> GUTIERREZ Y PRINGLES | D78: ='RESUMEN TOTAL'!E99 -> Domo | E78: ='RESUMEN TOTAL'!F99 -> GPON | F78: ='RESUMEN TOTAL'!M99 -> 0 | G78: ='RESUMEN TOTAL'!N99 -> 0 | H78: ='RESUMEN TOTAL'!O99 -> 0 | I78: ='RESUMEN TOTAL'!P99 -> 0 | J78: ='RESUMEN TOTAL'!Q99 -> 0 | K78: ='RESUMEN TOTAL'!R99 -> 0 | L78: ='RESUMEN TOTAL'!S99 -> 0 | M78: ='RESUMEN TOTAL'!T99 -> 0 | ... AJ78: ='RESUMEN TOTAL'!AQ99 -> 0
A79: ='RESUMEN TOTAL'!A100 -> CENTRO | B79: ='RESUMEN TOTAL'!B100 -> CEN 55 | C79: ='RESUMEN TOTAL'!D100 -> BOUREL Y URQUIZA | D79: ='RESUMEN TOTAL'!E100 -> Domo | E79: ='RESUMEN TOTAL'!F100 -> GPON | F79: ='RESUMEN TOTAL'!M100 -> 0 | G79: ='RESUMEN TOTAL'!N100 -> 0 | H79: ='RESUMEN TOTAL'!O100 -> 0 | I79: ='RESUMEN TOTAL'!P100 -> 0 | J79: ='RESUMEN TOTAL'!Q100 -> 0 | K79: ='RESUMEN TOTAL'!R100 -> 0 | L79: ='RESUMEN TOTAL'!S100 -> 0 | M79: ='RESUMEN TOTAL'!T100 -> 0 | ... AJ79: ='RESUMEN TOTAL'!AQ100 -> 0
A80: ='RESUMEN TOTAL'!A101 -> CENTRO | B80: ='RESUMEN TOTAL'!B101 -> CEN 56 | C80: ='RESUMEN TOTAL'!D101 -> Newbery y Falucho | D80: ='RESUMEN TOTAL'!E101 -> DOMO | E80: ='RESUMEN TOTAL'!F101 -> GPON | F80: ='RESUMEN TOTAL'!M101 -> 0 | G80: ='RESUMEN TOTAL'!N101 -> 0 | H80: ='RESUMEN TOTAL'!O101 -> 0 | I80: ='RESUMEN TOTAL'!P101 -> 0 | J80: ='RESUMEN TOTAL'!Q101 -> 0 | K80: ='RESUMEN TOTAL'!R101 -> 0 | L80: ='RESUMEN TOTAL'!S101 -> 0 | M80: ='RESUMEN TOTAL'!T101 -> 0 | ... AJ80: ='RESUMEN TOTAL'!AQ101 -> 0
A81: ='RESUMEN TOTAL'!A102 -> CENTRO | B81: ='RESUMEN TOTAL'!B102 -> CEN 57 | C81: ='RESUMEN TOTAL'!D102 -> 25 DE MAYO Y DORREGO | D81: ='RESUMEN TOTAL'!E102 -> DOMO | E81: ='RESUMEN TOTAL'!F102 -> GPON | F81: ='RESUMEN TOTAL'!M102 -> 0 | G81: ='RESUMEN TOTAL'!N102 -> 0 | H81: ='RESUMEN TOTAL'!O102 -> 0 | I81: ='RESUMEN TOTAL'!P102 -> 0 | J81: ='RESUMEN TOTAL'!Q102 -> 0 | K81: ='RESUMEN TOTAL'!R102 -> 0 | L81: ='RESUMEN TOTAL'!S102 -> 0 | M81: ='RESUMEN TOTAL'!T102 -> 0 | ... AJ81: ='RESUMEN TOTAL'!AQ102 -> 0
A82: ='RESUMEN TOTAL'!A103 -> CENTRO | B82: ='RESUMEN TOTAL'!B103 -> CEN 58 | C82: ='RESUMEN TOTAL'!D103 -> EEUU Y MORENO | D82: ='RESUMEN TOTAL'!E103 -> DOMO | E82: ='RESUMEN TOTAL'!F103 -> Fibra Optica | F82: ='RESUMEN TOTAL'!M103 -> 0 | G82: ='RESUMEN TOTAL'!N103 -> 0 | H82: ='RESUMEN TOTAL'!O103 -> 0 | I82: ='RESUMEN TOTAL'!P103 -> 0 | J82: ='RESUMEN TOTAL'!Q103 -> 0 | K82: ='RESUMEN TOTAL'!R103 -> 0 | L82: ='RESUMEN TOTAL'!S103 -> 0 | M82: ='RESUMEN TOTAL'!T103 -> 0 | ... AJ82: ='RESUMEN TOTAL'!AQ103 -> 0
A83: ='RESUMEN TOTAL'!A104 -> CENTRO | B83: ='RESUMEN TOTAL'!B104 -> CEN59 | C83: ='RESUMEN TOTAL'!D104 -> CHACABUCO Y BOUREL | D83: ='RESUMEN TOTAL'!E104 -> DOMO | E83: ='RESUMEN TOTAL'!F104 -> GPON | F83: ='RESUMEN TOTAL'!M104 -> 0 | G83: ='RESUMEN TOTAL'!N104 -> 0 | H83: ='RESUMEN TOTAL'!O104 -> 0 | I83: ='RESUMEN TOTAL'!P104 -> 0 | J83: ='RESUMEN TOTAL'!Q104 -> 0 | K83: ='RESUMEN TOTAL'!R104 -> 0 | L83: ='RESUMEN TOTAL'!S104 -> 0 | M83: ='RESUMEN TOTAL'!T104 -> 0 | ... AJ83: ='RESUMEN TOTAL'!AQ104 -> 0
A84: ='RESUMEN TOTAL'!A105 -> CENTRO | B84: ='RESUMEN TOTAL'!B105 -> CEN 60 | C84: ='RESUMEN TOTAL'!D105 -> RECONQUISTA Y ILLIA | D84: ='RESUMEN TOTAL'!E105 -> DOMO | E84: ='RESUMEN TOTAL'!F105 -> PTO A FO | F84: ='RESUMEN TOTAL'!M105 -> 0 | G84: ='RESUMEN TOTAL'!N105 -> 0 | H84: ='RESUMEN TOTAL'!O105 -> 0 | I84: ='RESUMEN TOTAL'!P105 -> 0 | J84: ='RESUMEN TOTAL'!Q105 -> 0 | K84: ='RESUMEN TOTAL'!R105 -> 0 | L84: ='RESUMEN TOTAL'!S105 -> 0 | M84: ='RESUMEN TOTAL'!T105 -> 0 | ... AJ84: ='RESUMEN TOTAL'!AQ105 -> 0
... A110: ='RESUMEN TOTAL'!A131 -> CENTRO | B110: ='RESUMEN TOTAL'!B131 -> CEN 86 | C110: ='RESUMEN TOTAL'!D131 -> Monteagudo y Bocuzzi | D110: ='RESUMEN TOTAL'!E131 -> Fija | E110: ='RESUMEN TOTAL'!F131 -> Fibra Optica | F110: ='RESUMEN TOTAL'!M131 -> 0 | G110: ='RESUMEN TOTAL'!N131 -> 0 | H110: ='RESUMEN TOTAL'!O131 -> 0 | I110: ='RESUMEN TOTAL'!P131 -> 0 | J110: ='RESUMEN TOTAL'!Q131 -> 0 | K110: ='RESUMEN TOTAL'!R131 -> 0 | L110: ='RESUMEN TOTAL'!S131 -> 0 | M110: ='RESUMEN TOTAL'!T131 -> 0 | ... AJ110: ='RESUMEN TOTAL'!AQ131 -> 0
A111: ='RESUMEN TOTAL'!A145 -> SAN NICOLAS | B111: ='RESUMEN TOTAL'!B145 -> CHA01 | C111: ='RESUMEN TOTAL'!D145 -> Novak y Pte Illia | D111: ='RESUMEN TOTAL'!E145 -> Domo | E111: ='RESUMEN TOTAL'!F145 -> PTO A FO | F111: ='RESUMEN TOTAL'!M145 -> 0 | G111: ='RESUMEN TOTAL'!N145 -> 0 | H111: ='RESUMEN TOTAL'!O145 -> 0 | I111: ='RESUMEN TOTAL'!P145 -> 0 | J111: ='RESUMEN TOTAL'!Q145 -> 0 | K111: ='RESUMEN TOTAL'!R145 -> 0 | L111: ='RESUMEN TOTAL'!S145 -> 0 | M111: ='RESUMEN TOTAL'!T145 -> 0 | ... AJ111: ='RESUMEN TOTAL'!AQ145 -> 0
A112: ='RESUMEN TOTAL'!A146 -> CHACABUCO | B112: ='RESUMEN TOTAL'!B146 -> CHA02 | C112: ='RESUMEN TOTAL'!D146 -> Pte. Illia y Posadas | D112: ='RESUMEN TOTAL'!E146 -> Domo | E112: ='RESUMEN TOTAL'!F146 -> PTO A FO | F112: ='RESUMEN TOTAL'!M146 -> 0 | G112: ='RESUMEN TOTAL'!N146 -> 0 | H112: ='RESUMEN TOTAL'!O146 -> 0 | I112: ='RESUMEN TOTAL'!P146 -> 0 | J112: ='RESUMEN TOTAL'!Q146 -> 0 | K112: ='RESUMEN TOTAL'!R146 -> 0 | L112: ='RESUMEN TOTAL'!S146 -> 0 | M112: ='RESUMEN TOTAL'!T146 -> 0 | ... AJ112: ='RESUMEN TOTAL'!AQ146 -> 0
A113: ='RESUMEN TOTAL'!A147 -> CHACABUCO | B113: ='RESUMEN TOTAL'!B147 -> CHA03 | C113: ='RESUMEN TOTAL'!D147 -> MAIPU Y ALVAREZ THOMAS | D113: ='RESUMEN TOTAL'!E147 -> DOMO | E113: ='RESUMEN TOTAL'!F147 -> Fibra Optica | F113: ='RESUMEN TOTAL'!M147 -> 0 | G113: ='RESUMEN TOTAL'!N147 -> 0 | H113: ='RESUMEN TOTAL'!O147 -> 0 | I113: ='RESUMEN TOTAL'!P147 -> 0 | J113: ='RESUMEN TOTAL'!Q147 -> 0 | K113: ='RESUMEN TOTAL'!R147 -> 0 | L113: ='RESUMEN TOTAL'!S147 -> 0 | M113: ='RESUMEN TOTAL'!T147 -> 0 | ... AJ113: ='RESUMEN TOTAL'!AQ147 -> 0
A114: ='RESUMEN TOTAL'!A148 -> CHACABUCO | B114: ='RESUMEN TOTAL'!B148 -> CHA04 | C114: ='RESUMEN TOTAL'!D148 -> ESTADOS UNIDOS DE A. E ILLIA | D114: ='RESUMEN TOTAL'!E148 -> DOMO | E114: ='RESUMEN TOTAL'!F148 -> Fibra Optica | F114: ='RESUMEN TOTAL'!M148 -> 0 | G114: ='RESUMEN TOTAL'!N148 -> 0 | H114: ='RESUMEN TOTAL'!O148 -> 0 | I114: ='RESUMEN TOTAL'!P148 -> 0 | J114: ='RESUMEN TOTAL'!Q148 -> 0 | K114: ='RESUMEN TOTAL'!R148 -> 0 | L114: ='RESUMEN TOTAL'!S148 -> 0 | M114: ='RESUMEN TOTAL'!T148 -> 0 | ... AJ114: ='RESUMEN TOTAL'!AQ148 -> 0
A115: ='RESUMEN TOTAL'!A149 -> VILLA MONICA NUEVA | B115: ='RESUMEN TOTAL'!B149 -> COL01 | C115: ='RESUMEN TOTAL'!D149 -> Eva Peron y Cariboni | D115: ='RESUMEN TOTAL'!E149 -> Domo | E115: ='RESUMEN TOTAL'!F149 -> Fibra Optica | F115: ='RESUMEN TOTAL'!M149 -> 0 | G115: ='RESUMEN TOTAL'!N149 -> 0 | H115: ='RESUMEN TOTAL'!O149 -> 0 | I115: ='RESUMEN TOTAL'!P149 -> 0 | J115: ='RESUMEN TOTAL'!Q149 -> 0 | K115: ='RESUMEN TOTAL'!R149 -> 0 | L115: ='RESUMEN TOTAL'!S149 -> 0 | M115: ='RESUMEN TOTAL'!T149 -> 0 | ... AJ115: ='RESUMEN TOTAL'!AQ149 -> 0
A116: ='RESUMEN TOTAL'!A150 -> LA COLORADA ESTE | B116: ='RESUMEN TOTAL'!B150 -> COL02 | C116: ='RESUMEN TOTAL'!D150 -> Av. Eva Peron y Pompeya | D116: ='RESUMEN TOTAL'!E150 -> Domo | E116: ='RESUMEN TOTAL'!F150 -> PTO A FO | F116: ='RESUMEN TOTAL'!M150 -> 0 | G116: ='RESUMEN TOTAL'!N150 -> 0 | H116: ='RESUMEN TOTAL'!O150 -> 0 | I116: ='RESUMEN TOTAL'!P150 -> 0 | J116: ='RESUMEN TOTAL'!Q150 -> 0 | K116: ='RESUMEN TOTAL'!R150 -> 0 | L116: ='RESUMEN TOTAL'!S150 -> 0 | M116: ='RESUMEN TOTAL'!T150 -> 0 | ... AJ116: ='RESUMEN TOTAL'!AQ150 -> 0
A117: ='RESUMEN TOTAL'!A151 -> LA COLORADA ESTE | B117: ='RESUMEN TOTAL'!B151 -> COL 03 | C117: ='RESUMEN TOTAL'!D151 -> CARIBONI Y LA ANCIANIDAD | D117: ='RESUMEN TOTAL'!E151 -> DOMO | E117: ='RESUMEN TOTAL'!F151 -> Radio | F117: ='RESUMEN TOTAL'!M151 -> 0 | G117: ='RESUMEN TOTAL'!N151 -> 0 | H117: ='RESUMEN TOTAL'!O151 -> 0 | I117: ='RESUMEN TOTAL'!P151 -> 0 | J117: ='RESUMEN TOTAL'!Q151 -> 0 | K117: ='RESUMEN TOTAL'!R151 -> 0 | L117: ='RESUMEN TOTAL'!S151 -> 0 | M117: ='RESUMEN TOTAL'!T151 -> 0 | ... AJ117: ='RESUMEN TOTAL'!AQ151 -> 0
A118: ='RESUMEN TOTAL'!A152 -> LA COLORADA ESTE | B118: ='RESUMEN TOTAL'!B152 -> COL 04 | C118: ='RESUMEN TOTAL'!D152 -> EVA PERON Y SAVIO | D118: ='RESUMEN TOTAL'!E152 -> Domo | E118: ='RESUMEN TOTAL'!F152 -> Fibra Optica | F118: ='RESUMEN TOTAL'!M152 -> 0 | G118: ='RESUMEN TOTAL'!N152 -> 0 | H118: ='RESUMEN TOTAL'!O152 -> 0 | I118: ='RESUMEN TOTAL'!P152 -> 0 | J118: ='RESUMEN TOTAL'!Q152 -> 0 | K118: ='RESUMEN TOTAL'!R152 -> 0 | L118: ='RESUMEN TOTAL'!S152 -> 0 | M118: ='RESUMEN TOTAL'!T152 -> 0 | ... AJ118: ='RESUMEN TOTAL'!AQ152 -> 0
A119: ='RESUMEN TOTAL'!A153 -> DON JOSE | B119: ='RESUMEN TOTAL'!B153 -> DJO01 | C119: ='RESUMEN TOTAL'!D153 -> Monteverde y Donato Alvarez | D119: ='RESUMEN TOTAL'!E153 -> Domo | E119: ='RESUMEN TOTAL'!F153 -> GPON | F119: ='RESUMEN TOTAL'!M153 -> 0 | G119: ='RESUMEN TOTAL'!N153 -> 0 | H119: ='RESUMEN TOTAL'!O153 -> 0 | I119: ='RESUMEN TOTAL'!P153 -> 0 | J119: ='RESUMEN TOTAL'!Q153 -> 0 | K119: ='RESUMEN TOTAL'!R153 -> 0 | L119: ='RESUMEN TOTAL'!S153 -> 0 | M119: ='RESUMEN TOTAL'!T153 -> 0 | ... AJ119: ='RESUMEN TOTAL'!AQ153 -> 0
A120: ='RESUMEN TOTAL'!A154 -> DON JOSE | B120: ='RESUMEN TOTAL'!B154 -> DJO 02 (fija 1) | C120: ='RESUMEN TOTAL'!D154 -> DONATO ALVAREZ Y EL APERO | D120: ='RESUMEN TOTAL'!E154 -> Fija | E120: ='RESUMEN TOTAL'!F154 -> PTO A FO | F120: ='RESUMEN TOTAL'!M154 -> 0 | G120: ='RESUMEN TOTAL'!N154 -> 0 | H120: ='RESUMEN TOTAL'!O154 -> 0 | I120: ='RESUMEN TOTAL'!P154 -> 0 | J120: ='RESUMEN TOTAL'!Q154 -> 0 | K120: ='RESUMEN TOTAL'!R154 -> 0 | L120: ='RESUMEN TOTAL'!S154 -> 0 | M120: ='RESUMEN TOTAL'!T154 -> 0 | ... AJ120: ='RESUMEN TOTAL'!AQ154 -> 0
A121: ='RESUMEN TOTAL'!A155 -> DON JOSE | B121: ='RESUMEN TOTAL'!B155 -> DJO 03 (fija 2) | C121: ='RESUMEN TOTAL'!D155 -> DONATO ALVAREZ Y EL APERO | D121: ='RESUMEN TOTAL'!E155 -> Fija | E121: ='RESUMEN TOTAL'!F155 -> PTO A FO | F121: ='RESUMEN TOTAL'!M155 -> 0 | G121: ='RESUMEN TOTAL'!N155 -> 0 | H121: ='RESUMEN TOTAL'!O155 -> 0 | I121: ='RESUMEN TOTAL'!P155 -> 0 | J121: ='RESUMEN TOTAL'!Q155 -> 0 | K121: ='RESUMEN TOTAL'!R155 -> 0 | L121: ='RESUMEN TOTAL'!S155 -> 0 | M121: ='RESUMEN TOTAL'!T155 -> 0 | ... AJ121: ='RESUMEN TOTAL'!AQ155 -> 0
A122: ='RESUMEN TOTAL'!A156 -> DON JOSE | B122: ='RESUMEN TOTAL'!B156 -> DJO 04 (Fija 1) | C122: ='RESUMEN TOTAL'!D156 -> MONTEVERDE Y EL INDIO | D122: ='RESUMEN TOTAL'!E156 -> Fija | E122: ='RESUMEN TOTAL'!F156 -> GPON | F122: ='RESUMEN TOTAL'!M156 -> 0 | G122: ='RESUMEN TOTAL'!N156 -> 0 | H122: ='RESUMEN TOTAL'!O156 -> 0 | I122: ='RESUMEN TOTAL'!P156 -> 0 | J122: ='RESUMEN TOTAL'!Q156 -> 0 | K122: ='RESUMEN TOTAL'!R156 -> 0 | L122: ='RESUMEN TOTAL'!S156 -> 0 | M122: ='RESUMEN TOTAL'!T156 -> 0 | ... AJ122: ='RESUMEN TOTAL'!AQ156 -> 0
... A125: ='RESUMEN TOTAL'!A159 -> DON JOSE | B125: ='RESUMEN TOTAL'!B159 -> DJ 07 | C125: ='RESUMEN TOTAL'!D159 -> Calle 414 y El Indio | D125: ='RESUMEN TOTAL'!E159 -> Fija | E125: ='RESUMEN TOTAL'!F159 -> PTO A FO | F125: ='RESUMEN TOTAL'!M159 -> 0 | G125: ='RESUMEN TOTAL'!N159 -> 0 | H125: ='RESUMEN TOTAL'!O159 -> 0 | I125: ='RESUMEN TOTAL'!P159 -> 0 | J125: ='RESUMEN TOTAL'!Q159 -> 0 | K125: ='RESUMEN TOTAL'!R159 -> 0 | L125: ='RESUMEN TOTAL'!S159 -> 0 | M125: ='RESUMEN TOTAL'!T159 -> 0 | ... AJ125: ='RESUMEN TOTAL'!AQ159 -> 0
A126: ='RESUMEN TOTAL'!A164 -> EL PARQUE | B126: ='RESUMEN TOTAL'!B164 -> EPQ 01 | C126: ='RESUMEN TOTAL'!D164 -> 1282 Y GRIERSON | D126: ='RESUMEN TOTAL'!E164 -> DOMO | E126: ='RESUMEN TOTAL'!F164 -> Fibra Optica | F126: ='RESUMEN TOTAL'!M164 -> 0 | G126: ='RESUMEN TOTAL'!N164 -> 0 | H126: ='RESUMEN TOTAL'!O164 -> 0 | I126: ='RESUMEN TOTAL'!P164 -> 0 | J126: ='RESUMEN TOTAL'!Q164 -> 0 | K126: ='RESUMEN TOTAL'!R164 -> 0 | L126: ='RESUMEN TOTAL'!S164 -> 0 | M126: ='RESUMEN TOTAL'!T164 -> 0 | ... AJ126: ='RESUMEN TOTAL'!AQ164 -> 0
A127: ='RESUMEN TOTAL'!A165 -> EL PARQUE | B127: ='RESUMEN TOTAL'!B165 -> EPQ 02 | C127: ='RESUMEN TOTAL'!D165 -> 1282 Y MASSE | D127: ='RESUMEN TOTAL'!E165 -> DOMO | E127: ='RESUMEN TOTAL'!F165 -> Fibra Optica | F127: ='RESUMEN TOTAL'!M165 -> 0 | G127: ='RESUMEN TOTAL'!N165 -> 0 | H127: ='RESUMEN TOTAL'!O165 -> 0 | I127: ='RESUMEN TOTAL'!P165 -> 0 | J127: ='RESUMEN TOTAL'!Q165 -> 0 | K127: ='RESUMEN TOTAL'!R165 -> 0 | L127: ='RESUMEN TOTAL'!S165 -> 0 | M127: ='RESUMEN TOTAL'!T165 -> 0 | ... AJ127: ='RESUMEN TOTAL'!AQ165 -> 0
A128: ='RESUMEN TOTAL'!A166 -> EL PARQUE | B128: ='RESUMEN TOTAL'!B166 -> EPQ 03 | C128: ='RESUMEN TOTAL'!D166 -> 1282 Y RP 36 | D128: ='RESUMEN TOTAL'!E166 -> Domo | E128: ='RESUMEN TOTAL'!F166 -> Fibra Optica | F128: ='RESUMEN TOTAL'!M166 -> 0 | G128: ='RESUMEN TOTAL'!N166 -> 0 | H128: ='RESUMEN TOTAL'!O166 -> 0 | I128: ='RESUMEN TOTAL'!P166 -> 0 | J128: ='RESUMEN TOTAL'!Q166 -> 0 | K128: ='RESUMEN TOTAL'!R166 -> 0 | L128: ='RESUMEN TOTAL'!S166 -> 0 | M128: ='RESUMEN TOTAL'!T166 -> 0 | ... AJ128: ='RESUMEN TOTAL'!AQ166 -> 0
A129: ='RESUMEN TOTAL'!A167 -> EL PARQUE | B129: ='RESUMEN TOTAL'!B167 -> EPQ 04 | C129: ='RESUMEN TOTAL'!D167 -> 1282 Y MORENO | D129: ='RESUMEN TOTAL'!E167 -> DOMO | E129: ='RESUMEN TOTAL'!F167 -> Fibra Optica | F129: ='RESUMEN TOTAL'!M167 -> 0 | G129: ='RESUMEN TOTAL'!N167 -> 0 | H129: ='RESUMEN TOTAL'!O167 -> 0 | I129: ='RESUMEN TOTAL'!P167 -> 0 | J129: ='RESUMEN TOTAL'!Q167 -> 0 | K129: ='RESUMEN TOTAL'!R167 -> 0 | L129: ='RESUMEN TOTAL'!S167 -> 0 | M129: ='RESUMEN TOTAL'!T167 -> 0 | ... AJ129: ='RESUMEN TOTAL'!AQ167 -> 0
A130: ='RESUMEN TOTAL'!A170 -> LA ESMERALDA | B130: ='RESUMEN TOTAL'!B170 -> ESM01 | C130: ='RESUMEN TOTAL'!D170 -> Cabello y Brasil | D130: ='RESUMEN TOTAL'!E170 -> Domo | E130: ='RESUMEN TOTAL'!F170 -> PTO A FO | F130: ='RESUMEN TOTAL'!M170 -> 0 | G130: ='RESUMEN TOTAL'!N170 -> 0 | H130: ='RESUMEN TOTAL'!O170 -> 0 | I130: ='RESUMEN TOTAL'!P170 -> 0 | J130: ='RESUMEN TOTAL'!Q170 -> 0 | K130: ='RESUMEN TOTAL'!R170 -> 0 | L130: ='RESUMEN TOTAL'!S170 -> 0 | M130: ='RESUMEN TOTAL'!T170 -> 0 | ... AJ130: ='RESUMEN TOTAL'!AQ170 -> 0
A131: ='RESUMEN TOTAL'!A171 -> SAN JORGE | B131: ='RESUMEN TOTAL'!B171 -> ESM02 | C131: ='RESUMEN TOTAL'!D171 -> Novak y Cabello | D131: ='RESUMEN TOTAL'!E171 -> Domo | E131: ='RESUMEN TOTAL'!F171 -> PTO A FO | F131: ='RESUMEN TOTAL'!M171 -> 0 | G131: ='RESUMEN TOTAL'!N171 -> 0 | H131: ='RESUMEN TOTAL'!O171 -> 0 | I131: ='RESUMEN TOTAL'!P171 -> 0 | J131: ='RESUMEN TOTAL'!Q171 -> 0 | K131: ='RESUMEN TOTAL'!R171 -> 0 | L131: ='RESUMEN TOTAL'!S171 -> 0 | M131: ='RESUMEN TOTAL'!T171 -> 0 | ... AJ131: ='RESUMEN TOTAL'!AQ171 -> 0
A132: ='RESUMEN TOTAL'!A172 -> SAN JORGE | B132: ='RESUMEN TOTAL'!B172 -> ESM03 | C132: ='RESUMEN TOTAL'!D172 -> Novak y Humahuaca | D132: ='RESUMEN TOTAL'!E172 -> DOMO | E132: ='RESUMEN TOTAL'!F172 -> PTO A FO | F132: ='RESUMEN TOTAL'!M172 -> 0 | G132: ='RESUMEN TOTAL'!N172 -> 0 | H132: ='RESUMEN TOTAL'!O172 -> 0 | I132: ='RESUMEN TOTAL'!P172 -> 0 | J132: ='RESUMEN TOTAL'!Q172 -> 0 | K132: ='RESUMEN TOTAL'!R172 -> 0 | L132: ='RESUMEN TOTAL'!S172 -> 0 | M132: ='RESUMEN TOTAL'!T172 -> 0 | ... AJ132: ='RESUMEN TOTAL'!AQ172 -> 0
A133: ='RESUMEN TOTAL'!A173 -> LA ESMERALDA | B133: ='RESUMEN TOTAL'!B173 -> ESM04 | C133: ='RESUMEN TOTAL'!D173 -> Basualdo y Bengochea | D133: ='RESUMEN TOTAL'!E173 -> Domo | E133: ='RESUMEN TOTAL'!F173 -> Fibra Optica | F133: ='RESUMEN TOTAL'!M173 -> 0 | G133: ='RESUMEN TOTAL'!N173 -> 0 | H133: ='RESUMEN TOTAL'!O173 -> 0 | I133: ='RESUMEN TOTAL'!P173 -> 0 | J133: ='RESUMEN TOTAL'!Q173 -> 0 | K133: ='RESUMEN TOTAL'!R173 -> 0 | L133: ='RESUMEN TOTAL'!S173 -> 0 | M133: ='RESUMEN TOTAL'!T173 -> 0 | ... AJ133: ='RESUMEN TOTAL'!AQ173 -> 0
A134: ='RESUMEN TOTAL'!A174 -> LA ESMERALDA | B134: ='RESUMEN TOTAL'!B174 -> ESM05 | C134: ='RESUMEN TOTAL'!D174 -> Aniceto Diaz y Villar | D134: ='RESUMEN TOTAL'!E174 -> Domo | E134: ='RESUMEN TOTAL'!F174 -> Fibra Optica | F134: ='RESUMEN TOTAL'!M174 -> 0 | G134: ='RESUMEN TOTAL'!N174 -> 0 | H134: ='RESUMEN TOTAL'!O174 -> 0 | I134: ='RESUMEN TOTAL'!P174 -> 0 | J134: ='RESUMEN TOTAL'!Q174 -> 0 | K134: ='RESUMEN TOTAL'!R174 -> 0 | L134: ='RESUMEN TOTAL'!S174 -> 0 | M134: ='RESUMEN TOTAL'!T174 -> 0 | ... AJ134: ='RESUMEN TOTAL'!AQ174 -> 0
A135: ='RESUMEN TOTAL'!A175 -> LA ESMERALDA | B135: ='RESUMEN TOTAL'!B175 -> ESM06 | C135: ='RESUMEN TOTAL'!D175 -> Roselli y Cabello | D135: ='RESUMEN TOTAL'!E175 -> Domo | E135: ='RESUMEN TOTAL'!F175 -> GPON | F135: ='RESUMEN TOTAL'!M175 -> 0 | G135: ='RESUMEN TOTAL'!N175 -> 0 | H135: ='RESUMEN TOTAL'!O175 -> 0 | I135: ='RESUMEN TOTAL'!P175 -> 0 | J135: ='RESUMEN TOTAL'!Q175 -> 0 | K135: ='RESUMEN TOTAL'!R175 -> 0 | L135: ='RESUMEN TOTAL'!S175 -> 0 | M135: ='RESUMEN TOTAL'!T175 -> 0 | ... AJ135: ='RESUMEN TOTAL'!AQ175 -> 0
A136: ='RESUMEN TOTAL'!A176 -> LA ESMERALDA | B136: ='RESUMEN TOTAL'!B176 -> ESM07 | C136: ='RESUMEN TOTAL'!D176 -> AV. NOVAK Y SERRANO | D136: ='RESUMEN TOTAL'!E176 -> DOMO | E136: ='RESUMEN TOTAL'!F176 -> PTO A FO | F136: ='RESUMEN TOTAL'!M176 -> 0 | G136: ='RESUMEN TOTAL'!N176 -> 0 | H136: ='RESUMEN TOTAL'!O176 -> 0 | I136: ='RESUMEN TOTAL'!P176 -> 0 | J136: ='RESUMEN TOTAL'!Q176 -> 0 | K136: ='RESUMEN TOTAL'!R176 -> 0 | L136: ='RESUMEN TOTAL'!S176 -> 0 | M136: ='RESUMEN TOTAL'!T176 -> 0 | ... AJ136: ='RESUMEN TOTAL'!AQ176 -> 0
A137: ='RESUMEN TOTAL'!A177 -> LA ESMERALDA | B137: ='RESUMEN TOTAL'!B177 -> ESM 08 | C137: ='RESUMEN TOTAL'!D177 -> DAVINSON Y MORANCHEL | D137: ='RESUMEN TOTAL'!E177 -> FIJA | E137: ='RESUMEN TOTAL'!F177 -> Radio | F137: ='RESUMEN TOTAL'!M177 -> 0 | G137: ='RESUMEN TOTAL'!N177 -> 0 | H137: ='RESUMEN TOTAL'!O177 -> 0 | I137: ='RESUMEN TOTAL'!P177 -> 0 | J137: ='RESUMEN TOTAL'!Q177 -> 0 | K137: ='RESUMEN TOTAL'!R177 -> 0 | L137: ='RESUMEN TOTAL'!S177 -> 0 | M137: ='RESUMEN TOTAL'!T177 -> 0 | ... AJ137: ='RESUMEN TOTAL'!AQ177 -> 0
A138: ='RESUMEN TOTAL'!A178 -> LA ESMERALDA | B138: ='RESUMEN TOTAL'!B178 -> ESM09 (fija 1) | C138: ='RESUMEN TOTAL'!D178 -> EEUU Y CABELLO | D138: ='RESUMEN TOTAL'!E178 -> Fija | E138: ='RESUMEN TOTAL'!F178 -> Fibra Optica | F138: ='RESUMEN TOTAL'!M178 -> 0 | G138: ='RESUMEN TOTAL'!N178 -> 0 | H138: ='RESUMEN TOTAL'!O178 -> 0 | I138: ='RESUMEN TOTAL'!P178 -> 0 | J138: ='RESUMEN TOTAL'!Q178 -> 0 | K138: ='RESUMEN TOTAL'!R178 -> 0 | L138: ='RESUMEN TOTAL'!S178 -> 0 | M138: ='RESUMEN TOTAL'!T178 -> 0 | ... AJ138: ='RESUMEN TOTAL'!AQ178 -> 0
A139: ='RESUMEN TOTAL'!A179 -> LA ESMERALDA | B139: ='RESUMEN TOTAL'!B179 -> ESM10 (fija 2) | C139: ='RESUMEN TOTAL'!D179 -> EEUU Y CABELLO | D139: ='RESUMEN TOTAL'!E179 -> Fija | E139: ='RESUMEN TOTAL'!F179 -> Fibra Optica | F139: ='RESUMEN TOTAL'!M179 -> 0 | G139: ='RESUMEN TOTAL'!N179 -> 0 | H139: ='RESUMEN TOTAL'!O179 -> 0 | I139: ='RESUMEN TOTAL'!P179 -> 0 | J139: ='RESUMEN TOTAL'!Q179 -> 0 | K139: ='RESUMEN TOTAL'!R179 -> 0 | L139: ='RESUMEN TOTAL'!S179 -> 0 | M139: ='RESUMEN TOTAL'!T179 -> 0 | ... AJ139: ='RESUMEN TOTAL'!AQ179 -> 0
A140: ='RESUMEN TOTAL'!A180 -> LA ESMERALDA | B140: ='RESUMEN TOTAL'!B180 -> ESM11 (fija 1) | C140: ='RESUMEN TOTAL'!D180 -> NOVAK Y LAMBARDI | D140: ='RESUMEN TOTAL'!E180 -> Fija | E140: ='RESUMEN TOTAL'!F180 -> Fibra Optica | F140: ='RESUMEN TOTAL'!M180 -> 0 | G140: ='RESUMEN TOTAL'!N180 -> 0 | H140: ='RESUMEN TOTAL'!O180 -> 0 | I140: ='RESUMEN TOTAL'!P180 -> 0 | J140: ='RESUMEN TOTAL'!Q180 -> 0 | K140: ='RESUMEN TOTAL'!R180 -> 0 | L140: ='RESUMEN TOTAL'!S180 -> 0 | M140: ='RESUMEN TOTAL'!T180 -> 0 | ... AJ140: ='RESUMEN TOTAL'!AQ180 -> 0
A141: ='RESUMEN TOTAL'!A181 -> LA ESMERALDA | B141: ='RESUMEN TOTAL'!B181 -> ESM12 (fija 2) | C141: ='RESUMEN TOTAL'!D181 -> NOVAK Y LAMBARDI | D141: ='RESUMEN TOTAL'!E181 -> Fija | E141: ='RESUMEN TOTAL'!F181 -> Fibra Optica | F141: ='RESUMEN TOTAL'!M181 -> 0 | G141: ='RESUMEN TOTAL'!N181 -> 0 | H141: ='RESUMEN TOTAL'!O181 -> 0 | I141: ='RESUMEN TOTAL'!P181 -> 0 | J141: ='RESUMEN TOTAL'!Q181 -> 0 | K141: ='RESUMEN TOTAL'!R181 -> 0 | L141: ='RESUMEN TOTAL'!S181 -> 0 | M141: ='RESUMEN TOTAL'!T181 -> 0 | ... AJ141: ='RESUMEN TOTAL'!AQ181 -> 0
... A145: ='RESUMEN TOTAL'!A185 -> LA ESMERALDA | B145: ='RESUMEN TOTAL'!B185 -> ESM 16 | C145: ='RESUMEN TOTAL'!D185 -> Basualdo y Lieja | D145: ='RESUMEN TOTAL'!E185 -> Fija | E145: ='RESUMEN TOTAL'!F185 -> Fibra Optica | F145: ='RESUMEN TOTAL'!M185 -> 0 | G145: ='RESUMEN TOTAL'!N185 -> 0 | H145: ='RESUMEN TOTAL'!O185 -> 0 | I145: ='RESUMEN TOTAL'!P185 -> 0 | J145: ='RESUMEN TOTAL'!Q185 -> 0 | K145: ='RESUMEN TOTAL'!R185 -> 0 | L145: ='RESUMEN TOTAL'!S185 -> 0 | M145: ='RESUMEN TOTAL'!T185 -> 0 | ... AJ145: ='RESUMEN TOTAL'!AQ185 -> 0
A146: ='RESUMEN TOTAL'!A191 -> INGENIERO ALLAN | B146: ='RESUMEN TOTAL'!B191 -> INA 01 | C146: ='RESUMEN TOTAL'!D191 -> 1138 Y 1155 | D146: ='RESUMEN TOTAL'!E191 -> DOMO | E146: ='RESUMEN TOTAL'!F191 -> Fibra Optica | F146: ='RESUMEN TOTAL'!M191 -> 0 | G146: ='RESUMEN TOTAL'!N191 -> 0 | H146: ='RESUMEN TOTAL'!O191 -> 0 | I146: ='RESUMEN TOTAL'!P191 -> 0 | J146: ='RESUMEN TOTAL'!Q191 -> 0 | K146: ='RESUMEN TOTAL'!R191 -> 0 | L146: ='RESUMEN TOTAL'!S191 -> 0 | M146: ='RESUMEN TOTAL'!T191 -> 0 | ... AJ146: ='RESUMEN TOTAL'!AQ191 -> 0
A147: ='RESUMEN TOTAL'!A192 -> INGENIERO ALLAN | B147: ='RESUMEN TOTAL'!B192 -> INA 02 | C147: ='RESUMEN TOTAL'!D192 -> 1144 Y 1155 | D147: ='RESUMEN TOTAL'!E192 -> DOMO | E147: ='RESUMEN TOTAL'!F192 -> Fibra Optica | F147: ='RESUMEN TOTAL'!M192 -> 0 | G147: ='RESUMEN TOTAL'!N192 -> 0 | H147: ='RESUMEN TOTAL'!O192 -> 0 | I147: ='RESUMEN TOTAL'!P192 -> 0 | J147: ='RESUMEN TOTAL'!Q192 -> 0 | K147: ='RESUMEN TOTAL'!R192 -> 0 | L147: ='RESUMEN TOTAL'!S192 -> 0 | M147: ='RESUMEN TOTAL'!T192 -> 0 | ... AJ147: ='RESUMEN TOTAL'!AQ192 -> 0
A148: ='RESUMEN TOTAL'!A193 -> INFICO | B148: ='RESUMEN TOTAL'!B193 -> INF 01 | C148: ='RESUMEN TOTAL'!D193 -> AV. HUDSON Y CARIBONI | D148: ='RESUMEN TOTAL'!E193 -> Domo | E148: ='RESUMEN TOTAL'!F193 -> Fibra Optica | F148: ='RESUMEN TOTAL'!M193 -> 0 | G148: ='RESUMEN TOTAL'!N193 -> 0 | H148: ='RESUMEN TOTAL'!O193 -> 0 | I148: ='RESUMEN TOTAL'!P193 -> 0 | J148: ='RESUMEN TOTAL'!Q193 -> 0 | K148: ='RESUMEN TOTAL'!R193 -> 0 | L148: ='RESUMEN TOTAL'!S193 -> 0 | M148: ='RESUMEN TOTAL'!T193 -> 0 | ... AJ148: ='RESUMEN TOTAL'!AQ193 -> 0
A149: ='RESUMEN TOTAL'!A194 -> VILLA ARGENTINA | B149: ='RESUMEN TOTAL'!B194 -> KM01 | C149: ='RESUMEN TOTAL'!D194 -> Vias FFCC y La Pulperia | D149: ='RESUMEN TOTAL'!E194 -> DOMO | E149: ='RESUMEN TOTAL'!F194 -> GPON | F149: ='RESUMEN TOTAL'!M194 -> 0 | G149: ='RESUMEN TOTAL'!N194 -> 0 | H149: ='RESUMEN TOTAL'!O194 -> 0 | I149: ='RESUMEN TOTAL'!P194 -> 0 | J149: ='RESUMEN TOTAL'!Q194 -> 0 | K149: ='RESUMEN TOTAL'!R194 -> 0 | L149: ='RESUMEN TOTAL'!S194 -> 0 | M149: ='RESUMEN TOTAL'!T194 -> 0 | ... AJ149: ='RESUMEN TOTAL'!AQ194 -> 0
A150: ='RESUMEN TOTAL'!A195 -> CHACABUCO | B150: ='RESUMEN TOTAL'!B195 -> KM02 | C150: ='RESUMEN TOTAL'!D195 -> Novak e/El Overo y el Mangrullo | D150: ='RESUMEN TOTAL'!E195 -> Domo | E150: ='RESUMEN TOTAL'!F195 -> GPON | F150: ='RESUMEN TOTAL'!M195 -> 0 | G150: ='RESUMEN TOTAL'!N195 -> 0 | H150: ='RESUMEN TOTAL'!O195 -> 0 | I150: ='RESUMEN TOTAL'!P195 -> 0 | J150: ='RESUMEN TOTAL'!Q195 -> 0 | K150: ='RESUMEN TOTAL'!R195 -> 0 | L150: ='RESUMEN TOTAL'!S195 -> 0 | M150: ='RESUMEN TOTAL'!T195 -> 0 | ... AJ150: ='RESUMEN TOTAL'!AQ195 -> 0
A151: ='RESUMEN TOTAL'!A196 -> KM 26700 (JULIO A. COSTA) | B151: ='RESUMEN TOTAL'!B196 -> KM03 | C151: ='RESUMEN TOTAL'!D196 -> Novak y La Pulperia | D151: ='RESUMEN TOTAL'!E196 -> Domo | E151: ='RESUMEN TOTAL'!F196 -> PTO A FO | F151: ='RESUMEN TOTAL'!M196 -> 0 | G151: ='RESUMEN TOTAL'!N196 -> 0 | H151: ='RESUMEN TOTAL'!O196 -> 0 | I151: ='RESUMEN TOTAL'!P196 -> 0 | J151: ='RESUMEN TOTAL'!Q196 -> 0 | K151: ='RESUMEN TOTAL'!R196 -> 0 | L151: ='RESUMEN TOTAL'!S196 -> 0 | M151: ='RESUMEN TOTAL'!T196 -> 0 | ... AJ151: ='RESUMEN TOTAL'!AQ196 -> 0
A152: ='RESUMEN TOTAL'!A197 -> KM 26700 (JULIO A. COSTA) | B152: ='RESUMEN TOTAL'!B197 -> KM04 | C152: ='RESUMEN TOTAL'!D197 -> El Ombu y El Zonda | D152: ='RESUMEN TOTAL'!E197 -> Domo | E152: ='RESUMEN TOTAL'!F197 -> PTO A FO | F152: ='RESUMEN TOTAL'!M197 -> 0 | G152: ='RESUMEN TOTAL'!N197 -> 0 | H152: ='RESUMEN TOTAL'!O197 -> 0 | I152: ='RESUMEN TOTAL'!P197 -> 0 | J152: ='RESUMEN TOTAL'!Q197 -> 0 | K152: ='RESUMEN TOTAL'!R197 -> 0 | L152: ='RESUMEN TOTAL'!S197 -> 0 | M152: ='RESUMEN TOTAL'!T197 -> 0 | ... AJ152: ='RESUMEN TOTAL'!AQ197 -> 0
A153: ='RESUMEN TOTAL'!A198 -> KM 26700 (JULIO A. COSTA) | B153: ='RESUMEN TOTAL'!B198 -> KM05 | C153: ='RESUMEN TOTAL'!D198 -> El Ombu y Los Charruas | D153: ='RESUMEN TOTAL'!E198 -> Domo | E153: ='RESUMEN TOTAL'!F198 -> PTO A FO | F153: ='RESUMEN TOTAL'!M198 -> 0 | G153: ='RESUMEN TOTAL'!N198 -> 0 | H153: ='RESUMEN TOTAL'!O198 -> 0 | I153: ='RESUMEN TOTAL'!P198 -> 0 | J153: ='RESUMEN TOTAL'!Q198 -> 0 | K153: ='RESUMEN TOTAL'!R198 -> 0 | L153: ='RESUMEN TOTAL'!S198 -> 0 | M153: ='RESUMEN TOTAL'!T198 -> 0 | ... AJ153: ='RESUMEN TOTAL'!AQ198 -> 0
A154: ='RESUMEN TOTAL'!A199 -> KM 26700 (JULIO A. COSTA) | B154: ='RESUMEN TOTAL'!B199 -> KM06 | C154: ='RESUMEN TOTAL'!D199 -> El Ombu y La Cautiva | D154: ='RESUMEN TOTAL'!E199 -> DOMO | E154: ='RESUMEN TOTAL'!F199 -> Radio | F154: ='RESUMEN TOTAL'!M199 -> 0 | G154: ='RESUMEN TOTAL'!N199 -> 0 | H154: ='RESUMEN TOTAL'!O199 -> 0 | I154: ='RESUMEN TOTAL'!P199 -> 0 | J154: ='RESUMEN TOTAL'!Q199 -> 0 | K154: ='RESUMEN TOTAL'!R199 -> 0 | L154: ='RESUMEN TOTAL'!S199 -> 0 | M154: ='RESUMEN TOTAL'!T199 -> 0 | ... AJ154: ='RESUMEN TOTAL'!AQ199 -> 0
A155: ='RESUMEN TOTAL'!A200 -> KM 26700 (JULIO A. COSTA) | B155: ='RESUMEN TOTAL'!B200 -> KM 07 | C155: ='RESUMEN TOTAL'!D200 -> EL ALJIBE E/ EL ZONDA Y DON SEGUNDO SOMBRA | D155: ='RESUMEN TOTAL'!E200 -> DOMO | E155: ='RESUMEN TOTAL'!F200 -> GPON | F155: ='RESUMEN TOTAL'!M200 -> 0 | G155: ='RESUMEN TOTAL'!N200 -> 0 | H155: ='RESUMEN TOTAL'!O200 -> 0 | I155: ='RESUMEN TOTAL'!P200 -> 0 | J155: ='RESUMEN TOTAL'!Q200 -> 0 | K155: ='RESUMEN TOTAL'!R200 -> 0 | L155: ='RESUMEN TOTAL'!S200 -> 0 | M155: ='RESUMEN TOTAL'!T200 -> 0 | ... AJ155: ='RESUMEN TOTAL'!AQ200 -> 0
A156: ='RESUMEN TOTAL'!A201 -> KM 26700 (JULIO A. COSTA) | B156: ='RESUMEN TOTAL'!B201 -> KM08 / UPA 03 | C156: ='RESUMEN TOTAL'!D201 -> LOS CHARRUAS Y BLANDENGUES | D156: ='RESUMEN TOTAL'!E201 -> DOMO | E156: ='RESUMEN TOTAL'!F201 -> GPON | F156: ='RESUMEN TOTAL'!M201 -> 0 | G156: ='RESUMEN TOTAL'!N201 -> 0 | H156: ='RESUMEN TOTAL'!O201 -> 0 | I156: ='RESUMEN TOTAL'!P201 -> 0 | J156: ='RESUMEN TOTAL'!Q201 -> 0 | K156: ='RESUMEN TOTAL'!R201 -> 0 | L156: ='RESUMEN TOTAL'!S201 -> 0 | M156: ='RESUMEN TOTAL'!T201 -> 0 | ... AJ156: ='RESUMEN TOTAL'!AQ201 -> 0
A157: ='RESUMEN TOTAL'!A202 -> KM 26700 (JULIO A. COSTA) | B157: ='RESUMEN TOTAL'!B202 -> KM09 / UPA 1 | C157: ='RESUMEN TOTAL'!D202 -> NOVAK Y LA POSTA | D157: ='RESUMEN TOTAL'!E202 -> DOMO | E157: ='RESUMEN TOTAL'!F202 -> PTO A FO | F157: ='RESUMEN TOTAL'!M202 -> 0 | G157: ='RESUMEN TOTAL'!N202 -> 0 | H157: ='RESUMEN TOTAL'!O202 -> 0 | I157: ='RESUMEN TOTAL'!P202 -> 0 | J157: ='RESUMEN TOTAL'!Q202 -> 0 | K157: ='RESUMEN TOTAL'!R202 -> 0 | L157: ='RESUMEN TOTAL'!S202 -> 0 | M157: ='RESUMEN TOTAL'!T202 -> 0 | ... AJ157: ='RESUMEN TOTAL'!AQ202 -> 0
... A166: ='RESUMEN TOTAL'!A211 -> KM 26700 (JULIO A. COSTA) | B166: ='RESUMEN TOTAL'!B211 -> KM 18 | C166: ='RESUMEN TOTAL'!D211 -> PULPERIA Y EL ALJIBE | D166: ='RESUMEN TOTAL'!E211 -> Domo | E166: ='RESUMEN TOTAL'!F211 -> GPON | F166: ='RESUMEN TOTAL'!M211 -> 0 | G166: ='RESUMEN TOTAL'!N211 -> 0 | H166: ='RESUMEN TOTAL'!O211 -> 0 | I166: ='RESUMEN TOTAL'!P211 -> 0 | J166: ='RESUMEN TOTAL'!Q211 -> 0 | K166: ='RESUMEN TOTAL'!R211 -> 0 | L166: ='RESUMEN TOTAL'!S211 -> 0 | M166: ='RESUMEN TOTAL'!T211 -> 0 | ... AJ166: ='RESUMEN TOTAL'!AQ211 -> 0
A167: ='RESUMEN TOTAL'!A214 -> LOMAS DE MONTEVERDE | B167: ='RESUMEN TOTAL'!B214 -> LDM 01 | C167: ='RESUMEN TOTAL'!D214 -> ILLIA Y BOUREL | D167: ='RESUMEN TOTAL'!E214 -> DOMO | E167: ='RESUMEN TOTAL'!F214 -> PTO A FO | F167: ='RESUMEN TOTAL'!M214 -> 0 | G167: ='RESUMEN TOTAL'!N214 -> 0 | H167: ='RESUMEN TOTAL'!O214 -> 0 | I167: ='RESUMEN TOTAL'!P214 -> 0 | J167: ='RESUMEN TOTAL'!Q214 -> 0 | K167: ='RESUMEN TOTAL'!R214 -> 0 | L167: ='RESUMEN TOTAL'!S214 -> 0 | M167: ='RESUMEN TOTAL'!T214 -> 0 | ... AJ167: ='RESUMEN TOTAL'!AQ214 -> 0
A168: ='RESUMEN TOTAL'!A215 -> LOMAS DE MONTEVERDE | B168: ='RESUMEN TOTAL'!B215 -> LDM 02 | C168: ='RESUMEN TOTAL'!D215 -> LAS HERAS Y EDISON | D168: ='RESUMEN TOTAL'!E215 -> DOMO | E168: ='RESUMEN TOTAL'!F215 -> GPON | F168: ='RESUMEN TOTAL'!M215 -> 0 | G168: ='RESUMEN TOTAL'!N215 -> 0 | H168: ='RESUMEN TOTAL'!O215 -> 0 | I168: ='RESUMEN TOTAL'!P215 -> 0 | J168: ='RESUMEN TOTAL'!Q215 -> 0 | K168: ='RESUMEN TOTAL'!R215 -> 0 | L168: ='RESUMEN TOTAL'!S215 -> 0 | M168: ='RESUMEN TOTAL'!T215 -> 0 | ... AJ168: ='RESUMEN TOTAL'!AQ215 -> 0
A169: ='RESUMEN TOTAL'!A216 -> LOMAS DE MONTEVERDE | B169: ='RESUMEN TOTAL'!B216 -> LDM 03 | C169: ='RESUMEN TOTAL'!D216 -> LAS HERAS Y FRANKLIN | D169: ='RESUMEN TOTAL'!E216 -> DOMO | E169: ='RESUMEN TOTAL'!F216 -> GPON | F169: ='RESUMEN TOTAL'!M216 -> 0 | G169: ='RESUMEN TOTAL'!N216 -> 0 | H169: ='RESUMEN TOTAL'!O216 -> 0 | I169: ='RESUMEN TOTAL'!P216 -> 0 | J169: ='RESUMEN TOTAL'!Q216 -> 0 | K169: ='RESUMEN TOTAL'!R216 -> 0 | L169: ='RESUMEN TOTAL'!S216 -> 0 | M169: ='RESUMEN TOTAL'!T216 -> 0 | ... AJ169: ='RESUMEN TOTAL'!AQ216 -> 0
A170: ='RESUMEN TOTAL'!A219 -> LIBERTAD | B170: ='RESUMEN TOTAL'!B219 -> LIBER 01 | C170: ='RESUMEN TOTAL'!D219 -> 511 Y 574 FIJA 01 | D170: ='RESUMEN TOTAL'!E219 -> Fija | E170: ='RESUMEN TOTAL'!F219 -> RADIO | F170: ='RESUMEN TOTAL'!M219 -> 0 | G170: ='RESUMEN TOTAL'!N219 -> 0 | H170: ='RESUMEN TOTAL'!O219 -> 0 | I170: ='RESUMEN TOTAL'!P219 -> 0 | J170: ='RESUMEN TOTAL'!Q219 -> 0 | K170: ='RESUMEN TOTAL'!R219 -> 0 | L170: ='RESUMEN TOTAL'!S219 -> 0 | M170: ='RESUMEN TOTAL'!T219 -> 0 | ... AJ170: ='RESUMEN TOTAL'!AQ219 -> 0
A171: ='RESUMEN TOTAL'!A220 -> LIBERTAD | B171: ='RESUMEN TOTAL'!B220 -> LIBER 02 | C171: ='RESUMEN TOTAL'!D220 -> 511 Y 574 FIJA 02 | D171: ='RESUMEN TOTAL'!E220 -> Fija | E171: ='RESUMEN TOTAL'!F220 -> Radio | F171: ='RESUMEN TOTAL'!M220 -> 0 | G171: ='RESUMEN TOTAL'!N220 -> 0 | H171: ='RESUMEN TOTAL'!O220 -> 0 | I171: ='RESUMEN TOTAL'!P220 -> 0 | J171: ='RESUMEN TOTAL'!Q220 -> 0 | K171: ='RESUMEN TOTAL'!R220 -> 0 | L171: ='RESUMEN TOTAL'!S220 -> 0 | M171: ='RESUMEN TOTAL'!T220 -> 0 | ... AJ171: ='RESUMEN TOTAL'!AQ220 -> 0
A172: ='RESUMEN TOTAL'!A221 -> z | B172: ='RESUMEN TOTAL'!B221 -> LPI 01 | C172: ='RESUMEN TOTAL'!D221 -> Maipu y Posadas | D172: ='RESUMEN TOTAL'!E221 -> Domo | E172: ='RESUMEN TOTAL'!F221 -> PTO A FO | F172: ='RESUMEN TOTAL'!M221 -> 0 | G172: ='RESUMEN TOTAL'!N221 -> 0 | H172: ='RESUMEN TOTAL'!O221 -> 0 | I172: ='RESUMEN TOTAL'!P221 -> 0 | J172: ='RESUMEN TOTAL'!Q221 -> 0 | K172: ='RESUMEN TOTAL'!R221 -> 0 | L172: ='RESUMEN TOTAL'!S221 -> 0 | M172: ='RESUMEN TOTAL'!T221 -> 0 | ... AJ172: ='RESUMEN TOTAL'!AQ221 -> 0
...

Sheet Hoja1
B1: CAMARAS | C1: 45992
A2: BONOMO | B2: =COUNTIFS('RESUMEN TOTAL'!C8:C580,"=BONOMO") -> 303 | C2: 0 | F2: 46023 | G2: 46024 | H2: 46025 | I2: 46026 | J2: 46027 | K2: 46028 | L2: 46029 | M2: 46030 | N2: 46031 | O2: 46032 | P2: 46033 | Q2: 46034 | R2: 46035 | S2: 46036 | T2: 46037 | U2: 46038 | V2: 46039 | W2: 46040 | X2: 46041 | Y2: 46042 | Z2: 46043 | AA2: 46044 | AB2: 46045 | AC2: 46046 | AD2: 46047 | AE2: 46048 | AF2: 46049 | AG2: 46050 | AH2: 46051 | AI2: 46052 | AJ2: 46053
C3: 0 | D3: BONOMO | E3: APAGADAS BONOMO | F3: 0 | G3: =COUNTIFS('RESUMEN TOTAL'!N8:N689,"=APAGADO",'RESUMEN TOTAL'!C8:C689,"=BONOMO") -> 0 | H3: 0 | I3: 0 | J3: =COUNTIFS('RESUMEN TOTAL'!Q8:Q689,"=APAGADO",'RESUMEN TOTAL'!C8:C689,"=BONOMO") -> 0 | K3: =COUNTIFS('RESUMEN TOTAL'!R8:R689,"=APAGADO",'RESUMEN TOTAL'!C8:C689,"=BONOMO") -> 0 | L3: 0 | M3: 0 | N3: =COUNTIFS('RESUMEN TOTAL'!U8:U689,"=APAGADO",'RESUMEN TOTAL'!C8:C689,"=BONOMO") -> 0 | O3: =COUNTIFS('RESUMEN TOTAL'!V8:V689,"=APAGADO",'RESUMEN TOTAL'!C8:C689,"=BONOMO") -> 0 | P3: =COUNTIFS('RESUMEN TOTAL'!W8:W689,"=APAGADO",'RESUMEN TOTAL'!C8:C689,"=BONOMO") -> 0 | Q3: =COUNTIFS('RESUMEN TOTAL'!X8:X689,"=APAGADO",'RESUMEN TOTAL'!C8:C689,"=BONOMO") -> 0 | R3: =COUNTIFS('RESUMEN TOTAL'!Y8:Y689,"=APAGADO",'RESUMEN TOTAL'!C8:C689,"=BONOMO") -> 0 | S3: =COUNTIFS('RESUMEN TOTAL'!Z8:Z689,"=APAGADO",'RESUMEN TOTAL'!C8:C689,"=BONOMO") -> 0 | T3: =COUNTIFS('RESUMEN TOTAL'!AA8:AA689,"=APAGADO",'RESUMEN TOTAL'!C8:C689,"=BONOMO") -> 0 | U3: =COUNTIFS('RESUMEN TOTAL'!AB8:AB689,"=APAGADO",'RESUMEN TOTAL'!C8:C689,"=BONOMO") -> 0 | V3: =COUNTIFS('RESUMEN TOTAL'!AC8:AC689,"=APAGADO",'RESUMEN TOTAL'!C8:C689,"=BONOMO") -> 0 | W3: 0 | X3: =COUNTIFS('RESUMEN TOTAL'!AE8:AE689,"=APAGADO",'RESUMEN TOTAL'!C8:C689,"=BONOMO") -> 0 | Y3: =COUNTIFS('RESUMEN TOTAL'!AF8:AF689,"=APAGADO",'RESUMEN TOTAL'!C8:C689,"=BONOMO") -> 0 | Z3: =COUNTIFS('RESUMEN TOTAL'!AG8:AG689,"=APAGADO",'RESUMEN TOTAL'!C8:C689,"=BONOMO") -> 0 | AA3: =COUNTIFS('RESUMEN TOTAL'!AH8:AH689,"=APAGADO",'RESUMEN TOTAL'!C8:C689,"=BONOMO") -> 0 | AB3: =COUNTIFS('RESUMEN TOTAL'!AI8:AI689,"=APAGADO",'RESUMEN TOTAL'!C8:C689,"=BONOMO") -> 0 | AC3: =COUNTIFS('RESUMEN TOTAL'!AJ8:AJ689,"=APAGADO",'RESUMEN TOTAL'!C8:C689,"=BONOMO") -> 0 | AD3: =COUNTIFS('RESUMEN TOTAL'!AK8:AK689,"=APAGADO",'RESUMEN TOTAL'!C8:C689,"=BONOMO") -> 0 | AE3: 0 | AF3: =COUNTIFS('RESUMEN TOTAL'!AM8:AM689,"=APAGADO",'RESUMEN TOTAL'!C8:C689,"=BONOMO") -> 0 | AG3: =COUNTIFS('RESUMEN TOTAL'!AN8:AN689,"=APAGADO",'RESUMEN TOTAL'!C8:C689,"=BONOMO") -> 0 | AH3: =COUNTIFS('RESUMEN TOTAL'!AO8:AO689,"=APAGADO",'RESUMEN TOTAL'!C8:C689,"=BONOMO") -> 0 | AI3: 0 | AJ3: 0
A4: COSEIDI | B4: =COUNTIFS('RESUMEN TOTAL'!C8:C580,"=COSEIDI") -> 270 | C4: 0 | E4: % BONOMO | F4: 0 | G4: =G3/BONOMOcam -> 0 | H4: =H3/BONOMOcam -> 0 | I4: =I3/BONOMOcam -> 0 | J4: 0 | K4: =K3/BONOMOcam -> 0 | L4: =L3/BONOMOcam -> 0 | M4: 0 | N4: =N3/BONOMOcam -> 0 | O4: =O3/BONOMOcam -> 0 | P4: =P3/BONOMOcam -> 0 | Q4: =Q3/BONOMOcam -> 0 | R4: =R3/BONOMOcam -> 0 | S4: =S3/BONOMOcam -> 0 | T4: =T3/BONOMOcam -> 0 | U4: =U3/BONOMOcam -> 0 | V4: =V3/BONOMOcam -> 0 | W4: 0 | X4: =X3/BONOMOcam -> 0 | Y4: =Y3/BONOMOcam -> 0 | Z4: =Z3/BONOMOcam -> 0 | AA4: =AA3/BONOMOcam -> 0 | AB4: =AB3/BONOMOcam -> 0 | AC4: 0 | AD4: =AD3/BONOMOcam -> 0 | AE4: =AE3/BONOMOcam -> 0 | AF4: =AF3/BONOMOcam -> 0 | AG4: =AG3/BONOMOcam -> 0 | AH4: =AH3/BONOMOcam -> 0 | AI4: 0 | AJ4: 0
C5: 0 | D5: COSEIDI | E5: APAGADAS COSEIDI | F5: =COUNTIFS('RESUMEN TOTAL'!M8:M691,"=APAGADO",'RESUMEN TOTAL'!C8:C691,"=COSEIDI") -> 0 | G5: =COUNTIFS('RESUMEN TOTAL'!N8:N689,"=APAGADO",'RESUMEN TOTAL'!C8:C689,"=COSEIDI") -> 0 | H5: 0 | I5: =COUNTIFS('RESUMEN TOTAL'!P10:P691,"=APAGADO",'RESUMEN TOTAL'!C10:C691,"=COSEIDI") -> 0 | J5: =COUNTIFS('RESUMEN TOTAL'!Q10:Q691,"=APAGADO",'RESUMEN TOTAL'!C10:C691,"=COSEIDI") -> 0 | K5: =COUNTIFS('RESUMEN TOTAL'!R10:R691,"=APAGADO",'RESUMEN TOTAL'!C10:C691,"=COSEIDI") -> 0 | L5: =COUNTIFS('RESUMEN TOTAL'!S10:S691,"=APAGADO",'RESUMEN TOTAL'!C10:C691,"=COSEIDI") -> 0 | M5: 0 | N5: =COUNTIFS('RESUMEN TOTAL'!U10:U691,"=APAGADO",'RESUMEN TOTAL'!C10:C691,"=COSEIDI") -> 0 | O5: 0 | P5: =COUNTIFS('RESUMEN TOTAL'!W10:W691,"=APAGADO",'RESUMEN TOTAL'!C10:C691,"=COSEIDI") -> 0 | Q5: =COUNTIFS('RESUMEN TOTAL'!X10:X691,"=APAGADO",'RESUMEN TOTAL'!C10:C691,"=COSEIDI") -> 0 | R5: =COUNTIFS('RESUMEN TOTAL'!Y10:Y691,"=APAGADO",'RESUMEN TOTAL'!C10:C691,"=COSEIDI") -> 0 | S5: =COUNTIFS('RESUMEN TOTAL'!Z10:Z691,"=APAGADO",'RESUMEN TOTAL'!C10:C691,"=COSEIDI") -> 0 | T5: 0 | U5: 0 | V5: =COUNTIFS('RESUMEN TOTAL'!AC10:AC691,"=APAGADO",'RESUMEN TOTAL'!C10:C691,"=COSEIDI") -> 0 | W5: =COUNTIFS('RESUMEN TOTAL'!AD10:AD691,"=APAGADO",'RESUMEN TOTAL'!C10:C691,"=COSEIDI") -> 0 | X5: =COUNTIFS('RESUMEN TOTAL'!AE10:AE691,"=APAGADO",'RESUMEN TOTAL'!C10:C691,"=COSEIDI") -> 0 | Y5: =COUNTIFS('RESUMEN TOTAL'!AF10:AF691,"=APAGADO",'RESUMEN TOTAL'!C10:C691,"=COSEIDI") -> 0 | Z5: =COUNTIFS('RESUMEN TOTAL'!AG10:AG691,"=APAGADO",'RESUMEN TOTAL'!C10:C691,"=COSEIDI") -> 0 | AA5: =COUNTIFS('RESUMEN TOTAL'!AH10:AH691,"=APAGADO",'RESUMEN TOTAL'!C10:C691,"=COSEIDI") -> 0 | AB5: =COUNTIFS('RESUMEN TOTAL'!AI10:AI691,"=APAGADO",'RESUMEN TOTAL'!C10:C691,"=COSEIDI") -> 0 | AC5: =COUNTIFS('RESUMEN TOTAL'!AJ10:AJ691,"=APAGADO",'RESUMEN TOTAL'!C10:C691,"=COSEIDI") -> 0 | AD5: =COUNTIFS('RESUMEN TOTAL'!AK10:AK691,"=APAGADO",'RESUMEN TOTAL'!C10:C691,"=COSEIDI") -> 0 | AE5: =COUNTIFS('RESUMEN TOTAL'!AL10:AL691,"=APAGADO",'RESUMEN TOTAL'!C10:C691,"=COSEIDI") -> 0 | AF5: =COUNTIFS('RESUMEN TOTAL'!AM10:AM691,"=APAGADO",'RESUMEN TOTAL'!C10:C691,"=COSEIDI") -> 0 | AG5: 0 | AH5: =COUNTIFS('RESUMEN TOTAL'!AO10:AO691,"=APAGADO",'RESUMEN TOTAL'!C10:C691,"=COSEIDI") -> 0 | AI5: 0 | AJ5: 0
E6: % COSEIDI | F6: 0 | G6: =G5/COSEIDIcam -> 0 | H6: 0 | I6: 0 | J6: 0 | K6: =K5/COSEIDIcam -> 0 | L6: =L5/COSEIDIcam -> 0 | M6: 0 | N6: =N5/COSEIDIcam -> 0 | O6: 0 | P6: 0 | Q6: =Q5/COSEIDIcam -> 0 | R6: =R5/COSEIDIcam -> 0 | S6: =S5/COSEIDIcam -> 0 | T6: 0 | U6: 0 | V6: 0 | W6: =W5/COSEIDIcam -> 0 | X6: =X5/COSEIDIcam -> 0 | Y6: =Y5/COSEIDIcam -> 0 | Z6: =Z5/COSEIDIcam -> 0 | AA6: =AA5/COSEIDIcam -> 0 | AB6: =AB5/COSEIDIcam -> 0 | AC6: 0 | AD6: =AD5/COSEIDIcam -> 0 | AE6: =AE5/COSEIDIcam -> 0 | AF6: =AF5/COSEIDIcam -> 0 | AG6: 0 | AH6: =AH5/COSEIDIcam -> 0 | AI6: 0 | AJ6: 0
