Workbook
Name _25_de_agosto: 'RESUMEN TOTAL'!$A$7:$D$498
Name _25_de_agosto_3: 'RESUMEN TOTAL'!$A$7:$D$510
Name _30_mar: #REF!
Name BONOMOcam: Hoja1!$B$2
Name CANTIDAD_DE_CAMARAS: 'RESUMEN TOTAL'!$B$1
Name COSEIDIcam: Hoja1!$B$4

Sheet RESUMEN TOTAL
A1: CANTIDAD DE CAMARAS | B1: =COUNTA(B8:B744) -> 584 | D1: PORCIENTO DE CAIDAS | M1: =(M3)/(M2+M3) -> 0.12048193 | N1: =(N3)/(N2+N3) -> 0.12965723 | O1: =(O3)/(O2+O3) -> 0.12443778 | P1: =(P3)/(P2+P3) -> 0.12705531 | Q1: =(Q3)/(Q2+Q3) -> 0 | R1: =(R3)/(R2+R3) -> 0 | S1: =(S3)/(S2+S3) -> 0 | T1: =(T3)/(T2+T3) -> 0 | ... Y1: =(Y3)/(Y2+Y3) -> 0 | AA1: =(AA3)/(AA2+AA3) -> 0 | AB1: =(AB3)/(AB2+AB3) -> 0 | AC1: =(AC3)/(AC2+AC3) -> 0 | AD1: =(AD3)/(AD2+AD3) -> 0 | AE1: =(AE3)/(AE2+AE3) -> 0 | AF1: =(AF3)/(AF2+AF3) -> 0 | AG1: =(AG3)/(AG2+AG3) -> 0 | AH1: =(AH3)/(AH2+AH3) -> 0 | ... AQ1: =(AQ3)/(AQ2+AQ3) -> 0
D2: FUNCIONAN | M2: =CANTIDAD_DE_CAMARAS -> 584 | N2: =CANTIDAD_DE_CAMARAS -> 584 | O2: =CANTIDAD_DE_CAMARAS -> 584 | P2: =CANTIDAD_DE_CAMARAS -> 584 | Q2: =CANTIDAD_DE_CAMARAS -> 584 | R2: =CANTIDAD_DE_CAMARAS -> 584 | S2: =CANTIDAD_DE_CAMARAS -> 584 | T2: =CANTIDAD_DE_CAMARAS -> 584 | ... AQ2: =CANTIDAD_DE_CAMARAS -> 584
D3: CAIDAS | M3: =COUNTIF(M7:M744, "apagado") -> 80 | N3: =COUNTIF(N7:N744, "apagado") -> 87 | O3: =COUNTIF(O7:O744, "apagado") -> 83 | P3: =COUNTIF(P7:P744, "apagado") -> 85 | Q3: =COUNTIF(Q7:Q744, "apagado") -> 0 | R3: =COUNTIF(R7:R744, "apagado") -> 0 | S3: =COUNTIF(S7:S744, "apagado") -> 0 | T3: =COUNTIF(T7:T744, "apagado") -> 0 | ... AQ3: =COUNTIF(AQ7:AQ744, "apagado") -> 0
D4: APAGADOS FIBRA | M4: =COUNTIFS(M8:M698, "=APAGADO",F8:F698,"=Fibra Optica") -> 38 | N4: =COUNTIFS(N8:N698, "=APAGADO",F8:F698,"=Fibra Optica") -> 40 | O4: =COUNTIFS(O8:O698, "=APAGADO",F8:F698,"=Fibra Optica") -> 38 | P4: =COUNTIFS(P8:P698, "=APAGADO",F8:F698,"=Fibra Optica") -> 43 | Q4: =COUNTIFS(Q8:Q698, "=APAGADO",F8:F698,"=Fibra Optica") -> 0 | R4: =COUNTIFS(R8:R698, "=APAGADO",F8:F698,"=Fibra Optica") -> 0 | S4: =COUNTIFS(S8:S698, "=APAGADO",F8:F698,"=Fibra Optica") -> 0 | T4: =COUNTIFS(T8:T698, "=APAGADO",F8:F698,"=Fibra Optica") -> 0 | U4: =COUNTIFS(U8:U698, "=APAGADO",F8:F698,"=Fibra Optica") -> 0 | V4: =COUNTIFS(V8:V698, "=APAGADO",F8:F698,"=Fibra Optica") -> 0 | W4: =COUNTIFS(W8:W698, "=APAGADO",F8:F698,"=Fibra Optica") -> 0 | X4: =COUNTIFS(X8:X698, "=APAGADO",F8:F698,"=Fibra Optica") -> 0 | Y4: =COUNTIFS(Y8:Y698, "=APAGADO",F8:F698,"=Fibra Optica") -> 0 | Z4: =COUNTIFS(Z8:Z698, "=APAGADO",F8:F698,"=Fibra Optica") -> 0 | AA4: =COUNTIFS(AA8:AA698, "=APAGADO",F8:F698,"=Fibra Optica") -> 0 | AB4: =COUNTIFS(AB8:AB698, "=APAGADO",F8:F698,"=Fibra Optica") -> 0 | AC4: =COUNTIFS(AC8:AC698, "=APAGADO",F8:F698,"=Fibra Optica") -> 0 | AD4: =COUNTIFS(AD8:AD698, "=APAGADO",F8:F698,"=Fibra Optica") -> 0 | AE4: =COUNTIFS(AE8:AE698, "=APAGADO",F8:F698,"=Fibra Optica") -> 0 | AF4: =COUNTIFS(AF8:AF698, "=APAGADO",F8:F698,"=Fibra Optica") -> 0 | AG4: =COUNTIFS(AG8:AG698, "=APAGADO",F8:F698,"=Fibra Optica") -> 0 | AH4: =COUNTIFS(AH8:AH698, "=APAGADO",F8:F698,"=Fibra Optica") -> 0 | AI4: =COUNTIFS(AI8:AI698, "=APAGADO",F8:F698,"=Fibra Optica") -> 0 | AJ4: =COUNTIFS(AJ8:AJ698, "=APAGADO",F8:F698,"=Fibra Optica") -> 0 | AK4: =COUNTIFS(AK8:AK698, "=APAGADO",F8:F698,"=Fibra Optica") -> 0 | AL4: =COUNTIFS(AL8:AL698, "=APAGADO",F8:F698,"=Fibra Optica") -> 0 | AM4: =COUNTIFS(AM8:AM698, "=APAGADO",F8:F698,"=Fibra Optica") -> 0 | AN4: =COUNTIFS(AN8:AN698, "=APAGADO",F8:F698,"=Fibra Optica") -> 0 | AO4: =COUNTIFS(AO8:AO698, "=APAGADO",G8:G698,"=Fibra Optica") -> 0 | AP4: =COUNTIFS(AP8:AP698, "=APAGADO",H8:H698,"=Fibra Optica") -> 0 | AQ4: =COUNTIFS(AQ8:AQ698, "=APAGADO",I8:I698,"=Fibra Optica") -> 0
D5: APAGADOS RADIO | M5: =COUNTIFS(M8:M698, "=APAGADO",F8:F698,"=RADIO") -> 3 | N5: =COUNTIFS(N8:N698, "=APAGADO",F8:F698,"=RADIO") -> 5 | O5: =COUNTIFS(O8:O698, "=APAGADO",F8:F698,"=RADIO") -> 5 | P5: =COUNTIFS(P8:P698, "=APAGADO",F8:F698,"=RADIO") -> 6 | Q5: =COUNTIFS(Q8:Q698, "=APAGADO",F8:F698,"=RADIO") -> 0 | R5: =COUNTIFS(R8:R698, "=APAGADO",F8:F698,"=RADIO") -> 0 | S5: =COUNTIFS(S8:S698, "=APAGADO",F8:F698,"=RADIO") -> 0 | T5: =COUNTIFS(T8:T698, "=APAGADO",F8:F698,"=RADIO") -> 0 | U5: =COUNTIFS(U8:U698, "=APAGADO",F8:F698,"=RADIO") -> 0 | V5: =COUNTIFS(V8:V698, "=APAGADO",F8:F698,"=RADIO") -> 0 | W5: =COUNTIFS(W8:W698, "=APAGADO",F8:F698,"=RADIO") -> 0 | X5: =COUNTIFS(X8:X698, "=APAGADO",F8:F698,"=RADIO") -> 0 | Y5: =COUNTIFS(Y8:Y698, "=APAGADO",F8:F698,"=RADIO") -> 0 | Z5: =COUNTIFS(Z8:Z698, "=APAGADO",F8:F698,"=RADIO") -> 0 | AA5: =COUNTIFS(AA8:AA698, "=APAGADO",F8:F698,"=RADIO") -> 0 | AB5: =COUNTIFS(AB8:AB698, "=APAGADO",F8:F698,"=RADIO") -> 0 | AC5: =COUNTIFS(AC8:AC698, "=APAGADO",F8:F698,"=RADIO") -> 0 | AD5: =COUNTIFS(AD8:AD698, "=APAGADO",F8:F698,"=RADIO") -> 0 | AE5: =COUNTIFS(AE8:AE698, "=APAGADO",F8:F698,"=RADIO") -> 0 | AF5: =COUNTIFS(AF8:AF698, "=APAGADO",F8:F698,"=RADIO") -> 0 | AG5: =COUNTIFS(AG8:AG698, "=APAGADO",F8:F698,"=RADIO") -> 0 | AH5: =COUNTIFS(AH8:AH698, "=APAGADO",F8:F698,"=RADIO") -> 0 | AI5: =COUNTIFS(AI8:AI698, "=APAGADO",F8:F698,"=RADIO") -> 0 | AJ5: =COUNTIFS(AJ8:AJ698, "=APAGADO",F8:F698,"=RADIO") -> 0 | AK5: =COUNTIFS(AK8:AK698, "=APAGADO",F8:F698,"=RADIO") -> 0 | AL5: =COUNTIFS(AL8:AL698, "=APAGADO",F8:F698,"=RADIO") -> 0 | AM5: =COUNTIFS(AM8:AM698, "=APAGADO",F8:F698,"=RADIO") -> 0 | AN5: =COUNTIFS(AN8:AN698, "=APAGADO",F8:F698,"=RADIO") -> 0 | AO5: =COUNTIFS(AO8:AO698, "=APAGADO",G8:G698,"=RADIO") -> 0 | AP5: =COUNTIFS(AP8:AP698, "=APAGADO",H8:H698,"=RADIO") -> 0 | AQ5: =COUNTIFS(AQ8:AQ698, "=APAGADO",I8:I698,"=RADIO") -> 0
D6: APAGADOS ANTENA | M6: =COUNTIFS(M8:M698, "=APAGADO",F8:F698,"=PTO A FO") -> 9 | N6: =COUNTIFS(N8:N698, "=APAGADO",F8:F698,"=PTO A FO") -> 10 | O6: =COUNTIFS(O8:O698, "=APAGADO",F8:F698,"=PTO A FO") -> 7 | P6: =COUNTIFS(P8:P698, "=APAGADO",F8:F698,"=PTO A FO") -> 8 | Q6: =COUNTIFS(Q8:Q698, "=APAGADO",F8:F698,"=PTO A FO") -> 0 | R6: =COUNTIFS(R8:R698, "=APAGADO",F8:F698,"=PTO A FO") -> 0 | S6: =COUNTIFS(S8:S698, "=APAGADO",F8:F698,"=PTO A FO") -> 0 | T6: =COUNTIFS(T8:T698, "=APAGADO",F8:F698,"=PTO A FO") -> 0 | U6: =COUNTIFS(U8:U698, "=APAGADO",F8:F698,"=PTO A FO") -> 0 | V6: =COUNTIFS(V8:V698, "=APAGADO",F8:F698,"=PTO A FO") -> 0 | W6: =COUNTIFS(W8:W698, "=APAGADO",F8:F698,"=PTO A FO") -> 0 | X6: =COUNTIFS(X8:X698, "=APAGADO",F8:F698,"=PTO A FO") -> 0 | Y6: =COUNTIFS(Y8:Y698, "=APAGADO",F8:F698,"=PTO A FO") -> 0 | Z6: =COUNTIFS(Z8:Z698, "=APAGADO",F8:F698,"=PTO A FO") -> 0 | AA6: =COUNTIFS(AA8:AA698, "=APAGADO",F8:F698,"=PTO A FO") -> 0 | AB6: =COUNTIFS(AB8:AB698, "=APAGADO",F8:F698,"=PTO A FO") -> 0 | AC6: =COUNTIFS(AC8:AC698, "=APAGADO",F8:F698,"=PTO A FO") -> 0 | AD6: =COUNTIFS(AD8:AD698, "=APAGADO",F8:F698,"=PTO A FO") -> 0 | AE6: =COUNTIFS(AE8:AE698, "=APAGADO",F8:F698,"=PTO A FO") -> 0 | AF6: =COUNTIFS(AF8:AF698, "=APAGADO",F8:F698,"=PTO A FO") -> 0 | AG6: =COUNTIFS(AG8:AG698, "=APAGADO",F8:F698,"=PTO A FO") -> 0 | AH6: =COUNTIFS(AH8:AH698, "=APAGADO",F8:F698,"=PTO A FO") -> 0 | AI6: =COUNTIFS(AI8:AI698, "=APAGADO",F8:F698,"=PTO A FO") -> 0 | AJ6: =COUNTIFS(AJ8:AJ698, "=APAGADO",F8:F698,"=PTO A FO") -> 0 | AK6: =COUNTIFS(AK8:AK698, "=APAGADO",F8:F698,"=PTO A FO") -> 0 | AL6: =COUNTIFS(AL8:AL698, "=APAGADO",F8:F698,"=PTO A FO") -> 0 | AM6: =COUNTIFS(AM8:AM698, "=APAGADO",F8:F698,"=PTO A FO") -> 0 | AN6: =COUNTIFS(AN8:AN698, "=APAGADO",F8:F698,"=PTO A FO") -> 0 | AO6: =COUNTIFS(AO8:AO698, "=APAGADO",G8:G698,"=PTO A FO") -> 0 | AP6: =COUNTIFS(AP8:AP698, "=APAGADO",H8:H698,"=PTO A FO") -> 0 | AQ6: =COUNTIFS(AQ8:AQ698, "=APAGADO",I8:I698,"=PTO A FO") -> 0
A7: Barrio | B7: [Denominacion] | C7: [Empresa Mantenimiento] | D7: [Ubicacion] | E7: [Tipo de Camara] | F7: [Tipo de Conexion] | G7: Destino | I7: DIAS FUNCIONANDO | J7: MAC | K7: DIAS CAIDA | L7: EFECTIVIDAD | M7: 46082 | N7: 46083 | O7: 46084 | P7: 46085 | Q7: 46086 | R7: 46087 | S7: 46088 | T7: 46089 | U7: 46090 | V7: 46091 | W7: 46092 | X7: 46093 | Y7: 46094 | Z7: 46095 | AA7: 46096 | AB7: 46097 | AC7: 46098 | AD7: 46099 | AE7: 46100 | AF7: 46101 | AG7: 46102 | AH7: 46103 | AI7: 46104 | AJ7: 46105 | AK7: 46106 | AL7: 46107 | AM7: 46108 | AN7: 46109 | AO7: 46110 | AP7: 46111 | AQ7: 46112
A8: ALTAMIRA | B8: ALT01 | C8: BONOMO | D8: Calchaqui y Sgto. Cabral | E8: Domo | F8: Fibra Optica | H8: 172.20.10.6 | I8: =COUNTIF(M8:AN8,"") -> 28 | J8: 00-07-5F-87-83-56 | K8: =COUNTIF(M8:AN8,"APAGADO") -> 0 | L8: =(I8)/(K8+I8) -> 1
A9: ALTAMIRA | B9: ALT02 | C9: BONOMO | D9: Calchaqui y Lope de Vega | E9: Domo | F9: PTO A FO | G9: CABRAL Y CALCHAQUI | H9: 172.20.12.218 | I9: =COUNTIF(M9:AN9,"") -> 24 | J9: 00-04-63-50-42-A4 | K9: =COUNTIF(M9:AN9,"APAGADO") -> 4 | L9: =(I9)/(K9+I9) -> 0.85714286 | M9: APAGADO | N9: APAGADO | O9: APAGADO | P9: APAGADO
A10: ALTAMIRA | B10: ALT 03 | C10: BONOMO | D10: Bombero Galarza y Necochea | E10: Domo | F10: GPON | H10: 172.20.12.54 | I10: =COUNTIF(M10:AN10,"") -> 28 | J10: 00-07-5F-87-9D-EF | K10: =COUNTIF(M10:AN10,"APAGADO") -> 0 | L10: =(I10)/(K10+I10) -> 1
A11: ALTAMIRA | B11: ALT 04 | C11: BONOMO | D11: Francia y Necochea | E11: Domo | F11: GPON | H11: 172.20.12.55 | I11: =COUNTIF(M11:AN11,"") -> 28 | J11: 00-04-63-59-22-57 | K11: =COUNTIF(M11:AN11,"APAGADO") -> 0 | L11: =(I11)/(K11+I11) -> 1
A12: ALTAMIRA | B12: ALT05 | C12: BONOMO | D12: Av. Calchaqui y Bombero Galarza | E12: Domo | F12: GPON | G12: NECOCHEA Y GALARZA | H12: 172.20.12.216 | I12: =COUNTIF(M12:AN12,"") -> 28 | J12: 00-07-5F-77-02-85 | K12: =COUNTIF(M12:AN12,"APAGADO") -> 0 | L12: =(I12)/(K12+I12) -> 1
A13: ALTAMIRA | B13: ALT 06 | C13: BONOMO | D13: LOPE DE VEGA Y NECOCHEA | E13: Domo | F13: GPON | G13: NECOCHEA Y GALARZA | H13: 172.20.12.12 | I13: =COUNTIF(M13:AN13,"") -> 28 | J13: 00-04-63-4F-DD-DB | K13: =COUNTIF(M13:AN13,"APAGADO") -> 0 | L13: =(I13)/(K13+I13) -> 1
A14: ALTAMIRA | B14: ALT07 | C14: BONOMO | D14: AV. CALCHAQUI Y AV. DEL TRABAJO | E14: DOMO | F14: PTO A FO | G14: CABRAL Y CALCHAQUI | H14: 172.20.10.57 | I14: =COUNTIF(M14:AN14,"") -> 28 | J14: 00-04-63-4F-DE-CA | K14: =COUNTIF(M14:AN14,"APAGADO") -> 0 | L14: =(I14)/(K14+I14) -> 1
A15: ALTAMIRA | B15: ALT 08 | C15: BONOMO | D15: HUMAITA Y NECOCHEA | E15: DOMO | F15: Fibra Optica | H15: 172.20.11.215 | I15: =COUNTIF(M15:AN15,"") -> 28 | J15: 00-07-5F-BE-59-2D | K15: =COUNTIF(M15:AN15,"APAGADO") -> 0 | L15: =(I15)/(K15+I15) -> 1
A16: ALTAMIRA | B16: ALT 09 | C16: BONOMO | D16: NECOCHEA Y CURUPAITY | E16: DOMO | F16: Fibra Optica | H16: 172.20.11.216 | I16: =COUNTIF(M16:AN16,"") -> 28 | J16: 00-07-5F-BE-59-27 | K16: =COUNTIF(M16:AN16,"APAGADO") -> 0 | L16: =(I16)/(K16+I16) -> 1
A17: ALTAMIRA | B17: ALT 10 | C17: BONOMO | D17: Calchaqui y Francia | E17: Domo | F17: GPON | H17: 172.20.12.156 | I17: =COUNTIF(M17:AN17,"") -> 28 | J17: 00-07-5F-AB-BB-41 | K17: =COUNTIF(M17:AN17,"APAGADO") -> 0 | L17: =(I17)/(K17+I17) -> 1
A18: ALTAMIRA | B18: ALT 11 | C18: BONOMO | D18: CALCHAQUÍ Y GALARZA FIJA | E18: Fija | F18: GPON | H18: 172.20.12.241 | I18: =COUNTIF(M18:AN18,"") -> 28 | J18: 3c-1b-f8-df-95-58 | K18: =COUNTIF(M18:AN18,"APAGADO") -> 0 | L18: =(I18)/(K18+I18) -> 1
A19: AGUSTIN RAMIREZ | B19: ARA 01 | C19: BONOMO | D19: Malambo y Tranquera | E19: Domo | F19: Fibra Optica | H19: 172.20.12.110 | I19: =COUNTIF(M19:AN19,"") -> 24 | J19: 00-04-63-4F-DB-B6 | K19: =COUNTIF(M19:AN19,"APAGADO") -> 4 | L19: =(I19)/(K19+I19) -> 0.85714286 | M19: APAGADO | N19: APAGADO | O19: APAGADO | P19: APAGADO
A20: AGUSTIN RAMIREZ | B20: ARA 02 | C20: BONOMO | D20: El malambo y La Tranquera | E20: Fija | F20: GPON | H20: 172.20.12.235 | I20: =COUNTIF(M20:AN20,"") -> 24 | J20: C0:6D:ED:A3:E6:63 | K20: =COUNTIF(M20:AN20,"APAGADO") -> 4 | L20: =(I20)/(K20+I20) -> 0.85714286 | M20: APAGADO | N20: APAGADO | O20: APAGADO | P20: APAGADO
A21: AGUSTIN RAMIREZ | B21: ARA 03 | C21: BONOMO | D21: 437 Y La Tranquera | E21: Fija | F21: GPON | H21: 172.20.10.232 | I21: =COUNTIF(M21:AN21,"") -> 28 | J21: C0:6D:ED:A3:66:6A | K21: =COUNTIF(M21:AN21,"APAGADO") -> 0 | L21: =(I21)/(K21+I21) -> 1
A22: BELGRANO | B22: BEL 01 | C22: BONOMO | D22: San Martin y Dardo Rocha | E22: DOMO | F22: Fibra Optica | H22: 172.20.12.64 | I22: =COUNTIF(M22:AN22,"") -> 28 | J22: 00-07-5F-81-B9-E9 | K22: =COUNTIF(M22:AN22,"APAGADO") -> 0 | L22: =(I22)/(K22+I22) -> 1
A23: BELGRANO | B23: BEL 02 | C23: BONOMO | D23: Guardia vieja y Fronteriz | E23: DOMO | F23: Fibra Optica | H23: 172.20.10.117 | I23: =COUNTIF(M23:AN23,"") -> 28 | J23: E4-30-22-4F-9E-62 | K23: =COUNTIF(M23:AN23,"APAGADO") -> 0 | L23: =(I23)/(K23+I23) -> 1
A24: BOSQUES CENTRO | B24: BOSQC 01 | C24: COSEIDI | D24: LUIS AGOTE E/DANUNCIO Y CAMPOAMOR | E24: Fija | F24: PTO A FO | H24: 172.20.11.15 | I24: =COUNTIF(M24:AN24,"") -> 28 | J24: 00-07-5F-B7-56-89 | K24: =COUNTIF(M24:AN24,"APAGADO") -> 0 | L24: =(I24)/(K24+I24) -> 1
A25: BOSQUES CENTRO | B25: BOSQC 02 | C25: COSEIDI | D25: LUIS AGOTE E/DANUNCIO Y CAMPOAMOR | E25: Fija | F25: PTO A FO | H25: 172.20.11.16 | I25: =COUNTIF(M25:AN25,"") -> 28 | J25: 00-07-5F-B4-17-A8 | K25: =COUNTIF(M25:AN25,"APAGADO") -> 0 | L25: =(I25)/(K25+I25) -> 1
A26: BOSQUES CENTRO | B26: BOSQC 03 | C26: COSEIDI | D26: BENAVENTE Y LUIS AGOTE | E26: Fija | F26: PTO A FO | H26: 172.20.11.13 | I26: =COUNTIF(M26:AN26,"") -> 28 | J26: 00-07-5F-B6-B8-A5 | K26: =COUNTIF(M26:AN26,"APAGADO") -> 0 | L26: =(I26)/(K26+I26) -> 1
A27: BOSQUES CENTRO | B27: BOSQC 04 | C27: COSEIDI | D27: BENAVENTE Y LUIS AGOTE | E27: Fija | F27: PTO A FO | H27: 172.20.11.113 | I27: =COUNTIF(M27:AN27,"") -> 28 | J27: 00-07-5F-B6-B8-D3 | K27: =COUNTIF(M27:AN27,"APAGADO") -> 0 | L27: =(I27)/(K27+I27) -> 1
A28: BOSQUES CENTRO | B28: BOSQC 05 | C28: COSEIDI | D28: LUIS AGOTE Y RUTA 36 | E28: Fija | F28: PTO A FO | H28: 172.20.11.17 | I28: =COUNTIF(M28:AN28,"") -> 28 | J28: 00-07-5F-B4-42-C7 | K28: =COUNTIF(M28:AN28,"APAGADO") -> 0 | L28: =(I28)/(K28+I28) -> 1
A29: BOSQUES CENTRO | B29: BOSQC 06 | C29: COSEIDI | D29: LUIS AGOTE Y RUTA 36 | E29: Fija | F29: PTO A FO | H29: 172.20.11.18 | I29: =COUNTIF(M29:AN29,"") -> 28 | J29: 00-07-5F-B4-16-8D | K29: =COUNTIF(M29:AN29,"APAGADO") -> 0 | L29: =(I29)/(K29+I29) -> 1
A30: BOSQUES CENTRO | B30: BOSQ 07 | C30: BONOMO | D30: Touring club y Sta Teresita | E30: Domo | F30: GPON | H30: 172.20.10.141 | I30: =COUNTIF(M30:AN30,"") -> 28 | J30: A0-FF-0C-D1-BD-7F | K30: =COUNTIF(M30:AN30,"APAGADO") -> 0 | L30: =(I30)/(K30+I30) -> 1
A31: BOSQUES CENTRO | B31: BOSQ 08 | C31: COSEIDI | D31: D'Anuncio Y J.B Justo (Plaza) | E31: Domo | F31: GPON | H31: 172.20.10.222 | I31: =COUNTIF(M31:AN31,"") -> 28 | J31: a4-18-94-05-51-13 | K31: =COUNTIF(M31:AN31,"APAGADO") -> 0 | L31: =(I31)/(K31+I31) -> 1
A32: BOSQUES CENTRO | B32: BOSQ 09 | C32: COSEIDI | D32: D'Anuncio e/Lisandro de la Torre y J.B Justo | E32: Fija | F32: GPON | H32: 172.20.10.227 | I32: =COUNTIF(M32:AN32,"") -> 28 | J32: c0-6d-ed-a3-e4-4c | K32: =COUNTIF(M32:AN32,"APAGADO") -> 0 | L32: =(I32)/(K32+I32) -> 1
... A35: PRESIDENTE AVELLANEDA | B35: PAVE01 | C35: COSEIDI | D35: Touring Club y Ramallo | E35: Domo | F35: Fibra Optica | H35: 172.20.10.144 | I35: =COUNTIF(M35:AN35,"") -> 28 | J35: A0-FF-0C-D4-AF-AD | K35: =COUNTIF(M35:AN35,"APAGADO") -> 0 | L35: =(I35)/(K35+I35) -> 1
A36: PRESIDENTE AVELLANEDA | B36: PAVE02 | C36: COSEIDI | D36: Ramallo y Calingasta | E36: Domo | F36: GPON | H36: 172.20.10.37 | I36: =COUNTIF(M36:AN36,"") -> 24 | J36: a4-18-94-05-47-33 | K36: =COUNTIF(M36:AN36,"APAGADO") -> 4 | L36: =(I36)/(K36+I36) -> 0.85714286 | M36: APAGADO | N36: APAGADO | O36: APAGADO | P36: APAGADO
A37: PRESIDENTE AVELLANEDA | B37: PAVE03 | C37: COSEIDI | D37: Ptagones e Irala | E37: Domo | F37: GPON | H37: 172,20,12,201 | I37: =COUNTIF(M37:AN37,"") -> 24 | J37: a4-18-94-05-50-c9 | K37: =COUNTIF(M37:AN37,"APAGADO") -> 4 | L37: =(I37)/(K37+I37) -> 0.85714286 | M37: APAGADO | N37: APAGADO | O37: APAGADO | P37: APAGADO
A38: BOSQUES CENTRO | B38: CVA01 | C38: COSEIDI | D38: CACHEUTA Y 1355 | E38: Domo | F38: GPON | H38: 172.20.10.59 | I38: =COUNTIF(M38:AN38,"") -> 28 | J38: c0-6d-ed-a7-2f-76 | K38: =COUNTIF(M38:AN38,"APAGADO") -> 0 | L38: =(I38)/(K38+I38) -> 1
A39: LA CAROLINA 2 | B39: CAR01 (Fija 1) | C39: COSEIDI | D39: Azurduy y Vergara | E39: Fija | F39: Fibra Optica | H39: 172.20.10.60 | I39: =COUNTIF(M39:AN39,"") -> 25 | J39: A0:FF:0C:EF:DF:AB | K39: =COUNTIF(M39:AN39,"APAGADO") -> 3 | L39: =(I39)/(K39+I39) -> 0.89285714 | M39: APAGADO | N39: APAGADO | O39: APAGADO
A40: LA CAROLINA 2 | B40: CAR02 (Fija 2) | C40: COSEIDI | D40: Azurduy y Vergara | E40: Fija | F40: Fibra Optica | H40: 172.20.10.73 | I40: =COUNTIF(M40:AN40,"") -> 25 | J40: A0:FF:0C:EF:DF:AD | K40: =COUNTIF(M40:AN40,"APAGADO") -> 3 | L40: =(I40)/(K40+I40) -> 0.89285714 | M40: APAGADO | N40: APAGADO | O40: APAGADO
A41: LA CAROLINA 2 | B41: CAR03(Fija1) | C41: COSEIDI | D41: Hudson e/1362 Y 1356 | E41: Fija | F41: Fibra Optica | H41: 172.20.8.39 | I41: =COUNTIF(M41:AN41,"") -> 28 | J41: c0-6d-ed-a3-e5-ad | K41: =COUNTIF(M41:AN41,"APAGADO") -> 0 | L41: =(I41)/(K41+I41) -> 1
A42: LA CAROLINA 2 | B42: CAR04(Fija2) | C42: COSEIDI | D42: Hudson e/1362 Y 1356 | E42: Fija | F42: Fibra Optica | H42: 172.20.8.40 | I42: =COUNTIF(M42:AN42,"") -> 28 | J42: c0-6d-ed-a3-e6-3a | K42: =COUNTIF(M42:AN42,"APAGADO") -> 0 | L42: =(I42)/(K42+I42) -> 1
A43: LA CAROLINA 2 | B43: CAR05 | C43: COSEIDI | D43: Hudson e/1362 Y 1356 | E43: Domo | F43: Fibra Optica | H43: 172.20.8.34 | I43: =COUNTIF(M43:AN43,"") -> 28 | J43: a4-18-94-05-4a-70 | K43: =COUNTIF(M43:AN43,"APAGADO") -> 0 | L43: =(I43)/(K43+I43) -> 1
A44: LA CAROLINA 2 | B44: CAR06 | C44: COSEIDI | D44: Azurduy Y Barracas | E44: Domo | F44: Fibra Optica | H44: 172.20.10.223 | I44: =COUNTIF(M44:AN44,"") -> 25 | J44: a4-18-94-05-4a-01 | K44: =COUNTIF(M44:AN44,"APAGADO") -> 3 | L44: =(I44)/(K44+I44) -> 0.89285714 | M44: APAGADO | N44: APAGADO | O44: APAGADO
A45: LA CAROLINA 2 | B45: CAR08 | C45: COSEIDI | D45: Calle 1148 y 1150 ( Fija 1 ) | E45: Fija | F45: Fibra Optica | H45: 172,20,8,58 | I45: =COUNTIF(M45:AN45,"") -> 27 | J45: c0-6d-ed-a3-e5-d1 | K45: =COUNTIF(M45:AN45,"APAGADO") -> 1 | L45: =(I45)/(K45+I45) -> 0.96428571 | P45: APAGADO
A46: LA CAROLINA 2 | B46: CAR09 | C46: COSEIDI | D46: calle 1148 y 1150 ( Fija 2 ) | E46: Fija | F46: Fibra Optica | H46: 172,20,8,59 | I46: =COUNTIF(M46:AN46,"") -> 27 | J46: c0-6d-ed-a3-e5-d3 | K46: =COUNTIF(M46:AN46,"APAGADO") -> 1 | L46: =(I46)/(K46+I46) -> 0.96428571 | P46: APAGADO
A47: CENTRO | B47: CEN01 | C47: BONOMO | D47: San Martin y 9 de Julio | E47: Fija | F47: Fibra Optica | H47: 172.20.11.10 | I47: =COUNTIF(M47:AN47,"") -> 28 | J47: 00-07-5F-85-FC-FB | K47: =COUNTIF(M47:AN47,"APAGADO") -> 0 | L47: =(I47)/(K47+I47) -> 1
A48: CENTRO | B48: CEN02 | C48: BONOMO | D48: San Martin y Almafuerte | E48: Fija | F48: Fibra Optica | H48: 172.20.11.11 | I48: =COUNTIF(M48:AN48,"") -> 28 | J48: 00-07-5F-85-DF-9D | K48: =COUNTIF(M48:AN48,"APAGADO") -> 0 | L48: =(I48)/(K48+I48) -> 1
A49: CENTRO | B49: CEN03 | C49: BONOMO | D49: San Martin y Sallares | E49: Domo | F49: Fibra Optica | H49: 172.20.12.30 | I49: =COUNTIF(M49:AN49,"") -> 28 | J49: 00-07-5F-E6-65-A8 | K49: =COUNTIF(M49:AN49,"APAGADO") -> 0 | L49: =(I49)/(K49+I49) -> 1
A50: CENTRO | B50: CEN04 | C50: BONOMO | D50: San Martin y Contreras | E50: Domo | F50: Fibra Optica | H50: 172.20.12.29 | I50: =COUNTIF(M50:AN50,"") -> 28 | J50: 00-04-63-5A-E0-85 | K50: =COUNTIF(M50:AN50,"APAGADO") -> 0 | L50: =(I50)/(K50+I50) -> 1
A51: CENTRO | B51: CEN 05 | C51: BONOMO | D51: Bocuzzi e/España y San Martin | E51: DOMO | F51: Fibra Optica | H51: 172.20.10.200 | I51: =COUNTIF(M51:AN51,"") -> 28 | J51: 00-07-5F-81-9C-7F | K51: =COUNTIF(M51:AN51,"APAGADO") -> 0 | L51: =(I51)/(K51+I51) -> 1
A52: CENTRO | B52: CEN06 | C52: BONOMO | D52: Monteagudo y A.del Valle | E52: Fija | F52: Fibra Optica | H52: 172.20.10.02 | I52: =COUNTIF(M52:AN52,"") -> 25 | K52: =COUNTIF(M52:AN52,"APAGADO") -> 3 | L52: =(I52)/(K52+I52) -> 0.89285714 | N52: APAGADO | O52: APAGADO | P52: APAGADO
A53: CENTRO | B53: CEN07 | C53: BONOMO | D53: San Martin y Guemes | E53: DOMO | F53: Fibra Optica | H53: 172.20.11.20 | I53: =COUNTIF(M53:AN53,"") -> 28 | J53: 00-07-5F-77-25-57 | K53: =COUNTIF(M53:AN53,"APAGADO") -> 0 | L53: =(I53)/(K53+I53) -> 1
A54: CENTRO | B54: CEN08 | C54: BONOMO | D54: San Martin y Pte.Peron | E54: Domo | F54: Fibra Optica | H54: 172.20.11.21 | I54: =COUNTIF(M54:AN54,"") -> 28 | J54: 00-07-5F-7A-71-56 | K54: =COUNTIF(M54:AN54,"APAGADO") -> 0 | L54: =(I54)/(K54+I54) -> 1
A55: CENTRO | B55: CEN09 | C55: BONOMO | D55: Chacabuco y 25 de Mayo | E55: Domo | F55: Fibra Optica | H55: 172.20.11.22 | I55: =COUNTIF(M55:AN55,"") -> 28 | J55: 00-07-5F-76-FB-07 | K55: =COUNTIF(M55:AN55,"APAGADO") -> 0 | L55: =(I55)/(K55+I55) -> 1
A56: CENTRO | B56: CEN10 | C56: BONOMO | D56: Monteagudo y Pte. Peron | E56: Domo | F56: Fibra Optica | H56: 172.20.11.23 | I56: =COUNTIF(M56:AN56,"") -> 28 | J56: 00-07-5F-76-FC-7B | K56: =COUNTIF(M56:AN56,"APAGADO") -> 0 | L56: =(I56)/(K56+I56) -> 1
A57: CENTRO | B57: CEN11 | C57: BONOMO | D57: Monteagudo y Bocuzzi | E57: Domo | F57: Fibra Optica | H57: 172.20.10.24 | I57: =COUNTIF(M57:AN57,"") -> 28 | J57: 00-07-5F-77-26-89 | K57: =COUNTIF(M57:AN57,"APAGADO") -> 0 | L57: =(I57)/(K57+I57) -> 1
A58: CENTRO | B58: CEN 12 | C58: BONOMO | D58: Monteagudo y Mitre | E58: Domo | F58: Fibra Optica | H58: 172.20.10.23 | I58: =COUNTIF(M58:AN58,"") -> 28 | J58: 00-07-5F-75-24-A1 | K58: =COUNTIF(M58:AN58,"APAGADO") -> 0 | L58: =(I58)/(K58+I58) -> 1
A59: CENTRO | B59: CEN 13 | C59: BONOMO | D59: 25 de Mayo y Maipu | E59: DOMO | F59: GPON | H59: 172.20.10.20 | I59: =COUNTIF(M59:AN59,"") -> 28 | J59: 00-07-5F-77-2B-1B | K59: =COUNTIF(M59:AN59,"APAGADO") -> 0 | L59: =(I59)/(K59+I59) -> 1
A60: CENTRO | B60: CEN14 | C60: BONOMO | D60: Pte.Peron e/Pringles y Brown | E60: Domo | F60: Fibra Optica | H60: 172.20.10.21 | I60: =COUNTIF(M60:AN60,"") -> 28 | J60: 00-04-63-50-44-82 | K60: =COUNTIF(M60:AN60,"APAGADO") -> 0 | L60: =(I60)/(K60+I60) -> 1
A61: CENTRO | B61: CEN15 | C61: BONOMO | D61: Alberdi y A.del Valle | E61: Domo | F61: GPON | H61: 172.20.10.35 | I61: =COUNTIF(M61:AN61,"") -> 24 | J61: 00-07-5F-75-23-66 | K61: =COUNTIF(M61:AN61,"APAGADO") -> 4 | L61: =(I61)/(K61+I61) -> 0.85714286 | M61: APAGADO | N61: APAGADO | O61: APAGADO | P61: APAGADO
A62: CENTRO | B62: CEN16 | C62: BONOMO | D62: San Martin y Pte. Peron | E62: Fija | F62: Fibra Optica | H62: 172.20.12.36 | I62: =COUNTIF(M62:AN62,"") -> 28 | J62: 00-07-5F-95-ED-8E | K62: =COUNTIF(M62:AN62,"APAGADO") -> 0 | L62: =(I62)/(K62+I62) -> 1
A63: CENTRO | B63: CEN17 | C63: BONOMO | D63: San Martin y Mitre | E63: Domo | F63: PTO A FO | G63: SAN MARTIN Y SALLARES | H63: 172.20.12.200 | I63: =COUNTIF(M63:AN63,"") -> 28 | J63: 00-04-63-5A-E0-93 | K63: =COUNTIF(M63:AN63,"APAGADO") -> 0 | L63: =(I63)/(K63+I63) -> 1
A64: CENTRO | B64: CEN18 | C64: BONOMO | D64: Monteagudo e/Mitre y Sallares | E64: Fija | F64: Fibra Optica | H64: 172.20.10.26 | I64: =COUNTIF(M64:AN64,"") -> 28 | J64: 00-04-63-32-84-B7 | K64: =COUNTIF(M64:AN64,"APAGADO") -> 0 | L64: =(I64)/(K64+I64) -> 1
A65: CENTRO | B65: CEN19 | C65: BONOMO | D65: Chacabuco y 25 de Mayo | E65: Fija | F65: Fibra Optica | H65: 172.20.10.27 | I65: =COUNTIF(M65:AN65,"") -> 28 | J65: 00-07-5F-8B-45-70 | K65: =COUNTIF(M65:AN65,"APAGADO") -> 0 | L65: =(I65)/(K65+I65) -> 1
A66: LOMAS DE MONTEVERDE | B66: CEN20 | C66: BONOMO | D66: Pte. Illia y Las Heras | E66: Domo | F66: GPON | H66: 172.20.10.33 | I66: =COUNTIF(M66:AN66,"") -> 28 | J66: 00-04-63-32-A4-95 | K66: =COUNTIF(M66:AN66,"APAGADO") -> 0 | L66: =(I66)/(K66+I66) -> 1
A67: CENTRO | B67: CEN21 | C67: BONOMO | D67: Misiones y Urquiza | E67: Fija | F67: GPON | H67: 172.20.12.246 | I67: =COUNTIF(M67:AN67,"") -> 28 | K67: =COUNTIF(M67:AN67,"APAGADO") -> 0 | L67: =(I67)/(K67+I67) -> 1
A68: CENTRO | B68: CEN22 | C68: BONOMO | D68: Las Heras y Chacabuco | E68: Domo | F68: GPON | H68: 172.20.10.163 | I68: =COUNTIF(M68:AN68,"") -> 28 | J68: 00-07-5F-9B-B3-BC | K68: =COUNTIF(M68:AN68,"APAGADO") -> 0 | L68: =(I68)/(K68+I68) -> 1
A69: CENTRO | B69: CEN23 | C69: BONOMO | D69: Sallares y Monteagudo | E69: Domo | F69: Fibra Optica | H69: 172.20.12.05 | I69: =COUNTIF(M69:AN69,"") -> 28 | J69: 00-07-5F-77-2C-D8 | K69: =COUNTIF(M69:AN69,"APAGADO") -> 0 | L69: =(I69)/(K69+I69) -> 1
A70: CENTRO | B70: CEN24 | C70: BONOMO | D70: Sallares y España | E70: Domo | F70: Fibra Optica | H70: 172.20.11.04 | I70: =COUNTIF(M70:AN70,"") -> 28 | J70: 00-07-5F-76-F9-FD | K70: =COUNTIF(M70:AN70,"APAGADO") -> 0 | L70: =(I70)/(K70+I70) -> 1
A71: CENTRO | B71: CEN25 | C71: BONOMO | D71: SAN MARTIN Y 9 DE JULIO | E71: Domo | F71: Fibra Optica | H71: 172.20.12.02 | I71: =COUNTIF(M71:AN71,"") -> 28 | J71: 00-04-63-4F-C6-19 | K71: =COUNTIF(M71:AN71,"APAGADO") -> 0 | L71: =(I71)/(K71+I71) -> 1
A72: CENTRO | B72: CEN26 | C72: BONOMO | D72: Mitre y España | E72: Domo | F72: Fibra Optica | H72: 172.20.11.38 | I72: =COUNTIF(M72:AN72,"") -> 28 | J72: 00-07-5F-B7-8E-AF | K72: =COUNTIF(M72:AN72,"APAGADO") -> 0 | L72: =(I72)/(K72+I72) -> 1
A73: CENTRO | B73: CEN27 | C73: BONOMO | D73: San Juan y España | E73: Domo | F73: Fibra Optica | H73: 172.20.12.37 | I73: =COUNTIF(M73:AN73,"") -> 28 | J73: 00-04-63-50-5A-EE | K73: =COUNTIF(M73:AN73,"APAGADO") -> 0 | L73: =(I73)/(K73+I73) -> 1
A74: CENTRO | B74: CEN28 | C74: BONOMO | D74: Mitre y Alberdi | E74: Domo | F74: Fibra Optica | H74: 172.20.12.38 | I74: =COUNTIF(M74:AN74,"") -> 28 | J74: 00-04-63-4F-C3-25 | K74: =COUNTIF(M74:AN74,"APAGADO") -> 0 | L74: =(I74)/(K74+I74) -> 1
A75: CENTRO | B75: CEN29 | C75: BONOMO | D75: Alberdi y San Juan | E75: Domo | F75: Fibra Optica | H75: 172.20.12.40 | I75: =COUNTIF(M75:AN75,"") -> 27 | J75: 00-04-63-4F-C5-D7 | K75: =COUNTIF(M75:AN75,"APAGADO") -> 1 | L75: =(I75)/(K75+I75) -> 0.96428571 | P75: APAGADO
A76: CENTRO | B76: CEN30 | C76: BONOMO | D76: Mitre y Pringles | E76: Domo | F76: Fibra Optica | H76: 172.20.12.39 | I76: =COUNTIF(M76:AN76,"") -> 28 | J76: 00-04-63-50-55-A3 | K76: =COUNTIF(M76:AN76,"APAGADO") -> 0 | L76: =(I76)/(K76+I76) -> 1
A77: CENTRO | B77: CEN31 | C77: BONOMO | D77: Mitre e/Monteagudo y Alberdi | E77: Domo | F77: Fibra Optica | H77: 172.20.12.41 | I77: =COUNTIF(M77:AN77,"") -> 28 | J77: 00-04-63-4F-CC-7B | K77: =COUNTIF(M77:AN77,"APAGADO") -> 0 | L77: =(I77)/(K77+I77) -> 1
A78: CENTRO | B78: CEN32 | C78: BONOMO | D78: Aristobulo del Valle y España | E78: Domo | F78: Fibra Optica | H78: 172.20.12.42 | I78: =COUNTIF(M78:AN78,"") -> 28 | J78: 00-04-63-50-58-BA | K78: =COUNTIF(M78:AN78,"APAGADO") -> 0 | L78: =(I78)/(K78+I78) -> 1
A79: CENTRO | B79: CEN33 | C79: BONOMO | D79: Peron y Alberdi | E79: Domo | F79: Fibra Optica | H79: 172.20.12.47 | I79: =COUNTIF(M79:AN79,"") -> 28 | J79: 00-04-63-4F-D6-F2 | K79: =COUNTIF(M79:AN79,"APAGADO") -> 0 | L79: =(I79)/(K79+I79) -> 1
A80: CENTRO | B80: CEN34 | C80: BONOMO | D80: Peron y España | E80: Domo | F80: Fibra Optica | H80: 172.20.12.49 | I80: =COUNTIF(M80:AN80,"") -> 28 | J80: 00-07-5F-81-97-2A | K80: =COUNTIF(M80:AN80,"APAGADO") -> 0 | L80: =(I80)/(K80+I80) -> 1
A81: CENTRO | B81: CEN35 | C81: BONOMO | D81: España y Marmol | E81: Domo | F81: Fibra Optica | H81: 172.20.12.50 | I81: =COUNTIF(M81:AN81,"") -> 28 | J81: 00-04-63-4F-DB-AC | K81: =COUNTIF(M81:AN81,"APAGADO") -> 0 | L81: =(I81)/(K81+I81) -> 1
A82: CENTRO | B82: CEN36 | C82: BONOMO | D82: España y 9 de Julio | E82: Domo | F82: Fibra Optica | H82: 172.20.12.51 | I82: =COUNTIF(M82:AN82,"") -> 28 | J82: 00-04-63-4F-C5-E0 | K82: =COUNTIF(M82:AN82,"APAGADO") -> 0 | L82: =(I82)/(K82+I82) -> 1
A83: CENTRO | B83: CEN 37 | C83: BONOMO | D83: Diagonal Granaderos y Monteagudo | E83: Domo | F83: Fibra Optica | H83: 172.20.12.52 | I83: =COUNTIF(M83:AN83,"") -> 28 | J83: 00-04-63-4F-DE-4E | K83: =COUNTIF(M83:AN83,"APAGADO") -> 0 | L83: =(I83)/(K83+I83) -> 1
A84: CENTRO | B84: CEN38 | C84: BONOMO | D84: Diagonal Constituyentes y Almafuerte | E84: Domo | F84: Fibra Optica | H84: 172.20.12.53 | I84: =COUNTIF(M84:AN84,"") -> 28 | J84: 00-04-63-4F-C6-24 | K84: =COUNTIF(M84:AN84,"APAGADO") -> 0 | L84: =(I84)/(K84+I84) -> 1
A85: CENTRO | B85: CEN39 | C85: BONOMO | D85: San Martin y Alem | E85: Domo | F85: Fibra Optica | H85: 172.20.12.56 | I85: =COUNTIF(M85:AN85,"") -> 28 | J85: 00-07-5F-81-9C-AB | K85: =COUNTIF(M85:AN85,"APAGADO") -> 0 | L85: =(I85)/(K85+I85) -> 1
A86: CENTRO | B86: CEN40 | C86: BONOMO | D86: Contreras y Monteagudo | E86: Domo | F86: Fibra Optica | H86: 172.20.12.57 | I86: =COUNTIF(M86:AN86,"") -> 28 | J86: 00-07-5F-8B-26-4D | K86: =COUNTIF(M86:AN86,"APAGADO") -> 0 | L86: =(I86)/(K86+I86) -> 1
A87: CENTRO | B87: CEN41 | C87: BONOMO | D87: Contreras y Alberdi | E87: Domo | F87: Fibra Optica | H87: 172.20.12.58 | I87: =COUNTIF(M87:AN87,"") -> 28 | J87: 00-07-5F-81-9B-F4 | K87: =COUNTIF(M87:AN87,"APAGADO") -> 0 | L87: =(I87)/(K87+I87) -> 1
A88: CENTRO | B88: CEN42 | C88: BONOMO | D88: Diagonal Constitucion Y ALEM | E88: Domo | F88: GPON | H88: 172.20.12.59 | I88: =COUNTIF(M88:AN88,"") -> 28 | J88: 00-07-5F-9F-CD-3D | K88: =COUNTIF(M88:AN88,"APAGADO") -> 0 | L88: =(I88)/(K88+I88) -> 1
A89: CENTRO | B89: CEN43 | C89: BONOMO | D89: Sallares y Alberdi | E89: Domo | F89: Fibra Optica | H89: 172.20.12.61 | I89: =COUNTIF(M89:AN89,"") -> 27 | J89: 00-07-5F-81-9C-47 | K89: =COUNTIF(M89:AN89,"APAGADO") -> 1 | L89: =(I89)/(K89+I89) -> 0.96428571 | P89: APAGADO
A90: CENTRO | B90: CEN44 | C90: BONOMO | D90: Mitre y Brown | E90: Domo | F90: Fibra Optica | H90: 172.20.12.62 | I90: =COUNTIF(M90:AN90,"") -> 24 | J90: 00-04-63-50-45-6F | K90: =COUNTIF(M90:AN90,"APAGADO") -> 4 | L90: =(I90)/(K90+I90) -> 0.85714286 | M90: APAGADO | N90: APAGADO | O90: APAGADO | P90: APAGADO
A91: CENTRO | B91: CEN45 (fija 2) | C91: BONOMO | D91: EEUU Y MORENO | E91: Fija | F91: Fibra Optica | H91: 172.20.11.74 | I91: =COUNTIF(M91:AN91,"") -> 28 | J91: 00-07-5F-B7-8F-06 | K91: =COUNTIF(M91:AN91,"APAGADO") -> 0 | L91: =(I91)/(K91+I91) -> 1
A92: CENTRO | B92: CEN46 (fija 1) | C92: BONOMO | D92: EEUU Y MORENO | E92: Fija | F92: Fibra Optica | H92: 172.20.11.75 | I92: =COUNTIF(M92:AN92,"") -> 28 | J92: 00-07-5F-B6-B8-F9 | K92: =COUNTIF(M92:AN92,"APAGADO") -> 0 | L92: =(I92)/(K92+I92) -> 1
A93: CENTRO | B93: CEN47 | C93: BONOMO | D93: Sallares y Brown | E93: Domo | F93: Fibra Optica | H93: 172.20.12.65 | I93: =COUNTIF(M93:AN93,"") -> 28 | J93: 00-07-5F-87-9D-54 | K93: =COUNTIF(M93:AN93,"APAGADO") -> 0 | L93: =(I93)/(K93+I93) -> 1
A94: CENTRO | B94: CEN48 | C94: BONOMO | D94: Velez Sarsfield y Las Heras | E94: Domo | F94: GPON | H94: 172.20.10.175 | I94: =COUNTIF(M94:AN94,"") -> 28 | J94: 00-04-63-4F-CF-3A | K94: =COUNTIF(M94:AN94,"APAGADO") -> 0 | L94: =(I94)/(K94+I94) -> 1
A95: CENTRO | B95: CEN49 | C95: BONOMO | D95: Av. San Martin y Florencio Sanchez | E95: Domo | F95: Fibra Optica | H95: 172.20.10.209 | I95: =COUNTIF(M95:AN95,"") -> 24 | J95: 00-07-5F-AD-3C-47 | K95: =COUNTIF(M95:AN95,"APAGADO") -> 4 | L95: =(I95)/(K95+I95) -> 0.85714286 | M95: APAGADO | N95: APAGADO | O95: APAGADO | P95: APAGADO
A96: CENTRO | B96: CEN 50 | C96: BONOMO | D96: Av. San Martin y Newbery | E96: Domo | F96: GPON | H96: 172.20.10.167 | I96: =COUNTIF(M96:AN96,"") -> 27 | J96: 00-04-63-5A-E1-03 | K96: =COUNTIF(M96:AN96,"APAGADO") -> 1 | L96: =(I96)/(K96+I96) -> 0.96428571 | M96: APAGADO
A97: CENTRO | B97: CEN 51 | C97: BONOMO | D97: ILLIA Y LAS HERAS | E97: FIJA | F97: GPON | H97: 172.20.11.29 | I97: =COUNTIF(M97:AN97,"") -> 28 | J97: 00-07-5F-81-9B-EB | K97: =COUNTIF(M97:AN97,"APAGADO") -> 0 | L97: =(I97)/(K97+I97) -> 1
A98: CENTRO | B98: CEN52 | C98: BONOMO | D98: San Martin y Almafuerte (ex San Martin y Dorrego) | E98: DOMO | F98: GPON | H98: 172.20.10.189 | I98: =COUNTIF(M98:AN98,"") -> 28 | J98: 00:07:5F:81:AA:1F | K98: =COUNTIF(M98:AN98,"APAGADO") -> 0 | L98: =(I98)/(K98+I98) -> 1
A99: CENTRO | B99: CEN 53 | C99: BONOMO | D99: GUTIERREZ Y BROWN | E99: Domo | F99: GPON | H99: 172.20.10.168 | I99: =COUNTIF(M99:AN99,"") -> 28 | J99: 00-07-5F-96-E2-98 | K99: =COUNTIF(M99:AN99,"APAGADO") -> 0 | L99: =(I99)/(K99+I99) -> 1
A100: CENTRO | B100: CEN 54 | C100: BONOMO | D100: GUTIERREZ Y PRINGLES | E100: Domo | F100: GPON | H100: 172.20.10.169 | I100: =COUNTIF(M100:AN100,"") -> 28 | J100: 00-07-5F-8B-30-98 | K100: =COUNTIF(M100:AN100,"APAGADO") -> 0 | L100: =(I100)/(K100+I100) -> 1
A101: CENTRO | B101: CEN 55 | C101: BONOMO | D101: BOUREL Y URQUIZA | E101: Domo | F101: GPON | H101: 172.20.10.127 | I101: =COUNTIF(M101:AN101,"") -> 28 | J101: 00-07-5F-81-9C-87 | K101: =COUNTIF(M101:AN101,"APAGADO") -> 0 | L101: =(I101)/(K101+I101) -> 1
A102: CENTRO | B102: CEN 56 | C102: BONOMO | D102: Newbery y Falucho | E102: DOMO | F102: GPON | H102: 172.20.10.176 | I102: =COUNTIF(M102:AN102,"") -> 28 | J102: 00-07-5F-81-9C-8A | K102: =COUNTIF(M102:AN102,"APAGADO") -> 0 | L102: =(I102)/(K102+I102) -> 1
...

Sheet AUXILIAR

Sheet paradas
C1: TOTAL PARADAS | D1: =COUNTIFS(A5:A602,"=paradas seguras")/2 -> 0 | E1: TOTAL DE CAMARAS EN PARADAS | H1: =COUNTIFS(A5:A602,"=paradas seguras") -> 0 | I1: TOTAL DE CAMARAS | K1: =COUNTIFS(D5:D602,"=GFIJA") -> 0 | L1: TOTAL DE INTERCOMUNICADORES | O1: =COUNTIFS(D5:D602,"=INTERCOMUNICADOR") -> 0
E2: FIJAS | F2: =COUNTIFS(F4:F601, "=APAGADO",D4:D601,"=GFIJA") -> 0 | G2: =COUNTIFS(G4:G601, "=APAGADO",D4:D601,"=GFIJA") -> 0 | H2: =COUNTIFS(H4:H601, "=APAGADO",D4:D601,"=GFIJA") -> 0 | I2: =COUNTIFS(I4:I601, "=APAGADO",D4:D601,"=GFIJA") -> 0 | J2: =COUNTIFS(J4:J601, "=APAGADO",D4:D601,"=GFIJA") -> 0 | K2: =COUNTIFS(K4:K601, "=APAGADO",D4:D601,"=GFIJA") -> 0 | L2: =COUNTIFS(L4:L601, "=APAGADO",D4:D601,"=GFIJA") -> 0 | M2: =COUNTIFS(M4:M601, "=APAGADO",D4:D601,"=GFIJA") -> 0 | N2: =COUNTIFS(N4:N601, "=APAGADO",D4:D601,"=GFIJA") -> 0 | O2: =COUNTIFS(O4:O601, "=APAGADO",D4:D601,"=GFIJA") -> 0 | P2: =COUNTIFS(P4:P601, "=APAGADO",D4:D601,"=GFIJA") -> 0 | Q2: =COUNTIFS(Q4:Q601, "=APAGADO",D4:D601,"=GFIJA") -> 0 | R2: =COUNTIFS(R4:R601, "=APAGADO",D4:D601,"=GFIJA") -> 0 | S2: =COUNTIFS(S4:S601, "=APAGADO",D4:D601,"=GFIJA") -> 0 | T2: =COUNTIFS(T4:T601, "=APAGADO",D4:D601,"=GFIJA") -> 0 | U2: =COUNTIFS(U4:U601, "=APAGADO",D4:D601,"=GFIJA") -> 0 | V2: =COUNTIFS(V4:V601, "=APAGADO",D4:D601,"=GFIJA") -> 0 | W2: =COUNTIFS(W4:W601, "=APAGADO",D4:D601,"=GFIJA") -> 0 | X2: =COUNTIFS(X4:X601, "=APAGADO",D4:D601,"=GFIJA") -> 0 | Y2: =COUNTIFS(Y4:Y601, "=APAGADO",D4:D601,"=GFIJA") -> 0 | Z2: =COUNTIFS(Z4:Z601, "=APAGADO",D4:D601,"=GFIJA") -> 0 | AA2: =COUNTIFS(AA4:AA601, "=APAGADO",D4:D601,"=GFIJA") -> 0 | AB2: =COUNTIFS(AB4:AB601, "=APAGADO",D4:D601,"=GFIJA") -> 0 | AC2: =COUNTIFS(AC4:AC601, "=APAGADO",D4:D601,"=GFIJA") -> 0 | AD2: =COUNTIFS(AD4:AD601, "=APAGADO",D4:D601,"=GFIJA") -> 0 | AE2: =COUNTIFS(AE4:AE601, "=APAGADO",D4:D601,"=GFIJA") -> 0 | AF2: =COUNTIFS(AF4:AF601, "=APAGADO",D4:D601,"=GFIJA") -> 0 | AG2: =COUNTIFS(AG4:AG601, "=APAGADO",D4:D601,"=GFIJA") -> 0 | AH2: =COUNTIFS(AH4:AH601, "=APAGADO",E4:E601,"=GFIJA") -> 0 | AI2: =COUNTIFS(AI4:AI601, "=APAGADO",F4:F601,"=GFIJA") -> 0 | AJ2: =COUNTIFS(AJ4:AJ601, "=APAGADO",G4:G601,"=GFIJA") -> 0
E3: INTERCOMUNICADOR | F3: =COUNTIFS(F6:F603, "=APAGADO",D4:D601,"=INTERCOMUNICADOR") -> 0 | G3: =COUNTIFS(G6:G603, "=APAGADO",D4:D601,"=INTERCOMUNICADOR") -> 0 | H3: =COUNTIFS(H6:H603, "=APAGADO",D4:D601,"=INTERCOMUNICADOR") -> 0 | I3: =COUNTIFS(I6:I603, "=APAGADO",D4:D601,"=INTERCOMUNICADOR") -> 0 | J3: =COUNTIFS(J6:J603, "=APAGADO",D4:D601,"=INTERCOMUNICADOR") -> 0 | K3: =COUNTIFS(K6:K603, "=APAGADO",D4:D601,"=INTERCOMUNICADOR") -> 0 | L3: =COUNTIFS(L6:L603, "=APAGADO",D4:D601,"=INTERCOMUNICADOR") -> 0 | M3: =COUNTIFS(M6:M603, "=APAGADO",D4:D601,"=INTERCOMUNICADOR") -> 0 | N3: =COUNTIFS(N6:N603, "=APAGADO",D4:D601,"=INTERCOMUNICADOR") -> 0 | O3: =COUNTIFS(O6:O603, "=APAGADO",D4:D601,"=INTERCOMUNICADOR") -> 0 | P3: =COUNTIFS(P6:P603, "=APAGADO",D4:D601,"=INTERCOMUNICADOR") -> 0 | Q3: =COUNTIFS(Q6:Q603, "=APAGADO",D4:D601,"=INTERCOMUNICADOR") -> 0 | R3: =COUNTIFS(R6:R603, "=APAGADO",D4:D601,"=INTERCOMUNICADOR") -> 0 | S3: =COUNTIFS(S6:S603, "=APAGADO",D4:D601,"=INTERCOMUNICADOR") -> 0 | T3: =COUNTIFS(T6:T603, "=APAGADO",D4:D601,"=INTERCOMUNICADOR") -> 0 | U3: =COUNTIFS(U6:U603, "=APAGADO",D4:D601,"=INTERCOMUNICADOR") -> 0 | V3: =COUNTIFS(V6:V603, "=APAGADO",D4:D601,"=INTERCOMUNICADOR") -> 0 | W3: =COUNTIFS(W6:W603, "=APAGADO",D4:D601,"=INTERCOMUNICADOR") -> 0 | X3: =COUNTIFS(X6:X603, "=APAGADO",D4:D601,"=INTERCOMUNICADOR") -> 0 | Y3: =COUNTIFS(Y6:Y603, "=APAGADO",D4:D601,"=INTERCOMUNICADOR") -> 0 | Z3: =COUNTIFS(Z6:Z603, "=APAGADO",D4:D601,"=INTERCOMUNICADOR") -> 0 | AA3: =COUNTIFS(AA6:AA603, "=APAGADO",D4:D601,"=INTERCOMUNICADOR") -> 0 | AB3: =COUNTIFS(AB6:AB603, "=APAGADO",D4:D601,"=INTERCOMUNICADOR") -> 0 | AC3: =COUNTIFS(AC6:AC603, "=APAGADO",D4:D601,"=INTERCOMUNICADOR") -> 0 | AD3: =COUNTIFS(AD6:AD603, "=APAGADO",D4:D601,"=INTERCOMUNICADOR") -> 0 | AE3: =COUNTIFS(AE6:AE603, "=APAGADO",D4:D601,"=INTERCOMUNICADOR") -> 0 | AF3: =COUNTIFS(AF6:AF603, "=APAGADO",D4:D601,"=INTERCOMUNICADOR") -> 0 | AG3: =COUNTIFS(AG6:AG603, "=APAGADO",D4:D601,"=INTERCOMUNICADOR") -> 0 | AH3: =COUNTIFS(AH6:AH603, "=APAGADO",E4:E601,"=INTERCOMUNICADOR") -> 0 | AI3: =COUNTIFS(AI6:AI603, "=APAGADO",F4:F601,"=INTERCOMUNICADOR") -> 0 | AJ3: =COUNTIFS(AJ6:AJ603, "=APAGADO",G4:G601,"=INTERCOMUNICADOR") -> 0
A4: ='RESUMEN TOTAL'!A7 -> Barrio | B4: ='RESUMEN TOTAL'!B7 -> [Denominacion] | C4: ='RESUMEN TOTAL'!D7 -> [Ubicacion] | D4: ='RESUMEN TOTAL'!E7 -> [Tipo de Camara] | E4: ='RESUMEN TOTAL'!F7 -> [Tipo de Conexion] | F4: ='RESUMEN TOTAL'!M7 -> 46082 | G4: ='RESUMEN TOTAL'!N7 -> 46083 | H4: ='RESUMEN TOTAL'!O7 -> 46084 | I4: ='RESUMEN TOTAL'!P7 -> 46085 | J4: ='RESUMEN TOTAL'!Q7 -> 46086 | K4: ='RESUMEN TOTAL'!R7 -> 46087 | L4: ='RESUMEN TOTAL'!S7 -> 46088 | M4: ='RESUMEN TOTAL'!T7 -> 46089 | ... AJ4: ='RESUMEN TOTAL'!AQ7 -> 46112 | XEY4: =SUM(F4:XEX4) -> 1429007
A5: ='RESUMEN TOTAL'!A8 -> ALTAMIRA | B5: ='RESUMEN TOTAL'!B8 -> ALT01 | C5: ='RESUMEN TOTAL'!D8 -> Calchaqui y Sgto. Cabral | D5: ='RESUMEN TOTAL'!E8 -> Domo | E5: ='RESUMEN TOTAL'!F8 -> Fibra Optica | F5: ='RESUMEN TOTAL'!M8 -> 0 | G5: ='RESUMEN TOTAL'!N8 -> 0 | H5: ='RESUMEN TOTAL'!O8 -> 0 | I5: ='RESUMEN TOTAL'!P8 -> 0 | J5: ='RESUMEN TOTAL'!Q8 -> 0 | K5: ='RESUMEN TOTAL'!R8 -> 0 | L5: ='RESUMEN TOTAL'!S8 -> 0 | M5: ='RESUMEN TOTAL'!T8 -> 0 | ... AJ5: ='RESUMEN TOTAL'!AQ8 -> 0
A6: ='RESUMEN TOTAL'!A9 -> ALTAMIRA | B6: ='RESUMEN TOTAL'!B9 -> ALT02 | C6: ='RESUMEN TOTAL'!D9 -> Calchaqui y Lope de Vega | D6: ='RESUMEN TOTAL'!E9 -> Domo | E6: ='RESUMEN TOTAL'!F9 -> PTO A FO | F6: ='RESUMEN TOTAL'!M9 -> APAGADO | G6: ='RESUMEN TOTAL'!N9 -> APAGADO | H6: ='RESUMEN TOTAL'!O9 -> APAGADO | I6: ='RESUMEN TOTAL'!P9 -> APAGADO | J6: ='RESUMEN TOTAL'!Q9 -> 0 | K6: ='RESUMEN TOTAL'!R9 -> 0 | L6: ='RESUMEN TOTAL'!S9 -> 0 | M6: ='RESUMEN TOTAL'!T9 -> 0 | ... AJ6: ='RESUMEN TOTAL'!AQ9 -> 0
A7: ='RESUMEN TOTAL'!A10 -> ALTAMIRA | B7: ='RESUMEN TOTAL'!B10 -> ALT 03 | C7: ='RESUMEN TOTAL'!D10 -> Bombero Galarza y Necochea | D7: ='RESUMEN TOTAL'!E10 -> Domo | E7: ='RESUMEN TOTAL'!F10 -> GPON | F7: ='RESUMEN TOTAL'!M10 -> 0 | G7: ='RESUMEN TOTAL'!N10 -> 0 | H7: ='RESUMEN TOTAL'!O10 -> 0 | I7: ='RESUMEN TOTAL'!P10 -> 0 | J7: ='RESUMEN TOTAL'!Q10 -> 0 | K7: ='RESUMEN TOTAL'!R10 -> 0 | L7: ='RESUMEN TOTAL'!S10 -> 0 | M7: ='RESUMEN TOTAL'!T10 -> 0 | ... AJ7: ='RESUMEN TOTAL'!AQ10 -> 0
A8: ='RESUMEN TOTAL'!A11 -> ALTAMIRA | B8: ='RESUMEN TOTAL'!B11 -> ALT 04 | C8: ='RESUMEN TOTAL'!D11 -> Francia y Necochea | D8: ='RESUMEN TOTAL'!E11 -> Domo | E8: ='RESUMEN TOTAL'!F11 -> GPON | F8: ='RESUMEN TOTAL'!M11 -> 0 | G8: ='RESUMEN TOTAL'!N11 -> 0 | H8: ='RESUMEN TOTAL'!O11 -> 0 | I8: ='RESUMEN TOTAL'!P11 -> 0 | J8: ='RESUMEN TOTAL'!Q11 -> 0 | K8: ='RESUMEN TOTAL'!R11 -> 0 | L8: ='RESUMEN TOTAL'!S11 -> 0 | M8: ='RESUMEN TOTAL'!T11 -> 0 | ... AJ8: ='RESUMEN TOTAL'!AQ11 -> 0
A9: ='RESUMEN TOTAL'!A12 -> ALTAMIRA | B9: ='RESUMEN TOTAL'!B12 -> ALT05 | C9: ='RESUMEN TOTAL'!D12 -> Av. Calchaqui y Bombero Galarza | D9: ='RESUMEN TOTAL'!E12 -> Domo | E9: ='RESUMEN TOTAL'!F12 -> GPON | F9: ='RESUMEN TOTAL'!M12 -> 0 | G9: ='RESUMEN TOTAL'!N12 -> 0 | H9: ='RESUMEN TOTAL'!O12 -> 0 | I9: ='RESUMEN TOTAL'!P12 -> 0 | J9: ='RESUMEN TOTAL'!Q12 -> 0 | K9: ='RESUMEN TOTAL'!R12 -> 0 | L9: ='RESUMEN TOTAL'!S12 -> 0 | M9: ='RESUMEN TOTAL'!T12 -> 0 | ... AJ9: ='RESUMEN TOTAL'!AQ12 -> 0
A10: ='RESUMEN TOTAL'!A13 -> ALTAMIRA | B10: ='RESUMEN TOTAL'!B13 -> ALT 06 | C10: ='RESUMEN TOTAL'!D13 -> LOPE DE VEGA Y NECOCHEA | D10: ='RESUMEN TOTAL'!E13 -> Domo | E10: ='RESUMEN TOTAL'!F13 -> GPON | F10: ='RESUMEN TOTAL'!M13 -> 0 | G10: ='RESUMEN TOTAL'!N13 -> 0 | H10: ='RESUMEN TOTAL'!O13 -> 0 | I10: ='RESUMEN TOTAL'!P13 -> 0 | J10: ='RESUMEN TOTAL'!Q13 -> 0 | K10: ='RESUMEN TOTAL'!R13 -> 0 | L10: ='RESUMEN TOTAL'!S13 -> 0 | M10: ='RESUMEN TOTAL'!T13 -> 0 | ... AJ10: ='RESUMEN TOTAL'!AQ13 -> 0
A11: ='RESUMEN TOTAL'!A14 -> ALTAMIRA | B11: ='RESUMEN TOTAL'!B14 -> ALT07 | C11: ='RESUMEN TOTAL'!D14 -> AV. CALCHAQUI Y AV. DEL TRABAJO | D11: ='RESUMEN TOTAL'!E14 -> DOMO | E11: ='RESUMEN TOTAL'!F14 -> PTO A FO | F11: ='RESUMEN TOTAL'!M14 -> 0 | G11: ='RESUMEN TOTAL'!N14 -> 0 | H11: ='RESUMEN TOTAL'!O14 -> 0 | I11: ='RESUMEN TOTAL'!P14 -> 0 | J11: ='RESUMEN TOTAL'!Q14 -> 0 | K11: ='RESUMEN TOTAL'!R14 -> 0 | L11: ='RESUMEN TOTAL'!S14 -> 0 | M11: ='RESUMEN TOTAL'!T14 -> 0 | ... AJ11: ='RESUMEN TOTAL'!AQ14 -> 0
A12: ='RESUMEN TOTAL'!A15 -> ALTAMIRA | B12: ='RESUMEN TOTAL'!B15 -> ALT 08 | C12: ='RESUMEN TOTAL'!D15 -> HUMAITA Y NECOCHEA | D12: ='RESUMEN TOTAL'!E15 -> DOMO | E12: ='RESUMEN TOTAL'!F15 -> Fibra Optica | F12: ='RESUMEN TOTAL'!M15 -> 0 | G12: ='RESUMEN TOTAL'!N15 -> 0 | H12: ='RESUMEN TOTAL'!O15 -> 0 | I12: ='RESUMEN TOTAL'!P15 -> 0 | J12: ='RESUMEN TOTAL'!Q15 -> 0 | K12: ='RESUMEN TOTAL'!R15 -> 0 | L12: ='RESUMEN TOTAL'!S15 -> 0 | M12: ='RESUMEN TOTAL'!T15 -> 0 | ... AJ12: ='RESUMEN TOTAL'!AQ15 -> 0
A13: ='RESUMEN TOTAL'!A16 -> ALTAMIRA | B13: ='RESUMEN TOTAL'!B16 -> ALT 09 | C13: ='RESUMEN TOTAL'!D16 -> NECOCHEA Y CURUPAITY | D13: ='RESUMEN TOTAL'!E16 -> DOMO | E13: ='RESUMEN TOTAL'!F16 -> Fibra Optica | F13: ='RESUMEN TOTAL'!M16 -> 0 | G13: ='RESUMEN TOTAL'!N16 -> 0 | H13: ='RESUMEN TOTAL'!O16 -> 0 | I13: ='RESUMEN TOTAL'!P16 -> 0 | J13: ='RESUMEN TOTAL'!Q16 -> 0 | K13: ='RESUMEN TOTAL'!R16 -> 0 | L13: ='RESUMEN TOTAL'!S16 -> 0 | M13: ='RESUMEN TOTAL'!T16 -> 0 | ... AJ13: ='RESUMEN TOTAL'!AQ16 -> 0
A14: ='RESUMEN TOTAL'!A17 -> ALTAMIRA | B14: ='RESUMEN TOTAL'!B17 -> ALT 10 | C14: ='RESUMEN TOTAL'!D17 -> Calchaqui y Francia | D14: ='RESUMEN TOTAL'!E17 -> Domo | E14: ='RESUMEN TOTAL'!F17 -> GPON | F14: ='RESUMEN TOTAL'!M17 -> 0 | G14: ='RESUMEN TOTAL'!N17 -> 0 | H14: ='RESUMEN TOTAL'!O17 -> 0 | I14: ='RESUMEN TOTAL'!P17 -> 0 | J14: ='RESUMEN TOTAL'!Q17 -> 0 | K14: ='RESUMEN TOTAL'!R17 -> 0 | L14: ='RESUMEN TOTAL'!S17 -> 0 | M14: ='RESUMEN TOTAL'!T17 -> 0 | ... AJ14: ='RESUMEN TOTAL'!AQ17 -> 0
A15: ='RESUMEN TOTAL'!A18 -> ALTAMIRA | B15: ='RESUMEN TOTAL'!B18 -> ALT 11 | C15: CALCHAQUÍ Y GALARZA FIJA | D15: ='RESUMEN TOTAL'!E18 -> Fija | F15: ='RESUMEN TOTAL'!M18 -> 0 | G15: ='RESUMEN TOTAL'!N18 -> 0 | H15: ='RESUMEN TOTAL'!O18 -> 0 | I15: ='RESUMEN TOTAL'!P18 -> 0 | J15: ='RESUMEN TOTAL'!Q18 -> 0 | K15: ='RESUMEN TOTAL'!R18 -> 0 | L15: ='RESUMEN TOTAL'!S18 -> 0 | M15: ='RESUMEN TOTAL'!T18 -> 0 | ... AJ15: ='RESUMEN TOTAL'!AQ18 -> 0
A16: ='RESUMEN TOTAL'!A19 -> AGUSTIN RAMIREZ | B16: ='RESUMEN TOTAL'!B19 -> ARA 01 | C16: ='RESUMEN TOTAL'!D19 -> Malambo y Tranquera | D16: ='RESUMEN TOTAL'!E19 -> Domo | E16: ='RESUMEN TOTAL'!F19 -> Fibra Optica | F16: ='RESUMEN TOTAL'!M19 -> APAGADO | G16: ='RESUMEN TOTAL'!N19 -> APAGADO | H16: ='RESUMEN TOTAL'!O19 -> APAGADO | I16: ='RESUMEN TOTAL'!P19 -> APAGADO | J16: ='RESUMEN TOTAL'!Q19 -> 0 | K16: ='RESUMEN TOTAL'!R19 -> 0 | L16: ='RESUMEN TOTAL'!S19 -> 0 | M16: ='RESUMEN TOTAL'!T19 -> 0 | ... AJ16: ='RESUMEN TOTAL'!AQ19 -> 0
A17: ='RESUMEN TOTAL'!A22 -> BELGRANO | B17: ='RESUMEN TOTAL'!B22 -> BEL 01 | C17: ='RESUMEN TOTAL'!D22 -> San Martin y Dardo Rocha | D17: ='RESUMEN TOTAL'!E22 -> DOMO | E17: ='RESUMEN TOTAL'!F22 -> Fibra Optica | F17: ='RESUMEN TOTAL'!M22 -> 0 | G17: ='RESUMEN TOTAL'!N22 -> 0 | H17: ='RESUMEN TOTAL'!O22 -> 0 | I17: ='RESUMEN TOTAL'!P22 -> 0 | J17: ='RESUMEN TOTAL'!Q22 -> 0 | K17: ='RESUMEN TOTAL'!R22 -> 0 | L17: ='RESUMEN TOTAL'!S22 -> 0 | M17: ='RESUMEN TOTAL'!T22 -> 0 | ... AJ17: ='RESUMEN TOTAL'!AQ22 -> 0
A18: ='RESUMEN TOTAL'!A23 -> BELGRANO | B18: ='RESUMEN TOTAL'!B23 -> BEL 02 | C18: ='RESUMEN TOTAL'!D23 -> Guardia vieja y Fronteriz | D18: ='RESUMEN TOTAL'!E23 -> DOMO | E18: ='RESUMEN TOTAL'!F23 -> Fibra Optica | F18: ='RESUMEN TOTAL'!M23 -> 0 | G18: ='RESUMEN TOTAL'!N23 -> 0 | H18: ='RESUMEN TOTAL'!O23 -> 0 | I18: ='RESUMEN TOTAL'!P23 -> 0 | J18: ='RESUMEN TOTAL'!Q23 -> 0 | K18: ='RESUMEN TOTAL'!R23 -> 0 | L18: ='RESUMEN TOTAL'!S23 -> 0 | M18: ='RESUMEN TOTAL'!T23 -> 0 | ... AJ18: ='RESUMEN TOTAL'!AQ23 -> 0
A19: ='RESUMEN TOTAL'!A24 -> BOSQUES CENTRO | B19: ='RESUMEN TOTAL'!B24 -> BOSQC 01 | C19: ='RESUMEN TOTAL'!D24 -> LUIS AGOTE E/DANUNCIO Y CAMPOAMOR | D19: ='RESUMEN TOTAL'!E24 -> Fija | E19: ='RESUMEN TOTAL'!F24 -> PTO A FO | F19: ='RESUMEN TOTAL'!M24 -> 0 | G19: ='RESUMEN TOTAL'!N24 -> 0 | H19: ='RESUMEN TOTAL'!O24 -> 0 | I19: ='RESUMEN TOTAL'!P24 -> 0 | J19: ='RESUMEN TOTAL'!Q24 -> 0 | K19: ='RESUMEN TOTAL'!R24 -> 0 | L19: ='RESUMEN TOTAL'!S24 -> 0 | M19: ='RESUMEN TOTAL'!T24 -> 0 | ... AJ19: ='RESUMEN TOTAL'!AQ24 -> 0
A20: ='RESUMEN TOTAL'!A25 -> BOSQUES CENTRO | B20: ='RESUMEN TOTAL'!B25 -> BOSQC 02 | C20: ='RESUMEN TOTAL'!D25 -> LUIS AGOTE E/DANUNCIO Y CAMPOAMOR | D20: ='RESUMEN TOTAL'!E25 -> Fija | E20: ='RESUMEN TOTAL'!F25 -> PTO A FO | F20: ='RESUMEN TOTAL'!M25 -> 0 | G20: ='RESUMEN TOTAL'!N25 -> 0 | H20: ='RESUMEN TOTAL'!O25 -> 0 | I20: ='RESUMEN TOTAL'!P25 -> 0 | J20: ='RESUMEN TOTAL'!Q25 -> 0 | K20: ='RESUMEN TOTAL'!R25 -> 0 | L20: ='RESUMEN TOTAL'!S25 -> 0 | M20: ='RESUMEN TOTAL'!T25 -> 0 | ... AJ20: ='RESUMEN TOTAL'!AQ25 -> 0
A21: ='RESUMEN TOTAL'!A26 -> BOSQUES CENTRO | B21: ='RESUMEN TOTAL'!B26 -> BOSQC 03 | C21: ='RESUMEN TOTAL'!D26 -> BENAVENTE Y LUIS AGOTE | D21: ='RESUMEN TOTAL'!E26 -> Fija | E21: ='RESUMEN TOTAL'!F26 -> PTO A FO | F21: ='RESUMEN TOTAL'!M26 -> 0 | G21: ='RESUMEN TOTAL'!N26 -> 0 | H21: ='RESUMEN TOTAL'!O26 -> 0 | I21: ='RESUMEN TOTAL'!P26 -> 0 | J21: ='RESUMEN TOTAL'!Q26 -> 0 | K21: ='RESUMEN TOTAL'!R26 -> 0 | L21: ='RESUMEN TOTAL'!S26 -> 0 | M21: ='RESUMEN TOTAL'!T26 -> 0 | ... AJ21: ='RESUMEN TOTAL'!AQ26 -> 0
A22: ='RESUMEN TOTAL'!A27 -> BOSQUES CENTRO | B22: ='RESUMEN TOTAL'!B27 -> BOSQC 04 | C22: ='RESUMEN TOTAL'!D27 -> BENAVENTE Y LUIS AGOTE | D22: ='RESUMEN TOTAL'!E27 -> Fija | E22: ='RESUMEN TOTAL'!F27 -> PTO A FO | F22: ='RESUMEN TOTAL'!M27 -> 0 | G22: ='RESUMEN TOTAL'!N27 -> 0 | H22: ='RESUMEN TOTAL'!O27 -> 0 | I22: ='RESUMEN TOTAL'!P27 -> 0 | J22: ='RESUMEN TOTAL'!Q27 -> 0 | K22: ='RESUMEN TOTAL'!R27 -> 0 | L22: ='RESUMEN TOTAL'!S27 -> 0 | M22: ='RESUMEN TOTAL'!T27 -> 0 | ... AJ22: ='RESUMEN TOTAL'!AQ27 -> 0
A23: ='RESUMEN TOTAL'!A28 -> BOSQUES CENTRO | B23: ='RESUMEN TOTAL'!B28 -> BOSQC 05 | C23: ='RESUMEN TOTAL'!D28 -> LUIS AGOTE Y RUTA 36 | D23: ='RESUMEN TOTAL'!E28 -> Fija | E23: ='RESUMEN TOTAL'!F28 -> PTO A FO | F23: ='RESUMEN TOTAL'!M28 -> 0 | G23: ='RESUMEN TOTAL'!N28 -> 0 | H23: ='RESUMEN TOTAL'!O28 -> 0 | I23: ='RESUMEN TOTAL'!P28 -> 0 | J23: ='RESUMEN TOTAL'!Q28 -> 0 | K23: ='RESUMEN TOTAL'!R28 -> 0 | L23: ='RESUMEN TOTAL'!S28 -> 0 | M23: ='RESUMEN TOTAL'!T28 -> 0 | ... AJ23: ='RESUMEN TOTAL'!AQ28 -> 0
A24: ='RESUMEN TOTAL'!A29 -> BOSQUES CENTRO | B24: ='RESUMEN TOTAL'!B29 -> BOSQC 06 | C24: ='RESUMEN TOTAL'!D29 -> LUIS AGOTE Y RUTA 36 | D24: ='RESUMEN TOTAL'!E29 -> Fija | E24: ='RESUMEN TOTAL'!F29 -> PTO A FO | F24: ='RESUMEN TOTAL'!M29 -> 0 | G24: ='RESUMEN TOTAL'!N29 -> 0 | H24: ='RESUMEN TOTAL'!O29 -> 0 | I24: ='RESUMEN TOTAL'!P29 -> 0 | J24: ='RESUMEN TOTAL'!Q29 -> 0 | K24: ='RESUMEN TOTAL'!R29 -> 0 | L24: ='RESUMEN TOTAL'!S29 -> 0 | M24: ='RESUMEN TOTAL'!T29 -> 0 | ... AJ24: ='RESUMEN TOTAL'!AQ29 -> 0
A25: ='RESUMEN TOTAL'!A47 -> CENTRO | B25: ='RESUMEN TOTAL'!B47 -> CEN01 | C25: ='RESUMEN TOTAL'!D47 -> San Martin y 9 de Julio | D25: ='RESUMEN TOTAL'!E47 -> Fija | E25: ='RESUMEN TOTAL'!F47 -> Fibra Optica | F25: ='RESUMEN TOTAL'!M47 -> 0 | G25: ='RESUMEN TOTAL'!N47 -> 0 | H25: ='RESUMEN TOTAL'!O47 -> 0 | I25: ='RESUMEN TOTAL'!P47 -> 0 | J25: ='RESUMEN TOTAL'!Q47 -> 0 | K25: ='RESUMEN TOTAL'!R47 -> 0 | L25: ='RESUMEN TOTAL'!S47 -> 0 | M25: ='RESUMEN TOTAL'!T47 -> 0 | ... AJ25: ='RESUMEN TOTAL'!AQ47 -> 0
A26: ='RESUMEN TOTAL'!A48 -> CENTRO | B26: ='RESUMEN TOTAL'!B48 -> CEN02 | C26: ='RESUMEN TOTAL'!D48 -> San Martin y Almafuerte | D26: ='RESUMEN TOTAL'!E48 -> Fija | E26: ='RESUMEN TOTAL'!F48 -> Fibra Optica | F26: ='RESUMEN TOTAL'!M48 -> 0 | G26: ='RESUMEN TOTAL'!N48 -> 0 | H26: ='RESUMEN TOTAL'!O48 -> 0 | I26: ='RESUMEN TOTAL'!P48 -> 0 | J26: ='RESUMEN TOTAL'!Q48 -> 0 | K26: ='RESUMEN TOTAL'!R48 -> 0 | L26: ='RESUMEN TOTAL'!S48 -> 0 | M26: ='RESUMEN TOTAL'!T48 -> 0 | ... AJ26: ='RESUMEN TOTAL'!AQ48 -> 0
A27: ='RESUMEN TOTAL'!A49 -> CENTRO | B27: ='RESUMEN TOTAL'!B49 -> CEN03 | C27: ='RESUMEN TOTAL'!D49 -> San Martin y Sallares | D27: ='RESUMEN TOTAL'!E49 -> Domo | E27: ='RESUMEN TOTAL'!F49 -> Fibra Optica | F27: ='RESUMEN TOTAL'!M49 -> 0 | G27: ='RESUMEN TOTAL'!N49 -> 0 | H27: ='RESUMEN TOTAL'!O49 -> 0 | I27: ='RESUMEN TOTAL'!P49 -> 0 | J27: ='RESUMEN TOTAL'!Q49 -> 0 | K27: ='RESUMEN TOTAL'!R49 -> 0 | L27: ='RESUMEN TOTAL'!S49 -> 0 | M27: ='RESUMEN TOTAL'!T49 -> 0 | ... AJ27: ='RESUMEN TOTAL'!AQ49 -> 0
A28: ='RESUMEN TOTAL'!A50 -> CENTRO | B28: ='RESUMEN TOTAL'!B50 -> CEN04 | C28: ='RESUMEN TOTAL'!D50 -> San Martin y Contreras | D28: ='RESUMEN TOTAL'!E50 -> Domo | E28: ='RESUMEN TOTAL'!F50 -> Fibra Optica | F28: ='RESUMEN TOTAL'!M50 -> 0 | G28: ='RESUMEN TOTAL'!N50 -> 0 | H28: ='RESUMEN TOTAL'!O50 -> 0 | I28: ='RESUMEN TOTAL'!P50 -> 0 | J28: ='RESUMEN TOTAL'!Q50 -> 0 | K28: ='RESUMEN TOTAL'!R50 -> 0 | L28: ='RESUMEN TOTAL'!S50 -> 0 | M28: ='RESUMEN TOTAL'!T50 -> 0 | ... AJ28: ='RESUMEN TOTAL'!AQ50 -> 0
A29: ='RESUMEN TOTAL'!A51 -> CENTRO | B29: ='RESUMEN TOTAL'!B51 -> CEN 05 | C29: ='RESUMEN TOTAL'!D51 -> Bocuzzi e/España y San Martin | D29: ='RESUMEN TOTAL'!E51 -> DOMO | E29: ='RESUMEN TOTAL'!F51 -> Fibra Optica | F29: ='RESUMEN TOTAL'!M51 -> 0 | G29: ='RESUMEN TOTAL'!N51 -> 0 | H29: ='RESUMEN TOTAL'!O51 -> 0 | I29: ='RESUMEN TOTAL'!P51 -> 0 | J29: ='RESUMEN TOTAL'!Q51 -> 0 | K29: ='RESUMEN TOTAL'!R51 -> 0 | L29: ='RESUMEN TOTAL'!S51 -> 0 | M29: ='RESUMEN TOTAL'!T51 -> 0 | ... AJ29: ='RESUMEN TOTAL'!AQ51 -> 0
A30: ='RESUMEN TOTAL'!A52 -> CENTRO | B30: ='RESUMEN TOTAL'!B52 -> CEN06 | C30: ='RESUMEN TOTAL'!D52 -> Monteagudo y A.del Valle | D30: ='RESUMEN TOTAL'!E52 -> Fija | E30: ='RESUMEN TOTAL'!F52 -> Fibra Optica | F30: ='RESUMEN TOTAL'!M52 -> 0 | G30: ='RESUMEN TOTAL'!N52 -> APAGADO | H30: ='RESUMEN TOTAL'!O52 -> APAGADO | I30: ='RESUMEN TOTAL'!P52 -> APAGADO | J30: ='RESUMEN TOTAL'!Q52 -> 0 | K30: ='RESUMEN TOTAL'!R52 -> 0 | L30: ='RESUMEN TOTAL'!S52 -> 0 | M30: ='RESUMEN TOTAL'!T52 -> 0 | ... AJ30: ='RESUMEN TOTAL'!AQ52 -> 0
A31: ='RESUMEN TOTAL'!A53 -> CENTRO | B31: ='RESUMEN TOTAL'!B53 -> CEN07 | C31: ='RESUMEN TOTAL'!D53 -> San Martin y Guemes | D31: ='RESUMEN TOTAL'!E53 -> DOMO | E31: ='RESUMEN TOTAL'!F53 -> Fibra Optica | F31: ='RESUMEN TOTAL'!M53 -> 0 | G31: ='RESUMEN TOTAL'!N53 -> 0 | H31: ='RESUMEN TOTAL'!O53 -> 0 | I31: ='RESUMEN TOTAL'!P53 -> 0 | J31: ='RESUMEN TOTAL'!Q53 -> 0 | K31: ='RESUMEN TOTAL'!R53 -> 0 | L31: ='RESUMEN TOTAL'!S53 -> 0 | M31: ='RESUMEN TOTAL'!T53 -> 0 | ... AJ31: ='RESUMEN TOTAL'!AQ53 -> 0
A32: ='RESUMEN TOTAL'!A54 -> CENTRO | B32: ='RESUMEN TOTAL'!B54 -> CEN08 | C32: ='RESUMEN TOTAL'!D54 -> San Martin y Pte.Peron | D32: ='RESUMEN TOTAL'!E54 -> Domo | E32: ='RESUMEN TOTAL'!F54 -> Fibra Optica | F32: ='RESUMEN TOTAL'!M54 -> 0 | G32: ='RESUMEN TOTAL'!N54 -> 0 | H32: ='RESUMEN TOTAL'!O54 -> 0 | I32: ='RESUMEN TOTAL'!P54 -> 0 | J32: ='RESUMEN TOTAL'!Q54 -> 0 | K32: ='RESUMEN TOTAL'!R54 -> 0 | L32: ='RESUMEN TOTAL'!S54 -> 0 | M32: ='RESUMEN TOTAL'!T54 -> 0 | ... AJ32: ='RESUMEN TOTAL'!AQ54 -> 0
A33: ='RESUMEN TOTAL'!A55 -> CENTRO | B33: ='RESUMEN TOTAL'!B55 -> CEN09 | C33: ='RESUMEN TOTAL'!D55 -> Chacabuco y 25 de Mayo | D33: ='RESUMEN TOTAL'!E55 -> Domo | E33: ='RESUMEN TOTAL'!F55 -> Fibra Optica | F33: ='RESUMEN TOTAL'!M55 -> 0 | G33: ='RESUMEN TOTAL'!N55 -> 0 | H33: ='RESUMEN TOTAL'!O55 -> 0 | I33: ='RESUMEN TOTAL'!P55 -> 0 | J33: ='RESUMEN TOTAL'!Q55 -> 0 | K33: ='RESUMEN TOTAL'!R55 -> 0 | L33: ='RESUMEN TOTAL'!S55 -> 0 | M33: ='RESUMEN TOTAL'!T55 -> 0 | ... AJ33: ='RESUMEN TOTAL'!AQ55 -> 0
A34: ='RESUMEN TOTAL'!A56 -> CENTRO | B34: ='RESUMEN TOTAL'!B56 -> CEN10 | C34: ='RESUMEN TOTAL'!D56 -> Monteagudo y Pte. Peron | D34: ='RESUMEN TOTAL'!E56 -> Domo | E34: ='RESUMEN TOTAL'!F56 -> Fibra Optica | F34: ='RESUMEN TOTAL'!M56 -> 0 | G34: ='RESUMEN TOTAL'!N56 -> 0 | H34: ='RESUMEN TOTAL'!O56 -> 0 | I34: ='RESUMEN TOTAL'!P56 -> 0 | J34: ='RESUMEN TOTAL'!Q56 -> 0 | K34: ='RESUMEN TOTAL'!R56 -> 0 | L34: ='RESUMEN TOTAL'!S56 -> 0 | M34: ='RESUMEN TOTAL'!T56 -> 0 | ... AJ34: ='RESUMEN TOTAL'!AQ56 -> 0
A35: ='RESUMEN TOTAL'!A57 -> CENTRO | B35: ='RESUMEN TOTAL'!B57 -> CEN11 | C35: ='RESUMEN TOTAL'!D57 -> Monteagudo y Bocuzzi | D35: ='RESUMEN TOTAL'!E57 -> Domo | E35: ='RESUMEN TOTAL'!F57 -> Fibra Optica | F35: ='RESUMEN TOTAL'!M57 -> 0 | G35: ='RESUMEN TOTAL'!N57 -> 0 | H35: ='RESUMEN TOTAL'!O57 -> 0 | I35: ='RESUMEN TOTAL'!P57 -> 0 | J35: ='RESUMEN TOTAL'!Q57 -> 0 | K35: ='RESUMEN TOTAL'!R57 -> 0 | L35: ='RESUMEN TOTAL'!S57 -> 0 | M35: ='RESUMEN TOTAL'!T57 -> 0 | ... AJ35: ='RESUMEN TOTAL'!AQ57 -> 0
A36: ='RESUMEN TOTAL'!A58 -> CENTRO | B36: ='RESUMEN TOTAL'!B58 -> CEN 12 | C36: ='RESUMEN TOTAL'!D58 -> Monteagudo y Mitre | D36: ='RESUMEN TOTAL'!E58 -> Domo | E36: ='RESUMEN TOTAL'!F58 -> Fibra Optica | F36: ='RESUMEN TOTAL'!M58 -> 0 | G36: ='RESUMEN TOTAL'!N58 -> 0 | H36: ='RESUMEN TOTAL'!O58 -> 0 | I36: ='RESUMEN TOTAL'!P58 -> 0 | J36: ='RESUMEN TOTAL'!Q58 -> 0 | K36: ='RESUMEN TOTAL'!R58 -> 0 | L36: ='RESUMEN TOTAL'!S58 -> 0 | M36: ='RESUMEN TOTAL'!T58 -> 0 | ... AJ36: ='RESUMEN TOTAL'!AQ58 -> 0
... A71: ='RESUMEN TOTAL'!A93 -> CENTRO | B71: ='RESUMEN TOTAL'!B93 -> CEN47 | C71: ='RESUMEN TOTAL'!D93 -> Sallares y Brown | D71: ='RESUMEN TOTAL'!E93 -> Domo | E71: ='RESUMEN TOTAL'!F93 -> Fibra Optica | F71: ='RESUMEN TOTAL'!M93 -> 0 | G71: ='RESUMEN TOTAL'!N93 -> 0 | H71: ='RESUMEN TOTAL'!O93 -> 0 | I71: ='RESUMEN TOTAL'!P93 -> 0 | J71: ='RESUMEN TOTAL'!Q93 -> 0 | K71: ='RESUMEN TOTAL'!R93 -> 0 | L71: ='RESUMEN TOTAL'!S93 -> 0 | M71: ='RESUMEN TOTAL'!T93 -> 0 | ... AJ71: ='RESUMEN TOTAL'!AQ93 -> 0
A72: ='RESUMEN TOTAL'!A94 -> CENTRO | B72: ='RESUMEN TOTAL'!B94 -> CEN48 | C72: ='RESUMEN TOTAL'!D94 -> Velez Sarsfield y Las Heras | D72: ='RESUMEN TOTAL'!E94 -> Domo | E72: ='RESUMEN TOTAL'!F94 -> GPON | F72: ='RESUMEN TOTAL'!M94 -> 0 | G72: ='RESUMEN TOTAL'!N94 -> 0 | H72: ='RESUMEN TOTAL'!O94 -> 0 | I72: ='RESUMEN TOTAL'!P94 -> 0 | J72: ='RESUMEN TOTAL'!Q94 -> 0 | K72: ='RESUMEN TOTAL'!R94 -> 0 | L72: ='RESUMEN TOTAL'!S94 -> 0 | M72: ='RESUMEN TOTAL'!T94 -> 0 | ... Z72: ='RESUMEN TOTAL'!AG94 -> 0 | AA72: ='RESUMEN TOTAL'!#REF! -> #REF! | AB72: ='RESUMEN TOTAL'!AI94 -> 0 | AC72: ='RESUMEN TOTAL'!AJ94 -> 0 | AD72: ='RESUMEN TOTAL'!AK94 -> 0 | AE72: ='RESUMEN TOTAL'!AL94 -> 0 | AF72: ='RESUMEN TOTAL'!AM94 -> 0 | AG72: ='RESUMEN TOTAL'!AN94 -> 0 | AH72: ='RESUMEN TOTAL'!AO94 -> 0 | AI72: ='RESUMEN TOTAL'!AP94 -> 0 | AJ72: ='RESUMEN TOTAL'!AQ94 -> 0
A73: ='RESUMEN TOTAL'!A95 -> CENTRO | B73: ='RESUMEN TOTAL'!B95 -> CEN49 | C73: ='RESUMEN TOTAL'!D95 -> Av. San Martin y Florencio Sanchez | D73: ='RESUMEN TOTAL'!E95 -> Domo | E73: ='RESUMEN TOTAL'!F95 -> Fibra Optica | F73: ='RESUMEN TOTAL'!M95 -> APAGADO | G73: ='RESUMEN TOTAL'!N95 -> APAGADO | H73: ='RESUMEN TOTAL'!O95 -> APAGADO | I73: ='RESUMEN TOTAL'!P95 -> APAGADO | J73: ='RESUMEN TOTAL'!Q95 -> 0 | K73: ='RESUMEN TOTAL'!R95 -> 0 | L73: ='RESUMEN TOTAL'!S95 -> 0 | M73: ='RESUMEN TOTAL'!T95 -> 0 | ... AJ73: ='RESUMEN TOTAL'!AQ95 -> 0
A74: ='RESUMEN TOTAL'!A96 -> CENTRO | B74: ='RESUMEN TOTAL'!B96 -> CEN 50 | C74: ='RESUMEN TOTAL'!D96 -> Av. San Martin y Newbery | D74: ='RESUMEN TOTAL'!E96 -> Domo | E74: ='RESUMEN TOTAL'!F96 -> GPON | F74: ='RESUMEN TOTAL'!M96 -> APAGADO | G74: ='RESUMEN TOTAL'!N96 -> 0 | H74: ='RESUMEN TOTAL'!O96 -> 0 | I74: ='RESUMEN TOTAL'!P96 -> 0 | J74: ='RESUMEN TOTAL'!Q96 -> 0 | K74: ='RESUMEN TOTAL'!R96 -> 0 | L74: ='RESUMEN TOTAL'!S96 -> 0 | M74: ='RESUMEN TOTAL'!T96 -> 0 | ... AJ74: ='RESUMEN TOTAL'!AQ96 -> 0
A75: ='RESUMEN TOTAL'!A97 -> CENTRO | B75: ='RESUMEN TOTAL'!B97 -> CEN 51 | C75: ='RESUMEN TOTAL'!D97 -> ILLIA Y LAS HERAS | D75: ='RESUMEN TOTAL'!E97 -> FIJA | E75: ='RESUMEN TOTAL'!F97 -> GPON | F75: ='RESUMEN TOTAL'!M97 -> 0 | G75: ='RESUMEN TOTAL'!N97 -> 0 | H75: ='RESUMEN TOTAL'!O97 -> 0 | I75: ='RESUMEN TOTAL'!P97 -> 0 | J75: ='RESUMEN TOTAL'!Q97 -> 0 | K75: ='RESUMEN TOTAL'!R97 -> 0 | L75: ='RESUMEN TOTAL'!S97 -> 0 | M75: ='RESUMEN TOTAL'!T97 -> 0 | ... AJ75: ='RESUMEN TOTAL'!AQ97 -> 0
A76: ='RESUMEN TOTAL'!A98 -> CENTRO | B76: ='RESUMEN TOTAL'!B98 -> CEN52 | C76: ='RESUMEN TOTAL'!D98 -> San Martin y Almafuerte (ex San Martin y Dorrego) | D76: ='RESUMEN TOTAL'!E98 -> DOMO | E76: ='RESUMEN TOTAL'!F98 -> GPON | F76: ='RESUMEN TOTAL'!M98 -> 0 | G76: ='RESUMEN TOTAL'!N98 -> 0 | H76: ='RESUMEN TOTAL'!O98 -> 0 | I76: ='RESUMEN TOTAL'!P98 -> 0 | J76: ='RESUMEN TOTAL'!Q98 -> 0 | K76: ='RESUMEN TOTAL'!R98 -> 0 | L76: ='RESUMEN TOTAL'!S98 -> 0 | M76: ='RESUMEN TOTAL'!T98 -> 0 | ... AJ76: ='RESUMEN TOTAL'!AQ98 -> 0
A77: ='RESUMEN TOTAL'!A99 -> CENTRO | B77: ='RESUMEN TOTAL'!B99 -> CEN 53 | C77: ='RESUMEN TOTAL'!D99 -> GUTIERREZ Y BROWN | D77: ='RESUMEN TOTAL'!E99 -> Domo | E77: ='RESUMEN TOTAL'!F99 -> GPON | F77: ='RESUMEN TOTAL'!M99 -> 0 | G77: ='RESUMEN TOTAL'!N99 -> 0 | H77: ='RESUMEN TOTAL'!O99 -> 0 | I77: ='RESUMEN TOTAL'!P99 -> 0 | J77: ='RESUMEN TOTAL'!Q99 -> 0 | K77: ='RESUMEN TOTAL'!R99 -> 0 | L77: ='RESUMEN TOTAL'!S99 -> 0 | M77: ='RESUMEN TOTAL'!T99 -> 0 | ... AJ77: ='RESUMEN TOTAL'!AQ99 -> 0
A78: ='RESUMEN TOTAL'!A100 -> CENTRO | B78: ='RESUMEN TOTAL'!B100 -> CEN 54 | C78: ='RESUMEN TOTAL'!D100 -> GUTIERREZ Y PRINGLES | D78: ='RESUMEN TOTAL'!E100 -> Domo | E78: ='RESUMEN TOTAL'!F100 -> GPON | F78: ='RESUMEN TOTAL'!M100 -> 0 | G78: ='RESUMEN TOTAL'!N100 -> 0 | H78: ='RESUMEN TOTAL'!O100 -> 0 | I78: ='RESUMEN TOTAL'!P100 -> 0 | J78: ='RESUMEN TOTAL'!Q100 -> 0 | K78: ='RESUMEN TOTAL'!R100 -> 0 | L78: ='RESUMEN TOTAL'!S100 -> 0 | M78: ='RESUMEN TOTAL'!T100 -> 0 | ... AJ78: ='RESUMEN TOTAL'!AQ100 -> 0
A79: ='RESUMEN TOTAL'!A101 -> CENTRO | B79: ='RESUMEN TOTAL'!B101 -> CEN 55 | C79: ='RESUMEN TOTAL'!D101 -> BOUREL Y URQUIZA | D79: ='RESUMEN TOTAL'!E101 -> Domo | E79: ='RESUMEN TOTAL'!F101 -> GPON | F79: ='RESUMEN TOTAL'!M101 -> 0 | G79: ='RESUMEN TOTAL'!N101 -> 0 | H79: ='RESUMEN TOTAL'!O101 -> 0 | I79: ='RESUMEN TOTAL'!P101 -> 0 | J79: ='RESUMEN TOTAL'!Q101 -> 0 | K79: ='RESUMEN TOTAL'!R101 -> 0 | L79: ='RESUMEN TOTAL'!S101 -> 0 | M79: ='RESUMEN TOTAL'!T101 -> 0 | ... AJ79: ='RESUMEN TOTAL'!AQ101 -> 0
A80: ='RESUMEN TOTAL'!A102 -> CENTRO | B80: ='RESUMEN TOTAL'!B102 -> CEN 56 | C80: ='RESUMEN TOTAL'!D102 -> Newbery y Falucho | D80: ='RESUMEN TOTAL'!E102 -> DOMO | E80: ='RESUMEN TOTAL'!F102 -> GPON | F80: ='RESUMEN TOTAL'!M102 -> 0 | G80: ='RESUMEN TOTAL'!N102 -> 0 | H80: ='RESUMEN TOTAL'!O102 -> 0 | I80: ='RESUMEN TOTAL'!P102 -> 0 | J80: ='RESUMEN TOTAL'!Q102 -> 0 | K80: ='RESUMEN TOTAL'!R102 -> 0 | L80: ='RESUMEN TOTAL'!S102 -> 0 | M80: ='RESUMEN TOTAL'!T102 -> 0 | ... AJ80: ='RESUMEN TOTAL'!AQ102 -> 0
A81: ='RESUMEN TOTAL'!A103 -> CENTRO | B81: ='RESUMEN TOTAL'!B103 -> CEN 57 | C81: ='RESUMEN TOTAL'!D103 -> 25 DE MAYO Y DORREGO | D81: ='RESUMEN TOTAL'!E103 -> DOMO | E81: ='RESUMEN TOTAL'!F103 -> GPON | F81: ='RESUMEN TOTAL'!M103 -> 0 | G81: ='RESUMEN TOTAL'!N103 -> 0 | H81: ='RESUMEN TOTAL'!O103 -> 0 | I81: ='RESUMEN TOTAL'!P103 -> 0 | J81: ='RESUMEN TOTAL'!Q103 -> 0 | K81: ='RESUMEN TOTAL'!R103 -> 0 | L81: ='RESUMEN TOTAL'!S103 -> 0 | M81: ='RESUMEN TOTAL'!T103 -> 0 | ... AJ81: ='RESUMEN TOTAL'!AQ103 -> 0
A82: ='RESUMEN TOTAL'!A104 -> CENTRO | B82: ='RESUMEN TOTAL'!B104 -> CEN 58 | C82: ='RESUMEN TOTAL'!D104 -> EEUU Y MORENO | D82: ='RESUMEN TOTAL'!E104 -> DOMO | E82: ='RESUMEN TOTAL'!F104 -> Fibra Optica | F82: ='RESUMEN TOTAL'!M104 -> 0 | G82: ='RESUMEN TOTAL'!N104 -> 0 | H82: ='RESUMEN TOTAL'!O104 -> 0 | I82: ='RESUMEN TOTAL'!P104 -> 0 | J82: ='RESUMEN TOTAL'!Q104 -> 0 | K82: ='RESUMEN TOTAL'!R104 -> 0 | L82: ='RESUMEN TOTAL'!S104 -> 0 | M82: ='RESUMEN TOTAL'!T104 -> 0 | ... AJ82: ='RESUMEN TOTAL'!AQ104 -> 0
A83: ='RESUMEN TOTAL'!A105 -> CENTRO | B83: ='RESUMEN TOTAL'!B105 -> CEN59 | C83: ='RESUMEN TOTAL'!D105 -> CHACABUCO Y BOUREL | D83: ='RESUMEN TOTAL'!E105 -> DOMO | E83: ='RESUMEN TOTAL'!F105 -> GPON | F83: ='RESUMEN TOTAL'!M105 -> 0 | G83: ='RESUMEN TOTAL'!N105 -> 0 | H83: ='RESUMEN TOTAL'!O105 -> 0 | I83: ='RESUMEN TOTAL'!P105 -> 0 | J83: ='RESUMEN TOTAL'!Q105 -> 0 | K83: ='RESUMEN TOTAL'!R105 -> 0 | L83: ='RESUMEN TOTAL'!S105 -> 0 | M83: ='RESUMEN TOTAL'!T105 -> 0 | ... AJ83: ='RESUMEN TOTAL'!AQ105 -> 0
A84: ='RESUMEN TOTAL'!A106 -> CENTRO | B84: ='RESUMEN TOTAL'!B106 -> CEN 60 | C84: ='RESUMEN TOTAL'!D106 -> RECONQUISTA Y ILLIA | D84: ='RESUMEN TOTAL'!E106 -> DOMO | E84: ='RESUMEN TOTAL'!F106 -> PTO A FO | F84: ='RESUMEN TOTAL'!M106 -> 0 | G84: ='RESUMEN TOTAL'!N106 -> 0 | H84: ='RESUMEN TOTAL'!O106 -> 0 | I84: ='RESUMEN TOTAL'!P106 -> 0 | J84: ='RESUMEN TOTAL'!Q106 -> 0 | K84: ='RESUMEN TOTAL'!R106 -> 0 | L84: ='RESUMEN TOTAL'!S106 -> 0 | M84: ='RESUMEN TOTAL'!T106 -> 0 | ... AJ84: ='RESUMEN TOTAL'!AQ106 -> 0
... A97: ='RESUMEN TOTAL'!A119 -> CENTRO | B97: ='RESUMEN TOTAL'!B119 -> CEN73 | C97: ='RESUMEN TOTAL'!D119 -> BOUREL Y DEFENSA | D97: ='RESUMEN TOTAL'!E119 -> DOMO | E97: ='RESUMEN TOTAL'!F119 -> Fibra Optica | F97: ='RESUMEN TOTAL'!M119 -> 0 | G97: ='RESUMEN TOTAL'!N119 -> 0 | H97: ='RESUMEN TOTAL'!O119 -> 0 | I97: ='RESUMEN TOTAL'!P119 -> 0 | J97: ='RESUMEN TOTAL'!Q119 -> 0 | K97: ='RESUMEN TOTAL'!R119 -> 0 | L97: ='RESUMEN TOTAL'!S119 -> 0 | M97: ='RESUMEN TOTAL'!T119 -> 0 | ... AJ97: ='RESUMEN TOTAL'!AQ119 -> 0
A98: ='RESUMEN TOTAL'!A120 -> CENTRO | B98: ='RESUMEN TOTAL'!B120 -> CEN74 | C98: ='RESUMEN TOTAL'!D120 -> Las Heras y Maipu | D98: ='RESUMEN TOTAL'!E120 -> Domo | E98: ='RESUMEN TOTAL'!F120 -> Fibra Optica | F98: ='RESUMEN TOTAL'!M120 -> 0 | G98: ='RESUMEN TOTAL'!N120 -> 0 | H98: ='RESUMEN TOTAL'!O120 -> 0 | I98: ='RESUMEN TOTAL'!P120 -> 0 | J98: ='RESUMEN TOTAL'!Q120 -> 0 | K98: ='RESUMEN TOTAL'!R120 -> 0 | L98: ='RESUMEN TOTAL'!S120 -> 0 | M98: ='RESUMEN TOTAL'!T120 -> 0 | N98: ='RESUMEN TOTAL'!U120 -> 0 | O98: ='RESUMEN TOTAL'!V121 -> 0 | P98: ='RESUMEN TOTAL'!W120 -> 0 | Q98: ='RESUMEN TOTAL'!X120 -> 0 | R98: ='RESUMEN TOTAL'!Y120 -> 0 | S98: ='RESUMEN TOTAL'!Z120 -> 0 | T98: ='RESUMEN TOTAL'!AA120 -> 0 | U98: ='RESUMEN TOTAL'!AB120 -> 0 | V98: ='RESUMEN TOTAL'!AC120 -> 0 | W98: ='RESUMEN TOTAL'!AD120 -> 0 | ... AJ98: ='RESUMEN TOTAL'!AQ120 -> 0
A99: ='RESUMEN TOTAL'!A121 -> CENTRO | B99: ='RESUMEN TOTAL'!B121 -> CEN 75 | C99: ='RESUMEN TOTAL'!D121 -> 25 DE MAYO Y CASTELLI | D99: ='RESUMEN TOTAL'!E121 -> Domo | E99: ='RESUMEN TOTAL'!F121 -> GPON | F99: ='RESUMEN TOTAL'!M121 -> 0 | G99: ='RESUMEN TOTAL'!N121 -> 0 | H99: ='RESUMEN TOTAL'!O121 -> 0 | I99: ='RESUMEN TOTAL'!P121 -> 0 | J99: ='RESUMEN TOTAL'!Q121 -> 0 | K99: ='RESUMEN TOTAL'!R121 -> 0 | L99: ='RESUMEN TOTAL'!S121 -> 0 | M99: ='RESUMEN TOTAL'!T121 -> 0 | N99: ='RESUMEN TOTAL'!U121 -> 0 | O99: ='RESUMEN TOTAL'!#REF! -> #REF! | P99: ='RESUMEN TOTAL'!W121 -> 0 | Q99: ='RESUMEN TOTAL'!X121 -> 0 | R99: ='RESUMEN TOTAL'!Y121 -> 0 | S99: ='RESUMEN TOTAL'!Z121 -> 0 | T99: ='RESUMEN TOTAL'!AA121 -> 0 | U99: ='RESUMEN TOTAL'!AB121 -> 0 | V99: ='RESUMEN TOTAL'!AC121 -> 0 | W99: ='RESUMEN TOTAL'!AD121 -> 0 | ... AJ99: ='RESUMEN TOTAL'!AQ121 -> 0
A100: ='RESUMEN TOTAL'!A122 -> CENTRO | B100: ='RESUMEN TOTAL'!B122 -> CEN 76 | C100: ='RESUMEN TOTAL'!D122 -> ESPAÑA E/MITRE Y BOCUZZI | D100: ='RESUMEN TOTAL'!E122 -> Fija | E100: ='RESUMEN TOTAL'!F122 -> Fibra Optica | F100: ='RESUMEN TOTAL'!M122 -> 0 | G100: ='RESUMEN TOTAL'!N122 -> 0 | H100: ='RESUMEN TOTAL'!O122 -> 0 | I100: ='RESUMEN TOTAL'!P122 -> 0 | J100: ='RESUMEN TOTAL'!Q122 -> 0 | K100: ='RESUMEN TOTAL'!R122 -> 0 | L100: ='RESUMEN TOTAL'!S122 -> 0 | M100: ='RESUMEN TOTAL'!T122 -> 0 | ... AJ100: ='RESUMEN TOTAL'!AQ122 -> 0
A101: ='RESUMEN TOTAL'!A123 -> CENTRO | B101: ='RESUMEN TOTAL'!B123 -> CEN 77 | C101: ='RESUMEN TOTAL'!D123 -> Monteagudo e/ Mitre y Boccuzzi | D101: ='RESUMEN TOTAL'!E123 -> Fija | E101: ='RESUMEN TOTAL'!F123 -> Fibra Optica | F101: ='RESUMEN TOTAL'!M123 -> 0 | G101: ='RESUMEN TOTAL'!N123 -> 0 | H101: ='RESUMEN TOTAL'!O123 -> 0 | I101: ='RESUMEN TOTAL'!P123 -> 0 | J101: ='RESUMEN TOTAL'!Q123 -> 0 | K101: ='RESUMEN TOTAL'!R123 -> 0 | L101: ='RESUMEN TOTAL'!S123 -> 0 | M101: ='RESUMEN TOTAL'!T123 -> 0 | ... AJ101: ='RESUMEN TOTAL'!AQ123 -> 0
A102: ='RESUMEN TOTAL'!A124 -> CENTRO | B102: ='RESUMEN TOTAL'!B124 -> CEN 78 | C102: ='RESUMEN TOTAL'!D124 -> Mitre e/Monteagudo y Alberdi | D102: ='RESUMEN TOTAL'!E124 -> Fija | E102: ='RESUMEN TOTAL'!F124 -> Fibra Optica | F102: ='RESUMEN TOTAL'!M124 -> 0 | G102: ='RESUMEN TOTAL'!N124 -> 0 | H102: ='RESUMEN TOTAL'!O124 -> 0 | I102: ='RESUMEN TOTAL'!P124 -> 0 | J102: ='RESUMEN TOTAL'!Q124 -> 0 | K102: ='RESUMEN TOTAL'!R124 -> 0 | L102: ='RESUMEN TOTAL'!S124 -> 0 | M102: ='RESUMEN TOTAL'!T124 -> 0 | ... AJ102: ='RESUMEN TOTAL'!AQ124 -> 0
A103: ='RESUMEN TOTAL'!A125 -> CENTRO | B103: ='RESUMEN TOTAL'!B125 -> CEN 79 | C103: ='RESUMEN TOTAL'!D125 -> Diag. Constituyente y Brown | D103: ='RESUMEN TOTAL'!E125 -> Fija | E103: ='RESUMEN TOTAL'!F125 -> Fibra Optica | F103: ='RESUMEN TOTAL'!M125 -> 0 | G103: ='RESUMEN TOTAL'!N125 -> 0 | H103: ='RESUMEN TOTAL'!O125 -> 0 | I103: ='RESUMEN TOTAL'!P125 -> 0 | J103: ='RESUMEN TOTAL'!Q125 -> 0 | K103: ='RESUMEN TOTAL'!R125 -> 0 | L103: ='RESUMEN TOTAL'!S125 -> 0 | M103: ='RESUMEN TOTAL'!T125 -> 0 | ... AJ103: ='RESUMEN TOTAL'!AQ125 -> 0
A104: ='RESUMEN TOTAL'!A126 -> CENTRO | B104: ='RESUMEN TOTAL'!B126 -> CEN 80 | C104: ='RESUMEN TOTAL'!D126 -> Diag. Constituyente y Brown | D104: ='RESUMEN TOTAL'!E126 -> Fija | E104: ='RESUMEN TOTAL'!F126 -> Fibra Optica | F104: ='RESUMEN TOTAL'!M126 -> 0 | G104: ='RESUMEN TOTAL'!N126 -> 0 | H104: ='RESUMEN TOTAL'!O126 -> 0 | I104: ='RESUMEN TOTAL'!P126 -> 0 | J104: ='RESUMEN TOTAL'!Q126 -> 0 | K104: ='RESUMEN TOTAL'!R126 -> 0 | L104: ='RESUMEN TOTAL'!S126 -> 0 | M104: ='RESUMEN TOTAL'!T126 -> 0 | ... AJ104: ='RESUMEN TOTAL'!AQ126 -> 0
A105: ='RESUMEN TOTAL'!A127 -> CENTRO | B105: ='RESUMEN TOTAL'!B127 -> CEN 81 | C105: ='RESUMEN TOTAL'!D127 -> Alberdi y A.del Valle | D105: ='RESUMEN TOTAL'!E127 -> Fija | E105: ='RESUMEN TOTAL'!F127 -> Fibra Optica | F105: ='RESUMEN TOTAL'!M127 -> 0 | G105: ='RESUMEN TOTAL'!N127 -> APAGADO | H105: ='RESUMEN TOTAL'!O127 -> APAGADO | I105: ='RESUMEN TOTAL'!P127 -> 0 | J105: ='RESUMEN TOTAL'!Q127 -> 0 | K105: ='RESUMEN TOTAL'!R127 -> 0 | L105: ='RESUMEN TOTAL'!S127 -> 0 | M105: ='RESUMEN TOTAL'!T127 -> 0 | ... AJ105: ='RESUMEN TOTAL'!AQ127 -> 0
A106: ='RESUMEN TOTAL'!A128 -> CENTRO | B106: ='RESUMEN TOTAL'!B128 -> CEN 82 | C106: ='RESUMEN TOTAL'!D128 -> DORREGO Y BOUREL | D106: ='RESUMEN TOTAL'!E128 -> Domo | E106: ='RESUMEN TOTAL'!F128 -> GPON | F106: ='RESUMEN TOTAL'!M128 -> APAGADO | G106: ='RESUMEN TOTAL'!N128 -> 0 | H106: ='RESUMEN TOTAL'!O128 -> 0 | I106: ='RESUMEN TOTAL'!P128 -> 0 | J106: ='RESUMEN TOTAL'!Q128 -> 0 | K106: ='RESUMEN TOTAL'!R128 -> 0 | L106: ='RESUMEN TOTAL'!S128 -> 0 | M106: ='RESUMEN TOTAL'!T128 -> 0 | ... AJ106: ='RESUMEN TOTAL'!AQ128 -> 0
A107: ='RESUMEN TOTAL'!A129 -> CENTRO | B107: ='RESUMEN TOTAL'!B129 -> CEN83 | C107: ='RESUMEN TOTAL'!D129 -> RECONQUISTA Y 25 DE MAYO | D107: ='RESUMEN TOTAL'!E129 -> Domo | E107: ='RESUMEN TOTAL'!F129 -> GPON | F107: ='RESUMEN TOTAL'!M129 -> 0 | G107: ='RESUMEN TOTAL'!N129 -> 0 | H107: ='RESUMEN TOTAL'!O129 -> 0 | I107: ='RESUMEN TOTAL'!P129 -> 0 | J107: ='RESUMEN TOTAL'!Q129 -> 0 | K107: ='RESUMEN TOTAL'!R129 -> 0 | L107: ='RESUMEN TOTAL'!S129 -> 0 | M107: ='RESUMEN TOTAL'!T129 -> 0 | ... AJ107: ='RESUMEN TOTAL'!AQ129 -> 0
A108: ='RESUMEN TOTAL'!A130 -> CENTRO | B108: ='RESUMEN TOTAL'!B130 -> CEN 84 | C108: ='RESUMEN TOTAL'!D130 -> 25 DE MAYO Y MAIPU | D108: ='RESUMEN TOTAL'!E130 -> Fija | E108: ='RESUMEN TOTAL'!F130 -> GPON | F108: ='RESUMEN TOTAL'!M130 -> 0 | G108: ='RESUMEN TOTAL'!N130 -> 0 | H108: ='RESUMEN TOTAL'!O130 -> 0 | I108: ='RESUMEN TOTAL'!P130 -> 0 | J108: ='RESUMEN TOTAL'!Q130 -> 0 | K108: ='RESUMEN TOTAL'!R130 -> 0 | L108: ='RESUMEN TOTAL'!S130 -> 0 | M108: ='RESUMEN TOTAL'!T130 -> 0 | ... AJ108: ='RESUMEN TOTAL'!AQ130 -> 0
A109: ='RESUMEN TOTAL'!A131 -> CENTRO | B109: ='RESUMEN TOTAL'!B131 -> CEN 85 | C109: ='RESUMEN TOTAL'!D131 -> PTE PERON E/ PRINGLES Y BROWN | D109: ='RESUMEN TOTAL'!E131 -> Fija | E109: ='RESUMEN TOTAL'!F131 -> Fibra Optica | F109: ='RESUMEN TOTAL'!M131 -> APAGADO | G109: ='RESUMEN TOTAL'!N131 -> APAGADO | H109: ='RESUMEN TOTAL'!O131 -> 0 | I109: ='RESUMEN TOTAL'!P131 -> APAGADO | J109: ='RESUMEN TOTAL'!Q131 -> 0 | K109: ='RESUMEN TOTAL'!R131 -> 0 | L109: ='RESUMEN TOTAL'!S131 -> 0 | M109: ='RESUMEN TOTAL'!T131 -> 0 | ... AJ109: ='RESUMEN TOTAL'!AQ131 -> 0
A110: ='RESUMEN TOTAL'!A132 -> CENTRO | B110: ='RESUMEN TOTAL'!B132 -> CEN 86 | C110: ='RESUMEN TOTAL'!D132 -> Monteagudo y Bocuzzi | D110: ='RESUMEN TOTAL'!E132 -> Fija | E110: ='RESUMEN TOTAL'!F132 -> Fibra Optica | F110: ='RESUMEN TOTAL'!M132 -> 0 | G110: ='RESUMEN TOTAL'!N132 -> 0 | H110: ='RESUMEN TOTAL'!O132 -> 0 | I110: ='RESUMEN TOTAL'!P132 -> 0 | J110: ='RESUMEN TOTAL'!Q132 -> 0 | K110: ='RESUMEN TOTAL'!R132 -> 0 | L110: ='RESUMEN TOTAL'!S132 -> 0 | M110: ='RESUMEN TOTAL'!T132 -> 0 | ... AJ110: ='RESUMEN TOTAL'!AQ132 -> 0
A111: ='RESUMEN TOTAL'!A147 -> SAN NICOLAS | B111: ='RESUMEN TOTAL'!B147 -> CHA01 | C111: ='RESUMEN TOTAL'!D147 -> Novak y Pte Illia | D111: ='RESUMEN TOTAL'!E147 -> Domo | E111: ='RESUMEN TOTAL'!F147 -> PTO A FO | F111: ='RESUMEN TOTAL'!M147 -> 0 | G111: ='RESUMEN TOTAL'!N147 -> 0 | H111: ='RESUMEN TOTAL'!O147 -> 0 | I111: ='RESUMEN TOTAL'!P147 -> 0 | J111: ='RESUMEN TOTAL'!Q147 -> 0 | K111: ='RESUMEN TOTAL'!R147 -> 0 | L111: ='RESUMEN TOTAL'!S147 -> 0 | M111: ='RESUMEN TOTAL'!T147 -> 0 | ... AJ111: ='RESUMEN TOTAL'!AQ147 -> 0
A112: ='RESUMEN TOTAL'!A148 -> CHACABUCO | B112: ='RESUMEN TOTAL'!B148 -> CHA02 | C112: ='RESUMEN TOTAL'!D148 -> Pte. Illia y Posadas | D112: ='RESUMEN TOTAL'!E148 -> Domo | E112: ='RESUMEN TOTAL'!F148 -> PTO A FO | F112: ='RESUMEN TOTAL'!M148 -> 0 | G112: ='RESUMEN TOTAL'!N148 -> 0 | H112: ='RESUMEN TOTAL'!O148 -> 0 | I112: ='RESUMEN TOTAL'!P148 -> 0 | J112: ='RESUMEN TOTAL'!Q148 -> 0 | K112: ='RESUMEN TOTAL'!R148 -> 0 | L112: ='RESUMEN TOTAL'!S148 -> 0 | M112: ='RESUMEN TOTAL'!T148 -> 0 | ... AJ112: ='RESUMEN TOTAL'!AQ148 -> 0
A113: ='RESUMEN TOTAL'!A149 -> CHACABUCO | B113: ='RESUMEN TOTAL'!B149 -> CHA03 | C113: ='RESUMEN TOTAL'!D149 -> MAIPU Y ALVAREZ THOMAS | D113: ='RESUMEN TOTAL'!E149 -> DOMO | E113: ='RESUMEN TOTAL'!F149 -> Fibra Optica | F113: ='RESUMEN TOTAL'!M149 -> 0 | G113: ='RESUMEN TOTAL'!N149 -> 0 | H113: ='RESUMEN TOTAL'!O149 -> 0 | I113: ='RESUMEN TOTAL'!P149 -> 0 | J113: ='RESUMEN TOTAL'!Q149 -> 0 | K113: ='RESUMEN TOTAL'!R149 -> 0 | L113: ='RESUMEN TOTAL'!S149 -> 0 | M113: ='RESUMEN TOTAL'!T149 -> 0 | ... AJ113: ='RESUMEN TOTAL'!AQ149 -> 0
A114: ='RESUMEN TOTAL'!A150 -> CHACABUCO | B114: ='RESUMEN TOTAL'!B150 -> CHA04 | C114: ='RESUMEN TOTAL'!D150 -> ESTADOS UNIDOS DE A. E ILLIA | D114: ='RESUMEN TOTAL'!E150 -> DOMO | E114: ='RESUMEN TOTAL'!F150 -> Fibra Optica | F114: ='RESUMEN TOTAL'!M150 -> 0 | G114: ='RESUMEN TOTAL'!N150 -> 0 | H114: ='RESUMEN TOTAL'!O150 -> 0 | I114: ='RESUMEN TOTAL'!P150 -> 0 | J114: ='RESUMEN TOTAL'!Q150 -> 0 | K114: ='RESUMEN TOTAL'!R150 -> 0 | L114: ='RESUMEN TOTAL'!S150 -> 0 | M114: ='RESUMEN TOTAL'!T150 -> 0 | ... AJ114: ='RESUMEN TOTAL'!AQ150 -> 0
A115: ='RESUMEN TOTAL'!A151 -> VILLA MONICA NUEVA | B115: ='RESUMEN TOTAL'!B151 -> COL01 | C115: ='RESUMEN TOTAL'!D151 -> Eva Peron y Cariboni | D115: ='RESUMEN TOTAL'!E151 -> Domo | E115: ='RESUMEN TOTAL'!F151 -> Fibra Optica | F115: ='RESUMEN TOTAL'!M151 -> 0 | G115: ='RESUMEN TOTAL'!N151 -> 0 | H115: ='RESUMEN TOTAL'!O151 -> 0 | I115: ='RESUMEN TOTAL'!P151 -> 0 | J115: ='RESUMEN TOTAL'!Q151 -> 0 | K115: ='RESUMEN TOTAL'!R151 -> 0 | L115: ='RESUMEN TOTAL'!S151 -> 0 | M115: ='RESUMEN TOTAL'!T151 -> 0 | ... AJ115: ='RESUMEN TOTAL'!AQ151 -> 0
A116: ='RESUMEN TOTAL'!A152 -> LA COLORADA ESTE | B116: ='RESUMEN TOTAL'!B152 -> COL02 | C116: ='RESUMEN TOTAL'!D152 -> Av. Eva Peron y Pompeya | D116: ='RESUMEN TOTAL'!E152 -> Domo | E116: ='RESUMEN TOTAL'!F152 -> PTO A FO | F116: ='RESUMEN TOTAL'!M152 -> APAGADO | G116: ='RESUMEN TOTAL'!N152 -> APAGADO | H116: ='RESUMEN TOTAL'!O152 -> APAGADO | I116: ='RESUMEN TOTAL'!P152 -> APAGADO | J116: ='RESUMEN TOTAL'!Q152 -> 0 | K116: ='RESUMEN TOTAL'!R152 -> 0 | L116: ='RESUMEN TOTAL'!S152 -> 0 | M116: ='RESUMEN TOTAL'!T152 -> 0 | ... AJ116: ='RESUMEN TOTAL'!AQ152 -> 0
A117: ='RESUMEN TOTAL'!A153 -> LA COLORADA ESTE | B117: ='RESUMEN TOTAL'!B153 -> COL 03 | C117: ='RESUMEN TOTAL'!D153 -> CARIBONI Y LA ANCIANIDAD | D117: ='RESUMEN TOTAL'!E153 -> DOMO | E117: ='RESUMEN TOTAL'!F153 -> Radio | F117: ='RESUMEN TOTAL'!M153 -> 0 | G117: ='RESUMEN TOTAL'!N153 -> 0 | H117: ='RESUMEN TOTAL'!O153 -> 0 | I117: ='RESUMEN TOTAL'!P153 -> 0 | J117: ='RESUMEN TOTAL'!Q153 -> 0 | K117: ='RESUMEN TOTAL'!R153 -> 0 | L117: ='RESUMEN TOTAL'!S153 -> 0 | M117: ='RESUMEN TOTAL'!T153 -> 0 | ... AJ117: ='RESUMEN TOTAL'!AQ153 -> 0
A118: ='RESUMEN TOTAL'!A154 -> LA COLORADA ESTE | B118: ='RESUMEN TOTAL'!B154 -> COL 04 | C118: ='RESUMEN TOTAL'!D154 -> EVA PERON Y SAVIO | D118: ='RESUMEN TOTAL'!E154 -> Domo | E118: ='RESUMEN TOTAL'!F154 -> Fibra Optica | F118: ='RESUMEN TOTAL'!M154 -> 0 | G118: ='RESUMEN TOTAL'!N154 -> 0 | H118: ='RESUMEN TOTAL'!O154 -> 0 | I118: ='RESUMEN TOTAL'!P154 -> 0 | J118: ='RESUMEN TOTAL'!Q154 -> 0 | K118: ='RESUMEN TOTAL'!R154 -> 0 | L118: ='RESUMEN TOTAL'!S154 -> 0 | M118: ='RESUMEN TOTAL'!T154 -> 0 | ... AJ118: ='RESUMEN TOTAL'!AQ154 -> 0
A119: ='RESUMEN TOTAL'!A155 -> DON JOSE | B119: ='RESUMEN TOTAL'!B155 -> DJO01 | C119: ='RESUMEN TOTAL'!D155 -> Monteverde y Donato Alvarez | D119: ='RESUMEN TOTAL'!E155 -> Domo | E119: ='RESUMEN TOTAL'!F155 -> GPON | F119: ='RESUMEN TOTAL'!M155 -> 0 | G119: ='RESUMEN TOTAL'!N155 -> 0 | H119: ='RESUMEN TOTAL'!O155 -> 0 | I119: ='RESUMEN TOTAL'!P155 -> 0 | J119: ='RESUMEN TOTAL'!Q155 -> 0 | K119: ='RESUMEN TOTAL'!R155 -> 0 | L119: ='RESUMEN TOTAL'!S155 -> 0 | M119: ='RESUMEN TOTAL'!T155 -> 0 | ... AJ119: ='RESUMEN TOTAL'!AQ155 -> 0
A120: ='RESUMEN TOTAL'!A156 -> DON JOSE | B120: ='RESUMEN TOTAL'!B156 -> DJO 02 (fija 1) | C120: ='RESUMEN TOTAL'!D156 -> DONATO ALVAREZ Y EL APERO | D120: ='RESUMEN TOTAL'!E156 -> Fija | E120: ='RESUMEN TOTAL'!F156 -> PTO A FO | F120: ='RESUMEN TOTAL'!M156 -> 0 | G120: ='RESUMEN TOTAL'!N156 -> 0 | H120: ='RESUMEN TOTAL'!O156 -> 0 | I120: ='RESUMEN TOTAL'!P156 -> 0 | J120: ='RESUMEN TOTAL'!Q156 -> 0 | K120: ='RESUMEN TOTAL'!R156 -> 0 | L120: ='RESUMEN TOTAL'!S156 -> 0 | M120: ='RESUMEN TOTAL'!T156 -> 0 | ... AJ120: ='RESUMEN TOTAL'!AQ156 -> 0
A121: ='RESUMEN TOTAL'!A157 -> DON JOSE | B121: ='RESUMEN TOTAL'!B157 -> DJO 03 (fija 2) | C121: ='RESUMEN TOTAL'!D157 -> DONATO ALVAREZ Y EL APERO | D121: ='RESUMEN TOTAL'!E157 -> Fija | E121: ='RESUMEN TOTAL'!F157 -> PTO A FO | F121: ='RESUMEN TOTAL'!M157 -> 0 | G121: ='RESUMEN TOTAL'!N157 -> 0 | H121: ='RESUMEN TOTAL'!O157 -> 0 | I121: ='RESUMEN TOTAL'!P157 -> 0 | J121: ='RESUMEN TOTAL'!Q157 -> 0 | K121: ='RESUMEN TOTAL'!R157 -> 0 | L121: ='RESUMEN TOTAL'!S157 -> 0 | M121: ='RESUMEN TOTAL'!T157 -> 0 | ... AJ121: ='RESUMEN TOTAL'!AQ157 -> 0
A122: ='RESUMEN TOTAL'!A158 -> DON JOSE | B122: ='RESUMEN TOTAL'!B158 -> DJO 04 (Fija 1) | C122: ='RESUMEN TOTAL'!D158 -> MONTEVERDE Y EL INDIO | D122: ='RESUMEN TOTAL'!E158 -> Fija | E122: ='RESUMEN TOTAL'!F158 -> GPON | F122: ='RESUMEN TOTAL'!M158 -> 0 | G122: ='RESUMEN TOTAL'!N158 -> 0 | H122: ='RESUMEN TOTAL'!O158 -> 0 | I122: ='RESUMEN TOTAL'!P158 -> 0 | J122: ='RESUMEN TOTAL'!Q158 -> 0 | K122: ='RESUMEN TOTAL'!R158 -> 0 | L122: ='RESUMEN TOTAL'!S158 -> 0 | M122: ='RESUMEN TOTAL'!T158 -> 0 | ... AJ122: ='RESUMEN TOTAL'!AQ158 -> 0
... A125: ='RESUMEN TOTAL'!A161 -> DON JOSE | B125: ='RESUMEN TOTAL'!B161 -> DJ 07 | C125: ='RESUMEN TOTAL'!D161 -> Calle 414 y El Indio | D125: ='RESUMEN TOTAL'!E161 -> Fija | E125: ='RESUMEN TOTAL'!F161 -> PTO A FO | F125: ='RESUMEN TOTAL'!M161 -> 0 | G125: ='RESUMEN TOTAL'!N161 -> 0 | H125: ='RESUMEN TOTAL'!O161 -> 0 | I125: ='RESUMEN TOTAL'!P161 -> 0 | J125: ='RESUMEN TOTAL'!Q161 -> 0 | K125: ='RESUMEN TOTAL'!R161 -> 0 | L125: ='RESUMEN TOTAL'!S161 -> 0 | M125: ='RESUMEN TOTAL'!T161 -> 0 | ... AJ125: ='RESUMEN TOTAL'!AQ161 -> 0
A126: ='RESUMEN TOTAL'!A167 -> EL PARQUE | B126: ='RESUMEN TOTAL'!B167 -> EPQ 01 | C126: ='RESUMEN TOTAL'!D167 -> 1282 Y GRIERSON | D126: ='RESUMEN TOTAL'!E167 -> DOMO | E126: ='RESUMEN TOTAL'!F167 -> Fibra Optica | F126: ='RESUMEN TOTAL'!M167 -> 0 | G126: ='RESUMEN TOTAL'!N167 -> 0 | H126: ='RESUMEN TOTAL'!O167 -> 0 | I126: ='RESUMEN TOTAL'!P167 -> APAGADO | J126: ='RESUMEN TOTAL'!Q167 -> 0 | K126: ='RESUMEN TOTAL'!R167 -> 0 | L126: ='RESUMEN TOTAL'!S167 -> 0 | M126: ='RESUMEN TOTAL'!T167 -> 0 | ... AJ126: ='RESUMEN TOTAL'!AQ167 -> 0
A127: ='RESUMEN TOTAL'!A168 -> EL PARQUE | B127: ='RESUMEN TOTAL'!B168 -> EPQ 02 | C127: ='RESUMEN TOTAL'!D168 -> 1282 Y MASSE | D127: ='RESUMEN TOTAL'!E168 -> DOMO | E127: ='RESUMEN TOTAL'!F168 -> Fibra Optica | F127: ='RESUMEN TOTAL'!M168 -> 0 | G127: ='RESUMEN TOTAL'!N168 -> 0 | H127: ='RESUMEN TOTAL'!O168 -> 0 | I127: ='RESUMEN TOTAL'!P168 -> APAGADO | J127: ='RESUMEN TOTAL'!Q168 -> 0 | K127: ='RESUMEN TOTAL'!R168 -> 0 | L127: ='RESUMEN TOTAL'!S168 -> 0 | M127: ='RESUMEN TOTAL'!T168 -> 0 | ... AJ127: ='RESUMEN TOTAL'!AQ168 -> 0
A128: ='RESUMEN TOTAL'!A169 -> EL PARQUE | B128: ='RESUMEN TOTAL'!B169 -> EPQ 03 | C128: ='RESUMEN TOTAL'!D169 -> 1282 Y RP 36 | D128: ='RESUMEN TOTAL'!E169 -> Domo | E128: ='RESUMEN TOTAL'!F169 -> Fibra Optica | F128: ='RESUMEN TOTAL'!M169 -> 0 | G128: ='RESUMEN TOTAL'!N169 -> 0 | H128: ='RESUMEN TOTAL'!O169 -> 0 | I128: ='RESUMEN TOTAL'!P169 -> APAGADO | J128: ='RESUMEN TOTAL'!Q169 -> 0 | K128: ='RESUMEN TOTAL'!R169 -> 0 | L128: ='RESUMEN TOTAL'!S169 -> 0 | M128: ='RESUMEN TOTAL'!T169 -> 0 | ... AJ128: ='RESUMEN TOTAL'!AQ169 -> 0
A129: ='RESUMEN TOTAL'!A170 -> EL PARQUE | B129: ='RESUMEN TOTAL'!B170 -> EPQ 04 | C129: ='RESUMEN TOTAL'!D170 -> 1282 Y MORENO | D129: ='RESUMEN TOTAL'!E170 -> DOMO | E129: ='RESUMEN TOTAL'!F170 -> Fibra Optica | F129: ='RESUMEN TOTAL'!M170 -> 0 | G129: ='RESUMEN TOTAL'!N170 -> 0 | H129: ='RESUMEN TOTAL'!O170 -> 0 | I129: ='RESUMEN TOTAL'!P170 -> APAGADO | J129: ='RESUMEN TOTAL'!Q170 -> 0 | K129: ='RESUMEN TOTAL'!R170 -> 0 | L129: ='RESUMEN TOTAL'!S170 -> 0 | M129: ='RESUMEN TOTAL'!T170 -> 0 | ... AJ129: ='RESUMEN TOTAL'!AQ170 -> 0
A130: ='RESUMEN TOTAL'!A173 -> LA ESMERALDA | B130: ='RESUMEN TOTAL'!B173 -> ESM01 | C130: ='RESUMEN TOTAL'!D173 -> Cabello y Brasil | D130: ='RESUMEN TOTAL'!E173 -> Domo | E130: ='RESUMEN TOTAL'!F173 -> PTO A FO | F130: ='RESUMEN TOTAL'!M173 -> 0 | G130: ='RESUMEN TOTAL'!N173 -> 0 | H130: ='RESUMEN TOTAL'!O173 -> 0 | I130: ='RESUMEN TOTAL'!P173 -> 0 | J130: ='RESUMEN TOTAL'!Q173 -> 0 | K130: ='RESUMEN TOTAL'!R173 -> 0 | L130: ='RESUMEN TOTAL'!S173 -> 0 | M130: ='RESUMEN TOTAL'!T173 -> 0 | ... AJ130: ='RESUMEN TOTAL'!AQ173 -> 0
A131: ='RESUMEN TOTAL'!A174 -> SAN JORGE | B131: ='RESUMEN TOTAL'!B174 -> ESM02 | C131: ='RESUMEN TOTAL'!D174 -> Novak y Cabello | D131: ='RESUMEN TOTAL'!E174 -> Domo | E131: ='RESUMEN TOTAL'!F174 -> PTO A FO | F131: ='RESUMEN TOTAL'!M174 -> 0 | G131: ='RESUMEN TOTAL'!N174 -> 0 | H131: ='RESUMEN TOTAL'!O174 -> 0 | I131: ='RESUMEN TOTAL'!P174 -> 0 | J131: ='RESUMEN TOTAL'!Q174 -> 0 | K131: ='RESUMEN TOTAL'!R174 -> 0 | L131: ='RESUMEN TOTAL'!S174 -> 0 | M131: ='RESUMEN TOTAL'!T174 -> 0 | ... AJ131: ='RESUMEN TOTAL'!AQ174 -> 0
A132: ='RESUMEN TOTAL'!A175 -> SAN JORGE | B132: ='RESUMEN TOTAL'!B175 -> ESM03 | C132: ='RESUMEN TOTAL'!D175 -> Novak y Humahuaca | D132: ='RESUMEN TOTAL'!E175 -> DOMO | E132: ='RESUMEN TOTAL'!F175 -> PTO A FO | F132: ='RESUMEN TOTAL'!M175 -> 0 | G132: ='RESUMEN TOTAL'!N175 -> 0 | H132: ='RESUMEN TOTAL'!O175 -> 0 | I132: ='RESUMEN TOTAL'!P175 -> 0 | J132: ='RESUMEN TOTAL'!Q175 -> 0 | K132: ='RESUMEN TOTAL'!R175 -> 0 | L132: ='RESUMEN TOTAL'!S175 -> 0 | M132: ='RESUMEN TOTAL'!T175 -> 0 | ... AJ132: ='RESUMEN TOTAL'!AQ175 -> 0
A133: ='RESUMEN TOTAL'!A176 -> LA ESMERALDA | B133: ='RESUMEN TOTAL'!B176 -> ESM04 | C133: ='RESUMEN TOTAL'!D176 -> Basualdo y Bengochea | D133: ='RESUMEN TOTAL'!E176 -> Domo | E133: ='RESUMEN TOTAL'!F176 -> Fibra Optica | F133: ='RESUMEN TOTAL'!M176 -> 0 | G133: ='RESUMEN TOTAL'!N176 -> 0 | H133: ='RESUMEN TOTAL'!O176 -> 0 | I133: ='RESUMEN TOTAL'!P176 -> 0 | J133: ='RESUMEN TOTAL'!Q176 -> 0 | K133: ='RESUMEN TOTAL'!R176 -> 0 | L133: ='RESUMEN TOTAL'!S176 -> 0 | M133: ='RESUMEN TOTAL'!T176 -> 0 | ... AJ133: ='RESUMEN TOTAL'!AQ176 -> 0
A134: ='RESUMEN TOTAL'!A177 -> LA ESMERALDA | B134: ='RESUMEN TOTAL'!B177 -> ESM05 | C134: ='RESUMEN TOTAL'!D177 -> Aniceto Diaz y Villar | D134: ='RESUMEN TOTAL'!E177 -> Domo | E134: ='RESUMEN TOTAL'!F177 -> Fibra Optica | F134: ='RESUMEN TOTAL'!M177 -> 0 | G134: ='RESUMEN TOTAL'!N177 -> 0 | H134: ='RESUMEN TOTAL'!O177 -> 0 | I134: ='RESUMEN TOTAL'!P177 -> 0 | J134: ='RESUMEN TOTAL'!Q177 -> 0 | K134: ='RESUMEN TOTAL'!R177 -> 0 | L134: ='RESUMEN TOTAL'!S177 -> 0 | M134: ='RESUMEN TOTAL'!T177 -> 0 | ... AJ134: ='RESUMEN TOTAL'!AQ177 -> 0
A135: ='RESUMEN TOTAL'!A178 -> LA ESMERALDA | B135: ='RESUMEN TOTAL'!B178 -> ESM06 | C135: ='RESUMEN TOTAL'!D178 -> Roselli y Cabello | D135: ='RESUMEN TOTAL'!E178 -> Domo | E135: ='RESUMEN TOTAL'!F178 -> GPON | F135: ='RESUMEN TOTAL'!M178 -> 0 | G135: ='RESUMEN TOTAL'!N178 -> APAGADO | H135: ='RESUMEN TOTAL'!O178 -> APAGADO | I135: ='RESUMEN TOTAL'!P178 -> 0 | J135: ='RESUMEN TOTAL'!Q178 -> 0 | K135: ='RESUMEN TOTAL'!R178 -> 0 | L135: ='RESUMEN TOTAL'!S178 -> 0 | M135: ='RESUMEN TOTAL'!T178 -> 0 | ... AJ135: ='RESUMEN TOTAL'!AQ178 -> 0
A136: ='RESUMEN TOTAL'!A179 -> LA ESMERALDA | B136: ='RESUMEN TOTAL'!B179 -> ESM07 | C136: ='RESUMEN TOTAL'!D179 -> AV. NOVAK Y SERRANO | D136: ='RESUMEN TOTAL'!E179 -> DOMO | E136: ='RESUMEN TOTAL'!F179 -> PTO A FO | F136: ='RESUMEN TOTAL'!M179 -> 0 | G136: ='RESUMEN TOTAL'!N179 -> 0 | H136: ='RESUMEN TOTAL'!O179 -> 0 | I136: ='RESUMEN TOTAL'!P179 -> 0 | J136: ='RESUMEN TOTAL'!Q179 -> 0 | K136: ='RESUMEN TOTAL'!R179 -> 0 | L136: ='RESUMEN TOTAL'!S179 -> 0 | M136: ='RESUMEN TOTAL'!T179 -> 0 | ... AJ136: ='RESUMEN TOTAL'!AQ179 -> 0
A137: ='RESUMEN TOTAL'!A180 -> LA ESMERALDA | B137: ='RESUMEN TOTAL'!B180 -> ESM 08 | C137: ='RESUMEN TOTAL'!D180 -> DAVINSON Y MORANCHEL | D137: ='RESUMEN TOTAL'!E180 -> FIJA | E137: ='RESUMEN TOTAL'!F180 -> Radio | F137: ='RESUMEN TOTAL'!M180 -> 0 | G137: ='RESUMEN TOTAL'!N180 -> 0 | H137: ='RESUMEN TOTAL'!O180 -> 0 | I137: ='RESUMEN TOTAL'!P180 -> 0 | J137: ='RESUMEN TOTAL'!Q180 -> 0 | K137: ='RESUMEN TOTAL'!R180 -> 0 | L137: ='RESUMEN TOTAL'!S180 -> 0 | M137: ='RESUMEN TOTAL'!T180 -> 0 | ... AJ137: ='RESUMEN TOTAL'!AQ180 -> 0
A138: ='RESUMEN TOTAL'!A181 -> LA ESMERALDA | B138: ='RESUMEN TOTAL'!B181 -> ESM09 (fija 1) | C138: ='RESUMEN TOTAL'!D181 -> EEUU Y CABELLO | D138: ='RESUMEN TOTAL'!E181 -> Fija | E138: ='RESUMEN TOTAL'!F181 -> Fibra Optica | F138: ='RESUMEN TOTAL'!M181 -> 0 | G138: ='RESUMEN TOTAL'!N181 -> 0 | H138: ='RESUMEN TOTAL'!O181 -> 0 | I138: ='RESUMEN TOTAL'!P181 -> 0 | J138: ='RESUMEN TOTAL'!Q181 -> 0 | K138: ='RESUMEN TOTAL'!R181 -> 0 | L138: ='RESUMEN TOTAL'!S181 -> 0 | M138: ='RESUMEN TOTAL'!T181 -> 0 | ... AJ138: ='RESUMEN TOTAL'!AQ181 -> 0
A139: ='RESUMEN TOTAL'!A182 -> LA ESMERALDA | B139: ='RESUMEN TOTAL'!B182 -> ESM10 (fija 2) | C139: ='RESUMEN TOTAL'!D182 -> EEUU Y CABELLO | D139: ='RESUMEN TOTAL'!E182 -> Fija | E139: ='RESUMEN TOTAL'!F182 -> Fibra Optica | F139: ='RESUMEN TOTAL'!M182 -> 0 | G139: ='RESUMEN TOTAL'!N182 -> 0 | H139: ='RESUMEN TOTAL'!O182 -> 0 | I139: ='RESUMEN TOTAL'!P182 -> 0 | J139: ='RESUMEN TOTAL'!Q182 -> 0 | K139: ='RESUMEN TOTAL'!R182 -> 0 | L139: ='RESUMEN TOTAL'!S182 -> 0 | M139: ='RESUMEN TOTAL'!T182 -> 0 | ... AJ139: ='RESUMEN TOTAL'!AQ182 -> 0
A140: ='RESUMEN TOTAL'!A183 -> LA ESMERALDA | B140: ='RESUMEN TOTAL'!B183 -> ESM11 (fija 1) | C140: ='RESUMEN TOTAL'!D183 -> NOVAK Y LAMBARDI | D140: ='RESUMEN TOTAL'!E183 -> Fija | E140: ='RESUMEN TOTAL'!F183 -> Fibra Optica | F140: ='RESUMEN TOTAL'!M183 -> 0 | G140: ='RESUMEN TOTAL'!N183 -> 0 | H140: ='RESUMEN TOTAL'!O183 -> 0 | I140: ='RESUMEN TOTAL'!P183 -> 0 | J140: ='RESUMEN TOTAL'!Q183 -> 0 | K140: ='RESUMEN TOTAL'!R183 -> 0 | L140: ='RESUMEN TOTAL'!S183 -> 0 | M140: ='RESUMEN TOTAL'!T183 -> 0 | ... AJ140: ='RESUMEN TOTAL'!AQ183 -> 0
A141: ='RESUMEN TOTAL'!A184 -> LA ESMERALDA | B141: ='RESUMEN TOTAL'!B184 -> ESM12 (fija 2) | C141: ='RESUMEN TOTAL'!D184 -> NOVAK Y LAMBARDI | D141: ='RESUMEN TOTAL'!E184 -> Fija | E141: ='RESUMEN TOTAL'!F184 -> Fibra Optica | F141: ='RESUMEN TOTAL'!M184 -> 0 | G141: ='RESUMEN TOTAL'!N184 -> 0 | H141: ='RESUMEN TOTAL'!O184 -> 0 | I141: ='RESUMEN TOTAL'!P184 -> 0 | J141: ='RESUMEN TOTAL'!Q184 -> 0 | K141: ='RESUMEN TOTAL'!R184 -> 0 | L141: ='RESUMEN TOTAL'!S184 -> 0 | M141: ='RESUMEN TOTAL'!T184 -> 0 | ... AJ141: ='RESUMEN TOTAL'!AQ184 -> 0
... A145: ='RESUMEN TOTAL'!A188 -> LA ESMERALDA | B145: ='RESUMEN TOTAL'!B188 -> ESM 16 | C145: ='RESUMEN TOTAL'!D188 -> Basualdo y Lieja | D145: ='RESUMEN TOTAL'!E188 -> Fija | E145: ='RESUMEN TOTAL'!F188 -> Fibra Optica | F145: ='RESUMEN TOTAL'!M188 -> APAGADO | G145: ='RESUMEN TOTAL'!N188 -> APAGADO | H145: ='RESUMEN TOTAL'!O188 -> APAGADO | I145: ='RESUMEN TOTAL'!P188 -> APAGADO | J145: ='RESUMEN TOTAL'!Q188 -> 0 | K145: ='RESUMEN TOTAL'!R188 -> 0 | L145: ='RESUMEN TOTAL'!S188 -> 0 | M145: ='RESUMEN TOTAL'!T188 -> 0 | ... AJ145: ='RESUMEN TOTAL'!AQ188 -> 0
A146: ='RESUMEN TOTAL'!A195 -> INGENIERO ALLAN | B146: ='RESUMEN TOTAL'!B195 -> INA 01 | C146: ='RESUMEN TOTAL'!D195 -> 1138 Y 1155 | D146: ='RESUMEN TOTAL'!E195 -> DOMO | E146: ='RESUMEN TOTAL'!F195 -> Fibra Optica | F146: ='RESUMEN TOTAL'!M195 -> 0 | G146: ='RESUMEN TOTAL'!N195 -> 0 | H146: ='RESUMEN TOTAL'!O195 -> 0 | I146: ='RESUMEN TOTAL'!P195 -> APAGADO | J146: ='RESUMEN TOTAL'!Q195 -> 0 | K146: ='RESUMEN TOTAL'!R195 -> 0 | L146: ='RESUMEN TOTAL'!S195 -> 0 | M146: ='RESUMEN TOTAL'!T195 -> 0 | ... AJ146: ='RESUMEN TOTAL'!AQ195 -> 0
A147: ='RESUMEN TOTAL'!A196 -> INGENIERO ALLAN | B147: ='RESUMEN TOTAL'!B196 -> INA 02 | C147: ='RESUMEN TOTAL'!D196 -> 1144 Y 1155 | D147: ='RESUMEN TOTAL'!E196 -> DOMO | E147: ='RESUMEN TOTAL'!F196 -> Fibra Optica | F147: ='RESUMEN TOTAL'!M196 -> 0 | G147: ='RESUMEN TOTAL'!N196 -> 0 | H147: ='RESUMEN TOTAL'!O196 -> 0 | I147: ='RESUMEN TOTAL'!P196 -> APAGADO | J147: ='RESUMEN TOTAL'!Q196 -> 0 | K147: ='RESUMEN TOTAL'!R196 -> 0 | L147: ='RESUMEN TOTAL'!S196 -> 0 | M147: ='RESUMEN TOTAL'!T196 -> 0 | ... AJ147: ='RESUMEN TOTAL'!AQ196 -> 0
A148: ='RESUMEN TOTAL'!A197 -> INFICO | B148: ='RESUMEN TOTAL'!B197 -> INF 01 | C148: ='RESUMEN TOTAL'!D197 -> AV. HUDSON Y CARIBONI | D148: ='RESUMEN TOTAL'!E197 -> Domo | E148: ='RESUMEN TOTAL'!F197 -> Fibra Optica | F148: ='RESUMEN TOTAL'!M197 -> APAGADO | G148: ='RESUMEN TOTAL'!N197 -> APAGADO | H148: ='RESUMEN TOTAL'!O197 -> APAGADO | I148: ='RESUMEN TOTAL'!P197 -> APAGADO | J148: ='RESUMEN TOTAL'!Q197 -> 0 | K148: ='RESUMEN TOTAL'!R197 -> 0 | L148: ='RESUMEN TOTAL'!S197 -> 0 | M148: ='RESUMEN TOTAL'!T197 -> 0 | ... AJ148: ='RESUMEN TOTAL'!AQ197 -> 0
A149: ='RESUMEN TOTAL'!A198 -> VILLA ARGENTINA | B149: ='RESUMEN TOTAL'!B198 -> KM01 | C149: ='RESUMEN TOTAL'!D198 -> Vias FFCC y La Pulperia | D149: ='RESUMEN TOTAL'!E198 -> DOMO | E149: ='RESUMEN TOTAL'!F198 -> GPON | F149: ='RESUMEN TOTAL'!M198 -> APAGADO | G149: ='RESUMEN TOTAL'!N198 -> APAGADO | H149: ='RESUMEN TOTAL'!O198 -> APAGADO | I149: ='RESUMEN TOTAL'!P198 -> APAGADO | J149: ='RESUMEN TOTAL'!Q198 -> 0 | K149: ='RESUMEN TOTAL'!R198 -> 0 | L149: ='RESUMEN TOTAL'!S198 -> 0 | M149: ='RESUMEN TOTAL'!T198 -> 0 | ... AJ149: ='RESUMEN TOTAL'!AQ198 -> 0
A150: ='RESUMEN TOTAL'!A199 -> CHACABUCO | B150: ='RESUMEN TOTAL'!B199 -> KM02 | C150: ='RESUMEN TOTAL'!D199 -> Novak e/El Overo y el Mangrullo | D150: ='RESUMEN TOTAL'!E199 -> Domo | E150: ='RESUMEN TOTAL'!F199 -> GPON | F150: ='RESUMEN TOTAL'!M199 -> APAGADO | G150: ='RESUMEN TOTAL'!N199 -> APAGADO | H150: ='RESUMEN TOTAL'!O199 -> APAGADO | I150: ='RESUMEN TOTAL'!P199 -> APAGADO | J150: ='RESUMEN TOTAL'!Q199 -> 0 | K150: ='RESUMEN TOTAL'!R199 -> 0 | L150: ='RESUMEN TOTAL'!S199 -> 0 | M150: ='RESUMEN TOTAL'!T199 -> 0 | ... AJ150: ='RESUMEN TOTAL'!AQ199 -> 0
A151: ='RESUMEN TOTAL'!A200 -> KM 26700 (JULIO A. COSTA) | B151: ='RESUMEN TOTAL'!B200 -> KM03 | C151: ='RESUMEN TOTAL'!D200 -> Novak y La Pulperia | D151: ='RESUMEN TOTAL'!E200 -> Domo | E151: ='RESUMEN TOTAL'!F200 -> PTO A FO | F151: ='RESUMEN TOTAL'!M200 -> 0 | G151: ='RESUMEN TOTAL'!N200 -> 0 | H151: ='RESUMEN TOTAL'!O200 -> 0 | I151: ='RESUMEN TOTAL'!P200 -> 0 | J151: ='RESUMEN TOTAL'!Q200 -> 0 | K151: ='RESUMEN TOTAL'!R200 -> 0 | L151: ='RESUMEN TOTAL'!S200 -> 0 | M151: ='RESUMEN TOTAL'!T200 -> 0 | ... AJ151: ='RESUMEN TOTAL'!AQ200 -> 0
...

Sheet Hoja1
B1: CAMARAS | C1: 45992
A2: BONOMO | B2: =COUNTIFS('RESUMEN TOTAL'!C8:C621,"=BONOMO") -> 308 | C2: 0 | F2: 46082 | G2: 46083 | H2: 46084 | I2: 46085 | J2: 46086 | K2: 46087 | L2: 46088 | M2: 46089 | N2: 46090 | O2: 46091 | P2: 46092 | Q2: 46093 | R2: 46094 | S2: 46095 | T2: 46096 | U2: 46097 | V2: 46098 | W2: 46099 | X2: 46100 | Y2: 46101 | Z2: 46102 | AA2: 46103 | AB2: 46104 | AC2: 46105 | AD2: 46106 | AE2: 46107 | AF2: 46108 | AG2: 46109 | AH2: 46110 | AI2: 46111 | AJ2: 46112
C3: 0 | D3: BONOMO | E3: APAGADAS BONOMO | F3: 0 | G3: 27 | H3: 31 | I3: 29 | J3: 29 | K3: =COUNTIFS('RESUMEN TOTAL'!R8:R698,"=APAGADO",'RESUMEN TOTAL'!C8:C698,"=BONOMO") -> 0 | L3: 0 | M3: 0 | N3: =COUNTIFS('RESUMEN TOTAL'!U8:U698,"=APAGADO",'RESUMEN TOTAL'!C8:C698,"=BONOMO") -> 0 | O3: =COUNTIFS('RESUMEN TOTAL'!V8:V698,"=APAGADO",'RESUMEN TOTAL'!C8:C698,"=BONOMO") -> 0 | P3: =COUNTIFS('RESUMEN TOTAL'!W8:W698,"=APAGADO",'RESUMEN TOTAL'!C8:C698,"=BONOMO") -> 0 | Q3: =COUNTIFS('RESUMEN TOTAL'!X8:X698,"=APAGADO",'RESUMEN TOTAL'!C8:C698,"=BONOMO") -> 0 | R3: =COUNTIFS('RESUMEN TOTAL'!Y8:Y698,"=APAGADO",'RESUMEN TOTAL'!C8:C698,"=BONOMO") -> 0 | S3: =COUNTIFS('RESUMEN TOTAL'!Z8:Z698,"=APAGADO",'RESUMEN TOTAL'!C8:C698,"=BONOMO") -> 0 | T3: =COUNTIFS('RESUMEN TOTAL'!AA8:AA698,"=APAGADO",'RESUMEN TOTAL'!C8:C698,"=BONOMO") -> 0 | U3: =COUNTIFS('RESUMEN TOTAL'!AB8:AB698,"=APAGADO",'RESUMEN TOTAL'!C8:C698,"=BONOMO") -> 0 | V3: =COUNTIFS('RESUMEN TOTAL'!AC8:AC698,"=APAGADO",'RESUMEN TOTAL'!C8:C698,"=BONOMO") -> 0 | W3: =COUNTIFS('RESUMEN TOTAL'!AD8:AD698,"=APAGADO",'RESUMEN TOTAL'!C8:C698,"=BONOMO") -> 0 | X3: =COUNTIFS('RESUMEN TOTAL'!AE8:AE698,"=APAGADO",'RESUMEN TOTAL'!C8:C698,"=BONOMO") -> 0 | Y3: =COUNTIFS('RESUMEN TOTAL'!AF8:AF698,"=APAGADO",'RESUMEN TOTAL'!C8:C698,"=BONOMO") -> 0 | Z3: =COUNTIFS('RESUMEN TOTAL'!AG8:AG698,"=APAGADO",'RESUMEN TOTAL'!C8:C698,"=BONOMO") -> 0 | AA3: =COUNTIFS('RESUMEN TOTAL'!AH8:AH698,"=APAGADO",'RESUMEN TOTAL'!C8:C698,"=BONOMO") -> 0 | AB3: =COUNTIFS('RESUMEN TOTAL'!AI8:AI698,"=APAGADO",'RESUMEN TOTAL'!C8:C698,"=BONOMO") -> 0 | AC3: =COUNTIFS('RESUMEN TOTAL'!AJ8:AJ698,"=APAGADO",'RESUMEN TOTAL'!C8:C698,"=BONOMO") -> 0 | AD3: =COUNTIFS('RESUMEN TOTAL'!AK8:AK698,"=APAGADO",'RESUMEN TOTAL'!C8:C698,"=BONOMO") -> 0 | AE3: 29 | AF3: =COUNTIFS('RESUMEN TOTAL'!AM8:AM698,"=APAGADO",'RESUMEN TOTAL'!C8:C698,"=BONOMO") -> 0 | AG3: =COUNTIFS('RESUMEN TOTAL'!AN8:AN698,"=APAGADO",'RESUMEN TOTAL'!C8:C698,"=BONOMO") -> 0 | AH3: =COUNTIFS('RESUMEN TOTAL'!AO8:AO698,"=APAGADO",'RESUMEN TOTAL'!D8:D698,"=BONOMO") -> 0 | AI3: =COUNTIFS('RESUMEN TOTAL'!AP8:AP698,"=APAGADO",'RESUMEN TOTAL'!E8:E698,"=BONOMO") -> 0 | AJ3: =COUNTIFS('RESUMEN TOTAL'!AQ8:AQ698,"=APAGADO",'RESUMEN TOTAL'!F8:F698,"=BONOMO") -> 0
A4: COSEIDI | B4: =COUNTIFS('RESUMEN TOTAL'!C8:C621,"=COSEIDI") -> 276 | C4: 0 | E4: % BONOMO | F4: 0 | G4: =G3/BONOMOcam -> 0.087662338 | H4: =H3/BONOMOcam -> 0.10064935 | I4: 0 | J4: 0.09 | K4: =K3/BONOMOcam -> 0 | L4: =L3/BONOMOcam -> 0 | M4: 0 | N4: =N3/BONOMOcam -> 0 | O4: =O3/BONOMOcam -> 0 | P4: =P3/BONOMOcam -> 0 | Q4: =Q3/BONOMOcam -> 0 | R4: =R3/BONOMOcam -> 0 | S4: =S3/BONOMOcam -> 0 | T4: =T3/BONOMOcam -> 0 | U4: =U3/BONOMOcam -> 0 | V4: =V3/BONOMOcam -> 0 | W4: 0 | X4: =X3/BONOMOcam -> 0 | Y4: =Y3/BONOMOcam -> 0 | Z4: =Z3/BONOMOcam -> 0 | AA4: =AA3/BONOMOcam -> 0 | AB4: =AB3/BONOMOcam -> 0 | AC4: 0 | AD4: =AD3/BONOMOcam -> 0 | AE4: =AE3/BONOMOcam -> 0.094155844 | AF4: =AF3/BONOMOcam -> 0 | AG4: =AG3/BONOMOcam -> 0 | AH4: =AH3/BONOMOcam -> 0 | AI4: =AI3/BONOMOcam -> 0 | AJ4: =AJ3/BONOMOcam -> 0
C5: 0 | D5: COSEIDI | E5: APAGADAS COSEIDI | F5: 0 | G5: 41 | H5: 52 | I5: 56 | J5: =COUNTIFS('RESUMEN TOTAL'!Q10:Q700,"=APAGADO",'RESUMEN TOTAL'!C10:C700,"=COSEIDI") -> 0 | K5: =COUNTIFS('RESUMEN TOTAL'!R10:R700,"=APAGADO",'RESUMEN TOTAL'!C10:C700,"=COSEIDI") -> 0 | L5: =COUNTIFS('RESUMEN TOTAL'!S10:S700,"=APAGADO",'RESUMEN TOTAL'!C10:C700,"=COSEIDI") -> 0 | M5: 0 | N5: =COUNTIFS('RESUMEN TOTAL'!U10:U700,"=APAGADO",'RESUMEN TOTAL'!C10:C700,"=COSEIDI") -> 0 | O5: =COUNTIFS('RESUMEN TOTAL'!V10:V700,"=APAGADO",'RESUMEN TOTAL'!C10:C700,"=COSEIDI") -> 0 | P5: =COUNTIFS('RESUMEN TOTAL'!W10:W700,"=APAGADO",'RESUMEN TOTAL'!C10:C700,"=COSEIDI") -> 0 | Q5: =COUNTIFS('RESUMEN TOTAL'!X10:X700,"=APAGADO",'RESUMEN TOTAL'!C10:C700,"=COSEIDI") -> 0 | R5: =COUNTIFS('RESUMEN TOTAL'!Y10:Y700,"=APAGADO",'RESUMEN TOTAL'!C10:C700,"=COSEIDI") -> 0 | S5: =COUNTIFS('RESUMEN TOTAL'!Z10:Z700,"=APAGADO",'RESUMEN TOTAL'!C10:C700,"=COSEIDI") -> 0 | T5: 0 | U5: 0 | V5: =COUNTIFS('RESUMEN TOTAL'!AC10:AC700,"=APAGADO",'RESUMEN TOTAL'!C10:C700,"=COSEIDI") -> 0 | W5: =COUNTIFS('RESUMEN TOTAL'!AD10:AD700,"=APAGADO",'RESUMEN TOTAL'!C10:C700,"=COSEIDI") -> 0 | X5: =COUNTIFS('RESUMEN TOTAL'!AE10:AE700,"=APAGADO",'RESUMEN TOTAL'!C10:C700,"=COSEIDI") -> 0 | Y5: =COUNTIFS('RESUMEN TOTAL'!AF10:AF700,"=APAGADO",'RESUMEN TOTAL'!C10:C700,"=COSEIDI") -> 0 | Z5: =COUNTIFS('RESUMEN TOTAL'!AG10:AG700,"=APAGADO",'RESUMEN TOTAL'!C10:C700,"=COSEIDI") -> 0 | AA5: =COUNTIFS('RESUMEN TOTAL'!AH10:AH700,"=APAGADO",'RESUMEN TOTAL'!C10:C700,"=COSEIDI") -> 0 | AB5: =COUNTIFS('RESUMEN TOTAL'!AI10:AI700,"=APAGADO",'RESUMEN TOTAL'!C10:C700,"=COSEIDI") -> 0 | AC5: =COUNTIFS('RESUMEN TOTAL'!AJ10:AJ700,"=APAGADO",'RESUMEN TOTAL'!C10:C700,"=COSEIDI") -> 0 | AD5: =COUNTIFS('RESUMEN TOTAL'!AK10:AK700,"=APAGADO",'RESUMEN TOTAL'!C10:C700,"=COSEIDI") -> 0 | AE5: =COUNTIFS('RESUMEN TOTAL'!AL10:AL700,"=APAGADO",'RESUMEN TOTAL'!C10:C700,"=COSEIDI") -> 0 | AF5: =COUNTIFS('RESUMEN TOTAL'!AM10:AM700,"=APAGADO",'RESUMEN TOTAL'!C10:C700,"=COSEIDI") -> 0 | AG5: 0 | AH5: 0 | AI5: 0 | AJ5: 0
E6: % COSEIDI | F6: 0 | G6: =G5/COSEIDIcam -> 0.14855072 | H6: 0.18 | I6: 0 | J6: 0.14 | K6: =K5/COSEIDIcam -> 0 | L6: =L5/COSEIDIcam -> 0 | M6: 0 | N6: =N5/COSEIDIcam -> 0 | O6: =O5/COSEIDIcam -> 0 | P6: 0 | Q6: =Q5/COSEIDIcam -> 0 | R6: =R5/COSEIDIcam -> 0 | S6: =S5/COSEIDIcam -> 0 | T6: 0 | U6: 0 | V6: 0 | W6: =W5/COSEIDIcam -> 0 | X6: =X5/COSEIDIcam -> 0 | Y6: =Y5/COSEIDIcam -> 0 | Z6: =Z5/COSEIDIcam -> 0 | AA6: =AA5/COSEIDIcam -> 0 | AB6: =AB5/COSEIDIcam -> 0 | AC6: 0 | AD6: =AD5/COSEIDIcam -> 0 | AE6: =AE5/COSEIDIcam -> 0 | AF6: =AF5/COSEIDIcam -> 0 | AG6: 0 | AH6: 0 | AI6: 0 | AJ6: 0

Sheet informe
C1: CANTIDAD | D1: APAGADAS | E1: %
B2: TOTAL | C2: =CANTIDAD_DE_CAMARAS -> 584 | F2: 46082
A3: L | B3: CAIDAS | C3: ='RESUMEN TOTAL'!M3 -> 80 | E3: =C3/C2 -> 0.1369863
B4: LLEGAMOS NOSOTROS | C4: 0 | D4: 0 | E4: =D4/C2 -> 0
B5: NO ESTA LA CAMARA | C5: 0 | D5: 0 | E5: =D5/C2 -> 0
A6: L | B6: RADIO | C6: 0 | D6: 0 | E6: =D6/C2 -> 0
C7: 0 | D7: 0 | E7: =D7/C2 -> 0
C8: CANTIDAD | D8: APAGADAS | E8: %
A9: F | B9: BONOMO | C9: 307
A10: F | B10: COSEIDI | C10: =COSEIDIcam -> 276 | D10: =Hoja1!F5 -> 0
C12: CANTIDAD | D12: APAGADAS | E12: %
B13: TOTAL | C13: =CANTIDAD_DE_CAMARAS -> 584 | F13: 46083
A14: M | B14: CAIDAS | C14: 87 | E14: =C14/C13 -> 0.1489726
B15: LLEGAMOS NOSOTROS | C15: 3 | D15: 84 | E15: =D15/C13 -> 0.14383562
B16: NO ESTA LA CAMARA | C16: 7 | D16: 77 | E16: =D16/C13 -> 0.13184932
A17: M | B17: RADIO | C17: 5 | D17: 72 | E17: =D17/C13 -> 0.12328767
D18: 0 | E18: =D18/C13 -> 0
C19: CANTIDAD | D19: APAGADAS | E19: %
A20: G | B20: BONOMO | C20: 307 | D20: 32 | E20: =D20/C20 -> 0.10423453
A21: G | B21: COSEIDI | C21: =COSEIDIcam -> 276 | D21: 55 | E21: =D21/C21 -> 0.19927536
C23: CANTIDAD | D23: APAGADAS | E23: %
B24: TOTAL | C24: =CANTIDAD_DE_CAMARAS -> 584 | F24: 46084
A25: N | B25: CAIDAS | C25: ='RESUMEN TOTAL'!O3 -> 83 | E25: =C25/C24 -> 0.14212329
B26: LLEGAMOS NOSOTROS | C26: 6 | D26: =C25-C26 -> 77 | E26: =D26/C24 -> 0.13184932
B27: NO ESTA LA CAMARA | C27: 7 | D27: =D26-C27 -> 70 | E27: =D27/C24 -> 0.11986301
A28: N | B28: RADIO | C28: ='RESUMEN TOTAL'!O5 -> 5 | D28: =D27-C28 -> 65 | E28: =D28/C24 -> 0.11130137
C29: 0 | D29: 0 | E29: =D29/C24 -> 0
C30: CANTIDAD | D30: APAGADAS | E30: %
B31: BONOMO | C31: 307 | D31: 31 | E31: =D31/C31 -> 0.1009772
B32: COSEIDI | C32: =COSEIDIcam -> 276 | D32: 52 | E32: =D32/C32 -> 0.1884058
C34: CANTIDAD | D34: APAGADAS | E34: %
B35: TOTAL | C35: =CANTIDAD_DE_CAMARAS -> 584 | F35: 46085
A36: O | B36: CAIDAS | C36: ='RESUMEN TOTAL'!P3 -> 85 | E36: =C36/C35 -> 0.14554795
B37: LLEGAMOS NOSOTROS | C37: 7 | D37: =C36-C37 -> 78 | E37: =D37/C35 -> 0.13356164
B38: NO ESTA LA CAMARA | C38: 7 | D38: =D37-C38 -> 71 | E38: =D38/C35 -> 0.12157534
A39: O | B39: RADIO | C39: 6 | D39: =D38-C39 -> 65 | E39: =D39/C35 -> 0.11130137
C40: 0 | D40: 0 | E40: =D40/C35 -> 0
C41: CANTIDAD | D41: APAGADAS | E41: %
B42: BONOMO | C42: 307 | D42: =Hoja1!I3 -> 29 | E42: =D42/C42 -> 0.094462541
B43: COSEIDI | C43: =COSEIDIcam -> 276 | D43: =Hoja1!I5 -> 56 | E43: =D43/C43 -> 0.20289855
C45: CANTIDAD | D45: APAGADAS | E45: %
B46: TOTAL | C46: =CANTIDAD_DE_CAMARAS -> 584 | F46: 46086
A47: P | B47: CAIDAS | C47: ='RESUMEN TOTAL'!Q3 -> 0 | E47: =C47/C46 -> 0
B48: LLEGAMOS NOSOTROS | C48: 0 | D48: 0 | E48: =D48/C46 -> 0
B49: NO ESTA LA CAMARA | C49: 0 | D49: 0 | E49: =D49/C46 -> 0
A50: P | B50: RADIO | C50: ='RESUMEN TOTAL'!Q5 -> 0 | D50: 0 | E50: =D50/C46 -> 0
D51: 0 | E51: =D51/C46 -> 0
C52: CANTIDAD | D52: APAGADAS | E52: %
B53: BONOMO | C53: 307 | D53: 0 | E53: 0
B54: COSEIDI | C54: =COSEIDIcam -> 276 | D54: =Hoja1!J5 -> 0 | E54: 0
C56: CANTIDAD | D56: APAGADAS | E56: %
B57: TOTAL | C57: =CANTIDAD_DE_CAMARAS -> 584 | F57: 46087
A58: Q | B58: CAIDAS | C58: ='RESUMEN TOTAL'!R3 -> 0 | E58: =C58/C57 -> 0
B59: LLEGAMOS NOSOTROS | C59: 0 | D59: 0 | E59: =D59/C57 -> 0
B60: NO ESTA LA CAMARA | C60: 0 | D60: 0 | E60: =D60/C57 -> 0
A61: Q | B61: RADIO | C61: ='RESUMEN TOTAL'!R5 -> 0 | D61: 0 | E61: =D61/C57 -> 0
E62: =D62/C57 -> 0
C63: CANTIDAD | D63: APAGADAS | E63: %
B64: BONOMO | C64: 307 | D64: =Hoja1!K3 -> 0 | E64: =D64/C64 -> 0
B65: COSEIDI | C65: =COSEIDIcam -> 276 | D65: =Hoja1!K5 -> 0 | E65: =D65/C65 -> 0
C67: CANTIDAD | D67: APAGADAS | E67: %
B68: TOTAL | C68: =CANTIDAD_DE_CAMARAS -> 584 | F68: 46088
A69: R | B69: CAIDAS | C69: ='RESUMEN TOTAL'!S3 -> 0 | E69: =C69/C68 -> 0
B70: LLEGAMOS NOSOTROS | C70: 0 | D70: 0 | E70: =D70/C68 -> 0
B71: NO ESTA LA CAMARA | C71: 0 | D71: =D70-C71 -> 0 | E71: =D71/C68 -> 0
A72: R | B72: RADIO | C72: ='RESUMEN TOTAL'!S5 -> 0 | D72: 0 | E72: =D72/C68 -> 0
C73: 0 | D73: 0 | E73: =D73/C68 -> 0
C74: CANTIDAD | D74: APAGADAS | E74: %
B75: BONOMO | C75: 307 | D75: 0 | E75: 0
B76: COSEIDI | C76: =COSEIDIcam -> 276 | D76: =Hoja1!L5 -> 0 | E76: =D76/C76 -> 0
C78: CANTIDAD | D78: APAGADAS | E78: %
B79: TOTAL | C79: =CANTIDAD_DE_CAMARAS -> 584 | F79: 46089
A80: S | B80: CAIDAS | C80: 0 | E80: =C80/C79 -> 0
B81: LLEGAMOS NOSOTROS | C81: 0 | D81: 0 | E81: =D81/C79 -> 0
B82: NO ESTA LA CAMARA | C82: 0 | D82: 0 | E82: =D82/C79 -> 0
A83: S | B83: RADIO | C83: 0 | D83: 0 | E83: =D83/C79 -> 0
D84: 0 | E84: =D84/C79 -> 0
C85: CANTIDAD | D85: APAGADAS | E85: %
B86: BONOMO | C86: 307 | D86: 0 | E86: 0
B87: COSEIDI | C87: =COSEIDIcam -> 276 | D87: 0 | E87: 0
C89: CANTIDAD | D89: APAGADAS | E89: %
B90: TOTAL | C90: =CANTIDAD_DE_CAMARAS -> 584 | F90: 46090
A91: T | B91: CAIDAS | C91: ='RESUMEN TOTAL'!U3 -> 0 | E91: =C91/C90 -> 0
B92: LLEGAMOS NOSOTROS | C92: 0 | D92: 0 | E92: =D92/C90 -> 0
B93: NO ESTA LA CAMARA | C93: 0 | D93: 0 | E93: =D93/C90 -> 0
A94: T | B94: RADIO | C94: 0 | D94: 0 | E94: =D94/C90 -> 0
E95: =D95/C90 -> 0
C96: CANTIDAD | D96: APAGADAS | E96: %
B97: BONOMO | C97: 307 | D97: =Hoja1!N3 -> 0 | E97: =D97/C97 -> 0
B98: COSEIDI | C98: =COSEIDIcam -> 276 | D98: =Hoja1!N5 -> 0 | E98: 0
C100: CANTIDAD | D100: APAGADAS | E100: %
B101: TOTAL | C101: =CANTIDAD_DE_CAMARAS -> 584 | F101: 46091
A102: U | B102: CAIDAS | C102: ='RESUMEN TOTAL'!V3 -> 0 | E102: =C102/C101 -> 0
B103: LLEGAMOS NOSOTROS | C103: 0 | D103: =C102-C103 -> 0 | E103: =D103/C101 -> 0
B104: NO ESTA LA CAMARA | C104: 0 | D104: =D103-C104 -> 0 | E104: =D104/C101 -> 0
A105: U | B105: RADIO | C105: 0 | D105: =D104-C105 -> 0 | E105: =D105/C101 -> 0
C106: 0 | D106: 0 | E106: =D106/C101 -> 0
C107: CANTIDAD | D107: APAGADAS | E107: %
B108: BONOMO | C108: 307 | D108: =Hoja1!O3 -> 0 | E108: =D108/C108 -> 0
B109: COSEIDI | C109: =COSEIDIcam -> 276 | D109: =Hoja1!O5 -> 0 | E109: =D109/C109 -> 0
...
