Workbook
Name _25_de_agosto: 'RESUMEN TOTAL'!$A$7:$D$498
Name _25_de_agosto_3: 'RESUMEN TOTAL'!$A$7:$D$510
Name _30_mar: #REF!
Name BONOMOcam: Hoja1!$B$2
Name CANTIDAD_DE_CAMARAS: 'RESUMEN TOTAL'!$B$1
Name COSEIDIcam: Hoja1!$B$4

Sheet RESUMEN TOTAL
A1: CANTIDAD DE CAMARAS | B1: =COUNTA(B8:B744) -> 584 | D1: PORCIENTO DE CAIDAS | N1: =(N3)/(N2+N3) -> 0.15484805 | O1: =(O3)/(O2+O3) -> 0 | P1: =(P3)/(P2+P3) -> 0 | Q1: =(Q3)/(Q2+Q3) -> 0 | R1: =(R3)/(R2+R3) -> 0 | S1: =(S3)/(S2+S3) -> 0.15484805 | T1: =(T3)/(T2+T3) -> 0.14744526 | U1: =(U3)/(U2+U3) -> 0 | ... Z1: =(Z3)/(Z2+Z3) -> 0 | AB1: =(AB3)/(AB2+AB3) -> 0 | AC1: =(AC3)/(AC2+AC3) -> 0 | AD1: =(AD3)/(AD2+AD3) -> 0 | AE1: =(AE3)/(AE2+AE3) -> 0 | AF1: =(AF3)/(AF2+AF3) -> 0 | AG1: =(AG3)/(AG2+AG3) -> 0 | AH1: =(AH3)/(AH2+AH3) -> 0 | AI1: =(AI3)/(AI2+AI3) -> 0 | ... AQ1: =(AQ3)/(AQ2+AQ3) -> 0
D2: FUNCIONAN | N2: =CANTIDAD_DE_CAMARAS -> 584 | O2: =CANTIDAD_DE_CAMARAS -> 584 | P2: =CANTIDAD_DE_CAMARAS -> 584 | Q2: =CANTIDAD_DE_CAMARAS -> 584 | R2: =CANTIDAD_DE_CAMARAS -> 584 | S2: =CANTIDAD_DE_CAMARAS -> 584 | T2: =CANTIDAD_DE_CAMARAS -> 584 | U2: =CANTIDAD_DE_CAMARAS -> 584 | ... AQ2: =CANTIDAD_DE_CAMARAS -> 584
D3: CAIDAS | N3: =COUNTIF(N7:N744, "apagado") -> 107 | O3: =COUNTIF(O7:O744, "apagado") -> 0 | P3: =COUNTIF(P7:P744, "apagado") -> 0 | Q3: =COUNTIF(Q7:Q744, "apagado") -> 0 | R3: =COUNTIF(R7:R744, "apagado") -> 0 | S3: =COUNTIF(S7:S744, "apagado") -> 107 | T3: =COUNTIF(T7:T744, "apagado") -> 101 | U3: =COUNTIF(U7:U744, "apagado") -> 0 | ... AQ3: =COUNTIF(AQ7:AQ744, "apagado") -> 0
D4: APAGADOS FIBRA | N4: =COUNTIFS(N8:N698, "=APAGADO",F8:F698,"=Fibra Optica") -> 48 | O4: =COUNTIFS(O8:O698, "=APAGADO",F8:F698,"=Fibra Optica") -> 0 | P4: =COUNTIFS(P8:P698, "=APAGADO",F8:F698,"=Fibra Optica") -> 0 | Q4: =COUNTIFS(Q8:Q698, "=APAGADO",F8:F698,"=Fibra Optica") -> 0 | R4: =COUNTIFS(R8:R698, "=APAGADO",F8:F698,"=Fibra Optica") -> 0 | S4: =COUNTIFS(S8:S698, "=APAGADO",F8:F698,"=Fibra Optica") -> 46 | T4: =COUNTIFS(T8:T698, "=APAGADO",F8:F698,"=Fibra Optica") -> 41 | U4: =COUNTIFS(U8:U698, "=APAGADO",F8:F698,"=Fibra Optica") -> 0 | V4: =COUNTIFS(V8:V698, "=APAGADO",F8:F698,"=Fibra Optica") -> 0 | W4: =COUNTIFS(W8:W698, "=APAGADO",F8:F698,"=Fibra Optica") -> 0 | X4: =COUNTIFS(X8:X698, "=APAGADO",F8:F698,"=Fibra Optica") -> 0 | Y4: =COUNTIFS(Y8:Y698, "=APAGADO",F8:F698,"=Fibra Optica") -> 0 | Z4: =COUNTIFS(Z8:Z698, "=APAGADO",F8:F698,"=Fibra Optica") -> 0 | AA4: =COUNTIFS(AA8:AA698, "=APAGADO",F8:F698,"=Fibra Optica") -> 0 | AB4: =COUNTIFS(AB8:AB698, "=APAGADO",F8:F698,"=Fibra Optica") -> 0 | AC4: =COUNTIFS(AC8:AC698, "=APAGADO",F8:F698,"=Fibra Optica") -> 0 | AD4: =COUNTIFS(AD8:AD698, "=APAGADO",F8:F698,"=Fibra Optica") -> 0 | AE4: =COUNTIFS(AE8:AE698, "=APAGADO",F8:F698,"=Fibra Optica") -> 0 | AF4: =COUNTIFS(AF8:AF698, "=APAGADO",F8:F698,"=Fibra Optica") -> 0 | AG4: =COUNTIFS(AG8:AG698, "=APAGADO",F8:F698,"=Fibra Optica") -> 0 | AH4: =COUNTIFS(AH8:AH698, "=APAGADO",F8:F698,"=Fibra Optica") -> 0 | AI4: =COUNTIFS(AI8:AI698, "=APAGADO",F8:F698,"=Fibra Optica") -> 0 | AJ4: =COUNTIFS(AJ8:AJ698, "=APAGADO",F8:F698,"=Fibra Optica") -> 0 | AK4: =COUNTIFS(AK8:AK698, "=APAGADO",F8:F698,"=Fibra Optica") -> 0 | AL4: =COUNTIFS(AL8:AL698, "=APAGADO",F8:F698,"=Fibra Optica") -> 0 | AM4: =COUNTIFS(AM8:AM698, "=APAGADO",F8:F698,"=Fibra Optica") -> 0 | AN4: =COUNTIFS(AN8:AN698, "=APAGADO",F8:F698,"=Fibra Optica") -> 0 | AO4: =COUNTIFS(AO8:AO698, "=APAGADO",F8:F698,"=Fibra Optica") -> 0 | AP4: =COUNTIFS(AP8:AP698, "=APAGADO",G8:G698,"=Fibra Optica") -> 0 | AQ4: =COUNTIFS(AQ8:AQ698, "=APAGADO",H8:H698,"=Fibra Optica") -> 0
D5: APAGADOS RADIO | N5: =COUNTIFS(N8:N698, "=APAGADO",F8:F698,"=RADIO") -> 16 | O5: =COUNTIFS(O8:O698, "=APAGADO",F8:F698,"=RADIO") -> 0 | P5: =COUNTIFS(P8:P698, "=APAGADO",F8:F698,"=RADIO") -> 0 | Q5: =COUNTIFS(Q8:Q698, "=APAGADO",F8:F698,"=RADIO") -> 0 | R5: =COUNTIFS(R8:R698, "=APAGADO",F8:F698,"=RADIO") -> 0 | S5: =COUNTIFS(S8:S698, "=APAGADO",F8:F698,"=RADIO") -> 6 | T5: =COUNTIFS(T8:T698, "=APAGADO",F8:F698,"=RADIO") -> 6 | U5: =COUNTIFS(U8:U698, "=APAGADO",F8:F698,"=RADIO") -> 0 | V5: =COUNTIFS(V8:V698, "=APAGADO",F8:F698,"=RADIO") -> 0 | W5: =COUNTIFS(W8:W698, "=APAGADO",F8:F698,"=RADIO") -> 0 | X5: =COUNTIFS(X8:X698, "=APAGADO",F8:F698,"=RADIO") -> 0 | Y5: =COUNTIFS(Y8:Y698, "=APAGADO",F8:F698,"=RADIO") -> 0 | Z5: =COUNTIFS(Z8:Z698, "=APAGADO",F8:F698,"=RADIO") -> 0 | AA5: =COUNTIFS(AA8:AA698, "=APAGADO",F8:F698,"=RADIO") -> 0 | AB5: =COUNTIFS(AB8:AB698, "=APAGADO",F8:F698,"=RADIO") -> 0 | AC5: =COUNTIFS(AC8:AC698, "=APAGADO",F8:F698,"=RADIO") -> 0 | AD5: =COUNTIFS(AD8:AD698, "=APAGADO",F8:F698,"=RADIO") -> 0 | AE5: =COUNTIFS(AE8:AE698, "=APAGADO",F8:F698,"=RADIO") -> 0 | AF5: =COUNTIFS(AF8:AF698, "=APAGADO",F8:F698,"=RADIO") -> 0 | AG5: =COUNTIFS(AG8:AG698, "=APAGADO",F8:F698,"=RADIO") -> 0 | AH5: =COUNTIFS(AH8:AH698, "=APAGADO",F8:F698,"=RADIO") -> 0 | AI5: =COUNTIFS(AI8:AI698, "=APAGADO",F8:F698,"=RADIO") -> 0 | AJ5: =COUNTIFS(AJ8:AJ698, "=APAGADO",F8:F698,"=RADIO") -> 0 | AK5: =COUNTIFS(AK8:AK698, "=APAGADO",F8:F698,"=RADIO") -> 0 | AL5: =COUNTIFS(AL8:AL698, "=APAGADO",F8:F698,"=RADIO") -> 0 | AM5: =COUNTIFS(AM8:AM698, "=APAGADO",F8:F698,"=RADIO") -> 0 | AN5: =COUNTIFS(AN8:AN698, "=APAGADO",F8:F698,"=RADIO") -> 0 | AO5: =COUNTIFS(AO8:AO698, "=APAGADO",F8:F698,"=RADIO") -> 0 | AP5: =COUNTIFS(AP8:AP698, "=APAGADO",G8:G698,"=RADIO") -> 0 | AQ5: =COUNTIFS(AQ8:AQ698, "=APAGADO",H8:H698,"=RADIO") -> 0
D6: APAGADOS ANTENA | N6: =COUNTIFS(N8:N698, "=APAGADO",F8:F698,"=PTO A FO") -> 8 | O6: =COUNTIFS(O8:O698, "=APAGADO",F8:F698,"=PTO A FO") -> 0 | P6: =COUNTIFS(P8:P698, "=APAGADO",F8:F698,"=PTO A FO") -> 0 | Q6: =COUNTIFS(Q8:Q698, "=APAGADO",F8:F698,"=PTO A FO") -> 0 | R6: =COUNTIFS(R8:R698, "=APAGADO",F8:F698,"=PTO A FO") -> 0 | S6: =COUNTIFS(S8:S698, "=APAGADO",F8:F698,"=PTO A FO") -> 14 | T6: =COUNTIFS(T8:T698, "=APAGADO",F8:F698,"=PTO A FO") -> 11 | U6: =COUNTIFS(U8:U698, "=APAGADO",F8:F698,"=PTO A FO") -> 0 | V6: =COUNTIFS(V8:V698, "=APAGADO",F8:F698,"=PTO A FO") -> 0 | W6: =COUNTIFS(W8:W698, "=APAGADO",F8:F698,"=PTO A FO") -> 0 | X6: =COUNTIFS(X8:X698, "=APAGADO",F8:F698,"=PTO A FO") -> 0 | Y6: =COUNTIFS(Y8:Y698, "=APAGADO",F8:F698,"=PTO A FO") -> 0 | Z6: =COUNTIFS(Z8:Z698, "=APAGADO",F8:F698,"=PTO A FO") -> 0 | AA6: =COUNTIFS(AA8:AA698, "=APAGADO",F8:F698,"=PTO A FO") -> 0 | AB6: =COUNTIFS(AB8:AB698, "=APAGADO",F8:F698,"=PTO A FO") -> 0 | AC6: =COUNTIFS(AC8:AC698, "=APAGADO",F8:F698,"=PTO A FO") -> 0 | AD6: =COUNTIFS(AD8:AD698, "=APAGADO",F8:F698,"=PTO A FO") -> 0 | AE6: =COUNTIFS(AE8:AE698, "=APAGADO",F8:F698,"=PTO A FO") -> 0 | AF6: =COUNTIFS(AF8:AF698, "=APAGADO",F8:F698,"=PTO A FO") -> 0 | AG6: =COUNTIFS(AG8:AG698, "=APAGADO",F8:F698,"=PTO A FO") -> 0 | AH6: =COUNTIFS(AH8:AH698, "=APAGADO",F8:F698,"=PTO A FO") -> 0 | AI6: =COUNTIFS(AI8:AI698, "=APAGADO",F8:F698,"=PTO A FO") -> 0 | AJ6: =COUNTIFS(AJ8:AJ698, "=APAGADO",F8:F698,"=PTO A FO") -> 0 | AK6: =COUNTIFS(AK8:AK698, "=APAGADO",F8:F698,"=PTO A FO") -> 0 | AL6: =COUNTIFS(AL8:AL698, "=APAGADO",F8:F698,"=PTO A FO") -> 0 | AM6: =COUNTIFS(AM8:AM698, "=APAGADO",F8:F698,"=PTO A FO") -> 0 | AN6: =COUNTIFS(AN8:AN698, "=APAGADO",F8:F698,"=PTO A FO") -> 0 | AO6: =COUNTIFS(AO8:AO698, "=APAGADO",F8:F698,"=PTO A FO") -> 0 | AP6: =COUNTIFS(AP8:AP698, "=APAGADO",G8:G698,"=PTO A FO") -> 0 | AQ6: =COUNTIFS(AQ8:AQ698, "=APAGADO",H8:H698,"=PTO A FO") -> 0
A7: Barrio | B7: [Denominacion] | C7: [Empresa Mantenimiento] | D7: [Ubicacion] | E7: [Tipo de Camara] | F7: [Tipo de Conexion] | G7: Destino | I7: Switch | J7: DIAS FUNCIONANDO | K7: MAC | L7: DIAS CAIDA | M7: EFECTIVIDAD | N7: 46113 | O7: 46114 | P7: 46115 | Q7: 46116 | R7: 46117 | S7: 46118 | T7: 46119 | U7: 46120 | V7: 46121 | W7: 46122 | X7: 46123 | Y7: 46124 | Z7: 46125 | AA7: 46126 | AB7: 46127 | AC7: 46128 | AD7: 46129 | AE7: 46130 | AF7: 46131 | AG7: 46132 | AH7: 46133 | AI7: 46134 | AJ7: 46135 | AK7: 46136 | AL7: 46137 | AM7: 46138 | AN7: 46139 | AO7: 46140 | AP7: 46141 | AQ7: 46142
A8: ALTAMIRA | B8: ALT01 | C8: BONOMO | D8: Calchaqui y Sgto. Cabral | E8: Domo | F8: Fibra Optica | H8: 172.20.10.6 | J8: =COUNTIF(N8:AO8,"") -> 28 | K8: 00-07-5F-87-83-56 | L8: =COUNTIF(N8:AO8,"APAGADO") -> 0 | M8: =(J8)/(L8+J8) -> 1
A9: ALTAMIRA | B9: ALT02 | C9: BONOMO | D9: Calchaqui y Lope de Vega | E9: Domo | F9: PTO A FO | G9: CABRAL Y CALCHAQUI | H9: 172.20.12.218 | J9: =COUNTIF(N9:AO9,"") -> 28 | K9: 00-04-63-50-42-A4 | L9: =COUNTIF(N9:AO9,"APAGADO") -> 0 | M9: =(J9)/(L9+J9) -> 1
A10: ALTAMIRA | B10: ALT 03 | C10: BONOMO | D10: Bombero Galarza y Necochea | E10: Domo | F10: GPON | H10: 172.20.12.54 | J10: =COUNTIF(N10:AO10,"") -> 28 | K10: 00-07-5F-87-9D-EF | L10: =COUNTIF(N10:AO10,"APAGADO") -> 0 | M10: =(J10)/(L10+J10) -> 1
A11: ALTAMIRA | B11: ALT 04 | C11: BONOMO | D11: Francia y Necochea | E11: Domo | F11: GPON | H11: 172.20.12.55 | J11: =COUNTIF(N11:AO11,"") -> 28 | K11: 00-04-63-59-22-57 | L11: =COUNTIF(N11:AO11,"APAGADO") -> 0 | M11: =(J11)/(L11+J11) -> 1
A12: ALTAMIRA | B12: ALT05 | C12: BONOMO | D12: Av. Calchaqui y Bombero Galarza | E12: Domo | F12: GPON | G12: NECOCHEA Y GALARZA | H12: 172.20.12.216 | J12: =COUNTIF(N12:AO12,"") -> 28 | K12: 00-07-5F-77-02-85 | L12: =COUNTIF(N12:AO12,"APAGADO") -> 0 | M12: =(J12)/(L12+J12) -> 1
A13: ALTAMIRA | B13: ALT 06 | C13: BONOMO | D13: LOPE DE VEGA Y NECOCHEA | E13: Domo | F13: GPON | G13: NECOCHEA Y GALARZA | H13: 172.20.12.12 | J13: =COUNTIF(N13:AO13,"") -> 28 | K13: 00-04-63-4F-DD-DB | L13: =COUNTIF(N13:AO13,"APAGADO") -> 0 | M13: =(J13)/(L13+J13) -> 1
A14: ALTAMIRA | B14: ALT07 | C14: BONOMO | D14: AV. CALCHAQUI Y AV. DEL TRABAJO | E14: DOMO | F14: PTO A FO | G14: CABRAL Y CALCHAQUI | H14: 172.20.10.57 | J14: =COUNTIF(N14:AO14,"") -> 28 | K14: 00-04-63-4F-DE-CA | L14: =COUNTIF(N14:AO14,"APAGADO") -> 0 | M14: =(J14)/(L14+J14) -> 1
A15: ALTAMIRA | B15: ALT 08 | C15: BONOMO | D15: HUMAITA Y NECOCHEA | E15: DOMO | F15: Fibra Optica | H15: 172.20.11.215 | J15: =COUNTIF(N15:AO15,"") -> 28 | K15: 00-07-5F-BE-59-2D | L15: =COUNTIF(N15:AO15,"APAGADO") -> 0 | M15: =(J15)/(L15+J15) -> 1
A16: ALTAMIRA | B16: ALT 09 | C16: BONOMO | D16: NECOCHEA Y CURUPAITY | E16: DOMO | F16: Fibra Optica | H16: 172.20.11.216 | J16: =COUNTIF(N16:AO16,"") -> 28 | K16: 00-07-5F-BE-59-27 | L16: =COUNTIF(N16:AO16,"APAGADO") -> 0 | M16: =(J16)/(L16+J16) -> 1
A17: ALTAMIRA | B17: ALT 10 | C17: BONOMO | D17: Calchaqui y Francia | E17: Domo | F17: GPON | H17: 172.20.12.156 | J17: =COUNTIF(N17:AO17,"") -> 28 | K17: 00-07-5F-AB-BB-41 | L17: =COUNTIF(N17:AO17,"APAGADO") -> 0 | M17: =(J17)/(L17+J17) -> 1
A18: ALTAMIRA | B18: ALT 11 | C18: BONOMO | D18: CALCHAQUÍ Y GALARZA FIJA | E18: Fija | F18: GPON | H18: 172.20.12.241 | J18: =COUNTIF(N18:AO18,"") -> 28 | K18: 3c-1b-f8-df-95-58 | L18: =COUNTIF(N18:AO18,"APAGADO") -> 0 | M18: =(J18)/(L18+J18) -> 1
A19: AGUSTIN RAMIREZ | B19: ARA 01 | C19: BONOMO | D19: Malambo y Tranquera | E19: Domo | F19: Fibra Optica | H19: 172.20.12.110 | J19: =COUNTIF(N19:AO19,"") -> 25 | K19: 00-04-63-4F-DB-B6 | L19: =COUNTIF(N19:AO19,"APAGADO") -> 3 | M19: =(J19)/(L19+J19) -> 0.89285714 | N19: APAGADO | S19: APAGADO | T19: APAGADO
A20: AGUSTIN RAMIREZ | B20: ARA 02 | C20: BONOMO | D20: El malambo y La Tranquera | E20: Fija | F20: GPON | H20: 172.20.12.235 | J20: =COUNTIF(N20:AO20,"") -> 25 | K20: C0:6D:ED:A3:E6:63 | L20: =COUNTIF(N20:AO20,"APAGADO") -> 3 | M20: =(J20)/(L20+J20) -> 0.89285714 | N20: APAGADO | S20: APAGADO | T20: APAGADO
A21: AGUSTIN RAMIREZ | B21: ARA 03 | C21: BONOMO | D21: 437 Y La Tranquera | E21: Fija | F21: GPON | H21: 172.20.10.232 | J21: =COUNTIF(N21:AO21,"") -> 28 | K21: C0:6D:ED:A3:66:6A | L21: =COUNTIF(N21:AO21,"APAGADO") -> 0 | M21: =(J21)/(L21+J21) -> 1
A22: BELGRANO | B22: BEL 01 | C22: BONOMO | D22: San Martin y Dardo Rocha | E22: DOMO | F22: Fibra Optica | H22: 172.20.12.64 | I22: A03 | J22: =COUNTIF(N22:AO22,"") -> 28 | K22: 00-07-5F-9F-A1-64 | L22: =COUNTIF(N22:AO22,"APAGADO") -> 0 | M22: =(J22)/(L22+J22) -> 1
A23: BELGRANO | B23: BEL 02 | C23: BONOMO | D23: Guardia vieja y Fronteriz | E23: DOMO | F23: Fibra Optica | H23: 172.20.10.117 | J23: =COUNTIF(N23:AO23,"") -> 28 | K23: E4-30-22-4F-9E-62 | L23: =COUNTIF(N23:AO23,"APAGADO") -> 0 | M23: =(J23)/(L23+J23) -> 1
A24: BOSQUES CENTRO | B24: BOSQC 01 | C24: COSEIDI | D24: LUIS AGOTE E/DANUNCIO Y CAMPOAMOR | E24: Fija | F24: PTO A FO | H24: 172.20.11.15 | J24: =COUNTIF(N24:AO24,"") -> 27 | K24: 00-07-5F-B7-56-89 | L24: =COUNTIF(N24:AO24,"APAGADO") -> 1 | M24: =(J24)/(L24+J24) -> 0.96428571 | S24: APAGADO
A25: BOSQUES CENTRO | B25: BOSQC 02 | C25: COSEIDI | D25: LUIS AGOTE E/DANUNCIO Y CAMPOAMOR | E25: Fija | F25: PTO A FO | H25: 172.20.11.16 | J25: =COUNTIF(N25:AO25,"") -> 27 | K25: 00-07-5F-B4-17-A8 | L25: =COUNTIF(N25:AO25,"APAGADO") -> 1 | M25: =(J25)/(L25+J25) -> 0.96428571 | S25: APAGADO
A26: BOSQUES CENTRO | B26: BOSQC 03 | C26: COSEIDI | D26: BENAVENTE Y LUIS AGOTE | E26: Fija | F26: PTO A FO | H26: 172.20.11.13 | J26: =COUNTIF(N26:AO26,"") -> 25 | K26: 00-07-5F-B6-B8-A5 | L26: =COUNTIF(N26:AO26,"APAGADO") -> 3 | M26: =(J26)/(L26+J26) -> 0.89285714 | N26: APAGADO | S26: APAGADO | T26: APAGADO
A27: BOSQUES CENTRO | B27: BOSQC 04 | C27: COSEIDI | D27: BENAVENTE Y LUIS AGOTE | E27: Fija | F27: PTO A FO | H27: 172.20.11.113 | J27: =COUNTIF(N27:AO27,"") -> 27 | K27: 00-07-5F-B6-B8-D3 | L27: =COUNTIF(N27:AO27,"APAGADO") -> 1 | M27: =(J27)/(L27+J27) -> 0.96428571 | S27: APAGADO
A28: BOSQUES CENTRO | B28: BOSQC 05 | C28: COSEIDI | D28: LUIS AGOTE Y RUTA 36 | E28: Fija | F28: PTO A FO | H28: 172.20.11.17 | J28: =COUNTIF(N28:AO28,"") -> 28 | K28: 00-07-5F-B4-42-C7 | L28: =COUNTIF(N28:AO28,"APAGADO") -> 0 | M28: =(J28)/(L28+J28) -> 1
A29: BOSQUES CENTRO | B29: BOSQC 06 | C29: COSEIDI | D29: LUIS AGOTE Y RUTA 36 | E29: Fija | F29: PTO A FO | H29: 172.20.11.18 | J29: =COUNTIF(N29:AO29,"") -> 27 | K29: 00-07-5F-B4-16-8D | L29: =COUNTIF(N29:AO29,"APAGADO") -> 1 | M29: =(J29)/(L29+J29) -> 0.96428571 | S29: APAGADO
A30: BOSQUES CENTRO | B30: BOSQ 07 | C30: COSEIDI | D30: Touring club y Sta Teresita | E30: Domo | F30: GPON | H30: 172.20.10.141 | J30: =COUNTIF(N30:AO30,"") -> 28 | K30: A0-FF-0C-D1-BD-7F | L30: =COUNTIF(N30:AO30,"APAGADO") -> 0 | M30: =(J30)/(L30+J30) -> 1
A31: BOSQUES CENTRO | B31: BOSQ 08 | C31: COSEIDI | D31: D'Anuncio Y J.B Justo (Plaza) | E31: Domo | F31: GPON | H31: 172.20.10.222 | J31: =COUNTIF(N31:AO31,"") -> 28 | K31: a4-18-94-05-51-13 | L31: =COUNTIF(N31:AO31,"APAGADO") -> 0 | M31: =(J31)/(L31+J31) -> 1
A32: BOSQUES CENTRO | B32: BOSQ 09 | C32: COSEIDI | D32: D'Anuncio e/Lisandro de la Torre y J.B Justo | E32: Fija | F32: GPON | H32: 172.20.10.227 | J32: =COUNTIF(N32:AO32,"") -> 28 | K32: c0-6d-ed-a3-e4-4c | L32: =COUNTIF(N32:AO32,"APAGADO") -> 0 | M32: =(J32)/(L32+J32) -> 1
A33: BOSQUES CENTRO | B33: BOSQ 10 | C33: COSEIDI | D33: D'Anuncio e/Lisandro de la Torre y J.B Justo | E33: Fija | F33: GPON | H33: 172.20.10.228 | J33: =COUNTIF(N33:AO33,"") -> 28 | K33: c0-6d-ed-a3-e4-5b | L33: =COUNTIF(N33:AO33,"APAGADO") -> 0 | M33: =(J33)/(L33+J33) -> 1
A34: BOSQUES CENTRO | B34: BOSQ 11 | C34: COSEIDI | D34: AV Bosques y Altagracia | E34: Domo | F34: GPON | H34: 172.20.8.52 | J34: =COUNTIF(N34:AO34,"") -> 28 | K34: A4-18-94-05-A4-68 | L34: =COUNTIF(N34:AO34,"APAGADO") -> 0 | M34: =(J34)/(L34+J34) -> 1
A35: PRESIDENTE AVELLANEDA | B35: PAVE01 | C35: COSEIDI | D35: Touring Club y Ramallo | E35: Domo | F35: Fibra Optica | H35: 172.20.10.144 | J35: =COUNTIF(N35:AO35,"") -> 28 | K35: A0-FF-0C-D4-AF-AD | L35: =COUNTIF(N35:AO35,"APAGADO") -> 0 | M35: =(J35)/(L35+J35) -> 1
A36: PRESIDENTE AVELLANEDA | B36: PAVE02 | C36: COSEIDI | D36: Ramallo y Calingasta | E36: Domo | F36: GPON | H36: 172.20.10.37 | J36: =COUNTIF(N36:AO36,"") -> 25 | K36: a4-18-94-05-47-33 | L36: =COUNTIF(N36:AO36,"APAGADO") -> 3 | M36: =(J36)/(L36+J36) -> 0.89285714 | N36: APAGADO | S36: APAGADO | T36: APAGADO
A37: PRESIDENTE AVELLANEDA | B37: PAVE03 | C37: COSEIDI | D37: Ptagones e Irala | E37: Domo | F37: GPON | H37: 172.20.12.201 | J37: =COUNTIF(N37:AO37,"") -> 25 | K37: a4-18-94-05-50-c9 | L37: =COUNTIF(N37:AO37,"APAGADO") -> 3 | M37: =(J37)/(L37+J37) -> 0.89285714 | N37: APAGADO | S37: APAGADO | T37: APAGADO
A38: BOSQUES CENTRO | B38: CVA01 | C38: COSEIDI | D38: CACHEUTA Y 1355 | E38: Domo | F38: GPON | H38: 172.20.10.59 | J38: =COUNTIF(N38:AO38,"") -> 26 | K38: c0-6d-ed-a7-2f-76 | L38: =COUNTIF(N38:AO38,"APAGADO") -> 2 | M38: =(J38)/(L38+J38) -> 0.92857143 | S38: APAGADO | T38: APAGADO
A39: LA CAROLINA 2 | B39: CAR01 (Fija 1) | C39: COSEIDI | D39: Azurduy y Vergara | E39: Fija | F39: Fibra Optica | H39: 172.20.10.60 | J39: =COUNTIF(N39:AO39,"") -> 28 | K39: A0:FF:0C:EF:DF:AB | L39: =COUNTIF(N39:AO39,"APAGADO") -> 0 | M39: =(J39)/(L39+J39) -> 1
A40: LA CAROLINA 2 | B40: CAR02 (Fija 2) | C40: COSEIDI | D40: Azurduy y Vergara | E40: Fija | F40: Fibra Optica | H40: 172.20.10.73 | J40: =COUNTIF(N40:AO40,"") -> 28 | K40: A0:FF:0C:EF:DF:AD | L40: =COUNTIF(N40:AO40,"APAGADO") -> 0 | M40: =(J40)/(L40+J40) -> 1
A41: LA CAROLINA 2 | B41: CAR03(Fija1) | C41: COSEIDI | D41: Hudson e/1362 Y 1356 | E41: Fija | F41: Fibra Optica | H41: 172.20.8.39 | J41: =COUNTIF(N41:AO41,"") -> 28 | K41: c0-6d-ed-a3-e5-ad | L41: =COUNTIF(N41:AO41,"APAGADO") -> 0 | M41: =(J41)/(L41+J41) -> 1
A42: LA CAROLINA 2 | B42: CAR04(Fija2) | C42: COSEIDI | D42: Hudson e/1362 Y 1356 | E42: Fija | F42: Fibra Optica | H42: 172.20.8.40 | J42: =COUNTIF(N42:AO42,"") -> 28 | K42: c0-6d-ed-a3-e6-3a | L42: =COUNTIF(N42:AO42,"APAGADO") -> 0 | M42: =(J42)/(L42+J42) -> 1
A43: LA CAROLINA 2 | B43: CAR05 | C43: COSEIDI | D43: Hudson e/1362 Y 1356 | E43: Domo | F43: Fibra Optica | H43: 172.20.8.34 | J43: =COUNTIF(N43:AO43,"") -> 28 | K43: a4-18-94-05-4a-70 | L43: =COUNTIF(N43:AO43,"APAGADO") -> 0 | M43: =(J43)/(L43+J43) -> 1
A44: LA CAROLINA 2 | B44: CAR06 | C44: COSEIDI | D44: Azurduy Y Barracas | E44: Domo | F44: Fibra Optica | H44: 172.20.10.223 | J44: =COUNTIF(N44:AO44,"") -> 27 | K44: a4-18-94-05-4a-01 | L44: =COUNTIF(N44:AO44,"APAGADO") -> 1 | M44: =(J44)/(L44+J44) -> 0.96428571 | N44: APAGADO
A45: LA CAROLINA 2 | B45: CAR08 | C45: COSEIDI | D45: Calle 1148 y 1150 ( Fija 1 ) | E45: Fija | F45: Fibra Optica | H45: 172.20.8.58 | J45: =COUNTIF(N45:AO45,"") -> 28 | K45: c0-6d-ed-a3-e5-d1 | L45: =COUNTIF(N45:AO45,"APAGADO") -> 0 | M45: =(J45)/(L45+J45) -> 1
A46: LA CAROLINA 2 | B46: CAR09 | C46: COSEIDI | D46: calle 1148 y 1150 ( Fija 2 ) | E46: Fija | F46: Fibra Optica | H46: 172.20.8.59 | J46: =COUNTIF(N46:AO46,"") -> 28 | K46: c0-6d-ed-a3-e5-d3 | L46: =COUNTIF(N46:AO46,"APAGADO") -> 0 | M46: =(J46)/(L46+J46) -> 1
A47: CENTRO | B47: CEN01 | C47: BONOMO | D47: San Martin y 9 de Julio | E47: Fija | F47: Fibra Optica | H47: 172.20.11.10 | J47: =COUNTIF(N47:AO47,"") -> 28 | K47: 00-07-5F-85-FC-FB | L47: =COUNTIF(N47:AO47,"APAGADO") -> 0 | M47: =(J47)/(L47+J47) -> 1
A48: CENTRO | B48: CEN02 | C48: BONOMO | D48: San Martin y Almafuerte | E48: Fija | F48: Fibra Optica | H48: 172.20.11.11 | J48: =COUNTIF(N48:AO48,"") -> 28 | K48: 00-07-5F-85-DF-9D | L48: =COUNTIF(N48:AO48,"APAGADO") -> 0 | M48: =(J48)/(L48+J48) -> 1
A49: CENTRO | B49: CEN03 | C49: BONOMO | D49: San Martin y Sallares | E49: Domo | F49: Fibra Optica | H49: 172.20.12.30 | J49: =COUNTIF(N49:AO49,"") -> 28 | K49: 00-07-5F-E6-65-A8 | L49: =COUNTIF(N49:AO49,"APAGADO") -> 0 | M49: =(J49)/(L49+J49) -> 1
A50: CENTRO | B50: CEN04 | C50: BONOMO | D50: San Martin y Contreras | E50: Domo | F50: Fibra Optica | H50: 172.20.12.29 | J50: =COUNTIF(N50:AO50,"") -> 27 | K50: 00-04-63-5A-E0-85 | L50: =COUNTIF(N50:AO50,"APAGADO") -> 1 | M50: =(J50)/(L50+J50) -> 0.96428571 | T50: APAGADO
A51: CENTRO | B51: CEN 05 | C51: BONOMO | D51: Bocuzzi e/España y San Martin | E51: DOMO | F51: Fibra Optica | H51: 172.20.10.200 | J51: =COUNTIF(N51:AO51,"") -> 28 | K51: 00-07-5F-81-9C-7F | L51: =COUNTIF(N51:AO51,"APAGADO") -> 0 | M51: =(J51)/(L51+J51) -> 1
A52: CENTRO | B52: CEN06 | C52: BONOMO | D52: Monteagudo y A.del Valle | E52: Fija | F52: Fibra Optica | H52: 172.20.10.02 | J52: =COUNTIF(N52:AO52,"") -> 26 | L52: =COUNTIF(N52:AO52,"APAGADO") -> 2 | M52: =(J52)/(L52+J52) -> 0.92857143 | S52: APAGADO | T52: APAGADO
A53: CENTRO | B53: CEN07 | C53: BONOMO | D53: San Martin y Guemes | E53: DOMO | F53: Fibra Optica | H53: 172.20.11.20 | J53: =COUNTIF(N53:AO53,"") -> 28 | K53: 00-07-5F-77-25-57 | L53: =COUNTIF(N53:AO53,"APAGADO") -> 0 | M53: =(J53)/(L53+J53) -> 1
A54: CENTRO | B54: CEN08 | C54: BONOMO | D54: San Martin y Pte.Peron | E54: Domo | F54: Fibra Optica | H54: 172.20.11.21 | J54: =COUNTIF(N54:AO54,"") -> 28 | K54: 00-07-5F-7A-71-56 | L54: =COUNTIF(N54:AO54,"APAGADO") -> 0 | M54: =(J54)/(L54+J54) -> 1
A55: CENTRO | B55: CEN09 | C55: BONOMO | D55: Chacabuco y 25 de Mayo | E55: Domo | F55: Fibra Optica | H55: 172.20.11.22 | J55: =COUNTIF(N55:AO55,"") -> 28 | K55: 00-07-5F-76-FB-07 | L55: =COUNTIF(N55:AO55,"APAGADO") -> 0 | M55: =(J55)/(L55+J55) -> 1
A56: CENTRO | B56: CEN10 | C56: BONOMO | D56: Monteagudo y Pte. Peron | E56: Domo | F56: Fibra Optica | H56: 172.20.11.23 | J56: =COUNTIF(N56:AO56,"") -> 28 | K56: 00-07-5F-76-FC-7B | L56: =COUNTIF(N56:AO56,"APAGADO") -> 0 | M56: =(J56)/(L56+J56) -> 1
A57: CENTRO | B57: CEN11 | C57: BONOMO | D57: Monteagudo y Bocuzzi | E57: Domo | F57: Fibra Optica | H57: 172.20.10.24 | J57: =COUNTIF(N57:AO57,"") -> 28 | K57: 00-07-5F-77-26-89 | L57: =COUNTIF(N57:AO57,"APAGADO") -> 0 | M57: =(J57)/(L57+J57) -> 1
A58: CENTRO | B58: CEN 12 | C58: BONOMO | D58: Monteagudo y Mitre | E58: Domo | F58: Fibra Optica | H58: 172.20.10.23 | J58: =COUNTIF(N58:AO58,"") -> 28 | K58: 00-07-5F-75-24-A1 | L58: =COUNTIF(N58:AO58,"APAGADO") -> 0 | M58: =(J58)/(L58+J58) -> 1
A59: CENTRO | B59: CEN 13 | C59: BONOMO | D59: 25 de Mayo y Maipu | E59: DOMO | F59: GPON | H59: 172.20.10.20 | J59: =COUNTIF(N59:AO59,"") -> 28 | K59: 00-07-5F-77-2B-1B | L59: =COUNTIF(N59:AO59,"APAGADO") -> 0 | M59: =(J59)/(L59+J59) -> 1
A60: CENTRO | B60: CEN14 | C60: BONOMO | D60: Pte.Peron e/Pringles y Brown | E60: Domo | F60: Fibra Optica | H60: 172.20.10.21 | J60: =COUNTIF(N60:AO60,"") -> 28 | K60: 00-04-63-50-44-82 | L60: =COUNTIF(N60:AO60,"APAGADO") -> 0 | M60: =(J60)/(L60+J60) -> 1
A61: CENTRO | B61: CEN15 | C61: BONOMO | D61: Alberdi y A.del Valle | E61: Domo | F61: GPON | H61: 172.20.10.35 | J61: =COUNTIF(N61:AO61,"") -> 28 | K61: 00-07-5F-75-23-66 | L61: =COUNTIF(N61:AO61,"APAGADO") -> 0 | M61: =(J61)/(L61+J61) -> 1
A62: CENTRO | B62: CEN16 | C62: BONOMO | D62: San Martin y Pte. Peron | E62: Fija | F62: Fibra Optica | H62: 172.20.12.36 | J62: =COUNTIF(N62:AO62,"") -> 28 | K62: 00-07-5F-95-ED-8E | L62: =COUNTIF(N62:AO62,"APAGADO") -> 0 | M62: =(J62)/(L62+J62) -> 1
A63: CENTRO | B63: CEN17 | C63: BONOMO | D63: San Martin y Mitre | E63: Domo | F63: PTO A FO | G63: SAN MARTIN Y SALLARES | H63: 172.20.12.200 | J63: =COUNTIF(N63:AO63,"") -> 28 | K63: 00-04-63-5A-E0-93 | L63: =COUNTIF(N63:AO63,"APAGADO") -> 0 | M63: =(J63)/(L63+J63) -> 1
A64: CENTRO | B64: CEN18 | C64: BONOMO | D64: Monteagudo e/Mitre y Sallares | E64: Fija | F64: Fibra Optica | H64: 172.20.10.26 | J64: =COUNTIF(N64:AO64,"") -> 28 | K64: 00-04-63-32-84-B7 | L64: =COUNTIF(N64:AO64,"APAGADO") -> 0 | M64: =(J64)/(L64+J64) -> 1
A65: CENTRO | B65: CEN19 | C65: BONOMO | D65: Chacabuco y 25 de Mayo | E65: Fija | F65: Fibra Optica | H65: 172.20.10.27 | J65: =COUNTIF(N65:AO65,"") -> 28 | K65: 00-07-5F-8B-45-70 | L65: =COUNTIF(N65:AO65,"APAGADO") -> 0 | M65: =(J65)/(L65+J65) -> 1
A66: LOMAS DE MONTEVERDE | B66: CEN20 | C66: BONOMO | D66: Pte. Illia y Las Heras | E66: Domo | F66: GPON | H66: 172.20.10.33 | J66: =COUNTIF(N66:AO66,"") -> 28 | K66: 00-04-63-32-A4-95 | L66: =COUNTIF(N66:AO66,"APAGADO") -> 0 | M66: =(J66)/(L66+J66) -> 1
A67: CENTRO | B67: CEN21 | C67: BONOMO | D67: Misiones y Urquiza | E67: Fija | F67: GPON | H67: 172.20.12.246 | J67: =COUNTIF(N67:AO67,"") -> 28 | K67: 00-04-63-3C-33-FE | L67: =COUNTIF(N67:AO67,"APAGADO") -> 0 | M67: =(J67)/(L67+J67) -> 1
A68: CENTRO | B68: CEN22 | C68: BONOMO | D68: Las Heras y Chacabuco | E68: Domo | F68: GPON | H68: 172.20.10.163 | J68: =COUNTIF(N68:AO68,"") -> 28 | K68: 00-07-5F-9B-B3-BC | L68: =COUNTIF(N68:AO68,"APAGADO") -> 0 | M68: =(J68)/(L68+J68) -> 1
A69: CENTRO | B69: CEN23 | C69: BONOMO | D69: Sallares y Monteagudo | E69: Domo | F69: Fibra Optica | H69: 172.20.12.05 | J69: =COUNTIF(N69:AO69,"") -> 28 | K69: 00-07-5F-77-2C-D8 | L69: =COUNTIF(N69:AO69,"APAGADO") -> 0 | M69: =(J69)/(L69+J69) -> 1
A70: CENTRO | B70: CEN24 | C70: BONOMO | D70: Sallares y España | E70: Domo | F70: Fibra Optica | H70: 172.20.11.04 | J70: =COUNTIF(N70:AO70,"") -> 28 | K70: 00-07-5F-76-F9-FD | L70: =COUNTIF(N70:AO70,"APAGADO") -> 0 | M70: =(J70)/(L70+J70) -> 1
A71: CENTRO | B71: CEN25 | C71: BONOMO | D71: SAN MARTIN Y 9 DE JULIO | E71: Domo | F71: Fibra Optica | H71: 172.20.12.02 | J71: =COUNTIF(N71:AO71,"") -> 27 | K71: 00-04-63-4F-C6-19 | L71: =COUNTIF(N71:AO71,"APAGADO") -> 1 | M71: =(J71)/(L71+J71) -> 0.96428571 | N71: APAGADO
A72: CENTRO | B72: CEN26 | C72: BONOMO | D72: Mitre y España | E72: Domo | F72: Fibra Optica | H72: 172.20.11.38 | J72: =COUNTIF(N72:AO72,"") -> 28 | K72: 00-07-5F-B7-8E-AF | L72: =COUNTIF(N72:AO72,"APAGADO") -> 0 | M72: =(J72)/(L72+J72) -> 1
A73: CENTRO | B73: CEN27 | C73: BONOMO | D73: San Juan y España | E73: Domo | F73: Fibra Optica | H73: 172.20.12.37 | J73: =COUNTIF(N73:AO73,"") -> 28 | K73: 00-04-63-50-5A-EE | L73: =COUNTIF(N73:AO73,"APAGADO") -> 0 | M73: =(J73)/(L73+J73) -> 1
A74: CENTRO | B74: CEN28 | C74: BONOMO | D74: Mitre y Alberdi | E74: Domo | F74: Fibra Optica | H74: 172.20.12.38 | J74: =COUNTIF(N74:AO74,"") -> 26 | K74: 00-04-63-4F-C3-25 | L74: =COUNTIF(N74:AO74,"APAGADO") -> 2 | M74: =(J74)/(L74+J74) -> 0.92857143 | S74: APAGADO | T74: APAGADO
A75: CENTRO | B75: CEN29 | C75: BONOMO | D75: Alberdi y San Juan | E75: Domo | F75: Fibra Optica | H75: 172.20.12.40 | J75: =COUNTIF(N75:AO75,"") -> 26 | K75: 00-04-63-4F-C5-D7 | L75: =COUNTIF(N75:AO75,"APAGADO") -> 2 | M75: =(J75)/(L75+J75) -> 0.92857143 | N75: APAGADO | T75: APAGADO
A76: CENTRO | B76: CEN30 | C76: BONOMO | D76: Mitre y Pringles | E76: Domo | F76: Fibra Optica | H76: 172.20.12.39 | J76: =COUNTIF(N76:AO76,"") -> 28 | K76: 00-04-63-50-55-A3 | L76: =COUNTIF(N76:AO76,"APAGADO") -> 0 | M76: =(J76)/(L76+J76) -> 1
A77: CENTRO | B77: CEN31 | C77: BONOMO | D77: Mitre e/Monteagudo y Alberdi | E77: Domo | F77: Fibra Optica | H77: 172.20.12.41 | J77: =COUNTIF(N77:AO77,"") -> 28 | K77: 00-04-63-4F-CC-7B | L77: =COUNTIF(N77:AO77,"APAGADO") -> 0 | M77: =(J77)/(L77+J77) -> 1
A78: CENTRO | B78: CEN32 | C78: BONOMO | D78: Aristobulo del Valle y España | E78: Domo | F78: Fibra Optica | H78: 172.20.12.42 | J78: =COUNTIF(N78:AO78,"") -> 28 | K78: 00-04-63-50-58-BA | L78: =COUNTIF(N78:AO78,"APAGADO") -> 0 | M78: =(J78)/(L78+J78) -> 1
A79: CENTRO | B79: CEN33 | C79: BONOMO | D79: Peron y Alberdi | E79: Domo | F79: Fibra Optica | H79: 172.20.12.47 | J79: =COUNTIF(N79:AO79,"") -> 28 | K79: 00-04-63-4F-D6-F2 | L79: =COUNTIF(N79:AO79,"APAGADO") -> 0 | M79: =(J79)/(L79+J79) -> 1
A80: CENTRO | B80: CEN34 | C80: BONOMO | D80: Peron y España | E80: Domo | F80: Fibra Optica | H80: 172.20.12.49 | J80: =COUNTIF(N80:AO80,"") -> 28 | K80: 00-07-5F-81-97-2A | L80: =COUNTIF(N80:AO80,"APAGADO") -> 0 | M80: =(J80)/(L80+J80) -> 1
A81: CENTRO | B81: CEN35 | C81: BONOMO | D81: España y Marmol | E81: Domo | F81: Fibra Optica | H81: 172.20.12.50 | J81: =COUNTIF(N81:AO81,"") -> 27 | K81: 00-04-63-4F-DB-AC | L81: =COUNTIF(N81:AO81,"APAGADO") -> 1 | M81: =(J81)/(L81+J81) -> 0.96428571 | S81: APAGADO
A82: CENTRO | B82: CEN36 | C82: BONOMO | D82: España y 9 de Julio | E82: Domo | F82: Fibra Optica | H82: 172.20.12.51 | J82: =COUNTIF(N82:AO82,"") -> 27 | K82: 00-04-63-4F-C5-E0 | L82: =COUNTIF(N82:AO82,"APAGADO") -> 1 | M82: =(J82)/(L82+J82) -> 0.96428571 | N82: APAGADO
A83: CENTRO | B83: CEN 37 | C83: BONOMO | D83: Diagonal Granaderos y Monteagudo | E83: Domo | F83: Fibra Optica | H83: 172.20.12.52 | J83: =COUNTIF(N83:AO83,"") -> 28 | K83: 00-04-63-4F-DE-4E | L83: =COUNTIF(N83:AO83,"APAGADO") -> 0 | M83: =(J83)/(L83+J83) -> 1
A84: CENTRO | B84: CEN38 | C84: BONOMO | D84: Diagonal Constituyentes y Almafuerte | E84: Domo | F84: Fibra Optica | H84: 172.20.12.53 | J84: =COUNTIF(N84:AO84,"") -> 28 | K84: 00-04-63-4F-C6-24 | L84: =COUNTIF(N84:AO84,"APAGADO") -> 0 | M84: =(J84)/(L84+J84) -> 1
A85: CENTRO | B85: CEN39 | C85: BONOMO | D85: San Martin y Alem | E85: Domo | F85: Fibra Optica | H85: 172.20.12.56 | J85: =COUNTIF(N85:AO85,"") -> 27 | K85: 00-07-5F-81-9C-AB | L85: =COUNTIF(N85:AO85,"APAGADO") -> 1 | M85: =(J85)/(L85+J85) -> 0.96428571 | T85: APAGADO
A86: CENTRO | B86: CEN40 | C86: BONOMO | D86: Contreras y Monteagudo | E86: Domo | F86: Fibra Optica | H86: 172.20.12.57 | J86: =COUNTIF(N86:AO86,"") -> 27 | K86: 00-07-5F-8B-26-4D | L86: =COUNTIF(N86:AO86,"APAGADO") -> 1 | M86: =(J86)/(L86+J86) -> 0.96428571 | T86: APAGADO
A87: CENTRO | B87: CEN41 | C87: BONOMO | D87: Contreras y Alberdi | E87: Domo | F87: Fibra Optica | H87: 172.20.12.58 | J87: =COUNTIF(N87:AO87,"") -> 27 | K87: 00-07-5F-81-9B-F4 | L87: =COUNTIF(N87:AO87,"APAGADO") -> 1 | M87: =(J87)/(L87+J87) -> 0.96428571 | T87: APAGADO
A88: CENTRO | B88: CEN42 | C88: BONOMO | D88: Diagonal Constitucion Y ALEM | E88: Domo | F88: GPON | H88: 172.20.12.59 | J88: =COUNTIF(N88:AO88,"") -> 28 | K88: 00-07-5F-9F-CD-3D | L88: =COUNTIF(N88:AO88,"APAGADO") -> 0 | M88: =(J88)/(L88+J88) -> 1
A89: CENTRO | B89: CEN43 | C89: BONOMO | D89: Sallares y Alberdi | E89: Domo | F89: Fibra Optica | H89: 172.20.12.61 | J89: =COUNTIF(N89:AO89,"") -> 28 | K89: 00-07-5F-81-9C-47 | L89: =COUNTIF(N89:AO89,"APAGADO") -> 0 | M89: =(J89)/(L89+J89) -> 1
A90: CENTRO | B90: CEN44 | C90: BONOMO | D90: Mitre y Brown | E90: Domo | F90: Fibra Optica | H90: 172.20.12.62 | J90: =COUNTIF(N90:AO90,"") -> 25 | K90: 00-04-63-50-45-6F | L90: =COUNTIF(N90:AO90,"APAGADO") -> 3 | M90: =(J90)/(L90+J90) -> 0.89285714 | N90: APAGADO | S90: APAGADO | T90: APAGADO
A91: CENTRO | B91: CEN45 (fija 2) | C91: BONOMO | D91: EEUU Y MORENO | E91: Fija | F91: Fibra Optica | H91: 172.20.11.74 | J91: =COUNTIF(N91:AO91,"") -> 28 | K91: 00-07-5F-B7-8F-06 | L91: =COUNTIF(N91:AO91,"APAGADO") -> 0 | M91: =(J91)/(L91+J91) -> 1
A92: CENTRO | B92: CEN46 (fija 1) | C92: BONOMO | D92: EEUU Y MORENO | E92: Fija | F92: Fibra Optica | H92: 172.20.11.75 | J92: =COUNTIF(N92:AO92,"") -> 28 | K92: 00-07-5F-B6-B8-F9 | L92: =COUNTIF(N92:AO92,"APAGADO") -> 0 | M92: =(J92)/(L92+J92) -> 1
A93: CENTRO | B93: CEN47 | C93: BONOMO | D93: Sallares y Brown | E93: Domo | F93: Fibra Optica | H93: 172.20.12.65 | J93: =COUNTIF(N93:AO93,"") -> 28 | K93: 00-07-5F-87-9D-54 | L93: =COUNTIF(N93:AO93,"APAGADO") -> 0 | M93: =(J93)/(L93+J93) -> 1
A94: CENTRO | B94: CEN48 | C94: BONOMO | D94: Velez Sarsfield y Las Heras | E94: Domo | F94: GPON | H94: 172.20.10.175 | J94: =COUNTIF(N94:AO94,"") -> 28 | K94: 00-04-63-4F-CF-3A | L94: =COUNTIF(N94:AO94,"APAGADO") -> 0 | M94: =(J94)/(L94+J94) -> 1
A95: CENTRO | B95: CEN49 | C95: BONOMO | D95: Av. San Martin y Florencio Sanchez | E95: Domo | F95: Fibra Optica | H95: 172.20.10.209 | J95: =COUNTIF(N95:AO95,"") -> 25 | K95: 00-07-5F-AD-3C-47 | L95: =COUNTIF(N95:AO95,"APAGADO") -> 3 | M95: =(J95)/(L95+J95) -> 0.89285714 | N95: APAGADO | S95: APAGADO | T95: APAGADO
A96: CENTRO | B96: CEN 50 | C96: BONOMO | D96: Av. San Martin y Newbery | E96: Domo | F96: GPON | H96: 172.20.10.167 | J96: =COUNTIF(N96:AO96,"") -> 25 | K96: 00-04-63-5A-E1-03 | L96: =COUNTIF(N96:AO96,"APAGADO") -> 3 | M96: =(J96)/(L96+J96) -> 0.89285714 | N96: APAGADO | S96: APAGADO | T96: APAGADO
A97: CENTRO | B97: CEN 51 | C97: BONOMO | D97: ILLIA Y LAS HERAS | E97: FIJA | F97: GPON | H97: 172.20.11.29 | J97: =COUNTIF(N97:AO97,"") -> 28 | K97: 00-07-5F-81-9B-EB | L97: =COUNTIF(N97:AO97,"APAGADO") -> 0 | M97: =(J97)/(L97+J97) -> 1
A98: CENTRO | B98: CEN52 | C98: BONOMO | D98: San Martin y Almafuerte (ex San Martin y Dorrego) | E98: DOMO | F98: GPON | H98: 172.20.10.189 | J98: =COUNTIF(N98:AO98,"") -> 28 | K98: 00:07:5F:81:AA:1F | L98: =COUNTIF(N98:AO98,"APAGADO") -> 0 | M98: =(J98)/(L98+J98) -> 1
A99: CENTRO | B99: CEN 53 | C99: BONOMO | D99: GUTIERREZ Y BROWN | E99: Domo | F99: GPON | H99: 172.20.10.168 | J99: =COUNTIF(N99:AO99,"") -> 28 | K99: 00-07-5F-96-E2-98 | L99: =COUNTIF(N99:AO99,"APAGADO") -> 0 | M99: =(J99)/(L99+J99) -> 1
A100: CENTRO | B100: CEN 54 | C100: BONOMO | D100: GUTIERREZ Y PRINGLES | E100: Domo | F100: GPON | H100: 172.20.10.169 | J100: =COUNTIF(N100:AO100,"") -> 27 | K100: 00-07-5F-8B-30-98 | L100: =COUNTIF(N100:AO100,"APAGADO") -> 1 | M100: =(J100)/(L100+J100) -> 0.96428571 | T100: APAGADO
...

Sheet AUXILIAR

Sheet paradas
C1: TOTAL PARADAS | D1: =COUNTIFS(A5:A602,"=paradas seguras")/2 -> 0 | E1: TOTAL DE CAMARAS EN PARADAS | H1: =COUNTIFS(A5:A602,"=paradas seguras") -> 0 | I1: TOTAL DE CAMARAS | K1: =COUNTIFS(D5:D602,"=GFIJA") -> 0 | L1: TOTAL DE INTERCOMUNICADORES | O1: =COUNTIFS(D5:D602,"=INTERCOMUNICADOR") -> 0
E2: FIJAS | F2: =COUNTIFS(F4:F601, "=APAGADO",D4:D601,"=GFIJA") -> 0 | G2: =COUNTIFS(G4:G601, "=APAGADO",D4:D601,"=GFIJA") -> 0 | H2: =COUNTIFS(H4:H601, "=APAGADO",D4:D601,"=GFIJA") -> 0 | I2: =COUNTIFS(I4:I601, "=APAGADO",D4:D601,"=GFIJA") -> 0 | J2: =COUNTIFS(J4:J601, "=APAGADO",D4:D601,"=GFIJA") -> 0 | K2: =COUNTIFS(K4:K601, "=APAGADO",D4:D601,"=GFIJA") -> 0 | L2: =COUNTIFS(L4:L601, "=APAGADO",D4:D601,"=GFIJA") -> 0 | M2: =COUNTIFS(M4:M601, "=APAGADO",D4:D601,"=GFIJA") -> 0 | N2: =COUNTIFS(N4:N601, "=APAGADO",D4:D601,"=GFIJA") -> 0 | O2: =COUNTIFS(O4:O601, "=APAGADO",D4:D601,"=GFIJA") -> 0 | P2: =COUNTIFS(P4:P601, "=APAGADO",D4:D601,"=GFIJA") -> 0 | Q2: =COUNTIFS(Q4:Q601, "=APAGADO",D4:D601,"=GFIJA") -> 0 | R2: =COUNTIFS(R4:R601, "=APAGADO",D4:D601,"=GFIJA") -> 0 | S2: =COUNTIFS(S4:S601, "=APAGADO",D4:D601,"=GFIJA") -> 0 | T2: =COUNTIFS(T4:T601, "=APAGADO",D4:D601,"=GFIJA") -> 0 | U2: =COUNTIFS(U4:U601, "=APAGADO",D4:D601,"=GFIJA") -> 0 | V2: =COUNTIFS(V4:V601, "=APAGADO",D4:D601,"=GFIJA") -> 0 | W2: =COUNTIFS(W4:W601, "=APAGADO",D4:D601,"=GFIJA") -> 0 | X2: =COUNTIFS(X4:X601, "=APAGADO",D4:D601,"=GFIJA") -> 0 | Y2: =COUNTIFS(Y4:Y601, "=APAGADO",D4:D601,"=GFIJA") -> 0 | Z2: =COUNTIFS(Z4:Z601, "=APAGADO",D4:D601,"=GFIJA") -> 0 | AA2: =COUNTIFS(AA4:AA601, "=APAGADO",D4:D601,"=GFIJA") -> 0 | AB2: =COUNTIFS(AB4:AB601, "=APAGADO",D4:D601,"=GFIJA") -> 0 | AC2: =COUNTIFS(AC4:AC601, "=APAGADO",D4:D601,"=GFIJA") -> 0 | AD2: =COUNTIFS(AD4:AD601, "=APAGADO",D4:D601,"=GFIJA") -> 0 | AE2: =COUNTIFS(AE4:AE601, "=APAGADO",D4:D601,"=GFIJA") -> 0 | AF2: =COUNTIFS(AF4:AF601, "=APAGADO",D4:D601,"=GFIJA") -> 0 | AG2: =COUNTIFS(AG4:AG601, "=APAGADO",D4:D601,"=GFIJA") -> 0 | AH2: =COUNTIFS(AH4:AH601, "=APAGADO",E4:E601,"=GFIJA") -> 0 | AI2: =COUNTIFS(AI4:AI601, "=APAGADO",F4:F601,"=GFIJA") -> 0 | AJ2: =COUNTIFS(AJ4:AJ601, "=APAGADO",G4:G601,"=GFIJA") -> 0
E3: INTERCOMUNICADOR | F3: =COUNTIFS(F6:F603, "=APAGADO",D4:D601,"=INTERCOMUNICADOR") -> 0 | G3: =COUNTIFS(G6:G603, "=APAGADO",D4:D601,"=INTERCOMUNICADOR") -> 0 | H3: =COUNTIFS(H6:H603, "=APAGADO",D4:D601,"=INTERCOMUNICADOR") -> 0 | I3: =COUNTIFS(I6:I603, "=APAGADO",D4:D601,"=INTERCOMUNICADOR") -> 0 | J3: =COUNTIFS(J6:J603, "=APAGADO",D4:D601,"=INTERCOMUNICADOR") -> 0 | K3: =COUNTIFS(K6:K603, "=APAGADO",D4:D601,"=INTERCOMUNICADOR") -> 0 | L3: =COUNTIFS(L6:L603, "=APAGADO",D4:D601,"=INTERCOMUNICADOR") -> 0 | M3: =COUNTIFS(M6:M603, "=APAGADO",D4:D601,"=INTERCOMUNICADOR") -> 0 | N3: =COUNTIFS(N6:N603, "=APAGADO",D4:D601,"=INTERCOMUNICADOR") -> 0 | O3: =COUNTIFS(O6:O603, "=APAGADO",D4:D601,"=INTERCOMUNICADOR") -> 0 | P3: =COUNTIFS(P6:P603, "=APAGADO",D4:D601,"=INTERCOMUNICADOR") -> 0 | Q3: =COUNTIFS(Q6:Q603, "=APAGADO",D4:D601,"=INTERCOMUNICADOR") -> 0 | R3: =COUNTIFS(R6:R603, "=APAGADO",D4:D601,"=INTERCOMUNICADOR") -> 0 | S3: =COUNTIFS(S6:S603, "=APAGADO",D4:D601,"=INTERCOMUNICADOR") -> 0 | T3: =COUNTIFS(T6:T603, "=APAGADO",D4:D601,"=INTERCOMUNICADOR") -> 0 | U3: =COUNTIFS(U6:U603, "=APAGADO",D4:D601,"=INTERCOMUNICADOR") -> 0 | V3: =COUNTIFS(V6:V603, "=APAGADO",D4:D601,"=INTERCOMUNICADOR") -> 0 | W3: =COUNTIFS(W6:W603, "=APAGADO",D4:D601,"=INTERCOMUNICADOR") -> 0 | X3: =COUNTIFS(X6:X603, "=APAGADO",D4:D601,"=INTERCOMUNICADOR") -> 0 | Y3: =COUNTIFS(Y6:Y603, "=APAGADO",D4:D601,"=INTERCOMUNICADOR") -> 0 | Z3: =COUNTIFS(Z6:Z603, "=APAGADO",D4:D601,"=INTERCOMUNICADOR") -> 0 | AA3: =COUNTIFS(AA6:AA603, "=APAGADO",D4:D601,"=INTERCOMUNICADOR") -> 0 | AB3: =COUNTIFS(AB6:AB603, "=APAGADO",D4:D601,"=INTERCOMUNICADOR") -> 0 | AC3: =COUNTIFS(AC6:AC603, "=APAGADO",D4:D601,"=INTERCOMUNICADOR") -> 0 | AD3: =COUNTIFS(AD6:AD603, "=APAGADO",D4:D601,"=INTERCOMUNICADOR") -> 0 | AE3: =COUNTIFS(AE6:AE603, "=APAGADO",D4:D601,"=INTERCOMUNICADOR") -> 0 | AF3: =COUNTIFS(AF6:AF603, "=APAGADO",D4:D601,"=INTERCOMUNICADOR") -> 0 | AG3: =COUNTIFS(AG6:AG603, "=APAGADO",D4:D601,"=INTERCOMUNICADOR") -> 0 | AH3: =COUNTIFS(AH6:AH603, "=APAGADO",E4:E601,"=INTERCOMUNICADOR") -> 0 | AI3: =COUNTIFS(AI6:AI603, "=APAGADO",F4:F601,"=INTERCOMUNICADOR") -> 0 | AJ3: =COUNTIFS(AJ6:AJ603, "=APAGADO",G4:G601,"=INTERCOMUNICADOR") -> 0
A4: ='RESUMEN TOTAL'!A7 -> Barrio | B4: ='RESUMEN TOTAL'!B7 -> [Denominacion] | C4: ='RESUMEN TOTAL'!D7 -> [Ubicacion] | D4: ='RESUMEN TOTAL'!E7 -> [Tipo de Camara] | E4: ='RESUMEN TOTAL'!F7 -> [Tipo de Conexion] | F4: ='RESUMEN TOTAL'!N7 -> 46113 | G4: ='RESUMEN TOTAL'!O7 -> 46114 | H4: ='RESUMEN TOTAL'!P7 -> 46115 | I4: ='RESUMEN TOTAL'!Q7 -> 46116 | J4: ='RESUMEN TOTAL'!R7 -> 46117 | K4: ='RESUMEN TOTAL'!S7 -> 46118 | L4: ='RESUMEN TOTAL'!T7 -> 46119 | M4: ='RESUMEN TOTAL'!U7 -> 46120 | ... AI4: ='RESUMEN TOTAL'!AQ7 -> 46142 | AJ4: ='RESUMEN TOTAL'!#REF! -> #REF! | XEY4: =SUM(F4:XEX4) -> #REF!
A5: ='RESUMEN TOTAL'!A8 -> ALTAMIRA | B5: ='RESUMEN TOTAL'!B8 -> ALT01 | C5: ='RESUMEN TOTAL'!D8 -> Calchaqui y Sgto. Cabral | D5: ='RESUMEN TOTAL'!E8 -> Domo | E5: ='RESUMEN TOTAL'!F8 -> Fibra Optica | F5: ='RESUMEN TOTAL'!N8 -> 0 | G5: ='RESUMEN TOTAL'!O8 -> 0 | H5: ='RESUMEN TOTAL'!P8 -> 0 | I5: ='RESUMEN TOTAL'!Q8 -> 0 | J5: ='RESUMEN TOTAL'!R8 -> 0 | K5: ='RESUMEN TOTAL'!S8 -> 0 | L5: ='RESUMEN TOTAL'!T8 -> 0 | M5: ='RESUMEN TOTAL'!U8 -> 0 | ... AI5: ='RESUMEN TOTAL'!AQ8 -> 0 | AJ5: ='RESUMEN TOTAL'!#REF! -> #REF!
A6: ='RESUMEN TOTAL'!A9 -> ALTAMIRA | B6: ='RESUMEN TOTAL'!B9 -> ALT02 | C6: ='RESUMEN TOTAL'!D9 -> Calchaqui y Lope de Vega | D6: ='RESUMEN TOTAL'!E9 -> Domo | E6: ='RESUMEN TOTAL'!F9 -> PTO A FO | F6: ='RESUMEN TOTAL'!N9 -> 0 | G6: ='RESUMEN TOTAL'!O9 -> 0 | H6: ='RESUMEN TOTAL'!P9 -> 0 | I6: ='RESUMEN TOTAL'!Q9 -> 0 | J6: ='RESUMEN TOTAL'!R9 -> 0 | K6: ='RESUMEN TOTAL'!S9 -> 0 | L6: ='RESUMEN TOTAL'!T9 -> 0 | M6: ='RESUMEN TOTAL'!U9 -> 0 | ... AI6: ='RESUMEN TOTAL'!AQ9 -> 0 | AJ6: ='RESUMEN TOTAL'!#REF! -> #REF!
A7: ='RESUMEN TOTAL'!A10 -> ALTAMIRA | B7: ='RESUMEN TOTAL'!B10 -> ALT 03 | C7: ='RESUMEN TOTAL'!D10 -> Bombero Galarza y Necochea | D7: ='RESUMEN TOTAL'!E10 -> Domo | E7: ='RESUMEN TOTAL'!F10 -> GPON | F7: ='RESUMEN TOTAL'!N10 -> 0 | G7: ='RESUMEN TOTAL'!O10 -> 0 | H7: ='RESUMEN TOTAL'!P10 -> 0 | I7: ='RESUMEN TOTAL'!Q10 -> 0 | J7: ='RESUMEN TOTAL'!R10 -> 0 | K7: ='RESUMEN TOTAL'!S10 -> 0 | L7: ='RESUMEN TOTAL'!T10 -> 0 | M7: ='RESUMEN TOTAL'!U10 -> 0 | ... AI7: ='RESUMEN TOTAL'!AQ10 -> 0 | AJ7: ='RESUMEN TOTAL'!#REF! -> #REF!
A8: ='RESUMEN TOTAL'!A11 -> ALTAMIRA | B8: ='RESUMEN TOTAL'!B11 -> ALT 04 | C8: ='RESUMEN TOTAL'!D11 -> Francia y Necochea | D8: ='RESUMEN TOTAL'!E11 -> Domo | E8: ='RESUMEN TOTAL'!F11 -> GPON | F8: ='RESUMEN TOTAL'!N11 -> 0 | G8: ='RESUMEN TOTAL'!O11 -> 0 | H8: ='RESUMEN TOTAL'!P11 -> 0 | I8: ='RESUMEN TOTAL'!Q11 -> 0 | J8: ='RESUMEN TOTAL'!R11 -> 0 | K8: ='RESUMEN TOTAL'!S11 -> 0 | L8: ='RESUMEN TOTAL'!T11 -> 0 | M8: ='RESUMEN TOTAL'!U11 -> 0 | ... AI8: ='RESUMEN TOTAL'!AQ11 -> 0 | AJ8: ='RESUMEN TOTAL'!#REF! -> #REF!
A9: ='RESUMEN TOTAL'!A12 -> ALTAMIRA | B9: ='RESUMEN TOTAL'!B12 -> ALT05 | C9: ='RESUMEN TOTAL'!D12 -> Av. Calchaqui y Bombero Galarza | D9: ='RESUMEN TOTAL'!E12 -> Domo | E9: ='RESUMEN TOTAL'!F12 -> GPON | F9: ='RESUMEN TOTAL'!N12 -> 0 | G9: ='RESUMEN TOTAL'!O12 -> 0 | H9: ='RESUMEN TOTAL'!P12 -> 0 | I9: ='RESUMEN TOTAL'!Q12 -> 0 | J9: ='RESUMEN TOTAL'!R12 -> 0 | K9: ='RESUMEN TOTAL'!S12 -> 0 | L9: ='RESUMEN TOTAL'!T12 -> 0 | M9: ='RESUMEN TOTAL'!U12 -> 0 | ... AI9: ='RESUMEN TOTAL'!AQ12 -> 0 | AJ9: ='RESUMEN TOTAL'!#REF! -> #REF!
A10: ='RESUMEN TOTAL'!A13 -> ALTAMIRA | B10: ='RESUMEN TOTAL'!B13 -> ALT 06 | C10: ='RESUMEN TOTAL'!D13 -> LOPE DE VEGA Y NECOCHEA | D10: ='RESUMEN TOTAL'!E13 -> Domo | E10: ='RESUMEN TOTAL'!F13 -> GPON | F10: ='RESUMEN TOTAL'!N13 -> 0 | G10: ='RESUMEN TOTAL'!O13 -> 0 | H10: ='RESUMEN TOTAL'!P13 -> 0 | I10: ='RESUMEN TOTAL'!Q13 -> 0 | J10: ='RESUMEN TOTAL'!R13 -> 0 | K10: ='RESUMEN TOTAL'!S13 -> 0 | L10: ='RESUMEN TOTAL'!T13 -> 0 | M10: ='RESUMEN TOTAL'!U13 -> 0 | ... AI10: ='RESUMEN TOTAL'!AQ13 -> 0 | AJ10: ='RESUMEN TOTAL'!#REF! -> #REF!
A11: ='RESUMEN TOTAL'!A14 -> ALTAMIRA | B11: ='RESUMEN TOTAL'!B14 -> ALT07 | C11: ='RESUMEN TOTAL'!D14 -> AV. CALCHAQUI Y AV. DEL TRABAJO | D11: ='RESUMEN TOTAL'!E14 -> DOMO | E11: ='RESUMEN TOTAL'!F14 -> PTO A FO | F11: ='RESUMEN TOTAL'!N14 -> 0 | G11: ='RESUMEN TOTAL'!O14 -> 0 | H11: ='RESUMEN TOTAL'!P14 -> 0 | I11: ='RESUMEN TOTAL'!Q14 -> 0 | J11: ='RESUMEN TOTAL'!R14 -> 0 | K11: ='RESUMEN TOTAL'!S14 -> 0 | L11: ='RESUMEN TOTAL'!T14 -> 0 | M11: ='RESUMEN TOTAL'!U14 -> 0 | ... AI11: ='RESUMEN TOTAL'!AQ14 -> 0 | AJ11: ='RESUMEN TOTAL'!#REF! -> #REF!
A12: ='RESUMEN TOTAL'!A15 -> ALTAMIRA | B12: ='RESUMEN TOTAL'!B15 -> ALT 08 | C12: ='RESUMEN TOTAL'!D15 -> HUMAITA Y NECOCHEA | D12: ='RESUMEN TOTAL'!E15 -> DOMO | E12: ='RESUMEN TOTAL'!F15 -> Fibra Optica | F12: ='RESUMEN TOTAL'!N15 -> 0 | G12: ='RESUMEN TOTAL'!O15 -> 0 | H12: ='RESUMEN TOTAL'!P15 -> 0 | I12: ='RESUMEN TOTAL'!Q15 -> 0 | J12: ='RESUMEN TOTAL'!R15 -> 0 | K12: ='RESUMEN TOTAL'!S15 -> 0 | L12: ='RESUMEN TOTAL'!T15 -> 0 | M12: ='RESUMEN TOTAL'!U15 -> 0 | ... AI12: ='RESUMEN TOTAL'!AQ15 -> 0 | AJ12: ='RESUMEN TOTAL'!#REF! -> #REF!
A13: ='RESUMEN TOTAL'!A16 -> ALTAMIRA | B13: ='RESUMEN TOTAL'!B16 -> ALT 09 | C13: ='RESUMEN TOTAL'!D16 -> NECOCHEA Y CURUPAITY | D13: ='RESUMEN TOTAL'!E16 -> DOMO | E13: ='RESUMEN TOTAL'!F16 -> Fibra Optica | F13: ='RESUMEN TOTAL'!N16 -> 0 | G13: ='RESUMEN TOTAL'!O16 -> 0 | H13: ='RESUMEN TOTAL'!P16 -> 0 | I13: ='RESUMEN TOTAL'!Q16 -> 0 | J13: ='RESUMEN TOTAL'!R16 -> 0 | K13: ='RESUMEN TOTAL'!S16 -> 0 | L13: ='RESUMEN TOTAL'!T16 -> 0 | M13: ='RESUMEN TOTAL'!U16 -> 0 | ... AI13: ='RESUMEN TOTAL'!AQ16 -> 0 | AJ13: ='RESUMEN TOTAL'!#REF! -> #REF!
A14: ='RESUMEN TOTAL'!A17 -> ALTAMIRA | B14: ='RESUMEN TOTAL'!B17 -> ALT 10 | C14: ='RESUMEN TOTAL'!D17 -> Calchaqui y Francia | D14: ='RESUMEN TOTAL'!E17 -> Domo | E14: ='RESUMEN TOTAL'!F17 -> GPON | F14: ='RESUMEN TOTAL'!N17 -> 0 | G14: ='RESUMEN TOTAL'!O17 -> 0 | H14: ='RESUMEN TOTAL'!P17 -> 0 | I14: ='RESUMEN TOTAL'!Q17 -> 0 | J14: ='RESUMEN TOTAL'!R17 -> 0 | K14: ='RESUMEN TOTAL'!S17 -> 0 | L14: ='RESUMEN TOTAL'!T17 -> 0 | M14: ='RESUMEN TOTAL'!U17 -> 0 | ... AI14: ='RESUMEN TOTAL'!AQ17 -> 0 | AJ14: ='RESUMEN TOTAL'!#REF! -> #REF!
A15: ='RESUMEN TOTAL'!A18 -> ALTAMIRA | B15: ='RESUMEN TOTAL'!B18 -> ALT 11 | C15: CALCHAQUÍ Y GALARZA FIJA | D15: ='RESUMEN TOTAL'!E18 -> Fija | F15: ='RESUMEN TOTAL'!N18 -> 0 | G15: ='RESUMEN TOTAL'!O18 -> 0 | H15: ='RESUMEN TOTAL'!P18 -> 0 | I15: ='RESUMEN TOTAL'!Q18 -> 0 | J15: ='RESUMEN TOTAL'!R18 -> 0 | K15: ='RESUMEN TOTAL'!S18 -> 0 | L15: ='RESUMEN TOTAL'!T18 -> 0 | M15: ='RESUMEN TOTAL'!U18 -> 0 | ... AI15: ='RESUMEN TOTAL'!AQ18 -> 0 | AJ15: ='RESUMEN TOTAL'!#REF! -> #REF!
A16: ='RESUMEN TOTAL'!A19 -> AGUSTIN RAMIREZ | B16: ='RESUMEN TOTAL'!B19 -> ARA 01 | C16: ='RESUMEN TOTAL'!D19 -> Malambo y Tranquera | D16: ='RESUMEN TOTAL'!E19 -> Domo | E16: ='RESUMEN TOTAL'!F19 -> Fibra Optica | F16: ='RESUMEN TOTAL'!N19 -> APAGADO | G16: ='RESUMEN TOTAL'!O19 -> 0 | H16: ='RESUMEN TOTAL'!P19 -> 0 | I16: ='RESUMEN TOTAL'!Q19 -> 0 | J16: ='RESUMEN TOTAL'!R19 -> 0 | K16: ='RESUMEN TOTAL'!S19 -> APAGADO | L16: ='RESUMEN TOTAL'!T19 -> APAGADO | M16: ='RESUMEN TOTAL'!U19 -> 0 | ... AI16: ='RESUMEN TOTAL'!AQ19 -> 0 | AJ16: ='RESUMEN TOTAL'!#REF! -> #REF!
A17: ='RESUMEN TOTAL'!A22 -> BELGRANO | B17: ='RESUMEN TOTAL'!B22 -> BEL 01 | C17: ='RESUMEN TOTAL'!D22 -> San Martin y Dardo Rocha | D17: ='RESUMEN TOTAL'!E22 -> DOMO | E17: ='RESUMEN TOTAL'!F22 -> Fibra Optica | F17: ='RESUMEN TOTAL'!N22 -> 0 | G17: ='RESUMEN TOTAL'!O22 -> 0 | H17: ='RESUMEN TOTAL'!P22 -> 0 | I17: ='RESUMEN TOTAL'!Q22 -> 0 | J17: ='RESUMEN TOTAL'!R22 -> 0 | K17: ='RESUMEN TOTAL'!S22 -> 0 | L17: ='RESUMEN TOTAL'!T22 -> 0 | M17: ='RESUMEN TOTAL'!U22 -> 0 | ... AI17: ='RESUMEN TOTAL'!AQ22 -> 0 | AJ17: ='RESUMEN TOTAL'!#REF! -> #REF!
A18: ='RESUMEN TOTAL'!A23 -> BELGRANO | B18: ='RESUMEN TOTAL'!B23 -> BEL 02 | C18: ='RESUMEN TOTAL'!D23 -> Guardia vieja y Fronteriz | D18: ='RESUMEN TOTAL'!E23 -> DOMO | E18: ='RESUMEN TOTAL'!F23 -> Fibra Optica | F18: ='RESUMEN TOTAL'!N23 -> 0 | G18: ='RESUMEN TOTAL'!O23 -> 0 | H18: ='RESUMEN TOTAL'!P23 -> 0 | I18: ='RESUMEN TOTAL'!Q23 -> 0 | J18: ='RESUMEN TOTAL'!R23 -> 0 | K18: ='RESUMEN TOTAL'!S23 -> 0 | L18: ='RESUMEN TOTAL'!T23 -> 0 | M18: ='RESUMEN TOTAL'!U23 -> 0 | ... AI18: ='RESUMEN TOTAL'!AQ23 -> 0 | AJ18: ='RESUMEN TOTAL'!#REF! -> #REF!
A19: ='RESUMEN TOTAL'!A24 -> BOSQUES CENTRO | B19: ='RESUMEN TOTAL'!B24 -> BOSQC 01 | C19: ='RESUMEN TOTAL'!D24 -> LUIS AGOTE E/DANUNCIO Y CAMPOAMOR | D19: ='RESUMEN TOTAL'!E24 -> Fija | E19: ='RESUMEN TOTAL'!F24 -> PTO A FO | F19: ='RESUMEN TOTAL'!N24 -> 0 | G19: ='RESUMEN TOTAL'!O24 -> 0 | H19: ='RESUMEN TOTAL'!P24 -> 0 | I19: ='RESUMEN TOTAL'!Q24 -> 0 | J19: ='RESUMEN TOTAL'!R24 -> 0 | K19: ='RESUMEN TOTAL'!S24 -> APAGADO | L19: ='RESUMEN TOTAL'!T24 -> 0 | M19: ='RESUMEN TOTAL'!U24 -> 0 | ... AI19: ='RESUMEN TOTAL'!AQ24 -> 0 | AJ19: ='RESUMEN TOTAL'!#REF! -> #REF!
A20: ='RESUMEN TOTAL'!A25 -> BOSQUES CENTRO | B20: ='RESUMEN TOTAL'!B25 -> BOSQC 02 | C20: ='RESUMEN TOTAL'!D25 -> LUIS AGOTE E/DANUNCIO Y CAMPOAMOR | D20: ='RESUMEN TOTAL'!E25 -> Fija | E20: ='RESUMEN TOTAL'!F25 -> PTO A FO | F20: ='RESUMEN TOTAL'!N25 -> 0 | G20: ='RESUMEN TOTAL'!O25 -> 0 | H20: ='RESUMEN TOTAL'!P25 -> 0 | I20: ='RESUMEN TOTAL'!Q25 -> 0 | J20: ='RESUMEN TOTAL'!R25 -> 0 | K20: ='RESUMEN TOTAL'!S25 -> APAGADO | L20: ='RESUMEN TOTAL'!T25 -> 0 | M20: ='RESUMEN TOTAL'!U25 -> 0 | ... AI20: ='RESUMEN TOTAL'!AQ25 -> 0 | AJ20: ='RESUMEN TOTAL'!#REF! -> #REF!
A21: ='RESUMEN TOTAL'!A26 -> BOSQUES CENTRO | B21: ='RESUMEN TOTAL'!B26 -> BOSQC 03 | C21: ='RESUMEN TOTAL'!D26 -> BENAVENTE Y LUIS AGOTE | D21: ='RESUMEN TOTAL'!E26 -> Fija | E21: ='RESUMEN TOTAL'!F26 -> PTO A FO | F21: ='RESUMEN TOTAL'!N26 -> APAGADO | G21: ='RESUMEN TOTAL'!O26 -> 0 | H21: ='RESUMEN TOTAL'!P26 -> 0 | I21: ='RESUMEN TOTAL'!Q26 -> 0 | J21: ='RESUMEN TOTAL'!R26 -> 0 | K21: ='RESUMEN TOTAL'!S26 -> APAGADO | L21: ='RESUMEN TOTAL'!T26 -> APAGADO | M21: ='RESUMEN TOTAL'!U26 -> 0 | ... AI21: ='RESUMEN TOTAL'!AQ26 -> 0 | AJ21: ='RESUMEN TOTAL'!#REF! -> #REF!
A22: ='RESUMEN TOTAL'!A27 -> BOSQUES CENTRO | B22: ='RESUMEN TOTAL'!B27 -> BOSQC 04 | C22: ='RESUMEN TOTAL'!D27 -> BENAVENTE Y LUIS AGOTE | D22: ='RESUMEN TOTAL'!E27 -> Fija | E22: ='RESUMEN TOTAL'!F27 -> PTO A FO | F22: ='RESUMEN TOTAL'!N27 -> 0 | G22: ='RESUMEN TOTAL'!O27 -> 0 | H22: ='RESUMEN TOTAL'!P27 -> 0 | I22: ='RESUMEN TOTAL'!Q27 -> 0 | J22: ='RESUMEN TOTAL'!R27 -> 0 | K22: ='RESUMEN TOTAL'!S27 -> APAGADO | L22: ='RESUMEN TOTAL'!T27 -> 0 | M22: ='RESUMEN TOTAL'!U27 -> 0 | ... AI22: ='RESUMEN TOTAL'!AQ27 -> 0 | AJ22: ='RESUMEN TOTAL'!#REF! -> #REF!
A23: ='RESUMEN TOTAL'!A28 -> BOSQUES CENTRO | B23: ='RESUMEN TOTAL'!B28 -> BOSQC 05 | C23: ='RESUMEN TOTAL'!D28 -> LUIS AGOTE Y RUTA 36 | D23: ='RESUMEN TOTAL'!E28 -> Fija | E23: ='RESUMEN TOTAL'!F28 -> PTO A FO | F23: ='RESUMEN TOTAL'!N28 -> 0 | G23: ='RESUMEN TOTAL'!O28 -> 0 | H23: ='RESUMEN TOTAL'!P28 -> 0 | I23: ='RESUMEN TOTAL'!Q28 -> 0 | J23: ='RESUMEN TOTAL'!R28 -> 0 | K23: ='RESUMEN TOTAL'!S28 -> 0 | L23: ='RESUMEN TOTAL'!T28 -> 0 | M23: ='RESUMEN TOTAL'!U28 -> 0 | ... AI23: ='RESUMEN TOTAL'!AQ28 -> 0 | AJ23: ='RESUMEN TOTAL'!#REF! -> #REF!
A24: ='RESUMEN TOTAL'!A29 -> BOSQUES CENTRO | B24: ='RESUMEN TOTAL'!B29 -> BOSQC 06 | C24: ='RESUMEN TOTAL'!D29 -> LUIS AGOTE Y RUTA 36 | D24: ='RESUMEN TOTAL'!E29 -> Fija | E24: ='RESUMEN TOTAL'!F29 -> PTO A FO | F24: ='RESUMEN TOTAL'!N29 -> 0 | G24: ='RESUMEN TOTAL'!O29 -> 0 | H24: ='RESUMEN TOTAL'!P29 -> 0 | I24: ='RESUMEN TOTAL'!Q29 -> 0 | J24: ='RESUMEN TOTAL'!R29 -> 0 | K24: ='RESUMEN TOTAL'!S29 -> APAGADO | L24: ='RESUMEN TOTAL'!T29 -> 0 | M24: ='RESUMEN TOTAL'!U29 -> 0 | ... AI24: ='RESUMEN TOTAL'!AQ29 -> 0 | AJ24: ='RESUMEN TOTAL'!#REF! -> #REF!
A25: ='RESUMEN TOTAL'!A47 -> CENTRO | B25: ='RESUMEN TOTAL'!B47 -> CEN01 | C25: ='RESUMEN TOTAL'!D47 -> San Martin y 9 de Julio | D25: ='RESUMEN TOTAL'!E47 -> Fija | E25: ='RESUMEN TOTAL'!F47 -> Fibra Optica | F25: ='RESUMEN TOTAL'!N47 -> 0 | G25: ='RESUMEN TOTAL'!O47 -> 0 | H25: ='RESUMEN TOTAL'!P47 -> 0 | I25: ='RESUMEN TOTAL'!Q47 -> 0 | J25: ='RESUMEN TOTAL'!R47 -> 0 | K25: ='RESUMEN TOTAL'!S47 -> 0 | L25: ='RESUMEN TOTAL'!T47 -> 0 | M25: ='RESUMEN TOTAL'!U47 -> 0 | ... AI25: ='RESUMEN TOTAL'!AQ47 -> 0 | AJ25: ='RESUMEN TOTAL'!#REF! -> #REF!
A26: ='RESUMEN TOTAL'!A48 -> CENTRO | B26: ='RESUMEN TOTAL'!B48 -> CEN02 | C26: ='RESUMEN TOTAL'!D48 -> San Martin y Almafuerte | D26: ='RESUMEN TOTAL'!E48 -> Fija | E26: ='RESUMEN TOTAL'!F48 -> Fibra Optica | F26: ='RESUMEN TOTAL'!N48 -> 0 | G26: ='RESUMEN TOTAL'!O48 -> 0 | H26: ='RESUMEN TOTAL'!P48 -> 0 | I26: ='RESUMEN TOTAL'!Q48 -> 0 | J26: ='RESUMEN TOTAL'!R48 -> 0 | K26: ='RESUMEN TOTAL'!S48 -> 0 | L26: ='RESUMEN TOTAL'!T48 -> 0 | M26: ='RESUMEN TOTAL'!U48 -> 0 | ... AI26: ='RESUMEN TOTAL'!AQ48 -> 0 | AJ26: ='RESUMEN TOTAL'!#REF! -> #REF!
A27: ='RESUMEN TOTAL'!A49 -> CENTRO | B27: ='RESUMEN TOTAL'!B49 -> CEN03 | C27: ='RESUMEN TOTAL'!D49 -> San Martin y Sallares | D27: ='RESUMEN TOTAL'!E49 -> Domo | E27: ='RESUMEN TOTAL'!F49 -> Fibra Optica | F27: ='RESUMEN TOTAL'!N49 -> 0 | G27: ='RESUMEN TOTAL'!O49 -> 0 | H27: ='RESUMEN TOTAL'!P49 -> 0 | I27: ='RESUMEN TOTAL'!Q49 -> 0 | J27: ='RESUMEN TOTAL'!R49 -> 0 | K27: ='RESUMEN TOTAL'!S49 -> 0 | L27: ='RESUMEN TOTAL'!T49 -> 0 | M27: ='RESUMEN TOTAL'!U49 -> 0 | ... AI27: ='RESUMEN TOTAL'!AQ49 -> 0 | AJ27: ='RESUMEN TOTAL'!#REF! -> #REF!
A28: ='RESUMEN TOTAL'!A50 -> CENTRO | B28: ='RESUMEN TOTAL'!B50 -> CEN04 | C28: ='RESUMEN TOTAL'!D50 -> San Martin y Contreras | D28: ='RESUMEN TOTAL'!E50 -> Domo | E28: ='RESUMEN TOTAL'!F50 -> Fibra Optica | F28: ='RESUMEN TOTAL'!N50 -> 0 | G28: ='RESUMEN TOTAL'!O50 -> 0 | H28: ='RESUMEN TOTAL'!P50 -> 0 | I28: ='RESUMEN TOTAL'!Q50 -> 0 | J28: ='RESUMEN TOTAL'!R50 -> 0 | K28: ='RESUMEN TOTAL'!S50 -> 0 | L28: ='RESUMEN TOTAL'!T50 -> APAGADO | M28: ='RESUMEN TOTAL'!U50 -> 0 | ... AI28: ='RESUMEN TOTAL'!AQ50 -> 0 | AJ28: ='RESUMEN TOTAL'!#REF! -> #REF!
A29: ='RESUMEN TOTAL'!A51 -> CENTRO | B29: ='RESUMEN TOTAL'!B51 -> CEN 05 | C29: ='RESUMEN TOTAL'!D51 -> Bocuzzi e/España y San Martin | D29: ='RESUMEN TOTAL'!E51 -> DOMO | E29: ='RESUMEN TOTAL'!F51 -> Fibra Optica | F29: ='RESUMEN TOTAL'!N51 -> 0 | G29: ='RESUMEN TOTAL'!O51 -> 0 | H29: ='RESUMEN TOTAL'!P51 -> 0 | I29: ='RESUMEN TOTAL'!Q51 -> 0 | J29: ='RESUMEN TOTAL'!R51 -> 0 | K29: ='RESUMEN TOTAL'!S51 -> 0 | L29: ='RESUMEN TOTAL'!T51 -> 0 | M29: ='RESUMEN TOTAL'!U51 -> 0 | ... AI29: ='RESUMEN TOTAL'!AQ51 -> 0 | AJ29: ='RESUMEN TOTAL'!#REF! -> #REF!
A30: ='RESUMEN TOTAL'!A52 -> CENTRO | B30: ='RESUMEN TOTAL'!B52 -> CEN06 | C30: ='RESUMEN TOTAL'!D52 -> Monteagudo y A.del Valle | D30: ='RESUMEN TOTAL'!E52 -> Fija | E30: ='RESUMEN TOTAL'!F52 -> Fibra Optica | F30: ='RESUMEN TOTAL'!N52 -> 0 | G30: ='RESUMEN TOTAL'!O52 -> 0 | H30: ='RESUMEN TOTAL'!P52 -> 0 | I30: ='RESUMEN TOTAL'!Q52 -> 0 | J30: ='RESUMEN TOTAL'!R52 -> 0 | K30: ='RESUMEN TOTAL'!S52 -> APAGADO | L30: ='RESUMEN TOTAL'!T52 -> APAGADO | M30: ='RESUMEN TOTAL'!U52 -> 0 | ... AI30: ='RESUMEN TOTAL'!AQ52 -> 0 | AJ30: ='RESUMEN TOTAL'!#REF! -> #REF!
A31: ='RESUMEN TOTAL'!A53 -> CENTRO | B31: ='RESUMEN TOTAL'!B53 -> CEN07 | C31: ='RESUMEN TOTAL'!D53 -> San Martin y Guemes | D31: ='RESUMEN TOTAL'!E53 -> DOMO | E31: ='RESUMEN TOTAL'!F53 -> Fibra Optica | F31: ='RESUMEN TOTAL'!N53 -> 0 | G31: ='RESUMEN TOTAL'!O53 -> 0 | H31: ='RESUMEN TOTAL'!P53 -> 0 | I31: ='RESUMEN TOTAL'!Q53 -> 0 | J31: ='RESUMEN TOTAL'!R53 -> 0 | K31: ='RESUMEN TOTAL'!S53 -> 0 | L31: ='RESUMEN TOTAL'!T53 -> 0 | M31: ='RESUMEN TOTAL'!U53 -> 0 | ... AI31: ='RESUMEN TOTAL'!AQ53 -> 0 | AJ31: ='RESUMEN TOTAL'!#REF! -> #REF!
A32: ='RESUMEN TOTAL'!A54 -> CENTRO | B32: ='RESUMEN TOTAL'!B54 -> CEN08 | C32: ='RESUMEN TOTAL'!D54 -> San Martin y Pte.Peron | D32: ='RESUMEN TOTAL'!E54 -> Domo | E32: ='RESUMEN TOTAL'!F54 -> Fibra Optica | F32: ='RESUMEN TOTAL'!N54 -> 0 | G32: ='RESUMEN TOTAL'!O54 -> 0 | H32: ='RESUMEN TOTAL'!P54 -> 0 | I32: ='RESUMEN TOTAL'!Q54 -> 0 | J32: ='RESUMEN TOTAL'!R54 -> 0 | K32: ='RESUMEN TOTAL'!S54 -> 0 | L32: ='RESUMEN TOTAL'!T54 -> 0 | M32: ='RESUMEN TOTAL'!U54 -> 0 | ... AI32: ='RESUMEN TOTAL'!AQ54 -> 0 | AJ32: ='RESUMEN TOTAL'!#REF! -> #REF!
A33: ='RESUMEN TOTAL'!A55 -> CENTRO | B33: ='RESUMEN TOTAL'!B55 -> CEN09 | C33: ='RESUMEN TOTAL'!D55 -> Chacabuco y 25 de Mayo | D33: ='RESUMEN TOTAL'!E55 -> Domo | E33: ='RESUMEN TOTAL'!F55 -> Fibra Optica | F33: ='RESUMEN TOTAL'!N55 -> 0 | G33: ='RESUMEN TOTAL'!O55 -> 0 | H33: ='RESUMEN TOTAL'!P55 -> 0 | I33: ='RESUMEN TOTAL'!Q55 -> 0 | J33: ='RESUMEN TOTAL'!R55 -> 0 | K33: ='RESUMEN TOTAL'!S55 -> 0 | L33: ='RESUMEN TOTAL'!T55 -> 0 | M33: ='RESUMEN TOTAL'!U55 -> 0 | ... AI33: ='RESUMEN TOTAL'!AQ55 -> 0 | AJ33: ='RESUMEN TOTAL'!#REF! -> #REF!
A34: ='RESUMEN TOTAL'!A56 -> CENTRO | B34: ='RESUMEN TOTAL'!B56 -> CEN10 | C34: ='RESUMEN TOTAL'!D56 -> Monteagudo y Pte. Peron | D34: ='RESUMEN TOTAL'!E56 -> Domo | E34: ='RESUMEN TOTAL'!F56 -> Fibra Optica | F34: ='RESUMEN TOTAL'!N56 -> 0 | G34: ='RESUMEN TOTAL'!O56 -> 0 | H34: ='RESUMEN TOTAL'!P56 -> 0 | I34: ='RESUMEN TOTAL'!Q56 -> 0 | J34: ='RESUMEN TOTAL'!R56 -> 0 | K34: ='RESUMEN TOTAL'!S56 -> 0 | L34: ='RESUMEN TOTAL'!T56 -> 0 | M34: ='RESUMEN TOTAL'!U56 -> 0 | ... AI34: ='RESUMEN TOTAL'!AQ56 -> 0 | AJ34: ='RESUMEN TOTAL'!#REF! -> #REF!
A35: ='RESUMEN TOTAL'!A57 -> CENTRO | B35: ='RESUMEN TOTAL'!B57 -> CEN11 | C35: ='RESUMEN TOTAL'!D57 -> Monteagudo y Bocuzzi | D35: ='RESUMEN TOTAL'!E57 -> Domo | E35: ='RESUMEN TOTAL'!F57 -> Fibra Optica | F35: ='RESUMEN TOTAL'!N57 -> 0 | G35: ='RESUMEN TOTAL'!O57 -> 0 | H35: ='RESUMEN TOTAL'!P57 -> 0 | I35: ='RESUMEN TOTAL'!Q57 -> 0 | J35: ='RESUMEN TOTAL'!R57 -> 0 | K35: ='RESUMEN TOTAL'!S57 -> 0 | L35: ='RESUMEN TOTAL'!T57 -> 0 | M35: ='RESUMEN TOTAL'!U57 -> 0 | ... AI35: ='RESUMEN TOTAL'!AQ57 -> 0 | AJ35: ='RESUMEN TOTAL'!#REF! -> #REF!
A36: ='RESUMEN TOTAL'!A58 -> CENTRO | B36: ='RESUMEN TOTAL'!B58 -> CEN 12 | C36: ='RESUMEN TOTAL'!D58 -> Monteagudo y Mitre | D36: ='RESUMEN TOTAL'!E58 -> Domo | E36: ='RESUMEN TOTAL'!F58 -> Fibra Optica | F36: ='RESUMEN TOTAL'!N58 -> 0 | G36: ='RESUMEN TOTAL'!O58 -> 0 | H36: ='RESUMEN TOTAL'!P58 -> 0 | I36: ='RESUMEN TOTAL'!Q58 -> 0 | J36: ='RESUMEN TOTAL'!R58 -> 0 | K36: ='RESUMEN TOTAL'!S58 -> 0 | L36: ='RESUMEN TOTAL'!T58 -> 0 | M36: ='RESUMEN TOTAL'!U58 -> 0 | ... AI36: ='RESUMEN TOTAL'!AQ58 -> 0 | AJ36: ='RESUMEN TOTAL'!#REF! -> #REF!
... A71: ='RESUMEN TOTAL'!A93 -> CENTRO | B71: ='RESUMEN TOTAL'!B93 -> CEN47 | C71: ='RESUMEN TOTAL'!D93 -> Sallares y Brown | D71: ='RESUMEN TOTAL'!E93 -> Domo | E71: ='RESUMEN TOTAL'!F93 -> Fibra Optica | F71: ='RESUMEN TOTAL'!N93 -> 0 | G71: ='RESUMEN TOTAL'!O93 -> 0 | H71: ='RESUMEN TOTAL'!P93 -> 0 | I71: ='RESUMEN TOTAL'!Q93 -> 0 | J71: ='RESUMEN TOTAL'!R93 -> 0 | K71: ='RESUMEN TOTAL'!S93 -> 0 | L71: ='RESUMEN TOTAL'!T93 -> 0 | M71: ='RESUMEN TOTAL'!U93 -> 0 | ... AI71: ='RESUMEN TOTAL'!AQ93 -> 0 | AJ71: ='RESUMEN TOTAL'!#REF! -> #REF!
A72: ='RESUMEN TOTAL'!A94 -> CENTRO | B72: ='RESUMEN TOTAL'!B94 -> CEN48 | C72: ='RESUMEN TOTAL'!D94 -> Velez Sarsfield y Las Heras | D72: ='RESUMEN TOTAL'!E94 -> Domo | E72: ='RESUMEN TOTAL'!F94 -> GPON | F72: ='RESUMEN TOTAL'!N94 -> 0 | G72: ='RESUMEN TOTAL'!O94 -> 0 | H72: ='RESUMEN TOTAL'!P94 -> 0 | I72: ='RESUMEN TOTAL'!Q94 -> 0 | J72: ='RESUMEN TOTAL'!R94 -> 0 | K72: ='RESUMEN TOTAL'!S94 -> 0 | L72: ='RESUMEN TOTAL'!T94 -> 0 | M72: ='RESUMEN TOTAL'!U94 -> 0 | ... Z72: ='RESUMEN TOTAL'!AH94 -> 0 | AA72: ='RESUMEN TOTAL'!#REF! -> #REF! | AB72: ='RESUMEN TOTAL'!AJ94 -> 0 | AC72: ='RESUMEN TOTAL'!AK94 -> 0 | AD72: ='RESUMEN TOTAL'!AL94 -> 0 | AE72: ='RESUMEN TOTAL'!AM94 -> 0 | AF72: ='RESUMEN TOTAL'!AN94 -> 0 | AG72: ='RESUMEN TOTAL'!AO94 -> 0 | AH72: ='RESUMEN TOTAL'!AP94 -> 0 | AI72: ='RESUMEN TOTAL'!AQ94 -> 0 | AJ72: ='RESUMEN TOTAL'!#REF! -> #REF!
A73: ='RESUMEN TOTAL'!A95 -> CENTRO | B73: ='RESUMEN TOTAL'!B95 -> CEN49 | C73: ='RESUMEN TOTAL'!D95 -> Av. San Martin y Florencio Sanchez | D73: ='RESUMEN TOTAL'!E95 -> Domo | E73: ='RESUMEN TOTAL'!F95 -> Fibra Optica | F73: ='RESUMEN TOTAL'!N95 -> APAGADO | G73: ='RESUMEN TOTAL'!O95 -> 0 | H73: ='RESUMEN TOTAL'!P95 -> 0 | I73: ='RESUMEN TOTAL'!Q95 -> 0 | J73: ='RESUMEN TOTAL'!R95 -> 0 | K73: ='RESUMEN TOTAL'!S95 -> APAGADO | L73: ='RESUMEN TOTAL'!T95 -> APAGADO | M73: ='RESUMEN TOTAL'!U95 -> 0 | ... AI73: ='RESUMEN TOTAL'!AQ95 -> 0 | AJ73: ='RESUMEN TOTAL'!#REF! -> #REF!
A74: ='RESUMEN TOTAL'!A96 -> CENTRO | B74: ='RESUMEN TOTAL'!B96 -> CEN 50 | C74: ='RESUMEN TOTAL'!D96 -> Av. San Martin y Newbery | D74: ='RESUMEN TOTAL'!E96 -> Domo | E74: ='RESUMEN TOTAL'!F96 -> GPON | F74: ='RESUMEN TOTAL'!N96 -> APAGADO | G74: ='RESUMEN TOTAL'!O96 -> 0 | H74: ='RESUMEN TOTAL'!P96 -> 0 | I74: ='RESUMEN TOTAL'!Q96 -> 0 | J74: ='RESUMEN TOTAL'!R96 -> 0 | K74: ='RESUMEN TOTAL'!S96 -> APAGADO | L74: ='RESUMEN TOTAL'!T96 -> APAGADO | M74: ='RESUMEN TOTAL'!U96 -> 0 | ... AI74: ='RESUMEN TOTAL'!AQ96 -> 0 | AJ74: ='RESUMEN TOTAL'!#REF! -> #REF!
A75: ='RESUMEN TOTAL'!A97 -> CENTRO | B75: ='RESUMEN TOTAL'!B97 -> CEN 51 | C75: ='RESUMEN TOTAL'!D97 -> ILLIA Y LAS HERAS | D75: ='RESUMEN TOTAL'!E97 -> FIJA | E75: ='RESUMEN TOTAL'!F97 -> GPON | F75: ='RESUMEN TOTAL'!N97 -> 0 | G75: ='RESUMEN TOTAL'!O97 -> 0 | H75: ='RESUMEN TOTAL'!P97 -> 0 | I75: ='RESUMEN TOTAL'!Q97 -> 0 | J75: ='RESUMEN TOTAL'!R97 -> 0 | K75: ='RESUMEN TOTAL'!S97 -> 0 | L75: ='RESUMEN TOTAL'!T97 -> 0 | M75: ='RESUMEN TOTAL'!U97 -> 0 | ... AI75: ='RESUMEN TOTAL'!AQ97 -> 0 | AJ75: ='RESUMEN TOTAL'!#REF! -> #REF!
A76: ='RESUMEN TOTAL'!A98 -> CENTRO | B76: ='RESUMEN TOTAL'!B98 -> CEN52 | C76: ='RESUMEN TOTAL'!D98 -> San Martin y Almafuerte (ex San Martin y Dorrego) | D76: ='RESUMEN TOTAL'!E98 -> DOMO | E76: ='RESUMEN TOTAL'!F98 -> GPON | F76: ='RESUMEN TOTAL'!N98 -> 0 | G76: ='RESUMEN TOTAL'!O98 -> 0 | H76: ='RESUMEN TOTAL'!P98 -> 0 | I76: ='RESUMEN TOTAL'!Q98 -> 0 | J76: ='RESUMEN TOTAL'!R98 -> 0 | K76: ='RESUMEN TOTAL'!S98 -> 0 | L76: ='RESUMEN TOTAL'!T98 -> 0 | M76: ='RESUMEN TOTAL'!U98 -> 0 | ... AI76: ='RESUMEN TOTAL'!AQ98 -> 0 | AJ76: ='RESUMEN TOTAL'!#REF! -> #REF!
A77: ='RESUMEN TOTAL'!A99 -> CENTRO | B77: ='RESUMEN TOTAL'!B99 -> CEN 53 | C77: ='RESUMEN TOTAL'!D99 -> GUTIERREZ Y BROWN | D77: ='RESUMEN TOTAL'!E99 -> Domo | E77: ='RESUMEN TOTAL'!F99 -> GPON | F77: ='RESUMEN TOTAL'!N99 -> 0 | G77: ='RESUMEN TOTAL'!O99 -> 0 | H77: ='RESUMEN TOTAL'!P99 -> 0 | I77: ='RESUMEN TOTAL'!Q99 -> 0 | J77: ='RESUMEN TOTAL'!R99 -> 0 | K77: ='RESUMEN TOTAL'!S99 -> 0 | L77: ='RESUMEN TOTAL'!T99 -> 0 | M77: ='RESUMEN TOTAL'!U99 -> 0 | ... AI77: ='RESUMEN TOTAL'!AQ99 -> 0 | AJ77: ='RESUMEN TOTAL'!#REF! -> #REF!
A78: ='RESUMEN TOTAL'!A100 -> CENTRO | B78: ='RESUMEN TOTAL'!B100 -> CEN 54 | C78: ='RESUMEN TOTAL'!D100 -> GUTIERREZ Y PRINGLES | D78: ='RESUMEN TOTAL'!E100 -> Domo | E78: ='RESUMEN TOTAL'!F100 -> GPON | F78: ='RESUMEN TOTAL'!N100 -> 0 | G78: ='RESUMEN TOTAL'!O100 -> 0 | H78: ='RESUMEN TOTAL'!P100 -> 0 | I78: ='RESUMEN TOTAL'!Q100 -> 0 | J78: ='RESUMEN TOTAL'!R100 -> 0 | K78: ='RESUMEN TOTAL'!S100 -> 0 | L78: ='RESUMEN TOTAL'!T100 -> APAGADO | M78: ='RESUMEN TOTAL'!U100 -> 0 | ... AI78: ='RESUMEN TOTAL'!AQ100 -> 0 | AJ78: ='RESUMEN TOTAL'!#REF! -> #REF!
A79: ='RESUMEN TOTAL'!A101 -> CENTRO | B79: ='RESUMEN TOTAL'!B101 -> CEN 55 | C79: ='RESUMEN TOTAL'!D101 -> BOUREL Y URQUIZA | D79: ='RESUMEN TOTAL'!E101 -> Domo | E79: ='RESUMEN TOTAL'!F101 -> GPON | F79: ='RESUMEN TOTAL'!N101 -> 0 | G79: ='RESUMEN TOTAL'!O101 -> 0 | H79: ='RESUMEN TOTAL'!P101 -> 0 | I79: ='RESUMEN TOTAL'!Q101 -> 0 | J79: ='RESUMEN TOTAL'!R101 -> 0 | K79: ='RESUMEN TOTAL'!S101 -> 0 | L79: ='RESUMEN TOTAL'!T101 -> 0 | M79: ='RESUMEN TOTAL'!U101 -> 0 | ... AI79: ='RESUMEN TOTAL'!AQ101 -> 0 | AJ79: ='RESUMEN TOTAL'!#REF! -> #REF!
A80: ='RESUMEN TOTAL'!A102 -> CENTRO | B80: ='RESUMEN TOTAL'!B102 -> CEN 56 | C80: ='RESUMEN TOTAL'!D102 -> Newbery y Falucho | D80: ='RESUMEN TOTAL'!E102 -> DOMO | E80: ='RESUMEN TOTAL'!F102 -> GPON | F80: ='RESUMEN TOTAL'!N102 -> 0 | G80: ='RESUMEN TOTAL'!O102 -> 0 | H80: ='RESUMEN TOTAL'!P102 -> 0 | I80: ='RESUMEN TOTAL'!Q102 -> 0 | J80: ='RESUMEN TOTAL'!R102 -> 0 | K80: ='RESUMEN TOTAL'!S102 -> 0 | L80: ='RESUMEN TOTAL'!T102 -> 0 | M80: ='RESUMEN TOTAL'!U102 -> 0 | ... AI80: ='RESUMEN TOTAL'!AQ102 -> 0 | AJ80: ='RESUMEN TOTAL'!#REF! -> #REF!
A81: ='RESUMEN TOTAL'!A103 -> CENTRO | B81: ='RESUMEN TOTAL'!B103 -> CEN 57 | C81: ='RESUMEN TOTAL'!D103 -> 25 DE MAYO Y DORREGO | D81: ='RESUMEN TOTAL'!E103 -> DOMO | E81: ='RESUMEN TOTAL'!F103 -> GPON | F81: ='RESUMEN TOTAL'!N103 -> 0 | G81: ='RESUMEN TOTAL'!O103 -> 0 | H81: ='RESUMEN TOTAL'!P103 -> 0 | I81: ='RESUMEN TOTAL'!Q103 -> 0 | J81: ='RESUMEN TOTAL'!R103 -> 0 | K81: ='RESUMEN TOTAL'!S103 -> 0 | L81: ='RESUMEN TOTAL'!T103 -> 0 | M81: ='RESUMEN TOTAL'!U103 -> 0 | ... AI81: ='RESUMEN TOTAL'!AQ103 -> 0 | AJ81: ='RESUMEN TOTAL'!#REF! -> #REF!
A82: ='RESUMEN TOTAL'!A104 -> CENTRO | B82: ='RESUMEN TOTAL'!B104 -> CEN 58 | C82: ='RESUMEN TOTAL'!D104 -> EEUU Y MORENO | D82: ='RESUMEN TOTAL'!E104 -> DOMO | E82: ='RESUMEN TOTAL'!F104 -> Fibra Optica | F82: ='RESUMEN TOTAL'!N104 -> 0 | G82: ='RESUMEN TOTAL'!O104 -> 0 | H82: ='RESUMEN TOTAL'!P104 -> 0 | I82: ='RESUMEN TOTAL'!Q104 -> 0 | J82: ='RESUMEN TOTAL'!R104 -> 0 | K82: ='RESUMEN TOTAL'!S104 -> 0 | L82: ='RESUMEN TOTAL'!T104 -> 0 | M82: ='RESUMEN TOTAL'!U104 -> 0 | ... AI82: ='RESUMEN TOTAL'!AQ104 -> 0 | AJ82: ='RESUMEN TOTAL'!#REF! -> #REF!
A83: ='RESUMEN TOTAL'!A105 -> CENTRO | B83: ='RESUMEN TOTAL'!B105 -> CEN59 | C83: ='RESUMEN TOTAL'!D105 -> CHACABUCO Y BOUREL | D83: ='RESUMEN TOTAL'!E105 -> DOMO | E83: ='RESUMEN TOTAL'!F105 -> GPON | F83: ='RESUMEN TOTAL'!N105 -> 0 | G83: ='RESUMEN TOTAL'!O105 -> 0 | H83: ='RESUMEN TOTAL'!P105 -> 0 | I83: ='RESUMEN TOTAL'!Q105 -> 0 | J83: ='RESUMEN TOTAL'!R105 -> 0 | K83: ='RESUMEN TOTAL'!S105 -> 0 | L83: ='RESUMEN TOTAL'!T105 -> 0 | M83: ='RESUMEN TOTAL'!U105 -> 0 | ... AI83: ='RESUMEN TOTAL'!AQ105 -> 0 | AJ83: ='RESUMEN TOTAL'!#REF! -> #REF!
A84: ='RESUMEN TOTAL'!A106 -> CENTRO | B84: ='RESUMEN TOTAL'!B106 -> CEN 60 | C84: ='RESUMEN TOTAL'!D106 -> RECONQUISTA Y ILLIA | D84: ='RESUMEN TOTAL'!E106 -> DOMO | E84: ='RESUMEN TOTAL'!F106 -> PTO A FO | F84: ='RESUMEN TOTAL'!N106 -> 0 | G84: ='RESUMEN TOTAL'!O106 -> 0 | H84: ='RESUMEN TOTAL'!P106 -> 0 | I84: ='RESUMEN TOTAL'!Q106 -> 0 | J84: ='RESUMEN TOTAL'!R106 -> 0 | K84: ='RESUMEN TOTAL'!S106 -> 0 | L84: ='RESUMEN TOTAL'!T106 -> 0 | M84: ='RESUMEN TOTAL'!U106 -> 0 | ... AI84: ='RESUMEN TOTAL'!AQ106 -> 0 | AJ84: ='RESUMEN TOTAL'!#REF! -> #REF!
... A97: ='RESUMEN TOTAL'!A119 -> CENTRO | B97: ='RESUMEN TOTAL'!B119 -> CEN73 | C97: ='RESUMEN TOTAL'!D119 -> BOUREL Y DEFENSA | D97: ='RESUMEN TOTAL'!E119 -> DOMO | E97: ='RESUMEN TOTAL'!F119 -> Fibra Optica | F97: ='RESUMEN TOTAL'!N119 -> 0 | G97: ='RESUMEN TOTAL'!O119 -> 0 | H97: ='RESUMEN TOTAL'!P119 -> 0 | I97: ='RESUMEN TOTAL'!Q119 -> 0 | J97: ='RESUMEN TOTAL'!R119 -> 0 | K97: ='RESUMEN TOTAL'!S119 -> 0 | L97: ='RESUMEN TOTAL'!T119 -> 0 | M97: ='RESUMEN TOTAL'!U119 -> 0 | ... AI97: ='RESUMEN TOTAL'!AQ119 -> 0 | AJ97: ='RESUMEN TOTAL'!#REF! -> #REF!
A98: ='RESUMEN TOTAL'!A120 -> CENTRO | B98: ='RESUMEN TOTAL'!B120 -> CEN74 | C98: ='RESUMEN TOTAL'!D120 -> Las Heras y Maipu | D98: ='RESUMEN TOTAL'!E120 -> Domo | E98: ='RESUMEN TOTAL'!F120 -> Fibra Optica | F98: ='RESUMEN TOTAL'!N120 -> 0 | G98: ='RESUMEN TOTAL'!O120 -> 0 | H98: ='RESUMEN TOTAL'!P120 -> 0 | I98: ='RESUMEN TOTAL'!Q120 -> 0 | J98: ='RESUMEN TOTAL'!R120 -> 0 | K98: ='RESUMEN TOTAL'!S120 -> 0 | L98: ='RESUMEN TOTAL'!T120 -> 0 | M98: ='RESUMEN TOTAL'!U120 -> 0 | N98: ='RESUMEN TOTAL'!V120 -> 0 | O98: ='RESUMEN TOTAL'!W121 -> 0 | P98: ='RESUMEN TOTAL'!X120 -> 0 | Q98: ='RESUMEN TOTAL'!Y120 -> 0 | R98: ='RESUMEN TOTAL'!Z120 -> 0 | S98: ='RESUMEN TOTAL'!AA120 -> 0 | T98: ='RESUMEN TOTAL'!AB120 -> 0 | U98: ='RESUMEN TOTAL'!AC120 -> 0 | V98: ='RESUMEN TOTAL'!AD120 -> 0 | W98: ='RESUMEN TOTAL'!AE120 -> 0 | ... AI98: ='RESUMEN TOTAL'!AQ120 -> 0 | AJ98: ='RESUMEN TOTAL'!#REF! -> #REF!
A99: ='RESUMEN TOTAL'!A121 -> CENTRO | B99: ='RESUMEN TOTAL'!B121 -> CEN 75 | C99: ='RESUMEN TOTAL'!D121 -> 25 DE MAYO Y CASTELLI | D99: ='RESUMEN TOTAL'!E121 -> Domo | E99: ='RESUMEN TOTAL'!F121 -> GPON | F99: ='RESUMEN TOTAL'!N121 -> 0 | G99: ='RESUMEN TOTAL'!O121 -> 0 | H99: ='RESUMEN TOTAL'!P121 -> 0 | I99: ='RESUMEN TOTAL'!Q121 -> 0 | J99: ='RESUMEN TOTAL'!R121 -> 0 | K99: ='RESUMEN TOTAL'!S121 -> 0 | L99: ='RESUMEN TOTAL'!T121 -> 0 | M99: ='RESUMEN TOTAL'!U121 -> 0 | N99: ='RESUMEN TOTAL'!V121 -> 0 | O99: ='RESUMEN TOTAL'!#REF! -> #REF! | P99: ='RESUMEN TOTAL'!X121 -> 0 | Q99: ='RESUMEN TOTAL'!Y121 -> 0 | R99: ='RESUMEN TOTAL'!Z121 -> 0 | S99: ='RESUMEN TOTAL'!AA121 -> 0 | T99: ='RESUMEN TOTAL'!AB121 -> 0 | U99: ='RESUMEN TOTAL'!AC121 -> 0 | V99: ='RESUMEN TOTAL'!AD121 -> 0 | W99: ='RESUMEN TOTAL'!AE121 -> 0 | ... AI99: ='RESUMEN TOTAL'!AQ121 -> 0 | AJ99: ='RESUMEN TOTAL'!#REF! -> #REF!
A100: ='RESUMEN TOTAL'!A122 -> CENTRO | B100: ='RESUMEN TOTAL'!B122 -> CEN 76 | C100: ='RESUMEN TOTAL'!D122 -> ESPAÑA E/MITRE Y BOCUZZI | D100: ='RESUMEN TOTAL'!E122 -> Fija | E100: ='RESUMEN TOTAL'!F122 -> Fibra Optica | F100: ='RESUMEN TOTAL'!N122 -> 0 | G100: ='RESUMEN TOTAL'!O122 -> 0 | H100: ='RESUMEN TOTAL'!P122 -> 0 | I100: ='RESUMEN TOTAL'!Q122 -> 0 | J100: ='RESUMEN TOTAL'!R122 -> 0 | K100: ='RESUMEN TOTAL'!S122 -> 0 | L100: ='RESUMEN TOTAL'!T122 -> 0 | M100: ='RESUMEN TOTAL'!U122 -> 0 | ... AI100: ='RESUMEN TOTAL'!AQ122 -> 0 | AJ100: ='RESUMEN TOTAL'!#REF! -> #REF!
A101: ='RESUMEN TOTAL'!A123 -> CENTRO | B101: ='RESUMEN TOTAL'!B123 -> CEN 77 | C101: ='RESUMEN TOTAL'!D123 -> Monteagudo e/ Mitre y Boccuzzi | D101: ='RESUMEN TOTAL'!E123 -> Fija | E101: ='RESUMEN TOTAL'!F123 -> Fibra Optica | F101: ='RESUMEN TOTAL'!N123 -> 0 | G101: ='RESUMEN TOTAL'!O123 -> 0 | H101: ='RESUMEN TOTAL'!P123 -> 0 | I101: ='RESUMEN TOTAL'!Q123 -> 0 | J101: ='RESUMEN TOTAL'!R123 -> 0 | K101: ='RESUMEN TOTAL'!S123 -> 0 | L101: ='RESUMEN TOTAL'!T123 -> 0 | M101: ='RESUMEN TOTAL'!U123 -> 0 | ... AI101: ='RESUMEN TOTAL'!AQ123 -> 0 | AJ101: ='RESUMEN TOTAL'!#REF! -> #REF!
A102: ='RESUMEN TOTAL'!A124 -> CENTRO | B102: ='RESUMEN TOTAL'!B124 -> CEN 78 | C102: ='RESUMEN TOTAL'!D124 -> Mitre e/Monteagudo y Alberdi | D102: ='RESUMEN TOTAL'!E124 -> Fija | E102: ='RESUMEN TOTAL'!F124 -> Fibra Optica | F102: ='RESUMEN TOTAL'!N124 -> 0 | G102: ='RESUMEN TOTAL'!O124 -> 0 | H102: ='RESUMEN TOTAL'!P124 -> 0 | I102: ='RESUMEN TOTAL'!Q124 -> 0 | J102: ='RESUMEN TOTAL'!R124 -> 0 | K102: ='RESUMEN TOTAL'!S124 -> 0 | L102: ='RESUMEN TOTAL'!T124 -> 0 | M102: ='RESUMEN TOTAL'!U124 -> 0 | ... AI102: ='RESUMEN TOTAL'!AQ124 -> 0 | AJ102: ='RESUMEN TOTAL'!#REF! -> #REF!
A103: ='RESUMEN TOTAL'!A125 -> CENTRO | B103: ='RESUMEN TOTAL'!B125 -> CEN 79 | C103: ='RESUMEN TOTAL'!D125 -> Diag. Constituyente y Brown | D103: ='RESUMEN TOTAL'!E125 -> Fija | E103: ='RESUMEN TOTAL'!F125 -> Fibra Optica | F103: ='RESUMEN TOTAL'!N125 -> 0 | G103: ='RESUMEN TOTAL'!O125 -> 0 | H103: ='RESUMEN TOTAL'!P125 -> 0 | I103: ='RESUMEN TOTAL'!Q125 -> 0 | J103: ='RESUMEN TOTAL'!R125 -> 0 | K103: ='RESUMEN TOTAL'!S125 -> 0 | L103: ='RESUMEN TOTAL'!T125 -> 0 | M103: ='RESUMEN TOTAL'!U125 -> 0 | ... AI103: ='RESUMEN TOTAL'!AQ125 -> 0 | AJ103: ='RESUMEN TOTAL'!#REF! -> #REF!
A104: ='RESUMEN TOTAL'!A126 -> CENTRO | B104: ='RESUMEN TOTAL'!B126 -> CEN 80 | C104: ='RESUMEN TOTAL'!D126 -> Diag. Constituyente y Brown | D104: ='RESUMEN TOTAL'!E126 -> Fija | E104: ='RESUMEN TOTAL'!F126 -> Fibra Optica | F104: ='RESUMEN TOTAL'!N126 -> 0 | G104: ='RESUMEN TOTAL'!O126 -> 0 | H104: ='RESUMEN TOTAL'!P126 -> 0 | I104: ='RESUMEN TOTAL'!Q126 -> 0 | J104: ='RESUMEN TOTAL'!R126 -> 0 | K104: ='RESUMEN TOTAL'!S126 -> 0 | L104: ='RESUMEN TOTAL'!T126 -> 0 | M104: ='RESUMEN TOTAL'!U126 -> 0 | ... AI104: ='RESUMEN TOTAL'!AQ126 -> 0 | AJ104: ='RESUMEN TOTAL'!#REF! -> #REF!
A105: ='RESUMEN TOTAL'!A127 -> CENTRO | B105: ='RESUMEN TOTAL'!B127 -> CEN 81 | C105: ='RESUMEN TOTAL'!D127 -> Alberdi y A.del Valle | D105: ='RESUMEN TOTAL'!E127 -> Fija | E105: ='RESUMEN TOTAL'!F127 -> Fibra Optica | F105: ='RESUMEN TOTAL'!N127 -> 0 | G105: ='RESUMEN TOTAL'!O127 -> 0 | H105: ='RESUMEN TOTAL'!P127 -> 0 | I105: ='RESUMEN TOTAL'!Q127 -> 0 | J105: ='RESUMEN TOTAL'!R127 -> 0 | K105: ='RESUMEN TOTAL'!S127 -> 0 | L105: ='RESUMEN TOTAL'!T127 -> 0 | M105: ='RESUMEN TOTAL'!U127 -> 0 | ... AI105: ='RESUMEN TOTAL'!AQ127 -> 0 | AJ105: ='RESUMEN TOTAL'!#REF! -> #REF!
A106: ='RESUMEN TOTAL'!A128 -> CENTRO | B106: ='RESUMEN TOTAL'!B128 -> CEN 82 | C106: ='RESUMEN TOTAL'!D128 -> DORREGO Y BOUREL | D106: ='RESUMEN TOTAL'!E128 -> Domo | E106: ='RESUMEN TOTAL'!F128 -> GPON | F106: ='RESUMEN TOTAL'!N128 -> 0 | G106: ='RESUMEN TOTAL'!O128 -> 0 | H106: ='RESUMEN TOTAL'!P128 -> 0 | I106: ='RESUMEN TOTAL'!Q128 -> 0 | J106: ='RESUMEN TOTAL'!R128 -> 0 | K106: ='RESUMEN TOTAL'!S128 -> 0 | L106: ='RESUMEN TOTAL'!T128 -> 0 | M106: ='RESUMEN TOTAL'!U128 -> 0 | ... AI106: ='RESUMEN TOTAL'!AQ128 -> 0 | AJ106: ='RESUMEN TOTAL'!#REF! -> #REF!
A107: ='RESUMEN TOTAL'!A129 -> CENTRO | B107: ='RESUMEN TOTAL'!B129 -> CEN83 | C107: ='RESUMEN TOTAL'!D129 -> RECONQUISTA Y 25 DE MAYO | D107: ='RESUMEN TOTAL'!E129 -> Domo | E107: ='RESUMEN TOTAL'!F129 -> GPON | F107: ='RESUMEN TOTAL'!N129 -> 0 | G107: ='RESUMEN TOTAL'!O129 -> 0 | H107: ='RESUMEN TOTAL'!P129 -> 0 | I107: ='RESUMEN TOTAL'!Q129 -> 0 | J107: ='RESUMEN TOTAL'!R129 -> 0 | K107: ='RESUMEN TOTAL'!S129 -> 0 | L107: ='RESUMEN TOTAL'!T129 -> 0 | M107: ='RESUMEN TOTAL'!U129 -> 0 | ... AI107: ='RESUMEN TOTAL'!AQ129 -> 0 | AJ107: ='RESUMEN TOTAL'!#REF! -> #REF!
A108: ='RESUMEN TOTAL'!A130 -> CENTRO | B108: ='RESUMEN TOTAL'!B130 -> CEN 84 | C108: ='RESUMEN TOTAL'!D130 -> 25 DE MAYO Y MAIPU | D108: ='RESUMEN TOTAL'!E130 -> Fija | E108: ='RESUMEN TOTAL'!F130 -> GPON | F108: ='RESUMEN TOTAL'!N130 -> 0 | G108: ='RESUMEN TOTAL'!O130 -> 0 | H108: ='RESUMEN TOTAL'!P130 -> 0 | I108: ='RESUMEN TOTAL'!Q130 -> 0 | J108: ='RESUMEN TOTAL'!R130 -> 0 | K108: ='RESUMEN TOTAL'!S130 -> 0 | L108: ='RESUMEN TOTAL'!T130 -> 0 | M108: ='RESUMEN TOTAL'!U130 -> 0 | ... AI108: ='RESUMEN TOTAL'!AQ130 -> 0 | AJ108: ='RESUMEN TOTAL'!#REF! -> #REF!
A109: ='RESUMEN TOTAL'!A131 -> CENTRO | B109: ='RESUMEN TOTAL'!B131 -> CEN 85 | C109: ='RESUMEN TOTAL'!D131 -> PTE PERON E/ PRINGLES Y BROWN | D109: ='RESUMEN TOTAL'!E131 -> Fija | E109: ='RESUMEN TOTAL'!F131 -> Fibra Optica | F109: ='RESUMEN TOTAL'!N131 -> 0 | G109: ='RESUMEN TOTAL'!O131 -> 0 | H109: ='RESUMEN TOTAL'!P131 -> 0 | I109: ='RESUMEN TOTAL'!Q131 -> 0 | J109: ='RESUMEN TOTAL'!R131 -> 0 | K109: ='RESUMEN TOTAL'!S131 -> 0 | L109: ='RESUMEN TOTAL'!T131 -> 0 | M109: ='RESUMEN TOTAL'!U131 -> 0 | ... AI109: ='RESUMEN TOTAL'!AQ131 -> 0 | AJ109: ='RESUMEN TOTAL'!#REF! -> #REF!
A110: ='RESUMEN TOTAL'!A132 -> CENTRO | B110: ='RESUMEN TOTAL'!B132 -> CEN 86 | C110: ='RESUMEN TOTAL'!D132 -> Monteagudo y Bocuzzi | D110: ='RESUMEN TOTAL'!E132 -> Fija | E110: ='RESUMEN TOTAL'!F132 -> Fibra Optica | F110: ='RESUMEN TOTAL'!N132 -> 0 | G110: ='RESUMEN TOTAL'!O132 -> 0 | H110: ='RESUMEN TOTAL'!P132 -> 0 | I110: ='RESUMEN TOTAL'!Q132 -> 0 | J110: ='RESUMEN TOTAL'!R132 -> 0 | K110: ='RESUMEN TOTAL'!S132 -> 0 | L110: ='RESUMEN TOTAL'!T132 -> 0 | M110: ='RESUMEN TOTAL'!U132 -> 0 | ... AI110: ='RESUMEN TOTAL'!AQ132 -> 0 | AJ110: ='RESUMEN TOTAL'!#REF! -> #REF!
A111: ='RESUMEN TOTAL'!A147 -> SAN NICOLAS | B111: ='RESUMEN TOTAL'!B147 -> CHA01 | C111: ='RESUMEN TOTAL'!D147 -> Novak y Pte Illia | D111: ='RESUMEN TOTAL'!E147 -> Domo | E111: ='RESUMEN TOTAL'!F147 -> PTO A FO | F111: ='RESUMEN TOTAL'!N147 -> 0 | G111: ='RESUMEN TOTAL'!O147 -> 0 | H111: ='RESUMEN TOTAL'!P147 -> 0 | I111: ='RESUMEN TOTAL'!Q147 -> 0 | J111: ='RESUMEN TOTAL'!R147 -> 0 | K111: ='RESUMEN TOTAL'!S147 -> 0 | L111: ='RESUMEN TOTAL'!T147 -> 0 | M111: ='RESUMEN TOTAL'!U147 -> 0 | ... AI111: ='RESUMEN TOTAL'!AQ147 -> 0 | AJ111: ='RESUMEN TOTAL'!#REF! -> #REF!
A112: ='RESUMEN TOTAL'!A148 -> CHACABUCO | B112: ='RESUMEN TOTAL'!B148 -> CHA02 | C112: ='RESUMEN TOTAL'!D148 -> Pte. Illia y Posadas | D112: ='RESUMEN TOTAL'!E148 -> Domo | E112: ='RESUMEN TOTAL'!F148 -> PTO A FO | F112: ='RESUMEN TOTAL'!N148 -> 0 | G112: ='RESUMEN TOTAL'!O148 -> 0 | H112: ='RESUMEN TOTAL'!P148 -> 0 | I112: ='RESUMEN TOTAL'!Q148 -> 0 | J112: ='RESUMEN TOTAL'!R148 -> 0 | K112: ='RESUMEN TOTAL'!S148 -> 0 | L112: ='RESUMEN TOTAL'!T148 -> 0 | M112: ='RESUMEN TOTAL'!U148 -> 0 | ... AI112: ='RESUMEN TOTAL'!AQ148 -> 0 | AJ112: ='RESUMEN TOTAL'!#REF! -> #REF!
A113: ='RESUMEN TOTAL'!A149 -> CHACABUCO | B113: ='RESUMEN TOTAL'!B149 -> CHA03 | C113: ='RESUMEN TOTAL'!D149 -> MAIPU Y ALVAREZ THOMAS | D113: ='RESUMEN TOTAL'!E149 -> DOMO | E113: ='RESUMEN TOTAL'!F149 -> Fibra Optica | F113: ='RESUMEN TOTAL'!N149 -> 0 | G113: ='RESUMEN TOTAL'!O149 -> 0 | H113: ='RESUMEN TOTAL'!P149 -> 0 | I113: ='RESUMEN TOTAL'!Q149 -> 0 | J113: ='RESUMEN TOTAL'!R149 -> 0 | K113: ='RESUMEN TOTAL'!S149 -> 0 | L113: ='RESUMEN TOTAL'!T149 -> 0 | M113: ='RESUMEN TOTAL'!U149 -> 0 | ... AI113: ='RESUMEN TOTAL'!AQ149 -> 0 | AJ113: ='RESUMEN TOTAL'!#REF! -> #REF!
A114: ='RESUMEN TOTAL'!A150 -> CHACABUCO | B114: ='RESUMEN TOTAL'!B150 -> CHA04 | C114: ='RESUMEN TOTAL'!D150 -> ESTADOS UNIDOS DE A. E ILLIA | D114: ='RESUMEN TOTAL'!E150 -> DOMO | E114: ='RESUMEN TOTAL'!F150 -> Fibra Optica | F114: ='RESUMEN TOTAL'!N150 -> 0 | G114: ='RESUMEN TOTAL'!O150 -> 0 | H114: ='RESUMEN TOTAL'!P150 -> 0 | I114: ='RESUMEN TOTAL'!Q150 -> 0 | J114: ='RESUMEN TOTAL'!R150 -> 0 | K114: ='RESUMEN TOTAL'!S150 -> 0 | L114: ='RESUMEN TOTAL'!T150 -> 0 | M114: ='RESUMEN TOTAL'!U150 -> 0 | ... AI114: ='RESUMEN TOTAL'!AQ150 -> 0 | AJ114: ='RESUMEN TOTAL'!#REF! -> #REF!
A115: ='RESUMEN TOTAL'!A151 -> VILLA MONICA NUEVA | B115: ='RESUMEN TOTAL'!B151 -> COL01 | C115: ='RESUMEN TOTAL'!D151 -> Eva Peron y Cariboni | D115: ='RESUMEN TOTAL'!E151 -> Domo | E115: ='RESUMEN TOTAL'!F151 -> Fibra Optica | F115: ='RESUMEN TOTAL'!N151 -> APAGADO | G115: ='RESUMEN TOTAL'!O151 -> 0 | H115: ='RESUMEN TOTAL'!P151 -> 0 | I115: ='RESUMEN TOTAL'!Q151 -> 0 | J115: ='RESUMEN TOTAL'!R151 -> 0 | K115: ='RESUMEN TOTAL'!S151 -> 0 | L115: ='RESUMEN TOTAL'!T151 -> 0 | M115: ='RESUMEN TOTAL'!U151 -> 0 | ... AI115: ='RESUMEN TOTAL'!AQ151 -> 0 | AJ115: ='RESUMEN TOTAL'!#REF! -> #REF!
A116: ='RESUMEN TOTAL'!A152 -> LA COLORADA ESTE | B116: ='RESUMEN TOTAL'!B152 -> COL02 | C116: ='RESUMEN TOTAL'!D152 -> Av. Eva Peron y Pompeya | D116: ='RESUMEN TOTAL'!E152 -> Domo | E116: ='RESUMEN TOTAL'!F152 -> PTO A FO | F116: ='RESUMEN TOTAL'!N152 -> APAGADO | G116: ='RESUMEN TOTAL'!O152 -> 0 | H116: ='RESUMEN TOTAL'!P152 -> 0 | I116: ='RESUMEN TOTAL'!Q152 -> 0 | J116: ='RESUMEN TOTAL'!R152 -> 0 | K116: ='RESUMEN TOTAL'!S152 -> APAGADO | L116: ='RESUMEN TOTAL'!T152 -> APAGADO | M116: ='RESUMEN TOTAL'!U152 -> 0 | ... AI116: ='RESUMEN TOTAL'!AQ152 -> 0 | AJ116: ='RESUMEN TOTAL'!#REF! -> #REF!
A117: ='RESUMEN TOTAL'!A153 -> LA COLORADA ESTE | B117: ='RESUMEN TOTAL'!B153 -> COL 03 | C117: ='RESUMEN TOTAL'!D153 -> CARIBONI Y LA ANCIANIDAD | D117: ='RESUMEN TOTAL'!E153 -> DOMO | E117: ='RESUMEN TOTAL'!F153 -> Radio | F117: ='RESUMEN TOTAL'!N153 -> 0 | G117: ='RESUMEN TOTAL'!O153 -> 0 | H117: ='RESUMEN TOTAL'!P153 -> 0 | I117: ='RESUMEN TOTAL'!Q153 -> 0 | J117: ='RESUMEN TOTAL'!R153 -> 0 | K117: ='RESUMEN TOTAL'!S153 -> 0 | L117: ='RESUMEN TOTAL'!T153 -> 0 | M117: ='RESUMEN TOTAL'!U153 -> 0 | ... AI117: ='RESUMEN TOTAL'!AQ153 -> 0 | AJ117: ='RESUMEN TOTAL'!#REF! -> #REF!
A118: ='RESUMEN TOTAL'!A154 -> LA COLORADA ESTE | B118: ='RESUMEN TOTAL'!B154 -> COL 04 | C118: ='RESUMEN TOTAL'!D154 -> EVA PERON Y SAVIO | D118: ='RESUMEN TOTAL'!E154 -> Domo | E118: ='RESUMEN TOTAL'!F154 -> Fibra Optica | F118: ='RESUMEN TOTAL'!N154 -> APAGADO | G118: ='RESUMEN TOTAL'!O154 -> 0 | H118: ='RESUMEN TOTAL'!P154 -> 0 | I118: ='RESUMEN TOTAL'!Q154 -> 0 | J118: ='RESUMEN TOTAL'!R154 -> 0 | K118: ='RESUMEN TOTAL'!S154 -> 0 | L118: ='RESUMEN TOTAL'!T154 -> 0 | M118: ='RESUMEN TOTAL'!U154 -> 0 | ... AI118: ='RESUMEN TOTAL'!AQ154 -> 0 | AJ118: ='RESUMEN TOTAL'!#REF! -> #REF!
A119: ='RESUMEN TOTAL'!A155 -> DON JOSE | B119: ='RESUMEN TOTAL'!B155 -> DJO01 | C119: ='RESUMEN TOTAL'!D155 -> Monteverde y Donato Alvarez | D119: ='RESUMEN TOTAL'!E155 -> Domo | E119: ='RESUMEN TOTAL'!F155 -> GPON | F119: ='RESUMEN TOTAL'!N155 -> 0 | G119: ='RESUMEN TOTAL'!O155 -> 0 | H119: ='RESUMEN TOTAL'!P155 -> 0 | I119: ='RESUMEN TOTAL'!Q155 -> 0 | J119: ='RESUMEN TOTAL'!R155 -> 0 | K119: ='RESUMEN TOTAL'!S155 -> 0 | L119: ='RESUMEN TOTAL'!T155 -> 0 | M119: ='RESUMEN TOTAL'!U155 -> 0 | ... AI119: ='RESUMEN TOTAL'!AQ155 -> 0 | AJ119: ='RESUMEN TOTAL'!#REF! -> #REF!
A120: ='RESUMEN TOTAL'!A156 -> DON JOSE | B120: ='RESUMEN TOTAL'!B156 -> DJO 02 (fija 1) | C120: ='RESUMEN TOTAL'!D156 -> DONATO ALVAREZ Y EL APERO | D120: ='RESUMEN TOTAL'!E156 -> Fija | E120: ='RESUMEN TOTAL'!F156 -> PTO A FO | F120: ='RESUMEN TOTAL'!N156 -> 0 | G120: ='RESUMEN TOTAL'!O156 -> 0 | H120: ='RESUMEN TOTAL'!P156 -> 0 | I120: ='RESUMEN TOTAL'!Q156 -> 0 | J120: ='RESUMEN TOTAL'!R156 -> 0 | K120: ='RESUMEN TOTAL'!S156 -> 0 | L120: ='RESUMEN TOTAL'!T156 -> 0 | M120: ='RESUMEN TOTAL'!U156 -> 0 | ... AI120: ='RESUMEN TOTAL'!AQ156 -> 0 | AJ120: ='RESUMEN TOTAL'!#REF! -> #REF!
A121: ='RESUMEN TOTAL'!A157 -> DON JOSE | B121: ='RESUMEN TOTAL'!B157 -> DJO 03 (fija 2) | C121: ='RESUMEN TOTAL'!D157 -> DONATO ALVAREZ Y EL APERO | D121: ='RESUMEN TOTAL'!E157 -> Fija | E121: ='RESUMEN TOTAL'!F157 -> PTO A FO | F121: ='RESUMEN TOTAL'!N157 -> 0 | G121: ='RESUMEN TOTAL'!O157 -> 0 | H121: ='RESUMEN TOTAL'!P157 -> 0 | I121: ='RESUMEN TOTAL'!Q157 -> 0 | J121: ='RESUMEN TOTAL'!R157 -> 0 | K121: ='RESUMEN TOTAL'!S157 -> 0 | L121: ='RESUMEN TOTAL'!T157 -> 0 | M121: ='RESUMEN TOTAL'!U157 -> 0 | ... AI121: ='RESUMEN TOTAL'!AQ157 -> 0 | AJ121: ='RESUMEN TOTAL'!#REF! -> #REF!
A122: ='RESUMEN TOTAL'!A158 -> DON JOSE | B122: ='RESUMEN TOTAL'!B158 -> DJO 04 (Fija 1) | C122: ='RESUMEN TOTAL'!D158 -> MONTEVERDE Y EL INDIO | D122: ='RESUMEN TOTAL'!E158 -> Fija | E122: ='RESUMEN TOTAL'!F158 -> GPON | F122: ='RESUMEN TOTAL'!N158 -> 0 | G122: ='RESUMEN TOTAL'!O158 -> 0 | H122: ='RESUMEN TOTAL'!P158 -> 0 | I122: ='RESUMEN TOTAL'!Q158 -> 0 | J122: ='RESUMEN TOTAL'!R158 -> 0 | K122: ='RESUMEN TOTAL'!S158 -> 0 | L122: ='RESUMEN TOTAL'!T158 -> 0 | M122: ='RESUMEN TOTAL'!U158 -> 0 | ... AI122: ='RESUMEN TOTAL'!AQ158 -> 0 | AJ122: ='RESUMEN TOTAL'!#REF! -> #REF!
... A125: ='RESUMEN TOTAL'!A161 -> DON JOSE | B125: ='RESUMEN TOTAL'!B161 -> DJ 07 | C125: ='RESUMEN TOTAL'!D161 -> Calle 414 y El Indio | D125: ='RESUMEN TOTAL'!E161 -> Fija | E125: ='RESUMEN TOTAL'!F161 -> PTO A FO | F125: ='RESUMEN TOTAL'!N161 -> 0 | G125: ='RESUMEN TOTAL'!O161 -> 0 | H125: ='RESUMEN TOTAL'!P161 -> 0 | I125: ='RESUMEN TOTAL'!Q161 -> 0 | J125: ='RESUMEN TOTAL'!R161 -> 0 | K125: ='RESUMEN TOTAL'!S161 -> 0 | L125: ='RESUMEN TOTAL'!T161 -> 0 | M125: ='RESUMEN TOTAL'!U161 -> 0 | ... AI125: ='RESUMEN TOTAL'!AQ161 -> 0 | AJ125: ='RESUMEN TOTAL'!#REF! -> #REF!
A126: ='RESUMEN TOTAL'!A167 -> EL PARQUE | B126: ='RESUMEN TOTAL'!B167 -> EPQ 01 | C126: ='RESUMEN TOTAL'!D167 -> 1282 Y GRIERSON | D126: ='RESUMEN TOTAL'!E167 -> DOMO | E126: ='RESUMEN TOTAL'!F167 -> Fibra Optica | F126: ='RESUMEN TOTAL'!N167 -> APAGADO | G126: ='RESUMEN TOTAL'!O167 -> 0 | H126: ='RESUMEN TOTAL'!P167 -> 0 | I126: ='RESUMEN TOTAL'!Q167 -> 0 | J126: ='RESUMEN TOTAL'!R167 -> 0 | K126: ='RESUMEN TOTAL'!S167 -> APAGADO | L126: ='RESUMEN TOTAL'!T167 -> APAGADO | M126: ='RESUMEN TOTAL'!U167 -> 0 | ... AI126: ='RESUMEN TOTAL'!AQ167 -> 0 | AJ126: ='RESUMEN TOTAL'!#REF! -> #REF!
A127: ='RESUMEN TOTAL'!A168 -> EL PARQUE | B127: ='RESUMEN TOTAL'!B168 -> EPQ 02 | C127: ='RESUMEN TOTAL'!D168 -> 1282 Y MASSE | D127: ='RESUMEN TOTAL'!E168 -> DOMO | E127: ='RESUMEN TOTAL'!F168 -> Fibra Optica | F127: ='RESUMEN TOTAL'!N168 -> 0 | G127: ='RESUMEN TOTAL'!O168 -> 0 | H127: ='RESUMEN TOTAL'!P168 -> 0 | I127: ='RESUMEN TOTAL'!Q168 -> 0 | J127: ='RESUMEN TOTAL'!R168 -> 0 | K127: ='RESUMEN TOTAL'!S168 -> 0 | L127: ='RESUMEN TOTAL'!T168 -> 0 | M127: ='RESUMEN TOTAL'!U168 -> 0 | ... AI127: ='RESUMEN TOTAL'!AQ168 -> 0 | AJ127: ='RESUMEN TOTAL'!#REF! -> #REF!
A128: ='RESUMEN TOTAL'!A169 -> EL PARQUE | B128: ='RESUMEN TOTAL'!B169 -> EPQ 03 | C128: ='RESUMEN TOTAL'!D169 -> 1282 Y RP 36 | D128: ='RESUMEN TOTAL'!E169 -> Domo | E128: ='RESUMEN TOTAL'!F169 -> Fibra Optica | F128: ='RESUMEN TOTAL'!N169 -> 0 | G128: ='RESUMEN TOTAL'!O169 -> 0 | H128: ='RESUMEN TOTAL'!P169 -> 0 | I128: ='RESUMEN TOTAL'!Q169 -> 0 | J128: ='RESUMEN TOTAL'!R169 -> 0 | K128: ='RESUMEN TOTAL'!S169 -> 0 | L128: ='RESUMEN TOTAL'!T169 -> 0 | M128: ='RESUMEN TOTAL'!U169 -> 0 | ... AI128: ='RESUMEN TOTAL'!AQ169 -> 0 | AJ128: ='RESUMEN TOTAL'!#REF! -> #REF!
A129: ='RESUMEN TOTAL'!A170 -> EL PARQUE | B129: ='RESUMEN TOTAL'!B170 -> EPQ 04 | C129: ='RESUMEN TOTAL'!D170 -> 1282 Y MORENO | D129: ='RESUMEN TOTAL'!E170 -> DOMO | E129: ='RESUMEN TOTAL'!F170 -> Fibra Optica | F129: ='RESUMEN TOTAL'!N170 -> 0 | G129: ='RESUMEN TOTAL'!O170 -> 0 | H129: ='RESUMEN TOTAL'!P170 -> 0 | I129: ='RESUMEN TOTAL'!Q170 -> 0 | J129: ='RESUMEN TOTAL'!R170 -> 0 | K129: ='RESUMEN TOTAL'!S170 -> 0 | L129: ='RESUMEN TOTAL'!T170 -> 0 | M129: ='RESUMEN TOTAL'!U170 -> 0 | ... AI129: ='RESUMEN TOTAL'!AQ170 -> 0 | AJ129: ='RESUMEN TOTAL'!#REF! -> #REF!
A130: ='RESUMEN TOTAL'!A173 -> LA ESMERALDA | B130: ='RESUMEN TOTAL'!B173 -> ESM01 | C130: ='RESUMEN TOTAL'!D173 -> Cabello y Brasil | D130: ='RESUMEN TOTAL'!E173 -> Domo | E130: ='RESUMEN TOTAL'!F173 -> PTO A FO | F130: ='RESUMEN TOTAL'!N173 -> 0 | G130: ='RESUMEN TOTAL'!O173 -> 0 | H130: ='RESUMEN TOTAL'!P173 -> 0 | I130: ='RESUMEN TOTAL'!Q173 -> 0 | J130: ='RESUMEN TOTAL'!R173 -> 0 | K130: ='RESUMEN TOTAL'!S173 -> 0 | L130: ='RESUMEN TOTAL'!T173 -> 0 | M130: ='RESUMEN TOTAL'!U173 -> 0 | ... AI130: ='RESUMEN TOTAL'!AQ173 -> 0 | AJ130: ='RESUMEN TOTAL'!#REF! -> #REF!
A131: ='RESUMEN TOTAL'!A174 -> SAN JORGE | B131: ='RESUMEN TOTAL'!B174 -> ESM02 | C131: ='RESUMEN TOTAL'!D174 -> Novak y Cabello | D131: ='RESUMEN TOTAL'!E174 -> Domo | E131: ='RESUMEN TOTAL'!F174 -> PTO A FO | F131: ='RESUMEN TOTAL'!N174 -> 0 | G131: ='RESUMEN TOTAL'!O174 -> 0 | H131: ='RESUMEN TOTAL'!P174 -> 0 | I131: ='RESUMEN TOTAL'!Q174 -> 0 | J131: ='RESUMEN TOTAL'!R174 -> 0 | K131: ='RESUMEN TOTAL'!S174 -> 0 | L131: ='RESUMEN TOTAL'!T174 -> 0 | M131: ='RESUMEN TOTAL'!U174 -> 0 | ... AI131: ='RESUMEN TOTAL'!AQ174 -> 0 | AJ131: ='RESUMEN TOTAL'!#REF! -> #REF!
A132: ='RESUMEN TOTAL'!A175 -> SAN JORGE | B132: ='RESUMEN TOTAL'!B175 -> ESM03 | C132: ='RESUMEN TOTAL'!D175 -> Novak y Humahuaca | D132: ='RESUMEN TOTAL'!E175 -> DOMO | E132: ='RESUMEN TOTAL'!F175 -> PTO A FO | F132: ='RESUMEN TOTAL'!N175 -> 0 | G132: ='RESUMEN TOTAL'!O175 -> 0 | H132: ='RESUMEN TOTAL'!P175 -> 0 | I132: ='RESUMEN TOTAL'!Q175 -> 0 | J132: ='RESUMEN TOTAL'!R175 -> 0 | K132: ='RESUMEN TOTAL'!S175 -> 0 | L132: ='RESUMEN TOTAL'!T175 -> 0 | M132: ='RESUMEN TOTAL'!U175 -> 0 | ... AI132: ='RESUMEN TOTAL'!AQ175 -> 0 | AJ132: ='RESUMEN TOTAL'!#REF! -> #REF!
A133: ='RESUMEN TOTAL'!A176 -> LA ESMERALDA | B133: ='RESUMEN TOTAL'!B176 -> ESM04 | C133: ='RESUMEN TOTAL'!D176 -> Basualdo y Bengochea | D133: ='RESUMEN TOTAL'!E176 -> Domo | E133: ='RESUMEN TOTAL'!F176 -> Fibra Optica | F133: ='RESUMEN TOTAL'!N176 -> 0 | G133: ='RESUMEN TOTAL'!O176 -> 0 | H133: ='RESUMEN TOTAL'!P176 -> 0 | I133: ='RESUMEN TOTAL'!Q176 -> 0 | J133: ='RESUMEN TOTAL'!R176 -> 0 | K133: ='RESUMEN TOTAL'!S176 -> 0 | L133: ='RESUMEN TOTAL'!T176 -> 0 | M133: ='RESUMEN TOTAL'!U176 -> 0 | ... AI133: ='RESUMEN TOTAL'!AQ176 -> 0 | AJ133: ='RESUMEN TOTAL'!#REF! -> #REF!
A134: ='RESUMEN TOTAL'!A177 -> LA ESMERALDA | B134: ='RESUMEN TOTAL'!B177 -> ESM05 | C134: ='RESUMEN TOTAL'!D177 -> Aniceto Diaz y Villar | D134: ='RESUMEN TOTAL'!E177 -> Domo | E134: ='RESUMEN TOTAL'!F177 -> Fibra Optica | F134: ='RESUMEN TOTAL'!N177 -> 0 | G134: ='RESUMEN TOTAL'!O177 -> 0 | H134: ='RESUMEN TOTAL'!P177 -> 0 | I134: ='RESUMEN TOTAL'!Q177 -> 0 | J134: ='RESUMEN TOTAL'!R177 -> 0 | K134: ='RESUMEN TOTAL'!S177 -> 0 | L134: ='RESUMEN TOTAL'!T177 -> 0 | M134: ='RESUMEN TOTAL'!U177 -> 0 | ... AI134: ='RESUMEN TOTAL'!AQ177 -> 0 | AJ134: ='RESUMEN TOTAL'!#REF! -> #REF!
A135: ='RESUMEN TOTAL'!A178 -> LA ESMERALDA | B135: ='RESUMEN TOTAL'!B178 -> ESM06 | C135: ='RESUMEN TOTAL'!D178 -> Roselli y Cabello | D135: ='RESUMEN TOTAL'!E178 -> Domo | E135: ='RESUMEN TOTAL'!F178 -> GPON | F135: ='RESUMEN TOTAL'!N178 -> APAGADO | G135: ='RESUMEN TOTAL'!O178 -> 0 | H135: ='RESUMEN TOTAL'!P178 -> 0 | I135: ='RESUMEN TOTAL'!Q178 -> 0 | J135: ='RESUMEN TOTAL'!R178 -> 0 | K135: ='RESUMEN TOTAL'!S178 -> APAGADO | L135: ='RESUMEN TOTAL'!T178 -> APAGADO | M135: ='RESUMEN TOTAL'!U178 -> 0 | ... AI135: ='RESUMEN TOTAL'!AQ178 -> 0 | AJ135: ='RESUMEN TOTAL'!#REF! -> #REF!
A136: ='RESUMEN TOTAL'!A179 -> LA ESMERALDA | B136: ='RESUMEN TOTAL'!B179 -> ESM07 | C136: ='RESUMEN TOTAL'!D179 -> AV. NOVAK Y SERRANO | D136: ='RESUMEN TOTAL'!E179 -> DOMO | E136: ='RESUMEN TOTAL'!F179 -> PTO A FO | F136: ='RESUMEN TOTAL'!N179 -> 0 | G136: ='RESUMEN TOTAL'!O179 -> 0 | H136: ='RESUMEN TOTAL'!P179 -> 0 | I136: ='RESUMEN TOTAL'!Q179 -> 0 | J136: ='RESUMEN TOTAL'!R179 -> 0 | K136: ='RESUMEN TOTAL'!S179 -> 0 | L136: ='RESUMEN TOTAL'!T179 -> 0 | M136: ='RESUMEN TOTAL'!U179 -> 0 | ... AI136: ='RESUMEN TOTAL'!AQ179 -> 0 | AJ136: ='RESUMEN TOTAL'!#REF! -> #REF!
A137: ='RESUMEN TOTAL'!A180 -> LA ESMERALDA | B137: ='RESUMEN TOTAL'!B180 -> ESM 08 | C137: ='RESUMEN TOTAL'!D180 -> DAVINSON Y MORANCHEL | D137: ='RESUMEN TOTAL'!E180 -> FIJA | E137: ='RESUMEN TOTAL'!F180 -> Radio | F137: ='RESUMEN TOTAL'!N180 -> 0 | G137: ='RESUMEN TOTAL'!O180 -> 0 | H137: ='RESUMEN TOTAL'!P180 -> 0 | I137: ='RESUMEN TOTAL'!Q180 -> 0 | J137: ='RESUMEN TOTAL'!R180 -> 0 | K137: ='RESUMEN TOTAL'!S180 -> 0 | L137: ='RESUMEN TOTAL'!T180 -> 0 | M137: ='RESUMEN TOTAL'!U180 -> 0 | ... AI137: ='RESUMEN TOTAL'!AQ180 -> 0 | AJ137: ='RESUMEN TOTAL'!#REF! -> #REF!
A138: ='RESUMEN TOTAL'!A181 -> LA ESMERALDA | B138: ='RESUMEN TOTAL'!B181 -> ESM09 (fija 1) | C138: ='RESUMEN TOTAL'!D181 -> EEUU Y CABELLO | D138: ='RESUMEN TOTAL'!E181 -> Fija | E138: ='RESUMEN TOTAL'!F181 -> Fibra Optica | F138: ='RESUMEN TOTAL'!N181 -> 0 | G138: ='RESUMEN TOTAL'!O181 -> 0 | H138: ='RESUMEN TOTAL'!P181 -> 0 | I138: ='RESUMEN TOTAL'!Q181 -> 0 | J138: ='RESUMEN TOTAL'!R181 -> 0 | K138: ='RESUMEN TOTAL'!S181 -> 0 | L138: ='RESUMEN TOTAL'!T181 -> 0 | M138: ='RESUMEN TOTAL'!U181 -> 0 | ... AI138: ='RESUMEN TOTAL'!AQ181 -> 0 | AJ138: ='RESUMEN TOTAL'!#REF! -> #REF!
A139: ='RESUMEN TOTAL'!A182 -> LA ESMERALDA | B139: ='RESUMEN TOTAL'!B182 -> ESM10 (fija 2) | C139: ='RESUMEN TOTAL'!D182 -> EEUU Y CABELLO | D139: ='RESUMEN TOTAL'!E182 -> Fija | E139: ='RESUMEN TOTAL'!F182 -> Fibra Optica | F139: ='RESUMEN TOTAL'!N182 -> 0 | G139: ='RESUMEN TOTAL'!O182 -> 0 | H139: ='RESUMEN TOTAL'!P182 -> 0 | I139: ='RESUMEN TOTAL'!Q182 -> 0 | J139: ='RESUMEN TOTAL'!R182 -> 0 | K139: ='RESUMEN TOTAL'!S182 -> 0 | L139: ='RESUMEN TOTAL'!T182 -> 0 | M139: ='RESUMEN TOTAL'!U182 -> 0 | ... AI139: ='RESUMEN TOTAL'!AQ182 -> 0 | AJ139: ='RESUMEN TOTAL'!#REF! -> #REF!
A140: ='RESUMEN TOTAL'!A183 -> LA ESMERALDA | B140: ='RESUMEN TOTAL'!B183 -> ESM11 (fija 1) | C140: ='RESUMEN TOTAL'!D183 -> NOVAK Y LAMBARDI | D140: ='RESUMEN TOTAL'!E183 -> Fija | E140: ='RESUMEN TOTAL'!F183 -> Fibra Optica | F140: ='RESUMEN TOTAL'!N183 -> 0 | G140: ='RESUMEN TOTAL'!O183 -> 0 | H140: ='RESUMEN TOTAL'!P183 -> 0 | I140: ='RESUMEN TOTAL'!Q183 -> 0 | J140: ='RESUMEN TOTAL'!R183 -> 0 | K140: ='RESUMEN TOTAL'!S183 -> 0 | L140: ='RESUMEN TOTAL'!T183 -> 0 | M140: ='RESUMEN TOTAL'!U183 -> 0 | ... AI140: ='RESUMEN TOTAL'!AQ183 -> 0 | AJ140: ='RESUMEN TOTAL'!#REF! -> #REF!
A141: ='RESUMEN TOTAL'!A184 -> LA ESMERALDA | B141: ='RESUMEN TOTAL'!B184 -> ESM12 (fija 2) | C141: ='RESUMEN TOTAL'!D184 -> NOVAK Y LAMBARDI | D141: ='RESUMEN TOTAL'!E184 -> Fija | E141: ='RESUMEN TOTAL'!F184 -> Fibra Optica | F141: ='RESUMEN TOTAL'!N184 -> 0 | G141: ='RESUMEN TOTAL'!O184 -> 0 | H141: ='RESUMEN TOTAL'!P184 -> 0 | I141: ='RESUMEN TOTAL'!Q184 -> 0 | J141: ='RESUMEN TOTAL'!R184 -> 0 | K141: ='RESUMEN TOTAL'!S184 -> 0 | L141: ='RESUMEN TOTAL'!T184 -> 0 | M141: ='RESUMEN TOTAL'!U184 -> 0 | ... AI141: ='RESUMEN TOTAL'!AQ184 -> 0 | AJ141: ='RESUMEN TOTAL'!#REF! -> #REF!
... A145: ='RESUMEN TOTAL'!A188 -> LA ESMERALDA | B145: ='RESUMEN TOTAL'!B188 -> ESM 16 | C145: ='RESUMEN TOTAL'!D188 -> Basualdo y Lieja | D145: ='RESUMEN TOTAL'!E188 -> Fija | E145: ='RESUMEN TOTAL'!F188 -> Fibra Optica | F145: ='RESUMEN TOTAL'!N188 -> APAGADO | G145: ='RESUMEN TOTAL'!O188 -> 0 | H145: ='RESUMEN TOTAL'!P188 -> 0 | I145: ='RESUMEN TOTAL'!Q188 -> 0 | J145: ='RESUMEN TOTAL'!R188 -> 0 | K145: ='RESUMEN TOTAL'!S188 -> APAGADO | L145: ='RESUMEN TOTAL'!T188 -> APAGADO | M145: ='RESUMEN TOTAL'!U188 -> 0 | ... AI145: ='RESUMEN TOTAL'!AQ188 -> 0 | AJ145: ='RESUMEN TOTAL'!#REF! -> #REF!
A146: ='RESUMEN TOTAL'!A195 -> INGENIERO ALLAN | B146: ='RESUMEN TOTAL'!B195 -> INA 01 | C146: ='RESUMEN TOTAL'!D195 -> 1138 Y 1155 | D146: ='RESUMEN TOTAL'!E195 -> DOMO | E146: ='RESUMEN TOTAL'!F195 -> Fibra Optica | F146: ='RESUMEN TOTAL'!N195 -> 0 | G146: ='RESUMEN TOTAL'!O195 -> 0 | H146: ='RESUMEN TOTAL'!P195 -> 0 | I146: ='RESUMEN TOTAL'!Q195 -> 0 | J146: ='RESUMEN TOTAL'!R195 -> 0 | K146: ='RESUMEN TOTAL'!S195 -> 0 | L146: ='RESUMEN TOTAL'!T195 -> 0 | M146: ='RESUMEN TOTAL'!U195 -> 0 | ... AI146: ='RESUMEN TOTAL'!AQ195 -> 0 | AJ146: ='RESUMEN TOTAL'!#REF! -> #REF!
A147: ='RESUMEN TOTAL'!A196 -> INGENIERO ALLAN | B147: ='RESUMEN TOTAL'!B196 -> INA 02 | C147: ='RESUMEN TOTAL'!D196 -> 1144 Y 1155 | D147: ='RESUMEN TOTAL'!E196 -> DOMO | E147: ='RESUMEN TOTAL'!F196 -> Fibra Optica | F147: ='RESUMEN TOTAL'!N196 -> 0 | G147: ='RESUMEN TOTAL'!O196 -> 0 | H147: ='RESUMEN TOTAL'!P196 -> 0 | I147: ='RESUMEN TOTAL'!Q196 -> 0 | J147: ='RESUMEN TOTAL'!R196 -> 0 | K147: ='RESUMEN TOTAL'!S196 -> 0 | L147: ='RESUMEN TOTAL'!T196 -> 0 | M147: ='RESUMEN TOTAL'!U196 -> 0 | ... AI147: ='RESUMEN TOTAL'!AQ196 -> 0 | AJ147: ='RESUMEN TOTAL'!#REF! -> #REF!
A148: ='RESUMEN TOTAL'!A197 -> INFICO | B148: ='RESUMEN TOTAL'!B197 -> INF 01 | C148: ='RESUMEN TOTAL'!D197 -> AV. HUDSON Y CARIBONI | D148: ='RESUMEN TOTAL'!E197 -> Domo | E148: ='RESUMEN TOTAL'!F197 -> Fibra Optica | F148: ='RESUMEN TOTAL'!N197 -> APAGADO | G148: ='RESUMEN TOTAL'!O197 -> 0 | H148: ='RESUMEN TOTAL'!P197 -> 0 | I148: ='RESUMEN TOTAL'!Q197 -> 0 | J148: ='RESUMEN TOTAL'!R197 -> 0 | K148: ='RESUMEN TOTAL'!S197 -> APAGADO | L148: ='RESUMEN TOTAL'!T197 -> APAGADO | M148: ='RESUMEN TOTAL'!U197 -> 0 | ... AI148: ='RESUMEN TOTAL'!AQ197 -> 0 | AJ148: ='RESUMEN TOTAL'!#REF! -> #REF!
A149: ='RESUMEN TOTAL'!A198 -> VILLA ARGENTINA | B149: ='RESUMEN TOTAL'!B198 -> KM01 | C149: ='RESUMEN TOTAL'!D198 -> Vias FFCC y La Pulperia | D149: ='RESUMEN TOTAL'!E198 -> DOMO | E149: ='RESUMEN TOTAL'!F198 -> GPON | F149: ='RESUMEN TOTAL'!N198 -> 0 | G149: ='RESUMEN TOTAL'!O198 -> 0 | H149: ='RESUMEN TOTAL'!P198 -> 0 | I149: ='RESUMEN TOTAL'!Q198 -> 0 | J149: ='RESUMEN TOTAL'!R198 -> 0 | K149: ='RESUMEN TOTAL'!S198 -> 0 | L149: ='RESUMEN TOTAL'!T198 -> 0 | M149: ='RESUMEN TOTAL'!U198 -> 0 | ... AI149: ='RESUMEN TOTAL'!AQ198 -> 0 | AJ149: ='RESUMEN TOTAL'!#REF! -> #REF!
A150: ='RESUMEN TOTAL'!A199 -> CHACABUCO | B150: ='RESUMEN TOTAL'!B199 -> KM02 | C150: ='RESUMEN TOTAL'!D199 -> Novak e/El Overo y el Mangrullo | D150: ='RESUMEN TOTAL'!E199 -> Domo | E150: ='RESUMEN TOTAL'!F199 -> GPON | F150: ='RESUMEN TOTAL'!N199 -> APAGADO | G150: ='RESUMEN TOTAL'!O199 -> 0 | H150: ='RESUMEN TOTAL'!P199 -> 0 | I150: ='RESUMEN TOTAL'!Q199 -> 0 | J150: ='RESUMEN TOTAL'!R199 -> 0 | K150: ='RESUMEN TOTAL'!S199 -> APAGADO | L150: ='RESUMEN TOTAL'!T199 -> APAGADO | M150: ='RESUMEN TOTAL'!U199 -> 0 | ... AI150: ='RESUMEN TOTAL'!AQ199 -> 0 | AJ150: ='RESUMEN TOTAL'!#REF! -> #REF!
A151: ='RESUMEN TOTAL'!A200 -> KM 26700 (JULIO A. COSTA) | B151: ='RESUMEN TOTAL'!B200 -> KM03 | C151: ='RESUMEN TOTAL'!D200 -> Novak y La Pulperia | D151: ='RESUMEN TOTAL'!E200 -> Domo | E151: ='RESUMEN TOTAL'!F200 -> PTO A FO | F151: ='RESUMEN TOTAL'!N200 -> 0 | G151: ='RESUMEN TOTAL'!O200 -> 0 | H151: ='RESUMEN TOTAL'!P200 -> 0 | I151: ='RESUMEN TOTAL'!Q200 -> 0 | J151: ='RESUMEN TOTAL'!R200 -> 0 | K151: ='RESUMEN TOTAL'!S200 -> 0 | L151: ='RESUMEN TOTAL'!T200 -> 0 | M151: ='RESUMEN TOTAL'!U200 -> 0 | ... AI151: ='RESUMEN TOTAL'!AQ200 -> 0 | AJ151: ='RESUMEN TOTAL'!#REF! -> #REF!
...

Sheet Hoja1
B1: CAMARAS | C1: 45992
A2: BONOMO | B2: =COUNTIFS('RESUMEN TOTAL'!C8:C621,"=BONOMO") -> 307 | C2: 0 | F2: 46113 | G2: 46114 | H2: 46115 | I2: 46116 | J2: 46117 | K2: 46118 | L2: 46119 | M2: 46120 | N2: 46121 | O2: 46122 | P2: 46123 | Q2: 46124 | R2: 46125 | S2: 46126 | T2: 46127 | U2: 46128 | V2: 46129 | W2: 46130 | X2: 46131 | Y2: 46132 | Z2: 46133 | AA2: 46134 | AB2: 46135 | AC2: 46136 | AD2: 46137 | AE2: 46138 | AF2: 46139 | AG2: 46140 | AH2: 46141 | AI2: 46142 | AJ2: 46143
C3: 0 | D3: BONOMO | E3: APAGADAS BONOMO | F3: 0 | G3: 27 | H3: 31 | I3: 29 | J3: 29 | K3: =COUNTIFS('RESUMEN TOTAL'!S8:S698,"=APAGADO",'RESUMEN TOTAL'!C8:C698,"=BONOMO") -> 42 | L3: =COUNTIFS('RESUMEN TOTAL'!T8:T698,"=APAGADO",'RESUMEN TOTAL'!D8:D698,"=BONOMO") -> 0 | M3: 0 | N3: =COUNTIFS('RESUMEN TOTAL'!V8:V698,"=APAGADO",'RESUMEN TOTAL'!C8:C698,"=BONOMO") -> 0 | O3: =COUNTIFS('RESUMEN TOTAL'!W8:W698,"=APAGADO",'RESUMEN TOTAL'!C8:C698,"=BONOMO") -> 0 | P3: =COUNTIFS('RESUMEN TOTAL'!X8:X698,"=APAGADO",'RESUMEN TOTAL'!C8:C698,"=BONOMO") -> 0 | Q3: =COUNTIFS('RESUMEN TOTAL'!Y8:Y698,"=APAGADO",'RESUMEN TOTAL'!C8:C698,"=BONOMO") -> 0 | R3: =COUNTIFS('RESUMEN TOTAL'!Z8:Z698,"=APAGADO",'RESUMEN TOTAL'!C8:C698,"=BONOMO") -> 0 | S3: =COUNTIFS('RESUMEN TOTAL'!AA8:AA698,"=APAGADO",'RESUMEN TOTAL'!C8:C698,"=BONOMO") -> 0 | T3: =COUNTIFS('RESUMEN TOTAL'!AB8:AB698,"=APAGADO",'RESUMEN TOTAL'!C8:C698,"=BONOMO") -> 0 | U3: =COUNTIFS('RESUMEN TOTAL'!AC8:AC698,"=APAGADO",'RESUMEN TOTAL'!C8:C698,"=BONOMO") -> 0 | V3: =COUNTIFS('RESUMEN TOTAL'!AD8:AD698,"=APAGADO",'RESUMEN TOTAL'!C8:C698,"=BONOMO") -> 0 | W3: =COUNTIFS('RESUMEN TOTAL'!AE8:AE698,"=APAGADO",'RESUMEN TOTAL'!C8:C698,"=BONOMO") -> 0 | X3: =COUNTIFS('RESUMEN TOTAL'!AF8:AF698,"=APAGADO",'RESUMEN TOTAL'!C8:C698,"=BONOMO") -> 0 | Y3: =COUNTIFS('RESUMEN TOTAL'!AG8:AG698,"=APAGADO",'RESUMEN TOTAL'!C8:C698,"=BONOMO") -> 0 | Z3: =COUNTIFS('RESUMEN TOTAL'!AH8:AH698,"=APAGADO",'RESUMEN TOTAL'!C8:C698,"=BONOMO") -> 0 | AA3: =COUNTIFS('RESUMEN TOTAL'!AI8:AI698,"=APAGADO",'RESUMEN TOTAL'!C8:C698,"=BONOMO") -> 0 | AB3: =COUNTIFS('RESUMEN TOTAL'!AJ8:AJ698,"=APAGADO",'RESUMEN TOTAL'!C8:C698,"=BONOMO") -> 0 | AC3: =COUNTIFS('RESUMEN TOTAL'!AK8:AK698,"=APAGADO",'RESUMEN TOTAL'!C8:C698,"=BONOMO") -> 0 | AD3: =COUNTIFS('RESUMEN TOTAL'!AL8:AL698,"=APAGADO",'RESUMEN TOTAL'!C8:C698,"=BONOMO") -> 0 | AE3: 29 | AF3: =COUNTIFS('RESUMEN TOTAL'!AN8:AN698,"=APAGADO",'RESUMEN TOTAL'!C8:C698,"=BONOMO") -> 0 | AG3: =COUNTIFS('RESUMEN TOTAL'!AO8:AO698,"=APAGADO",'RESUMEN TOTAL'!C8:C698,"=BONOMO") -> 0 | AH3: =COUNTIFS('RESUMEN TOTAL'!AP8:AP698,"=APAGADO",'RESUMEN TOTAL'!D8:D698,"=BONOMO") -> 0 | AI3: 48 | AJ3: =COUNTIFS('RESUMEN TOTAL'!#REF!,"=APAGADO",'RESUMEN TOTAL'!F8:F698,"=BONOMO") -> #REF!
A4: COSEIDI | B4: =COUNTIFS('RESUMEN TOTAL'!C8:C621,"=COSEIDI") -> 277 | C4: 0 | E4: % BONOMO | F4: 0 | G4: =G3/BONOMOcam -> 0.087947883 | H4: =H3/BONOMOcam -> 0.1009772 | I4: 0 | J4: 0.09 | K4: =K3/BONOMOcam -> 0.13680782 | L4: =L3/BONOMOcam -> 0 | M4: 0 | N4: =N3/BONOMOcam -> 0 | O4: =O3/BONOMOcam -> 0 | P4: =P3/BONOMOcam -> 0 | Q4: =Q3/BONOMOcam -> 0 | R4: =R3/BONOMOcam -> 0 | S4: =S3/BONOMOcam -> 0 | T4: =T3/BONOMOcam -> 0 | U4: =U3/BONOMOcam -> 0 | V4: =V3/BONOMOcam -> 0 | W4: 0 | X4: =X3/BONOMOcam -> 0 | Y4: =Y3/BONOMOcam -> 0 | Z4: =Z3/BONOMOcam -> 0 | AA4: =AA3/BONOMOcam -> 0 | AB4: =AB3/BONOMOcam -> 0 | AC4: 0 | AD4: =AD3/BONOMOcam -> 0 | AE4: =AE3/BONOMOcam -> 0.094462541 | AF4: =AF3/BONOMOcam -> 0 | AG4: =AG3/BONOMOcam -> 0 | AH4: =AH3/BONOMOcam -> 0 | AI4: =AI3/BONOMOcam -> 0.15635179 | AJ4: =AJ3/BONOMOcam -> #REF!
C5: 0 | D5: COSEIDI | E5: APAGADAS COSEIDI | F5: 0 | G5: 41 | H5: 52 | I5: 56 | J5: =COUNTIFS('RESUMEN TOTAL'!R10:R700,"=APAGADO",'RESUMEN TOTAL'!C10:C700,"=COSEIDI") -> 0 | K5: =COUNTIFS('RESUMEN TOTAL'!S10:S700,"=APAGADO",'RESUMEN TOTAL'!C10:C700,"=COSEIDI") -> 65 | L5: =COUNTIFS('RESUMEN TOTAL'!T10:T700,"=APAGADO",'RESUMEN TOTAL'!C10:C700,"=COSEIDI") -> 52 | M5: 0 | N5: =COUNTIFS('RESUMEN TOTAL'!V10:V700,"=APAGADO",'RESUMEN TOTAL'!C10:C700,"=COSEIDI") -> 0 | O5: =COUNTIFS('RESUMEN TOTAL'!W10:W700,"=APAGADO",'RESUMEN TOTAL'!C10:C700,"=COSEIDI") -> 0 | P5: =COUNTIFS('RESUMEN TOTAL'!X10:X700,"=APAGADO",'RESUMEN TOTAL'!C10:C700,"=COSEIDI") -> 0 | Q5: =COUNTIFS('RESUMEN TOTAL'!Y10:Y700,"=APAGADO",'RESUMEN TOTAL'!C10:C700,"=COSEIDI") -> 0 | R5: =COUNTIFS('RESUMEN TOTAL'!Z10:Z700,"=APAGADO",'RESUMEN TOTAL'!C10:C700,"=COSEIDI") -> 0 | S5: =COUNTIFS('RESUMEN TOTAL'!AA10:AA700,"=APAGADO",'RESUMEN TOTAL'!C10:C700,"=COSEIDI") -> 0 | T5: 0 | U5: =COUNTIFS('RESUMEN TOTAL'!Z10:Z700,"=APAGADO",'RESUMEN TOTAL'!C10:C700,"=COSEIDI") -> 0 | V5: =COUNTIFS('RESUMEN TOTAL'!AD10:AD700,"=APAGADO",'RESUMEN TOTAL'!C10:C700,"=COSEIDI") -> 0 | W5: =COUNTIFS('RESUMEN TOTAL'!AE10:AE700,"=APAGADO",'RESUMEN TOTAL'!C10:C700,"=COSEIDI") -> 0 | X5: =COUNTIFS('RESUMEN TOTAL'!AF10:AF700,"=APAGADO",'RESUMEN TOTAL'!C10:C700,"=COSEIDI") -> 0 | Y5: =COUNTIFS('RESUMEN TOTAL'!AG10:AG700,"=APAGADO",'RESUMEN TOTAL'!C10:C700,"=COSEIDI") -> 0 | Z5: =COUNTIFS('RESUMEN TOTAL'!AH10:AH700,"=APAGADO",'RESUMEN TOTAL'!C10:C700,"=COSEIDI") -> 0 | AA5: =COUNTIFS('RESUMEN TOTAL'!AI10:AI700,"=APAGADO",'RESUMEN TOTAL'!C10:C700,"=COSEIDI") -> 0 | AB5: =COUNTIFS('RESUMEN TOTAL'!AJ10:AJ700,"=APAGADO",'RESUMEN TOTAL'!C10:C700,"=COSEIDI") -> 0 | AC5: =COUNTIFS('RESUMEN TOTAL'!AK10:AK700,"=APAGADO",'RESUMEN TOTAL'!C10:C700,"=COSEIDI") -> 0 | AD5: =COUNTIFS('RESUMEN TOTAL'!AL10:AL700,"=APAGADO",'RESUMEN TOTAL'!C10:C700,"=COSEIDI") -> 0 | AE5: =COUNTIFS('RESUMEN TOTAL'!AM10:AM700,"=APAGADO",'RESUMEN TOTAL'!C10:C700,"=COSEIDI") -> 0 | AF5: =COUNTIFS('RESUMEN TOTAL'!AN10:AN700,"=APAGADO",'RESUMEN TOTAL'!C10:C700,"=COSEIDI") -> 0 | AG5: 0 | AH5: 0 | AI5: 66 | AJ5: 0
E6: % COSEIDI | F6: 0 | G6: =G5/COSEIDIcam -> 0.14801444 | H6: 0.18 | I6: 0 | J6: 0.14 | K6: =K5/COSEIDIcam -> 0.23465704 | L6: =L5/COSEIDIcam -> 0.18772563 | M6: 0 | N6: =N5/COSEIDIcam -> 0 | O6: =O5/COSEIDIcam -> 0 | P6: 0 | Q6: =Q5/COSEIDIcam -> 0 | R6: =R5/COSEIDIcam -> 0 | S6: =S5/COSEIDIcam -> 0 | T6: 0 | U6: 0 | V6: 0 | W6: =W5/COSEIDIcam -> 0 | X6: =X5/COSEIDIcam -> 0 | Y6: =Y5/COSEIDIcam -> 0 | Z6: =Z5/COSEIDIcam -> 0 | AA6: =AA5/COSEIDIcam -> 0 | AB6: =AB5/COSEIDIcam -> 0 | AC6: 0 | AD6: =AD5/COSEIDIcam -> 0 | AE6: =AE5/COSEIDIcam -> 0 | AF6: =AF5/COSEIDIcam -> 0 | AG6: 0 | AH6: 0 | AI6: 0 | AJ6: 0

Sheet informe
C1: CANTIDAD | D1: APAGADAS | E1: %
B2: TOTAL | C2: =CANTIDAD_DE_CAMARAS -> 584 | F2: 46113
A3: L | B3: CAIDAS | C3: ='RESUMEN TOTAL'!N3 -> 107 | E3: =C3/C2 -> 0.18321918
B4: LLEGAMOS NOSOTROS | C4: 17 | D4: =C3-C4 -> 90 | E4: =D4/C2 -> 0.15410959
B5: NO ESTA LA CAMARA | C5: 11 | D5: =D4-C5 -> 79 | E5: =D5/C2 -> 0.13527397
A6: L | B6: RADIO | C6: 16 | D6: =D5-C6 -> 63 | E6: =D6/C2 -> 0.10787671
C7: 0 | D7: 0 | E7: =D7/C2 -> 0
C8: CANTIDAD | D8: APAGADAS | E8: %
A9: F | B9: BONOMO | C9: 307 | D9: 39 | E9: =D9/C9 -> 0.12703583
A10: F | B10: COSEIDI | C10: =COSEIDIcam -> 277 | D10: 68 | E10: =D10/C10 -> 0.24548736
C12: CANTIDAD | D12: APAGADAS | E12: %
B13: TOTAL | C13: =CANTIDAD_DE_CAMARAS -> 584 | F13: 46114
A14: M | B14: CAIDAS | C14: 87 | E14: =C14/C13 -> 0.1489726
B15: LLEGAMOS NOSOTROS | C15: 3 | D15: 84 | E15: =D15/C13 -> 0.14383562
B16: NO ESTA LA CAMARA | C16: 7 | D16: 77 | E16: =D16/C13 -> 0.13184932
A17: M | B17: RADIO | C17: 5 | D17: 72 | E17: =D17/C13 -> 0.12328767
D18: 0 | E18: =D18/C13 -> 0
C19: CANTIDAD | D19: APAGADAS | E19: %
A20: G | B20: BONOMO | C20: 307 | D20: 32 | E20: =D20/C20 -> 0.10423453
A21: G | B21: COSEIDI | C21: =COSEIDIcam -> 277 | D21: 55 | E21: =D21/C21 -> 0.19855596
C23: CANTIDAD | D23: APAGADAS | E23: %
B24: TOTAL | C24: =CANTIDAD_DE_CAMARAS -> 584
A25: N | B25: CAIDAS | C25: ='RESUMEN TOTAL'!P3 -> 0 | E25: =C25/C24 -> 0
B26: LLEGAMOS NOSOTROS | C26: 6 | D26: =C25-C26 -> -6 | E26: =D26/C24 -> -0.010273973
B27: NO ESTA LA CAMARA | C27: 7 | D27: =D26-C27 -> -13 | E27: =D27/C24 -> -0.022260274
A28: N | B28: RADIO | C28: ='RESUMEN TOTAL'!P5 -> 0 | D28: =D27-C28 -> -13 | E28: =D28/C24 -> -0.022260274
C29: 0 | D29: 0 | E29: =D29/C24 -> 0
C30: CANTIDAD | D30: APAGADAS | E30: %
B31: BONOMO | C31: 307 | D31: 31 | E31: =D31/C31 -> 0.1009772
B32: COSEIDI | C32: =COSEIDIcam -> 277 | D32: 52 | E32: =D32/C32 -> 0.18772563
C34: CANTIDAD | D34: APAGADAS | E34: %
B35: TOTAL | C35: =CANTIDAD_DE_CAMARAS -> 584
A36: O | B36: CAIDAS | C36: ='RESUMEN TOTAL'!Q3 -> 0 | E36: =C36/C35 -> 0
B37: LLEGAMOS NOSOTROS | C37: 7 | D37: =C36-C37 -> -7 | E37: =D37/C35 -> -0.011986301
B38: NO ESTA LA CAMARA | C38: 7 | D38: =D37-C38 -> -14 | E38: =D38/C35 -> -0.023972603
A39: O | B39: RADIO | C39: 6 | D39: =D38-C39 -> -20 | E39: =D39/C35 -> -0.034246575
C40: 0 | D40: 0 | E40: =D40/C35 -> 0
C41: CANTIDAD | D41: APAGADAS | E41: %
B42: BONOMO | C42: 307 | D42: =Hoja1!I3 -> 29 | E42: =D42/C42 -> 0.094462541
B43: COSEIDI | C43: =COSEIDIcam -> 277 | D43: =Hoja1!I5 -> 56 | E43: =D43/C43 -> 0.20216606
C45: CANTIDAD | D45: APAGADAS | E45: %
B46: TOTAL | C46: =CANTIDAD_DE_CAMARAS -> 584
A47: P | B47: CAIDAS | C47: ='RESUMEN TOTAL'!R3 -> 0 | E47: =C47/C46 -> 0
B48: LLEGAMOS NOSOTROS | C48: 4 | D48: =C47-C48 -> -4 | E48: =D48/C46 -> -0.0068493151
B49: NO ESTA LA CAMARA | C49: 8 | D49: =D48-C49 -> -12 | E49: =D49/C46 -> -0.020547945
A50: P | B50: RADIO | C50: ='RESUMEN TOTAL'!R5 -> 0 | D50: =D49-C50 -> -12 | E50: =D50/C46 -> -0.020547945
D51: 0 | E51: =D51/C46 -> 0
C52: CANTIDAD | D52: APAGADAS | E52: %
B53: BONOMO | C53: 307 | D53: =Hoja1!J3 -> 29 | E53: =D53/C53 -> 0.094462541
B54: COSEIDI | C54: =COSEIDIcam -> 277 | D54: =Hoja1!J5 -> 0 | E54: =D54/C54 -> 0
C56: CANTIDAD | D56: APAGADAS | E56: %
B57: TOTAL | C57: =CANTIDAD_DE_CAMARAS -> 584 | F57: 46118
A58: Q | B58: CAIDAS | C58: ='RESUMEN TOTAL'!S3 -> 107 | E58: =C58/C57 -> 0.18321918
B59: LLEGAMOS NOSOTROS | C59: 4 | D59: =C58-C59 -> 103 | E59: =D59/C57 -> 0.17636986
B60: NO ESTA LA CAMARA | C60: 11 | D60: =D59-C60 -> 92 | E60: =D60/C57 -> 0.15753425
A61: Q | B61: RADIO | C61: 6 | D61: =D60-C61 -> 86 | E61: =D61/C57 -> 0.14726027
E62: =D62/C57 -> 0
C63: CANTIDAD | D63: APAGADAS | E63: %
B64: BONOMO | C64: 307 | D64: =Hoja1!K3 -> 42 | E64: =D64/C64 -> 0.13680782
B65: COSEIDI | C65: =COSEIDIcam -> 277 | D65: =Hoja1!K5 -> 65 | E65: =D65/C65 -> 0.23465704
C67: CANTIDAD | D67: APAGADAS | E67: %
B68: TOTAL | C68: =CANTIDAD_DE_CAMARAS -> 584 | F68: 46119
A69: R | B69: CAIDAS | C69: ='RESUMEN TOTAL'!T3 -> 101 | E69: =C69/C68 -> 0.17294521
B70: LLEGAMOS NOSOTROS | C70: 3 | D70: =C69-C70 -> 98 | E70: =D70/C68 -> 0.16780822
B71: NO ESTA LA CAMARA | C71: 11 | D71: =D70-C71 -> 87 | E71: =D71/C68 -> 0.1489726
A72: R | B72: RADIO | C72: ='RESUMEN TOTAL'!T5 -> 6 | D72: =D71-C72 -> 81 | E72: =D72/C68 -> 0.13869863
C73: 0 | D73: 0 | E73: =D73/C68 -> 0
C74: CANTIDAD | D74: APAGADAS | E74: %
B75: BONOMO | C75: 307 | D75: 49 | E75: =D75/C75 -> 0.15960912
B76: COSEIDI | C76: =COSEIDIcam -> 277 | D76: =Hoja1!L5 -> 52 | E76: =D76/C76 -> 0.18772563
C78: CANTIDAD | D78: APAGADAS | E78: %
B79: TOTAL | C79: =CANTIDAD_DE_CAMARAS -> 584 | F79: 46089
A80: S | B80: CAIDAS | C80: 0 | E80: =C80/C79 -> 0
B81: LLEGAMOS NOSOTROS | C81: 0 | D81: 0 | E81: =D81/C79 -> 0
B82: NO ESTA LA CAMARA | C82: 0 | D82: 0 | E82: =D82/C79 -> 0
A83: S | B83: RADIO | C83: 0 | D83: 0 | E83: =D83/C79 -> 0
D84: 0 | E84: =D84/C79 -> 0
C85: CANTIDAD | D85: APAGADAS | E85: %
B86: BONOMO | C86: 307 | D86: 0 | E86: 0
B87: COSEIDI | C87: =COSEIDIcam -> 277 | D87: 0 | E87: 0
C89: CANTIDAD | D89: APAGADAS | E89: %
B90: TOTAL | C90: =CANTIDAD_DE_CAMARAS -> 584 | F90: 46090
A91: T | B91: CAIDAS | C91: ='RESUMEN TOTAL'!V3 -> 0 | E91: =C91/C90 -> 0
B92: LLEGAMOS NOSOTROS | C92: 5 | D92: =C91-C92 -> -5 | E92: =D92/C90 -> -0.0085616438
B93: NO ESTA LA CAMARA | C93: 6 | D93: =D92-C93 -> -11 | E93: =D93/C90 -> -0.018835616
A94: T | B94: RADIO | C94: 5 | D94: =D93-C94 -> -16 | E94: =D94/C90 -> -0.02739726
E95: =D95/C90 -> 0
C96: CANTIDAD | D96: APAGADAS | E96: %
B97: BONOMO | C97: 307 | D97: =Hoja1!N3 -> 0 | E97: =D97/C97 -> 0
B98: COSEIDI | C98: =COSEIDIcam -> 277 | D98: =Hoja1!N5 -> 0 | E98: =D98/C98 -> 0
C100: CANTIDAD | D100: APAGADAS | E100: %
B101: TOTAL | C101: =CANTIDAD_DE_CAMARAS -> 584 | F101: 46091
A102: U | B102: CAIDAS | C102: ='RESUMEN TOTAL'!W3 -> 0 | E102: =C102/C101 -> 0
B103: LLEGAMOS NOSOTROS | C103: 9 | D103: =C102-C103 -> -9 | E103: =D103/C101 -> -0.015410959
B104: NO ESTA LA CAMARA | C104: 7 | D104: =D103-C104 -> -16 | E104: =D104/C101 -> -0.02739726
A105: U | B105: RADIO | C105: 5 | D105: =D104-C105 -> -21 | E105: =D105/C101 -> -0.035958904
C106: 0 | D106: 0 | E106: =D106/C101 -> 0
C107: CANTIDAD | D107: APAGADAS | E107: %
B108: BONOMO | C108: 307 | D108: =Hoja1!O3 -> 0 | E108: =D108/C108 -> 0
B109: COSEIDI | C109: =COSEIDIcam -> 277 | D109: =Hoja1!O5 -> 0 | E109: =D109/C109 -> 0
...
