Workbook
Name _25_de_agosto: 'RESUMEN TOTAL'!$F$7:$I$503
Name _25_de_agosto_3: 'RESUMEN TOTAL'!$F$7:$I$515
Name _30_mar: #REF!
Name BONOMOcam: Hoja1!$B$2
Name CANTIDAD_DE_CAMARAS: 'RESUMEN TOTAL'!$G$1
Name COSEIDIcam: Hoja1!$B$4

Sheet RESUMEN TOTAL
E1: < | F1: CANTIDAD DE CAMARAS | G1: =COUNTA(G8:G750) -> 589 | I1: PORCIENTO DE CAIDAS | S1: =(S3)/(S2+S3) -> 0 | T1: =(T3)/(T2+T3) -> 0 | U1: =(U3)/(U2+U3) -> 0 | V1: =(V3)/(V2+V3) -> 0.16335227 | W1: =(W3)/(W2+W3) -> 0.15857143 | X1: =(X3)/(X2+X3) -> 0.15736767 | Y1: =(Y3)/(Y2+Y3) -> 0.16453901 | Z1: =(Z3)/(Z2+Z3) -> 0.1426492 | ... AE1: =(AE3)/(AE2+AE3) -> 0.16453901 | AG1: =(AG3)/(AG2+AG3) -> 0 | AH1: =(AH3)/(AH2+AH3) -> 0 | AI1: =(AI3)/(AI2+AI3) -> 0 | AJ1: =(AJ3)/(AJ2+AJ3) -> 0 | AK1: =(AK3)/(AK2+AK3) -> 0 | AL1: =(AL3)/(AL2+AL3) -> 0 | AM1: =(AM3)/(AM2+AM3) -> 0 | AN1: =(AN3)/(AN2+AN3) -> 0 | ... AV1: =(AV3)/(AV2+AV3) -> 0
I2: FUNCIONAN | S2: =CANTIDAD_DE_CAMARAS -> 589 | T2: =CANTIDAD_DE_CAMARAS -> 589 | U2: =CANTIDAD_DE_CAMARAS -> 589 | V2: =CANTIDAD_DE_CAMARAS -> 589 | W2: =CANTIDAD_DE_CAMARAS -> 589 | X2: =CANTIDAD_DE_CAMARAS -> 589 | Y2: =CANTIDAD_DE_CAMARAS -> 589 | Z2: =CANTIDAD_DE_CAMARAS -> 589 | ... AV2: =CANTIDAD_DE_CAMARAS -> 589
I3: CAIDAS | S3: =COUNTIF(S7:S750, "apagado") -> 0 | T3: =COUNTIF(T7:T750, "apagado") -> 0 | U3: =COUNTIF(U7:U750, "apagado") -> 0 | V3: =COUNTIF(V7:V750, "apagado") -> 115 | W3: =COUNTIF(W7:W750, "apagado") -> 111 | X3: =COUNTIF(X7:X750, "apagado") -> 110 | Y3: =COUNTIF(Y7:Y750, "apagado") -> 116 | Z3: =COUNTIF(Z7:Z750, "apagado") -> 98 | ... AV3: =COUNTIF(AV7:AV750, "apagado") -> 0
I4: APAGADOS FIBRA | S4: =COUNTIFS(S8:S704, "=APAGADO",K8:K704,"=Fibra Optica") -> 0 | T4: =COUNTIFS(T8:T704, "=APAGADO",K8:K704,"=Fibra Optica") -> 0 | U4: =COUNTIFS(U8:U704, "=APAGADO",K8:K704,"=Fibra Optica") -> 0 | V4: =COUNTIFS(V8:V704, "=APAGADO",K8:K704,"=Fibra Optica") -> 45 | W4: =COUNTIFS(W8:W704, "=APAGADO",K8:K704,"=Fibra Optica") -> 44 | X4: =COUNTIFS(X8:X704, "=APAGADO",K8:K704,"=Fibra Optica") -> 45 | Y4: =COUNTIFS(Y8:Y704, "=APAGADO",K8:K704,"=Fibra Optica") -> 52 | Z4: =COUNTIFS(Z8:Z704, "=APAGADO",K8:K704,"=Fibra Optica") -> 44 | AA4: =COUNTIFS(AA8:AA704, "=APAGADO",K8:K704,"=Fibra Optica") -> 0 | AB4: =COUNTIFS(AB8:AB704, "=APAGADO",K8:K704,"=Fibra Optica") -> 0 | AC4: =COUNTIFS(AC8:AC704, "=APAGADO",K8:K704,"=Fibra Optica") -> 48 | AD4: =COUNTIFS(AD8:AD704, "=APAGADO",K8:K704,"=Fibra Optica") -> 43 | AE4: =COUNTIFS(AE8:AE704, "=APAGADO",K8:K704,"=Fibra Optica") -> 49 | AF4: =COUNTIFS(AF8:AF704, "=APAGADO",K8:K704,"=Fibra Optica") -> 0 | AG4: =COUNTIFS(AG8:AG704, "=APAGADO",K8:K704,"=Fibra Optica") -> 0 | AH4: =COUNTIFS(AH8:AH704, "=APAGADO",K8:K704,"=Fibra Optica") -> 0 | AI4: =COUNTIFS(AI8:AI704, "=APAGADO",K8:K704,"=Fibra Optica") -> 0 | AJ4: =COUNTIFS(AJ8:AJ704, "=APAGADO",K8:K704,"=Fibra Optica") -> 0 | AK4: =COUNTIFS(AK8:AK704, "=APAGADO",K8:K704,"=Fibra Optica") -> 0 | AL4: =COUNTIFS(AL8:AL704, "=APAGADO",K8:K704,"=Fibra Optica") -> 0 | AM4: =COUNTIFS(AM8:AM704, "=APAGADO",K8:K704,"=Fibra Optica") -> 0 | AN4: =COUNTIFS(AN8:AN704, "=APAGADO",K8:K704,"=Fibra Optica") -> 0 | AO4: =COUNTIFS(AO8:AO704, "=APAGADO",K8:K704,"=Fibra Optica") -> 0 | AP4: =COUNTIFS(AP8:AP704, "=APAGADO",K8:K704,"=Fibra Optica") -> 0 | AQ4: =COUNTIFS(AQ8:AQ704, "=APAGADO",K8:K704,"=Fibra Optica") -> 0 | AR4: =COUNTIFS(AR8:AR704, "=APAGADO",K8:K704,"=Fibra Optica") -> 0 | AS4: =COUNTIFS(AS8:AS704, "=APAGADO",K8:K704,"=Fibra Optica") -> 0 | AT4: =COUNTIFS(AT8:AT704, "=APAGADO",K8:K704,"=Fibra Optica") -> 0 | AU4: =COUNTIFS(AU8:AU704, "=APAGADO",L8:L704,"=Fibra Optica") -> 0 | AV4: =COUNTIFS(AV8:AV704, "=APAGADO",M8:M704,"=Fibra Optica") -> 0
I5: APAGADOS RADIO | S5: =COUNTIFS(S8:S704, "=APAGADO",K8:K704,"=RADIO") -> 0 | T5: =COUNTIFS(T8:T704, "=APAGADO",K8:K704,"=RADIO") -> 0 | U5: =COUNTIFS(U8:U704, "=APAGADO",K8:K704,"=RADIO") -> 0 | V5: =COUNTIFS(V8:V704, "=APAGADO",K8:K704,"=RADIO") -> 5 | W5: =COUNTIFS(W8:W704, "=APAGADO",K8:K704,"=RADIO") -> 5 | X5: =COUNTIFS(X8:X704, "=APAGADO",K8:K704,"=RADIO") -> 6 | Y5: =COUNTIFS(Y8:Y704, "=APAGADO",K8:K704,"=RADIO") -> 6 | Z5: =COUNTIFS(Z8:Z704, "=APAGADO",K8:K704,"=RADIO") -> 5 | AA5: =COUNTIFS(AA8:AA704, "=APAGADO",K8:K704,"=RADIO") -> 0 | AB5: =COUNTIFS(AB8:AB704, "=APAGADO",K8:K704,"=RADIO") -> 0 | AC5: =COUNTIFS(AC8:AC704, "=APAGADO",K8:K704,"=RADIO") -> 6 | AD5: =COUNTIFS(AD8:AD704, "=APAGADO",K8:K704,"=RADIO") -> 5 | AE5: =COUNTIFS(AE8:AE704, "=APAGADO",K8:K704,"=RADIO") -> 6 | AF5: =COUNTIFS(AF8:AF704, "=APAGADO",K8:K704,"=RADIO") -> 0 | AG5: =COUNTIFS(AG8:AG704, "=APAGADO",K8:K704,"=RADIO") -> 0 | AH5: =COUNTIFS(AH8:AH704, "=APAGADO",K8:K704,"=RADIO") -> 0 | AI5: =COUNTIFS(AI8:AI704, "=APAGADO",K8:K704,"=RADIO") -> 0 | AJ5: =COUNTIFS(AJ8:AJ704, "=APAGADO",K8:K704,"=RADIO") -> 0 | AK5: =COUNTIFS(AK8:AK704, "=APAGADO",K8:K704,"=RADIO") -> 0 | AL5: =COUNTIFS(AL8:AL704, "=APAGADO",K8:K704,"=RADIO") -> 0 | AM5: =COUNTIFS(AM8:AM704, "=APAGADO",K8:K704,"=RADIO") -> 0 | AN5: =COUNTIFS(AN8:AN704, "=APAGADO",K8:K704,"=RADIO") -> 0 | AO5: =COUNTIFS(AO8:AO704, "=APAGADO",K8:K704,"=RADIO") -> 0 | AP5: =COUNTIFS(AP8:AP704, "=APAGADO",K8:K704,"=RADIO") -> 0 | AQ5: =COUNTIFS(AQ8:AQ704, "=APAGADO",K8:K704,"=RADIO") -> 0 | AR5: =COUNTIFS(AR8:AR704, "=APAGADO",K8:K704,"=RADIO") -> 0 | AS5: =COUNTIFS(AS8:AS704, "=APAGADO",K8:K704,"=RADIO") -> 0 | AT5: =COUNTIFS(AT8:AT704, "=APAGADO",K8:K704,"=RADIO") -> 0 | AU5: =COUNTIFS(AU8:AU704, "=APAGADO",L8:L704,"=RADIO") -> 0 | AV5: =COUNTIFS(AV8:AV704, "=APAGADO",M8:M704,"=RADIO") -> 0
I6: APAGADOS ANTENA | S6: =COUNTIFS(S8:S704, "=APAGADO",K8:K704,"=PTO A FO") -> 0 | T6: =COUNTIFS(T8:T704, "=APAGADO",K8:K704,"=PTO A FO") -> 0 | U6: =COUNTIFS(U8:U704, "=APAGADO",K8:K704,"=PTO A FO") -> 0 | V6: =COUNTIFS(V8:V704, "=APAGADO",K8:K704,"=PTO A FO") -> 12 | W6: =COUNTIFS(W8:W704, "=APAGADO",K8:K704,"=PTO A FO") -> 12 | X6: =COUNTIFS(X8:X704, "=APAGADO",K8:K704,"=PTO A FO") -> 11 | Y6: =COUNTIFS(Y8:Y704, "=APAGADO",K8:K704,"=PTO A FO") -> 14 | Z6: =COUNTIFS(Z8:Z704, "=APAGADO",K8:K704,"=PTO A FO") -> 10 | AA6: =COUNTIFS(AA8:AA704, "=APAGADO",K8:K704,"=PTO A FO") -> 0 | AB6: =COUNTIFS(AB8:AB704, "=APAGADO",K8:K704,"=PTO A FO") -> 0 | AC6: =COUNTIFS(AC8:AC704, "=APAGADO",K8:K704,"=PTO A FO") -> 8 | AD6: =COUNTIFS(AD8:AD704, "=APAGADO",K8:K704,"=PTO A FO") -> 9 | AE6: =COUNTIFS(AE8:AE704, "=APAGADO",K8:K704,"=PTO A FO") -> 9 | AF6: =COUNTIFS(AF8:AF704, "=APAGADO",K8:K704,"=PTO A FO") -> 0 | AG6: =COUNTIFS(AG8:AG704, "=APAGADO",K8:K704,"=PTO A FO") -> 0 | AH6: =COUNTIFS(AH8:AH704, "=APAGADO",K8:K704,"=PTO A FO") -> 0 | AI6: =COUNTIFS(AI8:AI704, "=APAGADO",K8:K704,"=PTO A FO") -> 0 | AJ6: =COUNTIFS(AJ8:AJ704, "=APAGADO",K8:K704,"=PTO A FO") -> 0 | AK6: =COUNTIFS(AK8:AK704, "=APAGADO",K8:K704,"=PTO A FO") -> 0 | AL6: =COUNTIFS(AL8:AL704, "=APAGADO",K8:K704,"=PTO A FO") -> 0 | AM6: =COUNTIFS(AM8:AM704, "=APAGADO",K8:K704,"=PTO A FO") -> 0 | AN6: =COUNTIFS(AN8:AN704, "=APAGADO",K8:K704,"=PTO A FO") -> 0 | AO6: =COUNTIFS(AO8:AO704, "=APAGADO",K8:K704,"=PTO A FO") -> 0 | AP6: =COUNTIFS(AP8:AP704, "=APAGADO",K8:K704,"=PTO A FO") -> 0 | AQ6: =COUNTIFS(AQ8:AQ704, "=APAGADO",K8:K704,"=PTO A FO") -> 0 | AR6: =COUNTIFS(AR8:AR704, "=APAGADO",K8:K704,"=PTO A FO") -> 0 | AS6: =COUNTIFS(AS8:AS704, "=APAGADO",K8:K704,"=PTO A FO") -> 0 | AT6: =COUNTIFS(AT8:AT704, "=APAGADO",K8:K704,"=PTO A FO") -> 0 | AU6: =COUNTIFS(AU8:AU704, "=APAGADO",L8:L704,"=PTO A FO") -> 0 | AV6: =COUNTIFS(AV8:AV704, "=APAGADO",M8:M704,"=PTO A FO") -> 0
A7: BANDEJA | B7: PELO | C7: SWITCH | D7: PUERTO | E7: NOMBRE | F7: Barrio | G7: [Denominacion] | H7: [Empresa Mantenimiento] | I7: [Ubicacion] | J7: [Tipo de Camara] | K7: [Tipo de Conexion] | L7: Destino | M7: [IP] | N7: Switch | O7: DIAS FUNCIONANDO | P7: MAC | Q7: DIAS CAIDA | R7: EFECTIVIDAD | S7: 46143 | T7: 46144 | U7: 46145 | V7: 46146 | W7: 46147 | X7: 46148 | Y7: 46149 | Z7: 46150 | AA7: 46151 | AB7: 46152 | AC7: 46153 | AD7: 46154 | AE7: 46155 | AF7: 46156 | AG7: 46157 | AH7: 46158 | AI7: 46159 | AJ7: 46160 | AK7: 46161 | AL7: 46162 | AM7: 46163 | AN7: 46164 | AO7: 46165 | AP7: 46166 | AQ7: 46167 | AR7: 46168 | AS7: 46169 | AT7: 46170 | AU7: 46171 | AV7: 46172 | AW7: 46173
F8: ALTAMIRA | G8: ALT 03 | H8: BONOMO | I8: Bombero Galarza y Necochea | J8: Domo | K8: GPON | M8: 172.20.12.54 | O8: =COUNTIF(S8:AT8,"") -> 28 | P8: 00-07-5F-87-9D-EF | Q8: =COUNTIF(S8:AT8,"APAGADO") -> 0 | R8: =(O8)/(Q8+O8) -> 1
F9: ALTAMIRA | G9: ALT 04 | H9: BONOMO | I9: Francia y Necochea | J9: Domo | K9: GPON | M9: 172.20.12.55 | O9: =COUNTIF(S9:AT9,"") -> 28 | P9: 00-04-63-59-22-57 | Q9: =COUNTIF(S9:AT9,"APAGADO") -> 0 | R9: =(O9)/(Q9+O9) -> 1
F10: ALTAMIRA | G10: ALT 06 | H10: BONOMO | I10: LOPE DE VEGA Y NECOCHEA | J10: Domo | K10: GPON | L10: NECOCHEA Y GALARZA | M10: 172.20.12.12 | O10: =COUNTIF(S10:AT10,"") -> 28 | P10: 00-04-63-4F-DD-DB | Q10: =COUNTIF(S10:AT10,"APAGADO") -> 0 | R10: =(O10)/(Q10+O10) -> 1
E11: CMNO.GRAL.BELGRANO-CRUCE | F11: ALTAMIRA | G11: ALT 08 | H11: BONOMO | I11: HUMAITA Y NECOCHEA | J11: DOMO | K11: GPON A FO | M11: 172.20.11.215 | O11: =COUNTIF(S11:AT11,"") -> 26 | P11: 00-07-5F-BE-59-2D | Q11: =COUNTIF(S11:AT11,"APAGADO") -> 2 | R11: =(O11)/(Q11+O11) -> 0.92857143 | V11: APAGADO | W11: APAGADO
E12: CMNO.GRAL.BELGRANO-CRUCE | F12: ALTAMIRA | G12: ALT 09 | H12: BONOMO | I12: NECOCHEA Y CURUPAITY | J12: DOMO | K12: GPON A FO | M12: 172.20.11.216 | O12: =COUNTIF(S12:AT12,"") -> 26 | P12: 00-07-5F-BE-59-27 | Q12: =COUNTIF(S12:AT12,"APAGADO") -> 2 | R12: =(O12)/(Q12+O12) -> 0.92857143 | V12: APAGADO | W12: APAGADO
F13: ALTAMIRA | G13: ALT 10 | H13: BONOMO | I13: Calchaqui y Francia | J13: Domo | K13: GPON | M13: 172.20.12.156 | O13: =COUNTIF(S13:AT13,"") -> 28 | P13: 00-07-5F-AB-BB-41 | Q13: =COUNTIF(S13:AT13,"APAGADO") -> 0 | R13: =(O13)/(Q13+O13) -> 1
F14: ALTAMIRA | G14: ALT 11 | H14: BONOMO | I14: CALCHAQUÍ Y GALARZA FIJA | J14: Fija | K14: GPON | M14: 172.20.12.241 | O14: =COUNTIF(S14:AT14,"") -> 28 | P14: 3c-1b-f8-df-95-58 | Q14: =COUNTIF(S14:AT14,"APAGADO") -> 0 | R14: =(O14)/(Q14+O14) -> 1
A15: 1 | B15: 19 | E15: YRIGOYEN-ISLAS ORCADAS | F15: ALTAMIRA | G15: ALT01 | H15: BONOMO | I15: Calchaqui y Sgto. Cabral | J15: Domo | K15: Fibra Optica | M15: 172.20.10.6 | O15: =COUNTIF(S15:AT15,"") -> 28 | P15: 00-07-5F-87-83-56 | Q15: =COUNTIF(S15:AT15,"APAGADO") -> 0 | R15: =(O15)/(Q15+O15) -> 1
A16: 1 | B16: 19 | E16: YRIGOYEN-ISLAS ORCADAS | F16: ALTAMIRA | G16: ALT02 | H16: BONOMO | I16: Calchaqui y Lope de Vega | J16: Domo | K16: PTO A FO | L16: CABRAL Y CALCHAQUI | M16: 172.20.12.218 | O16: =COUNTIF(S16:AT16,"") -> 28 | P16: 00-04-63-50-42-A4 | Q16: =COUNTIF(S16:AT16,"APAGADO") -> 0 | R16: =(O16)/(Q16+O16) -> 1
F17: ALTAMIRA | G17: ALT05 | H17: BONOMO | I17: Av. Calchaqui y Bombero Galarza | J17: Domo | K17: GPON | L17: NECOCHEA Y GALARZA | M17: 172.20.12.216 | O17: =COUNTIF(S17:AT17,"") -> 28 | P17: 00-07-5F-77-02-85 | Q17: =COUNTIF(S17:AT17,"APAGADO") -> 0 | R17: =(O17)/(Q17+O17) -> 1
A18: 1 | B18: 19 | E18: YRIGOYEN-ISLAS ORCADAS | F18: ALTAMIRA | G18: ALT07 | H18: BONOMO | I18: AV. CALCHAQUI Y AV. DEL TRABAJO | J18: DOMO | K18: PTO A FO | L18: CABRAL Y CALCHAQUI | M18: 172.20.10.57 | O18: =COUNTIF(S18:AT18,"") -> 28 | P18: 00-04-63-4F-DE-CA | Q18: =COUNTIF(S18:AT18,"APAGADO") -> 0 | R18: =(O18)/(Q18+O18) -> 1
F19: AGUSTIN RAMIREZ | G19: ARA 01 | H19: BONOMO | I19: Malambo y Tranquera | J19: Domo | K19: GPON | M19: 172.20.12.110 | O19: =COUNTIF(S19:AT19,"") -> 28 | P19: 00-04-63-4F-DB-B6 | Q19: =COUNTIF(S19:AT19,"APAGADO") -> 0 | R19: =(O19)/(Q19+O19) -> 1
F20: AGUSTIN RAMIREZ | G20: ARA 02 | H20: BONOMO | I20: El malambo y La Tranquera | J20: Fija | K20: GPON | M20: 172.20.12.235 | O20: =COUNTIF(S20:AT20,"") -> 28 | P20: C0:6D:ED:A3:E6:63 | Q20: =COUNTIF(S20:AT20,"APAGADO") -> 0 | R20: =(O20)/(Q20+O20) -> 1
F21: AGUSTIN RAMIREZ | G21: ARA 03 | H21: BONOMO | I21: 437 Y La Tranquera | J21: Fija | K21: GPON | M21: 172.20.10.232 | O21: =COUNTIF(S21:AT21,"") -> 28 | P21: C0:6D:ED:A3:66:6A | Q21: =COUNTIF(S21:AT21,"APAGADO") -> 0 | R21: =(O21)/(Q21+O21) -> 1
A22: 1 | B22: 15 | E22: TROPILLA | F22: BELGRANO | G22: BEL 01 | H22: BONOMO | I22: San Martin y Dardo Rocha | J22: DOMO | K22: Fibra Optica | M22: 172.20.12.64 | N22: A03 | O22: =COUNTIF(S22:AT22,"") -> 22 | P22: 00-07-5F-9F-A1-64 | Q22: =COUNTIF(S22:AT22,"APAGADO") -> 6 | R22: =(O22)/(Q22+O22) -> 0.78571429 | X22: APAGADO | Y22: APAGADO | Z22: APAGADO | AC22: APAGADO | AD22: APAGADO | AE22: APAGADO
A23: 1 | B23: 15 | E23: TROPILLA | F23: BELGRANO | G23: BEL 02 | H23: BONOMO | I23: Guardia vieja y Fronteriz | J23: DOMO | K23: Fibra Optica | M23: 172.20.10.117 | O23: =COUNTIF(S23:AT23,"") -> 22 | P23: E4-30-22-4F-9E-62 | Q23: =COUNTIF(S23:AT23,"APAGADO") -> 6 | R23: =(O23)/(Q23+O23) -> 0.78571429 | X23: APAGADO | Y23: APAGADO | Z23: APAGADO | AC23: APAGADO | AD23: APAGADO | AE23: APAGADO
F24: BOSQUES CENTRO | G24: BOSQ 07 | H24: COSEIDI | I24: Touring club y Sta Teresita | J24: Domo | K24: GPON | M24: 172.20.10.141 | O24: =COUNTIF(S24:AT24,"") -> 28 | P24: A0-FF-0C-D1-BD-7F | Q24: =COUNTIF(S24:AT24,"APAGADO") -> 0 | R24: =(O24)/(Q24+O24) -> 1
F25: BOSQUES CENTRO | G25: BOSQ 08 | H25: COSEIDI | I25: D'Anuncio Y J.B Justo (Plaza) | J25: Domo | K25: GPON | M25: 172.20.10.222 | O25: =COUNTIF(S25:AT25,"") -> 28 | P25: a4-18-94-05-51-13 | Q25: =COUNTIF(S25:AT25,"APAGADO") -> 0 | R25: =(O25)/(Q25+O25) -> 1
F26: BOSQUES CENTRO | G26: BOSQ 09 | H26: COSEIDI | I26: D'Anuncio e/Lisandro de la Torre y J.B Justo | J26: Fija | K26: GPON | M26: 172.20.10.227 | O26: =COUNTIF(S26:AT26,"") -> 28 | P26: c0-6d-ed-a3-e4-4c | Q26: =COUNTIF(S26:AT26,"APAGADO") -> 0 | R26: =(O26)/(Q26+O26) -> 1
F27: BOSQUES CENTRO | G27: BOSQ 10 | H27: COSEIDI | I27: D'Anuncio e/Lisandro de la Torre y J.B Justo | J27: Fija | K27: GPON | M27: 172.20.10.228 | O27: =COUNTIF(S27:AT27,"") -> 28 | P27: c0-6d-ed-a3-e4-5b | Q27: =COUNTIF(S27:AT27,"APAGADO") -> 0 | R27: =(O27)/(Q27+O27) -> 1
F28: BOSQUES CENTRO | G28: BOSQ 11 | H28: COSEIDI | I28: AV Bosques y Altagracia | J28: Domo | K28: GPON | M28: 172.20.8.52 | O28: =COUNTIF(S28:AT28,"") -> 28 | P28: A4-18-94-05-A4-68 | Q28: =COUNTIF(S28:AT28,"APAGADO") -> 0 | R28: =(O28)/(Q28+O28) -> 1
E29: TUNEL COSEIDI | F29: BOSQUES CENTRO | G29: BOSQ 12 | H29: COSEIDI | I29: Colectora R.36 y San Antonio | K29: Fibra Optica | M29: 172.20.8.84 | P29: 5C-34-5B-4B-DC-29
E30: TUNEL COSEIDI | F30: BOSQUES CENTRO | G30: BOSQC 01 | H30: COSEIDI | I30: LUIS AGOTE E/DANUNCIO Y CAMPOAMOR | J30: Fija | K30: PTO A FO | M30: 172.20.11.15 | O30: =COUNTIF(S30:AT30,"") -> 27 | P30: 00-07-5F-B7-56-89 | Q30: =COUNTIF(S30:AT30,"APAGADO") -> 1 | R30: =(O30)/(Q30+O30) -> 0.96428571 | Y30: APAGADO
E31: TUNEL COSEIDI | F31: BOSQUES CENTRO | G31: BOSQC 02 | H31: COSEIDI | I31: LUIS AGOTE E/DANUNCIO Y CAMPOAMOR | J31: Fija | K31: PTO A FO | M31: 172.20.11.16 | O31: =COUNTIF(S31:AT31,"") -> 27 | P31: 00-07-5F-B4-17-A8 | Q31: =COUNTIF(S31:AT31,"APAGADO") -> 1 | R31: =(O31)/(Q31+O31) -> 0.96428571 | Y31: APAGADO
E32: TUNEL COSEIDI | F32: BOSQUES CENTRO | G32: BOSQC 03 | H32: COSEIDI | I32: BENAVENTE Y LUIS AGOTE | J32: Fija | K32: PTO A FO | M32: 172.20.11.13 | O32: =COUNTIF(S32:AT32,"") -> 20 | P32: 00-07-5F-B6-B8-A5 | Q32: =COUNTIF(S32:AT32,"APAGADO") -> 8 | R32: =(O32)/(Q32+O32) -> 0.71428571 | V32: APAGADO | W32: APAGADO | X32: APAGADO | Y32: APAGADO | Z32: APAGADO | AC32: APAGADO | AD32: APAGADO | AE32: APAGADO
E33: TUNEL COSEIDI | F33: BOSQUES CENTRO | G33: BOSQC 04 | H33: COSEIDI | I33: BENAVENTE Y LUIS AGOTE | J33: Fija | K33: PTO A FO | M33: 172.20.11.113 | O33: =COUNTIF(S33:AT33,"") -> 27 | P33: 00-07-5F-B6-B8-D3 | Q33: =COUNTIF(S33:AT33,"APAGADO") -> 1 | R33: =(O33)/(Q33+O33) -> 0.96428571 | Y33: APAGADO
E34: TUNEL COSEIDI | F34: BOSQUES CENTRO | G34: BOSQC 05 | H34: COSEIDI | I34: LUIS AGOTE Y RUTA 36 | J34: Fija | K34: PTO A FO | M34: 172.20.11.17 | O34: =COUNTIF(S34:AT34,"") -> 28 | P34: 00-07-5F-B4-42-C7 | Q34: =COUNTIF(S34:AT34,"APAGADO") -> 0 | R34: =(O34)/(Q34+O34) -> 1
E35: TUNEL COSEIDI | F35: BOSQUES CENTRO | G35: BOSQC 06 | H35: COSEIDI | I35: LUIS AGOTE Y RUTA 36 | J35: Fija | K35: PTO A FO | M35: 172.20.11.18 | O35: =COUNTIF(S35:AT35,"") -> 28 | P35: 00-07-5F-B4-16-8D | Q35: =COUNTIF(S35:AT35,"APAGADO") -> 0 | R35: =(O35)/(Q35+O35) -> 1
A36: 2 | B36: 2 | E36: AZURDUY | F36: LA CAROLINA 2 | G36: CAR01 (Fija 1) | H36: COSEIDI | I36: Azurduy y Vergara | J36: Fija | K36: Fibra Optica | M36: 172.20.10.60 | O36: =COUNTIF(S36:AT36,"") -> 28 | P36: A0:FF:0C:EF:DF:AB | Q36: =COUNTIF(S36:AT36,"APAGADO") -> 0 | R36: =(O36)/(Q36+O36) -> 1
A37: 2 | B37: 2 | E37: AZURDUY | F37: LA CAROLINA 2 | G37: CAR02 (Fija 2) | H37: COSEIDI | I37: Azurduy y Vergara | J37: Fija | K37: Fibra Optica | M37: 172.20.10.73 | O37: =COUNTIF(S37:AT37,"") -> 28 | P37: A0:FF:0C:EF:DF:AD | Q37: =COUNTIF(S37:AT37,"APAGADO") -> 0 | R37: =(O37)/(Q37+O37) -> 1
F38: LA CAROLINA 2 | G38: CAR03(Fija1) | H38: COSEIDI | I38: Hudson e/1362 Y 1356 | J38: Fija | K38: GPON | M38: 172.20.8.39 | O38: =COUNTIF(S38:AT38,"") -> 28 | P38: c0-6d-ed-a3-e5-ad | Q38: =COUNTIF(S38:AT38,"APAGADO") -> 0 | R38: =(O38)/(Q38+O38) -> 1
F39: LA CAROLINA 2 | G39: CAR04(Fija2) | H39: COSEIDI | I39: Hudson e/1362 Y 1356 | J39: Fija | K39: GPON | M39: 172.20.8.40 | O39: =COUNTIF(S39:AT39,"") -> 28 | P39: c0-6d-ed-a3-e6-3a | Q39: =COUNTIF(S39:AT39,"APAGADO") -> 0 | R39: =(O39)/(Q39+O39) -> 1
F40: LA CAROLINA 2 | G40: CAR05 | H40: COSEIDI | I40: Hudson e/1362 Y 1356 | J40: Domo | K40: GPON | M40: 172.20.8.34 | O40: =COUNTIF(S40:AT40,"") -> 28 | P40: a4-18-94-05-4a-70 | Q40: =COUNTIF(S40:AT40,"APAGADO") -> 0 | R40: =(O40)/(Q40+O40) -> 1
A41: 2 | B41: 2 | E41: AZURDUY | F41: LA CAROLINA 2 | G41: CAR06 | H41: COSEIDI | I41: Azurduy Y Barracas | J41: Domo | K41: Fibra Optica | M41: 172.20.10.223 | O41: =COUNTIF(S41:AT41,"") -> 28 | P41: a4-18-94-05-4a-01 | Q41: =COUNTIF(S41:AT41,"APAGADO") -> 0 | R41: =(O41)/(Q41+O41) -> 1
E42: TUNEL COSEIDI | F42: LA CAROLINA 2 | G42: CAR08 | H42: COSEIDI | I42: Calle 1148 y 1150 ( Fija 1 ) | J42: Fija | K42: Fibra Optica | M42: 172.20.8.58 | O42: =COUNTIF(S42:AT42,"") -> 28 | P42: c0-6d-ed-a3-e5-d1 | Q42: =COUNTIF(S42:AT42,"APAGADO") -> 0 | R42: =(O42)/(Q42+O42) -> 1
E43: TUNEL COSEIDI | F43: LA CAROLINA 2 | G43: CAR09 | H43: COSEIDI | I43: calle 1148 y 1150 ( Fija 2 ) | J43: Fija | K43: Fibra Optica | M43: 172.20.8.59 | O43: =COUNTIF(S43:AT43,"") -> 28 | P43: c0-6d-ed-a3-e5-d3 | Q43: =COUNTIF(S43:AT43,"APAGADO") -> 0 | R43: =(O43)/(Q43+O43) -> 1
A44: 2 | B44: 23 | E44: PERON Y BOCCUZZI | F44: CENTRO | G44: CEN 05 | H44: BONOMO | I44: Bocuzzi e/España y San Martin | J44: DOMO | K44: Fibra Optica | M44: 172.20.10.200 | O44: =COUNTIF(S44:AT44,"") -> 26 | P44: 00-07-5F-81-9C-7F | Q44: =COUNTIF(S44:AT44,"APAGADO") -> 2 | R44: =(O44)/(Q44+O44) -> 0.92857143 | AC44: APAGADO | AE44: APAGADO
A45: 3 | B45: 1 | E45: PERON Y MONTEAGUDO | F45: CENTRO | G45: CEN 12 | H45: BONOMO | I45: Monteagudo y Mitre | J45: Domo | K45: Fibra Optica | M45: 172.20.10.23 | O45: =COUNTIF(S45:AT45,"") -> 28 | P45: 00-07-5F-75-24-A1 | Q45: =COUNTIF(S45:AT45,"APAGADO") -> 0 | R45: =(O45)/(Q45+O45) -> 1
F46: CENTRO | G46: CEN 13 | H46: BONOMO | I46: 25 de Mayo y Maipu | J46: DOMO | K46: GPON | M46: 172.20.10.20 | O46: =COUNTIF(S46:AT46,"") -> 28 | P46: 00-07-5F-77-2B-1B | Q46: =COUNTIF(S46:AT46,"APAGADO") -> 0 | R46: =(O46)/(Q46+O46) -> 1
A47: 1 | B47: 14 | E47: SENZABELLO | F47: CENTRO | G47: CEN 37 | H47: BONOMO | I47: Diagonal Granaderos y Monteagudo | J47: Domo | K47: Fibra Optica | M47: 172.20.12.52 | O47: =COUNTIF(S47:AT47,"") -> 28 | P47: 00-04-63-4F-DE-4E | Q47: =COUNTIF(S47:AT47,"APAGADO") -> 0 | R47: =(O47)/(Q47+O47) -> 1
E48: PON 2 | F48: CENTRO | G48: CEN 50 | H48: BONOMO | I48: Av. San Martin y Newbery | J48: Domo | K48: GPON | M48: 172.20.10.167 | O48: =COUNTIF(S48:AT48,"") -> 20 | P48: 00-04-63-5A-E1-03 | Q48: =COUNTIF(S48:AT48,"APAGADO") -> 8 | R48: =(O48)/(Q48+O48) -> 0.71428571 | V48: APAGADO | W48: APAGADO | X48: APAGADO | Y48: APAGADO | Z48: APAGADO | AC48: APAGADO | AD48: APAGADO | AE48: APAGADO
F49: CENTRO | G49: CEN 51 | H49: BONOMO | I49: ILLIA Y LAS HERAS | J49: FIJA | K49: GPON | M49: 172.20.11.29 | O49: =COUNTIF(S49:AT49,"") -> 28 | P49: 00-07-5F-81-9B-EB | Q49: =COUNTIF(S49:AT49,"APAGADO") -> 0 | R49: =(O49)/(Q49+O49) -> 1
F50: CENTRO | G50: CEN 53 | H50: BONOMO | I50: GUTIERREZ Y BROWN | J50: Domo | K50: GPON | M50: 172.20.10.168 | O50: =COUNTIF(S50:AT50,"") -> 28 | P50: 00-07-5F-96-E2-98 | Q50: =COUNTIF(S50:AT50,"APAGADO") -> 0 | R50: =(O50)/(Q50+O50) -> 1
F51: CENTRO | G51: CEN 54 | H51: BONOMO | I51: GUTIERREZ Y PRINGLES | J51: Domo | K51: GPON | M51: 172.20.10.169 | O51: =COUNTIF(S51:AT51,"") -> 20 | P51: 00-07-5F-8B-30-98 | Q51: =COUNTIF(S51:AT51,"APAGADO") -> 8 | R51: =(O51)/(Q51+O51) -> 0.71428571 | V51: APAGADO | W51: APAGADO | X51: APAGADO | Y51: APAGADO | Z51: APAGADO | AC51: APAGADO | AD51: APAGADO | AE51: APAGADO
F52: CENTRO | G52: CEN 55 | H52: BONOMO | I52: BOUREL Y URQUIZA | J52: Domo | K52: GPON | M52: 172.20.10.127 | O52: =COUNTIF(S52:AT52,"") -> 28 | P52: 00-07-5F-81-9C-87 | Q52: =COUNTIF(S52:AT52,"APAGADO") -> 0 | R52: =(O52)/(Q52+O52) -> 1
F53: CENTRO | G53: CEN 56 | H53: BONOMO | I53: Newbery y Falucho | J53: DOMO | K53: GPON | M53: 172.20.10.176 | O53: =COUNTIF(S53:AT53,"") -> 28 | P53: 00-07-5F-81-9C-8A | Q53: =COUNTIF(S53:AT53,"APAGADO") -> 0 | R53: =(O53)/(Q53+O53) -> 1
F54: CENTRO | G54: CEN 57 | H54: BONOMO | I54: 25 DE MAYO Y DORREGO | J54: DOMO | K54: GPON | M54: 172.20.10.154 | O54: =COUNTIF(S54:AT54,"") -> 28 | P54: 00-07-5F-81-9C-74 | Q54: =COUNTIF(S54:AT54,"APAGADO") -> 0 | R54: =(O54)/(Q54+O54) -> 1
A55: 4 | B55: 12 | E55: brasil y cabello | F55: CENTRO | G55: CEN 58 | H55: BONOMO | I55: EEUU Y MORENO | J55: DOMO | K55: Fibra Optica | M55: 172.20.11.84 | O55: =COUNTIF(S55:AT55,"") -> 28 | P55: 00-07-5F-7C-7D-EA | Q55: =COUNTIF(S55:AT55,"APAGADO") -> 0 | R55: =(O55)/(Q55+O55) -> 1
F56: CENTRO | G56: CEN 60 | H56: BONOMO | I56: RECONQUISTA Y ILLIA | J56: DOMO | K56: PTO A GPON | L56: ILLIA Y LAS HERAS | M56: 172.20.12.67 | O56: =COUNTIF(S56:AT56,"") -> 28 | P56: 00-07-5F-81-9D-01 | Q56: =COUNTIF(S56:AT56,"APAGADO") -> 0 | R56: =(O56)/(Q56+O56) -> 1
F57: CENTRO | G57: CEN 61 | H57: BONOMO | I57: BOUREL Y MAIPU | J57: DOMO | K57: GPON | M57: 172.20.10.162 | O57: =COUNTIF(S57:AT57,"") -> 28 | P57: 00-04-63-4F-DF-95 | Q57: =COUNTIF(S57:AT57,"APAGADO") -> 0 | R57: =(O57)/(Q57+O57) -> 1
E58: PON 9 | F58: CENTRO | G58: CEN 65 | H58: BONOMO | I58: SAN MARTIN Y JUAN PERON | J58: FIJA | K58: GPON | M58: 172.20.11.135 | O58: =COUNTIF(S58:AT58,"") -> 28 | P58: 00-07-5F-B7-85-A1 | Q58: =COUNTIF(S58:AT58,"APAGADO") -> 0 | R58: =(O58)/(Q58+O58) -> 1
A59: 12 | B59: 13 | E59: bourel y rivadavia | F59: CENTRO | G59: CEN 70 | H59: BONOMO | I59: RIVADAVIA Y 25 MAYO | J59: Domo | K59: Fibra Optica | M59: 172.20.11.221 | O59: =COUNTIF(S59:AT59,"") -> 28 | P59: 00-07-5F-BE-59-31 | Q59: =COUNTIF(S59:AT59,"APAGADO") -> 0 | R59: =(O59)/(Q59+O59) -> 1
F60: CENTRO | G60: CEN 71 | H60: BONOMO | I60: MORENO Y BOUREL | J60: Domo | K60: GPON | M60: 172.20.11.220 | O60: =COUNTIF(S60:AT60,"") -> 28 | P60: 00-07-5F-AB-BA-BE | Q60: =COUNTIF(S60:AT60,"APAGADO") -> 0 | R60: =(O60)/(Q60+O60) -> 1
A61: 12 | B61: 13 | E61: RIVADAVIA Y BOUREL | F61: CENTRO | G61: CEN 72 | H61: BONOMO | I61: MORENO Y 25 DE MAYO | J61: Domo | K61: Fibra Optica | M61: 172.20.11.219 | O61: =COUNTIF(S61:AT61,"") -> 28 | P61: 00-07-5F-AB-BB-44 | Q61: =COUNTIF(S61:AT61,"APAGADO") -> 0 | R61: =(O61)/(Q61+O61) -> 1
F62: CENTRO | G62: CEN 75 | H62: BONOMO | I62: 25 DE MAYO Y CASTELLI | J62: Domo | K62: GPON | M62: 172.20.11.114 | O62: =COUNTIF(S62:AT62,"") -> 28 | P62: 00-07-5F-81-B8-AF | Q62: =COUNTIF(S62:AT62,"APAGADO") -> 0 | R62: =(O62)/(Q62+O62) -> 1
A63: 3 | B63: 1 | E63: PERON Y MONTEAGUDO | F63: CENTRO | G63: CEN 76 | H63: BONOMO | I63: ESPAÑA E/MITRE Y BOCUZZI | J63: Fija | K63: Fibra Optica | M63: 172.20.11.110 | O63: =COUNTIF(S63:AT63,"") -> 28 | P63: 00-07-5F-B7-84-A4 | Q63: =COUNTIF(S63:AT63,"APAGADO") -> 0 | R63: =(O63)/(Q63+O63) -> 1
A64: 3 | B64: 1 | E64: PERON Y MONTEAGUDO | F64: CENTRO | G64: CEN 77 | H64: BONOMO | I64: Monteagudo e/ Mitre y Boccuzzi | J64: Fija | K64: Fibra Optica | M64: 172.20.11.241 | O64: =COUNTIF(S64:AT64,"") -> 28 | P64: 00-07-5F-B7-85-9C | Q64: =COUNTIF(S64:AT64,"APAGADO") -> 0 | R64: =(O64)/(Q64+O64) -> 1
A65: 3 | B65: 1 | E65: PERON Y MONTEAGUDO | F65: CENTRO | G65: CEN 78 | H65: BONOMO | I65: Mitre e/Monteagudo y Alberdi | J65: Fija | K65: Fibra Optica | M65: 172.20.11.240 | O65: =COUNTIF(S65:AT65,"") -> 28 | P65: 00-07-5F-B4-4E-B1 | Q65: =COUNTIF(S65:AT65,"APAGADO") -> 0 | R65: =(O65)/(Q65+O65) -> 1
E66: SENZABELLO | F66: CENTRO | G66: CEN 79 | H66: BONOMO | I66: Diag. Constituyente y Brown | J66: Fija | K66: Fibra Optica | M66: 172.20.11.243 | O66: =COUNTIF(S66:AT66,"") -> 28 | P66: 00-07-5F-C0-16-79 | Q66: =COUNTIF(S66:AT66,"APAGADO") -> 0 | R66: =(O66)/(Q66+O66) -> 1
E67: SENZABELLO | F67: CENTRO | G67: CEN 80 | H67: BONOMO | I67: Diag. Constituyente y Brown | J67: Fija | K67: Fibra Optica | M67: 172.20.11.244 | O67: =COUNTIF(S67:AT67,"") -> 28 | P67: 00-07-5F-B9-A4-AD | Q67: =COUNTIF(S67:AT67,"APAGADO") -> 0 | R67: =(O67)/(Q67+O67) -> 1
E68: PON12 | F68: CENTRO | G68: CEN 81 | H68: BONOMO | I68: Alberdi y A.del Valle | J68: Fija | K68: GPON | M68: 172.20.11.242 | O68: =COUNTIF(S68:AT68,"") -> 28 | P68: 00-07-5F-BC-E0-26 | Q68: =COUNTIF(S68:AT68,"APAGADO") -> 0 | R68: =(O68)/(Q68+O68) -> 1
F69: CENTRO | G69: CEN 82 | H69: BONOMO | I69: DORREGO Y BOUREL | J69: Domo | K69: GPON | M69: 172.20.11.198 | O69: =COUNTIF(S69:AT69,"") -> 25 | P69: 00:07:5f:ab:b9:fe | Q69: =COUNTIF(S69:AT69,"APAGADO") -> 3 | R69: =(O69)/(Q69+O69) -> 0.89285714 | V69: APAGADO | W69: APAGADO | AD69: APAGADO
F70: CENTRO | G70: CEN 84 | H70: BONOMO | I70: 25 DE MAYO Y MAIPU | J70: Fija | K70: GPON | M70: 172.20.10.95 | O70: =COUNTIF(S70:AT70,"") -> 28 | P70: E4:30:22:45:E3:B7 | Q70: =COUNTIF(S70:AT70,"APAGADO") -> 0 | R70: =(O70)/(Q70+O70) -> 1
A71: 3 | B71: 1 | E71: PERON Y MONTEAGUDO | F71: CENTRO | G71: CEN 85 | H71: BONOMO | I71: PTE PERON E/ PRINGLES Y BROWN | J71: Fija | K71: Fibra Optica | M71: 172.20.10.94 | O71: =COUNTIF(S71:AT71,"") -> 23 | P71: 00-07-5F-CB-2D-82 | Q71: =COUNTIF(S71:AT71,"APAGADO") -> 5 | R71: =(O71)/(Q71+O71) -> 0.82142857 | W71: APAGADO | X71: APAGADO | Y71: APAGADO | Z71: APAGADO | AC71: APAGADO
A72: 3 | B72: 1 | E72: PERON Y MONTEAGUDO | F72: CENTRO | G72: CEN 86 | H72: BONOMO | I72: Monteagudo y Bocuzzi | J72: Fija | K72: Fibra Optica | M72: 172.20.10.106 | O72: =COUNTIF(S72:AT72,"") -> 28 | P72: 00-07-5F-B4-4E-A9 | Q72: =COUNTIF(S72:AT72,"APAGADO") -> 0 | R72: =(O72)/(Q72+O72) -> 1
E73: PON 7 | F73: CENTRO | G73: CEN 01 | H73: BONOMO | I73: San Martin y 9 de Julio | J73: Fija | K73: GPON | M73: 172.20.11.10 | O73: =COUNTIF(S73:AT73,"") -> 28 | P73: 00-07-5F-85-FC-FB | Q73: =COUNTIF(S73:AT73,"APAGADO") -> 0 | R73: =(O73)/(Q73+O73) -> 1
E74: PON 7 | F74: CENTRO | G74: CEN 02 | H74: BONOMO | I74: San Martin y Almafuerte | J74: Fija | K74: GPON | M74: 172.20.11.11 | O74: =COUNTIF(S74:AT74,"") -> 28 | P74: 00-07-5F-85-DF-9D | Q74: =COUNTIF(S74:AT74,"APAGADO") -> 0 | R74: =(O74)/(Q74+O74) -> 1
A75: 2 | B75: 21, 22 | E75: PERON Y BOCCUZZI | F75: CENTRO | G75: CEN 03 | H75: BONOMO | I75: San Martin y Sallares | J75: Domo | K75: Fibra Optica | M75: 172.20.12.30 | O75: =COUNTIF(S75:AT75,"") -> 25 | P75: 00-07-5F-E6-65-A8 | Q75: =COUNTIF(S75:AT75,"APAGADO") -> 3 | R75: =(O75)/(Q75+O75) -> 0.89285714 | AC75: APAGADO | AD75: APAGADO | AE75: APAGADO
A76: 2 | B76: 20 | E76: SAN MARTIN Y CONTRERAS | F76: CENTRO | G76: CEN 04 | H76: BONOMO | I76: San Martin y Contreras | J76: Domo | K76: Fibra Optica | M76: 172.20.12.29 | O76: =COUNTIF(S76:AT76,"") -> 28 | P76: 00-04-63-5A-E0-85 | Q76: =COUNTIF(S76:AT76,"APAGADO") -> 0 | R76: =(O76)/(Q76+O76) -> 1
A77: 2 | B77: 23 | E77: PERON Y BOCCUZZI | F77: CENTRO | G77: CEN 06 | H77: BONOMO | I77: Monteagudo y A.del Valle | J77: Fija | K77: Fibra Optica | M77: 172.20.10.02 | O77: =COUNTIF(S77:AT77,"") -> 23 | P77: 00-07-5F-8E-DB-4A | Q77: =COUNTIF(S77:AT77,"APAGADO") -> 5 | R77: =(O77)/(Q77+O77) -> 0.82142857 | V77: APAGADO | Y77: APAGADO | Z77: APAGADO | AC77: APAGADO | AE77: APAGADO
A78: 1 | B78: 15 | E78: TROPILLA | F78: CENTRO | G78: CEN 07 | H78: BONOMO | I78: San Martin y Guemes | J78: DOMO | K78: Fibra Optica | M78: 172.20.11.20 | O78: =COUNTIF(S78:AT78,"") -> 28 | P78: 00-07-5F-77-25-57 | Q78: =COUNTIF(S78:AT78,"APAGADO") -> 0 | R78: =(O78)/(Q78+O78) -> 1
A79: 2 | B79: 23 | E79: PERON Y BOCCUZZI | F79: CENTRO | G79: CEN 08 | H79: BONOMO | I79: San Martin y Pte.Peron | J79: Domo | K79: Fibra Optica | M79: 172.20.11.21 | O79: =COUNTIF(S79:AT79,"") -> 28 | P79: 00-07-5F-7A-71-56 | Q79: =COUNTIF(S79:AT79,"APAGADO") -> 0 | R79: =(O79)/(Q79+O79) -> 1
A80: 9 | B80: 1 | E80: chacabuco y 25 de mayo | F80: CENTRO | G80: CEN 09 | H80: BONOMO | I80: Chacabuco y 25 de Mayo | J80: Domo | K80: Fibra Optica | M80: 172.20.11.22 | O80: =COUNTIF(S80:AT80,"") -> 28 | P80: 00-07-5F-76-FB-07 | Q80: =COUNTIF(S80:AT80,"APAGADO") -> 0 | R80: =(O80)/(Q80+O80) -> 1
A81: 3 | B81: 1 | E81: PERON Y MONTEAGUDO | F81: CENTRO | G81: CEN 10 | H81: BONOMO | I81: Monteagudo y Pte. Peron | J81: Domo | K81: Fibra Optica | M81: 172.20.11.23 | O81: =COUNTIF(S81:AT81,"") -> 28 | P81: 00-07-5F-76-FC-7B | Q81: =COUNTIF(S81:AT81,"APAGADO") -> 0 | R81: =(O81)/(Q81+O81) -> 1
A82: 1 | B82: 14 | E82: SENZABELLO | F82: CENTRO | G82: CEN100 | H82: BONOMO | I82: Monteagudo y Almafuerte | J82: Domo | K82: Fibra Optica | M82: 172.20.8.69 | O82: =COUNTIF(S82:AT82,"") -> 23 | P82: a4-18--94-05-50-f6 | Q82: =COUNTIF(S82:AT82,"APAGADO") -> 5 | R82: =(O82)/(Q82+O82) -> 0.82142857 | V82: APAGADO | W82: APAGADO | X82: APAGADO | Y82: APAGADO | Z82: APAGADO
A83: 3 | B83: 1 | E83: PERON Y MONTEAGUDO | F83: CENTRO | G83: CEN11 | H83: BONOMO | I83: Monteagudo y Bocuzzi | J83: Domo | K83: Fibra Optica | M83: 172.20.10.24 | O83: =COUNTIF(S83:AT83,"") -> 28 | P83: 00-07-5F-77-26-89 | Q83: =COUNTIF(S83:AT83,"APAGADO") -> 0 | R83: =(O83)/(Q83+O83) -> 1
A84: 3 | B84: 1 | E84: PERON Y MONTEAGUDO | F84: CENTRO | G84: CEN14 | H84: BONOMO | I84: Pte.Peron e/Pringles y Brown | J84: Domo | K84: Fibra Optica | M84: 172.20.10.21 | O84: =COUNTIF(S84:AT84,"") -> 28 | P84: 00-04-63-50-44-82 | Q84: =COUNTIF(S84:AT84,"APAGADO") -> 0 | R84: =(O84)/(Q84+O84) -> 1
F85: CENTRO | G85: CEN15 | H85: BONOMO | I85: Alberdi y A.del Valle | J85: Domo | K85: GPON | M85: 172.20.10.35 | O85: =COUNTIF(S85:AT85,"") -> 28 | P85: 00-07-5F-75-23-66 | Q85: =COUNTIF(S85:AT85,"APAGADO") -> 0 | R85: =(O85)/(Q85+O85) -> 1
A86: 3 | B86: 13 | E86: PERON Y BOCCUZZI | F86: CENTRO | G86: CEN16 | H86: BONOMO | I86: San Martin y Pte. Peron | J86: Fija | K86: Fibra Optica | M86: 172.20.12.36 | O86: =COUNTIF(S86:AT86,"") -> 28 | P86: 00-07-5F-95-ED-8E | Q86: =COUNTIF(S86:AT86,"APAGADO") -> 0 | R86: =(O86)/(Q86+O86) -> 1
A87: 2 | B87: 23 | E87: PERON Y BOCCUZZI | F87: CENTRO | G87: CEN17 | H87: BONOMO | I87: San Martin y Mitre | J87: Domo | K87: PTO A FO | L87: SAN MARTIN Y SALLARES | M87: 172.20.12.200 | O87: =COUNTIF(S87:AT87,"") -> 25 | P87: 00-04-63-5A-E0-93 | Q87: =COUNTIF(S87:AT87,"APAGADO") -> 3 | R87: =(O87)/(Q87+O87) -> 0.89285714 | AC87: APAGADO | AD87: APAGADO | AE87: APAGADO
A88: 3 | B88: 1 | E88: PERON Y MONTEAGUDO | F88: CENTRO | G88: CEN18 | H88: BONOMO | I88: Monteagudo e/Mitre y Sallares | J88: Fija | K88: Fibra Optica | M88: 172.20.10.26 | O88: =COUNTIF(S88:AT88,"") -> 28 | P88: 00-04-63-32-84-B7 | Q88: =COUNTIF(S88:AT88,"APAGADO") -> 0 | R88: =(O88)/(Q88+O88) -> 1
A89: 9 | B89: 1 | E89: chacabuco y 25 de mayo | F89: CENTRO | G89: CEN19 | H89: BONOMO | I89: Chacabuco y 25 de Mayo | J89: Fija | K89: Fibra Optica | M89: 172.20.10.27 | O89: =COUNTIF(S89:AT89,"") -> 28 | P89: 00-07-5F-8B-45-70 | Q89: =COUNTIF(S89:AT89,"APAGADO") -> 0 | R89: =(O89)/(Q89+O89) -> 1
F90: LOMAS DE MONTEVERDE | G90: CEN20 | H90: BONOMO | I90: Pte. Illia y Las Heras | J90: Domo | K90: GPON | M90: 172.20.10.33 | O90: =COUNTIF(S90:AT90,"") -> 28 | P90: 00-04-63-32-A4-95 | Q90: =COUNTIF(S90:AT90,"APAGADO") -> 0 | R90: =(O90)/(Q90+O90) -> 1
F91: CENTRO | G91: CEN21 | H91: BONOMO | I91: Misiones y Urquiza | J91: Fija | K91: GPON | M91: 172.20.12.246 | O91: =COUNTIF(S91:AT91,"") -> 28 | P91: 00-04-63-3C-33-FE | Q91: =COUNTIF(S91:AT91,"APAGADO") -> 0 | R91: =(O91)/(Q91+O91) -> 1
F92: CENTRO | G92: CEN22 | H92: BONOMO | I92: Las Heras y Chacabuco | J92: Domo | K92: GPON | M92: 172.20.10.163 | O92: =COUNTIF(S92:AT92,"") -> 20 | P92: 00-07-5F-9B-B3-BC | Q92: =COUNTIF(S92:AT92,"APAGADO") -> 8 | R92: =(O92)/(Q92+O92) -> 0.71428571 | V92: APAGADO | W92: APAGADO | X92: APAGADO | Y92: APAGADO | Z92: APAGADO | AC92: APAGADO | AD92: APAGADO | AE92: APAGADO
A93: 2 | B93: 1 | E93: PERON Y MONTEAGUDO | F93: CENTRO | G93: CEN23 | H93: BONOMO | I93: Sallares y Monteagudo | J93: Domo | K93: Fibra Optica | M93: 172.20.12.05 | O93: =COUNTIF(S93:AT93,"") -> 28 | P93: 00-07-5F-77-2C-D8 | Q93: =COUNTIF(S93:AT93,"APAGADO") -> 0 | R93: =(O93)/(Q93+O93) -> 1
F94: CENTRO | G94: CEN24 | H94: BONOMO | I94: Sallares y España | J94: Domo | K94: GPON | M94: 172.20.12.04 | O94: =COUNTIF(S94:AT94,"") -> 28 | P94: 00-07-5F-76-F9-FD | Q94: =COUNTIF(S94:AT94,"APAGADO") -> 0 | R94: =(O94)/(Q94+O94) -> 1
E95: GPON7 | F95: CENTRO | G95: CEN25 | H95: BONOMO | I95: SAN MARTIN Y 9 DE JULIO | J95: Domo | K95: GPON | M95: 172.20.12.02 | O95: =COUNTIF(S95:AT95,"") -> 28 | P95: 00-04-63-4F-C6-19 | Q95: =COUNTIF(S95:AT95,"APAGADO") -> 0 | R95: =(O95)/(Q95+O95) -> 1
A96: 2 | B96: 23 | E96: PERON Y BOCCUZZI | F96: CENTRO | G96: CEN26 | H96: BONOMO | I96: Mitre y España | J96: Domo | K96: Fibra Optica | M96: 172.20.12.06 | O96: =COUNTIF(S96:AT96,"") -> 28 | P96: 00-07-5F-76-EC-BF | Q96: =COUNTIF(S96:AT96,"APAGADO") -> 0 | R96: =(O96)/(Q96+O96) -> 1
A97: 2 | B97: 23 | E97: PERON Y BOCCUZZI | F97: CENTRO | G97: CEN27 | H97: BONOMO | I97: San Juan y España | J97: Domo | K97: Fibra Optica | M97: 172.20.12.37 | O97: =COUNTIF(S97:AT97,"") -> 28 | P97: 00-04-63-50-5A-EE | Q97: =COUNTIF(S97:AT97,"APAGADO") -> 0 | R97: =(O97)/(Q97+O97) -> 1
A98: 2 | B98: 23 | E98: PERON Y BOCCUZZI | F98: CENTRO | G98: CEN28 | H98: BONOMO | I98: Mitre y Alberdi | J98: Domo | K98: Fibra Optica | M98: 172.20.12.38 | O98: =COUNTIF(S98:AT98,"") -> 28 | P98: 00-04-63-4F-C3-25 | Q98: =COUNTIF(S98:AT98,"APAGADO") -> 0 | R98: =(O98)/(Q98+O98) -> 1
A99: 2 | B99: 23 | E99: PERON Y BOCCUZZI | F99: CENTRO | G99: CEN29 | H99: BONOMO | I99: Alberdi y San Juan | J99: Domo | K99: Fibra Optica | M99: 172.20.12.40 | O99: =COUNTIF(S99:AT99,"") -> 28 | P99: 00-04-63-4F-C5-D7 | Q99: =COUNTIF(S99:AT99,"APAGADO") -> 0 | R99: =(O99)/(Q99+O99) -> 1
A100: 3 | B100: 1 | E100: PERON Y MONTEAGUDO | F100: CENTRO | G100: CEN30 | H100: BONOMO | I100: Mitre y Pringles | J100: Domo | K100: Fibra Optica | M100: 172.20.12.39 | O100: =COUNTIF(S100:AT100,"") -> 28 | P100: 00-04-63-50-55-A3 | Q100: =COUNTIF(S100:AT100,"APAGADO") -> 0 | R100: =(O100)/(Q100+O100) -> 1
...

Sheet AUXILIAR

Sheet paradas
C1: TOTAL PARADAS | D1: =COUNTIFS(A5:A602,"=paradas seguras")/2 -> 0 | E1: TOTAL DE CAMARAS EN PARADAS | H1: =COUNTIFS(A5:A602,"=paradas seguras") -> 0 | I1: TOTAL DE CAMARAS | K1: =COUNTIFS(D5:D602,"=GFIJA") -> 0 | L1: TOTAL DE INTERCOMUNICADORES | O1: =COUNTIFS(D5:D602,"=INTERCOMUNICADOR") -> 0
E2: FIJAS | F2: =COUNTIFS(F4:F601, "=APAGADO",D4:D601,"=GFIJA") -> 0 | G2: =COUNTIFS(G4:G601, "=APAGADO",D4:D601,"=GFIJA") -> 0 | H2: =COUNTIFS(H4:H601, "=APAGADO",D4:D601,"=GFIJA") -> 0 | I2: =COUNTIFS(I4:I601, "=APAGADO",D4:D601,"=GFIJA") -> 0 | J2: =COUNTIFS(J4:J601, "=APAGADO",D4:D601,"=GFIJA") -> 0 | K2: =COUNTIFS(K4:K601, "=APAGADO",D4:D601,"=GFIJA") -> 0 | L2: =COUNTIFS(L4:L601, "=APAGADO",D4:D601,"=GFIJA") -> 0 | M2: =COUNTIFS(M4:M601, "=APAGADO",D4:D601,"=GFIJA") -> 0 | N2: =COUNTIFS(N4:N601, "=APAGADO",D4:D601,"=GFIJA") -> 0 | O2: =COUNTIFS(O4:O601, "=APAGADO",D4:D601,"=GFIJA") -> 0 | P2: =COUNTIFS(P4:P601, "=APAGADO",D4:D601,"=GFIJA") -> 0 | Q2: =COUNTIFS(Q4:Q601, "=APAGADO",D4:D601,"=GFIJA") -> 0 | R2: =COUNTIFS(R4:R601, "=APAGADO",D4:D601,"=GFIJA") -> 0 | S2: =COUNTIFS(S4:S601, "=APAGADO",D4:D601,"=GFIJA") -> 0 | T2: =COUNTIFS(T4:T601, "=APAGADO",D4:D601,"=GFIJA") -> 0 | U2: =COUNTIFS(U4:U601, "=APAGADO",D4:D601,"=GFIJA") -> 0 | V2: =COUNTIFS(V4:V601, "=APAGADO",D4:D601,"=GFIJA") -> 0 | W2: =COUNTIFS(W4:W601, "=APAGADO",D4:D601,"=GFIJA") -> 0 | X2: =COUNTIFS(X4:X601, "=APAGADO",D4:D601,"=GFIJA") -> 0 | Y2: =COUNTIFS(Y4:Y601, "=APAGADO",D4:D601,"=GFIJA") -> 0 | Z2: =COUNTIFS(Z4:Z601, "=APAGADO",D4:D601,"=GFIJA") -> 0 | AA2: =COUNTIFS(AA4:AA601, "=APAGADO",D4:D601,"=GFIJA") -> 0 | AB2: =COUNTIFS(AB4:AB601, "=APAGADO",D4:D601,"=GFIJA") -> 0 | AC2: =COUNTIFS(AC4:AC601, "=APAGADO",D4:D601,"=GFIJA") -> 0 | AD2: =COUNTIFS(AD4:AD601, "=APAGADO",D4:D601,"=GFIJA") -> 0 | AE2: =COUNTIFS(AE4:AE601, "=APAGADO",D4:D601,"=GFIJA") -> 0 | AF2: =COUNTIFS(AF4:AF601, "=APAGADO",D4:D601,"=GFIJA") -> 0 | AG2: =COUNTIFS(AG4:AG601, "=APAGADO",D4:D601,"=GFIJA") -> 0 | AH2: =COUNTIFS(AH4:AH601, "=APAGADO",E4:E601,"=GFIJA") -> 0 | AI2: =COUNTIFS(AI4:AI601, "=APAGADO",F4:F601,"=GFIJA") -> 0 | AJ2: =COUNTIFS(AJ4:AJ601, "=APAGADO",G4:G601,"=GFIJA") -> 0
E3: INTERCOMUNICADOR | F3: =COUNTIFS(F6:F603, "=APAGADO",D4:D601,"=INTERCOMUNICADOR") -> 0 | G3: =COUNTIFS(G6:G603, "=APAGADO",D4:D601,"=INTERCOMUNICADOR") -> 0 | H3: =COUNTIFS(H6:H603, "=APAGADO",D4:D601,"=INTERCOMUNICADOR") -> 0 | I3: =COUNTIFS(I6:I603, "=APAGADO",D4:D601,"=INTERCOMUNICADOR") -> 0 | J3: =COUNTIFS(J6:J603, "=APAGADO",D4:D601,"=INTERCOMUNICADOR") -> 0 | K3: =COUNTIFS(K6:K603, "=APAGADO",D4:D601,"=INTERCOMUNICADOR") -> 0 | L3: =COUNTIFS(L6:L603, "=APAGADO",D4:D601,"=INTERCOMUNICADOR") -> 0 | M3: =COUNTIFS(M6:M603, "=APAGADO",D4:D601,"=INTERCOMUNICADOR") -> 0 | N3: =COUNTIFS(N6:N603, "=APAGADO",D4:D601,"=INTERCOMUNICADOR") -> 0 | O3: =COUNTIFS(O6:O603, "=APAGADO",D4:D601,"=INTERCOMUNICADOR") -> 0 | P3: =COUNTIFS(P6:P603, "=APAGADO",D4:D601,"=INTERCOMUNICADOR") -> 0 | Q3: =COUNTIFS(Q6:Q603, "=APAGADO",D4:D601,"=INTERCOMUNICADOR") -> 0 | R3: =COUNTIFS(R6:R603, "=APAGADO",D4:D601,"=INTERCOMUNICADOR") -> 0 | S3: =COUNTIFS(S6:S603, "=APAGADO",D4:D601,"=INTERCOMUNICADOR") -> 0 | T3: =COUNTIFS(T6:T603, "=APAGADO",D4:D601,"=INTERCOMUNICADOR") -> 0 | U3: =COUNTIFS(U6:U603, "=APAGADO",D4:D601,"=INTERCOMUNICADOR") -> 0 | V3: =COUNTIFS(V6:V603, "=APAGADO",D4:D601,"=INTERCOMUNICADOR") -> 0 | W3: =COUNTIFS(W6:W603, "=APAGADO",D4:D601,"=INTERCOMUNICADOR") -> 0 | X3: =COUNTIFS(X6:X603, "=APAGADO",D4:D601,"=INTERCOMUNICADOR") -> 0 | Y3: =COUNTIFS(Y6:Y603, "=APAGADO",D4:D601,"=INTERCOMUNICADOR") -> 0 | Z3: =COUNTIFS(Z6:Z603, "=APAGADO",D4:D601,"=INTERCOMUNICADOR") -> 0 | AA3: =COUNTIFS(AA6:AA603, "=APAGADO",D4:D601,"=INTERCOMUNICADOR") -> 0 | AB3: =COUNTIFS(AB6:AB603, "=APAGADO",D4:D601,"=INTERCOMUNICADOR") -> 0 | AC3: =COUNTIFS(AC6:AC603, "=APAGADO",D4:D601,"=INTERCOMUNICADOR") -> 0 | AD3: =COUNTIFS(AD6:AD603, "=APAGADO",D4:D601,"=INTERCOMUNICADOR") -> 0 | AE3: =COUNTIFS(AE6:AE603, "=APAGADO",D4:D601,"=INTERCOMUNICADOR") -> 0 | AF3: =COUNTIFS(AF6:AF603, "=APAGADO",D4:D601,"=INTERCOMUNICADOR") -> 0 | AG3: =COUNTIFS(AG6:AG603, "=APAGADO",D4:D601,"=INTERCOMUNICADOR") -> 0 | AH3: =COUNTIFS(AH6:AH603, "=APAGADO",E4:E601,"=INTERCOMUNICADOR") -> 0 | AI3: =COUNTIFS(AI6:AI603, "=APAGADO",F4:F601,"=INTERCOMUNICADOR") -> 0 | AJ3: =COUNTIFS(AJ6:AJ603, "=APAGADO",G4:G601,"=INTERCOMUNICADOR") -> 0
A4: ='RESUMEN TOTAL'!F7 -> Barrio | B4: ='RESUMEN TOTAL'!G7 -> [Denominacion] | C4: ='RESUMEN TOTAL'!I7 -> [Ubicacion] | D4: ='RESUMEN TOTAL'!J7 -> [Tipo de Camara] | E4: ='RESUMEN TOTAL'!K7 -> [Tipo de Conexion] | F4: ='RESUMEN TOTAL'!S7 -> 46143 | G4: ='RESUMEN TOTAL'!T7 -> 46144 | H4: ='RESUMEN TOTAL'!U7 -> 46145 | I4: ='RESUMEN TOTAL'!V7 -> 46146 | J4: ='RESUMEN TOTAL'!W7 -> 46147 | K4: ='RESUMEN TOTAL'!X7 -> 46148 | L4: ='RESUMEN TOTAL'!Y7 -> 46149 | M4: ='RESUMEN TOTAL'!Z7 -> 46150 | ... AI4: ='RESUMEN TOTAL'!AV7 -> 46172 | AJ4: ='RESUMEN TOTAL'!#REF! -> #REF! | XEY4: =SUM(F4:XEX4) -> #REF!
A5: ='RESUMEN TOTAL'!F8 -> ALTAMIRA | B5: ='RESUMEN TOTAL'!G8 -> ALT 03 | C5: ='RESUMEN TOTAL'!I8 -> Bombero Galarza y Necochea | D5: ='RESUMEN TOTAL'!J8 -> Domo | E5: ='RESUMEN TOTAL'!K8 -> GPON | F5: ='RESUMEN TOTAL'!S8 -> 0 | G5: ='RESUMEN TOTAL'!T8 -> 0 | H5: ='RESUMEN TOTAL'!U8 -> 0 | I5: ='RESUMEN TOTAL'!V8 -> 0 | J5: ='RESUMEN TOTAL'!W8 -> 0 | K5: ='RESUMEN TOTAL'!X8 -> 0 | L5: ='RESUMEN TOTAL'!Y8 -> 0 | M5: ='RESUMEN TOTAL'!Z8 -> 0 | ... AI5: ='RESUMEN TOTAL'!AV8 -> 0 | AJ5: ='RESUMEN TOTAL'!#REF! -> #REF!
A6: ='RESUMEN TOTAL'!F9 -> ALTAMIRA | B6: ='RESUMEN TOTAL'!G9 -> ALT 04 | C6: ='RESUMEN TOTAL'!I9 -> Francia y Necochea | D6: ='RESUMEN TOTAL'!J9 -> Domo | E6: ='RESUMEN TOTAL'!K9 -> GPON | F6: ='RESUMEN TOTAL'!S9 -> 0 | G6: ='RESUMEN TOTAL'!T9 -> 0 | H6: ='RESUMEN TOTAL'!U9 -> 0 | I6: ='RESUMEN TOTAL'!V9 -> 0 | J6: ='RESUMEN TOTAL'!W9 -> 0 | K6: ='RESUMEN TOTAL'!X9 -> 0 | L6: ='RESUMEN TOTAL'!Y9 -> 0 | M6: ='RESUMEN TOTAL'!Z9 -> 0 | ... AI6: ='RESUMEN TOTAL'!AV9 -> 0 | AJ6: ='RESUMEN TOTAL'!#REF! -> #REF!
A7: ='RESUMEN TOTAL'!F10 -> ALTAMIRA | B7: ='RESUMEN TOTAL'!G10 -> ALT 06 | C7: ='RESUMEN TOTAL'!I10 -> LOPE DE VEGA Y NECOCHEA | D7: ='RESUMEN TOTAL'!J10 -> Domo | E7: ='RESUMEN TOTAL'!K10 -> GPON | F7: ='RESUMEN TOTAL'!S10 -> 0 | G7: ='RESUMEN TOTAL'!T10 -> 0 | H7: ='RESUMEN TOTAL'!U10 -> 0 | I7: ='RESUMEN TOTAL'!V10 -> 0 | J7: ='RESUMEN TOTAL'!W10 -> 0 | K7: ='RESUMEN TOTAL'!X10 -> 0 | L7: ='RESUMEN TOTAL'!Y10 -> 0 | M7: ='RESUMEN TOTAL'!Z10 -> 0 | ... AI7: ='RESUMEN TOTAL'!AV10 -> 0 | AJ7: ='RESUMEN TOTAL'!#REF! -> #REF!
A8: ='RESUMEN TOTAL'!F11 -> ALTAMIRA | B8: ='RESUMEN TOTAL'!G11 -> ALT 08 | C8: ='RESUMEN TOTAL'!I11 -> HUMAITA Y NECOCHEA | D8: ='RESUMEN TOTAL'!J11 -> DOMO | E8: ='RESUMEN TOTAL'!K11 -> GPON A FO | F8: ='RESUMEN TOTAL'!S11 -> 0 | G8: ='RESUMEN TOTAL'!T11 -> 0 | H8: ='RESUMEN TOTAL'!U11 -> 0 | I8: ='RESUMEN TOTAL'!V11 -> APAGADO | J8: ='RESUMEN TOTAL'!W11 -> APAGADO | K8: ='RESUMEN TOTAL'!X11 -> 0 | L8: ='RESUMEN TOTAL'!Y11 -> 0 | M8: ='RESUMEN TOTAL'!Z11 -> 0 | ... AI8: ='RESUMEN TOTAL'!AV11 -> 0 | AJ8: ='RESUMEN TOTAL'!#REF! -> #REF!
A9: ='RESUMEN TOTAL'!F12 -> ALTAMIRA | B9: ='RESUMEN TOTAL'!G12 -> ALT 09 | C9: ='RESUMEN TOTAL'!I12 -> NECOCHEA Y CURUPAITY | D9: ='RESUMEN TOTAL'!J12 -> DOMO | E9: ='RESUMEN TOTAL'!K12 -> GPON A FO | F9: ='RESUMEN TOTAL'!S12 -> 0 | G9: ='RESUMEN TOTAL'!T12 -> 0 | H9: ='RESUMEN TOTAL'!U12 -> 0 | I9: ='RESUMEN TOTAL'!V12 -> APAGADO | J9: ='RESUMEN TOTAL'!W12 -> APAGADO | K9: ='RESUMEN TOTAL'!X12 -> 0 | L9: ='RESUMEN TOTAL'!Y12 -> 0 | M9: ='RESUMEN TOTAL'!Z12 -> 0 | ... AI9: ='RESUMEN TOTAL'!AV12 -> 0 | AJ9: ='RESUMEN TOTAL'!#REF! -> #REF!
A10: ='RESUMEN TOTAL'!F13 -> ALTAMIRA | B10: ='RESUMEN TOTAL'!G13 -> ALT 10 | C10: ='RESUMEN TOTAL'!I13 -> Calchaqui y Francia | D10: ='RESUMEN TOTAL'!J13 -> Domo | E10: ='RESUMEN TOTAL'!K13 -> GPON | F10: ='RESUMEN TOTAL'!S13 -> 0 | G10: ='RESUMEN TOTAL'!T13 -> 0 | H10: ='RESUMEN TOTAL'!U13 -> 0 | I10: ='RESUMEN TOTAL'!V13 -> 0 | J10: ='RESUMEN TOTAL'!W13 -> 0 | K10: ='RESUMEN TOTAL'!X13 -> 0 | L10: ='RESUMEN TOTAL'!Y13 -> 0 | M10: ='RESUMEN TOTAL'!Z13 -> 0 | ... AI10: ='RESUMEN TOTAL'!AV13 -> 0 | AJ10: ='RESUMEN TOTAL'!#REF! -> #REF!
A11: ='RESUMEN TOTAL'!F14 -> ALTAMIRA | B11: ='RESUMEN TOTAL'!G14 -> ALT 11 | C11: ='RESUMEN TOTAL'!I14 -> CALCHAQUÍ Y GALARZA FIJA | D11: ='RESUMEN TOTAL'!J14 -> Fija | E11: ='RESUMEN TOTAL'!K14 -> GPON | F11: ='RESUMEN TOTAL'!S14 -> 0 | G11: ='RESUMEN TOTAL'!T14 -> 0 | H11: ='RESUMEN TOTAL'!U14 -> 0 | I11: ='RESUMEN TOTAL'!V14 -> 0 | J11: ='RESUMEN TOTAL'!W14 -> 0 | K11: ='RESUMEN TOTAL'!X14 -> 0 | L11: ='RESUMEN TOTAL'!Y14 -> 0 | M11: ='RESUMEN TOTAL'!Z14 -> 0 | ... AI11: ='RESUMEN TOTAL'!AV14 -> 0 | AJ11: ='RESUMEN TOTAL'!#REF! -> #REF!
A12: ='RESUMEN TOTAL'!F15 -> ALTAMIRA | B12: ='RESUMEN TOTAL'!G15 -> ALT01 | C12: ='RESUMEN TOTAL'!I15 -> Calchaqui y Sgto. Cabral | D12: ='RESUMEN TOTAL'!J15 -> Domo | E12: ='RESUMEN TOTAL'!K15 -> Fibra Optica | F12: ='RESUMEN TOTAL'!S15 -> 0 | G12: ='RESUMEN TOTAL'!T15 -> 0 | H12: ='RESUMEN TOTAL'!U15 -> 0 | I12: ='RESUMEN TOTAL'!V15 -> 0 | J12: ='RESUMEN TOTAL'!W15 -> 0 | K12: ='RESUMEN TOTAL'!X15 -> 0 | L12: ='RESUMEN TOTAL'!Y15 -> 0 | M12: ='RESUMEN TOTAL'!Z15 -> 0 | ... AI12: ='RESUMEN TOTAL'!AV15 -> 0 | AJ12: ='RESUMEN TOTAL'!#REF! -> #REF!
A13: ='RESUMEN TOTAL'!F16 -> ALTAMIRA | B13: ='RESUMEN TOTAL'!G16 -> ALT02 | C13: ='RESUMEN TOTAL'!I16 -> Calchaqui y Lope de Vega | D13: ='RESUMEN TOTAL'!J16 -> Domo | E13: ='RESUMEN TOTAL'!K16 -> PTO A FO | F13: ='RESUMEN TOTAL'!S16 -> 0 | G13: ='RESUMEN TOTAL'!T16 -> 0 | H13: ='RESUMEN TOTAL'!U16 -> 0 | I13: ='RESUMEN TOTAL'!V16 -> 0 | J13: ='RESUMEN TOTAL'!W16 -> 0 | K13: ='RESUMEN TOTAL'!X16 -> 0 | L13: ='RESUMEN TOTAL'!Y16 -> 0 | M13: ='RESUMEN TOTAL'!Z16 -> 0 | ... AI13: ='RESUMEN TOTAL'!AV16 -> 0 | AJ13: ='RESUMEN TOTAL'!#REF! -> #REF!
A14: ='RESUMEN TOTAL'!F17 -> ALTAMIRA | B14: ='RESUMEN TOTAL'!G17 -> ALT05 | C14: ='RESUMEN TOTAL'!I17 -> Av. Calchaqui y Bombero Galarza | D14: ='RESUMEN TOTAL'!J17 -> Domo | E14: ='RESUMEN TOTAL'!K17 -> GPON | F14: ='RESUMEN TOTAL'!S17 -> 0 | G14: ='RESUMEN TOTAL'!T17 -> 0 | H14: ='RESUMEN TOTAL'!U17 -> 0 | I14: ='RESUMEN TOTAL'!V17 -> 0 | J14: ='RESUMEN TOTAL'!W17 -> 0 | K14: ='RESUMEN TOTAL'!X17 -> 0 | L14: ='RESUMEN TOTAL'!Y17 -> 0 | M14: ='RESUMEN TOTAL'!Z17 -> 0 | ... AI14: ='RESUMEN TOTAL'!AV17 -> 0 | AJ14: ='RESUMEN TOTAL'!#REF! -> #REF!
A15: ='RESUMEN TOTAL'!F18 -> ALTAMIRA | B15: ='RESUMEN TOTAL'!G18 -> ALT07 | C15: CALCHAQUÍ Y GALARZA FIJA | D15: ='RESUMEN TOTAL'!J18 -> DOMO | F15: ='RESUMEN TOTAL'!S18 -> 0 | G15: ='RESUMEN TOTAL'!T18 -> 0 | H15: ='RESUMEN TOTAL'!U18 -> 0 | I15: ='RESUMEN TOTAL'!V18 -> 0 | J15: ='RESUMEN TOTAL'!W18 -> 0 | K15: ='RESUMEN TOTAL'!X18 -> 0 | L15: ='RESUMEN TOTAL'!Y18 -> 0 | M15: ='RESUMEN TOTAL'!Z18 -> 0 | ... AI15: ='RESUMEN TOTAL'!AV18 -> 0 | AJ15: ='RESUMEN TOTAL'!#REF! -> #REF!
A16: ='RESUMEN TOTAL'!F19 -> AGUSTIN RAMIREZ | B16: ='RESUMEN TOTAL'!G19 -> ARA 01 | C16: ='RESUMEN TOTAL'!I19 -> Malambo y Tranquera | D16: ='RESUMEN TOTAL'!J19 -> Domo | E16: ='RESUMEN TOTAL'!K19 -> GPON | F16: ='RESUMEN TOTAL'!S19 -> 0 | G16: ='RESUMEN TOTAL'!T19 -> 0 | H16: ='RESUMEN TOTAL'!U19 -> 0 | I16: ='RESUMEN TOTAL'!V19 -> 0 | J16: ='RESUMEN TOTAL'!W19 -> 0 | K16: ='RESUMEN TOTAL'!X19 -> 0 | L16: ='RESUMEN TOTAL'!Y19 -> 0 | M16: ='RESUMEN TOTAL'!Z19 -> 0 | ... AI16: ='RESUMEN TOTAL'!AV19 -> 0 | AJ16: ='RESUMEN TOTAL'!#REF! -> #REF!
A17: ='RESUMEN TOTAL'!F22 -> BELGRANO | B17: ='RESUMEN TOTAL'!G22 -> BEL 01 | C17: ='RESUMEN TOTAL'!I22 -> San Martin y Dardo Rocha | D17: ='RESUMEN TOTAL'!J22 -> DOMO | E17: ='RESUMEN TOTAL'!K22 -> Fibra Optica | F17: ='RESUMEN TOTAL'!S22 -> 0 | G17: ='RESUMEN TOTAL'!T22 -> 0 | H17: ='RESUMEN TOTAL'!U22 -> 0 | I17: ='RESUMEN TOTAL'!V22 -> 0 | J17: ='RESUMEN TOTAL'!W22 -> 0 | K17: ='RESUMEN TOTAL'!X22 -> APAGADO | L17: ='RESUMEN TOTAL'!Y22 -> APAGADO | M17: ='RESUMEN TOTAL'!Z22 -> APAGADO | ... AI17: ='RESUMEN TOTAL'!AV22 -> 0 | AJ17: ='RESUMEN TOTAL'!#REF! -> #REF!
A18: ='RESUMEN TOTAL'!F23 -> BELGRANO | B18: ='RESUMEN TOTAL'!G23 -> BEL 02 | C18: ='RESUMEN TOTAL'!I23 -> Guardia vieja y Fronteriz | D18: ='RESUMEN TOTAL'!J23 -> DOMO | E18: ='RESUMEN TOTAL'!K23 -> Fibra Optica | F18: ='RESUMEN TOTAL'!S23 -> 0 | G18: ='RESUMEN TOTAL'!T23 -> 0 | H18: ='RESUMEN TOTAL'!U23 -> 0 | I18: ='RESUMEN TOTAL'!V23 -> 0 | J18: ='RESUMEN TOTAL'!W23 -> 0 | K18: ='RESUMEN TOTAL'!X23 -> APAGADO | L18: ='RESUMEN TOTAL'!Y23 -> APAGADO | M18: ='RESUMEN TOTAL'!Z23 -> APAGADO | ... AI18: ='RESUMEN TOTAL'!AV23 -> 0 | AJ18: ='RESUMEN TOTAL'!#REF! -> #REF!
A19: ='RESUMEN TOTAL'!F24 -> BOSQUES CENTRO | B19: ='RESUMEN TOTAL'!G24 -> BOSQ 07 | C19: ='RESUMEN TOTAL'!I24 -> Touring club y Sta Teresita | D19: ='RESUMEN TOTAL'!J24 -> Domo | E19: ='RESUMEN TOTAL'!K24 -> GPON | F19: ='RESUMEN TOTAL'!S24 -> 0 | G19: ='RESUMEN TOTAL'!T24 -> 0 | H19: ='RESUMEN TOTAL'!U24 -> 0 | I19: ='RESUMEN TOTAL'!V24 -> 0 | J19: ='RESUMEN TOTAL'!W24 -> 0 | K19: ='RESUMEN TOTAL'!X24 -> 0 | L19: ='RESUMEN TOTAL'!Y24 -> 0 | M19: ='RESUMEN TOTAL'!Z24 -> 0 | ... AI19: ='RESUMEN TOTAL'!AV24 -> 0 | AJ19: ='RESUMEN TOTAL'!#REF! -> #REF!
A20: ='RESUMEN TOTAL'!F25 -> BOSQUES CENTRO | B20: ='RESUMEN TOTAL'!G25 -> BOSQ 08 | C20: ='RESUMEN TOTAL'!I25 -> D'Anuncio Y J.B Justo (Plaza) | D20: ='RESUMEN TOTAL'!J25 -> Domo | E20: ='RESUMEN TOTAL'!K25 -> GPON | F20: ='RESUMEN TOTAL'!S25 -> 0 | G20: ='RESUMEN TOTAL'!T25 -> 0 | H20: ='RESUMEN TOTAL'!U25 -> 0 | I20: ='RESUMEN TOTAL'!V25 -> 0 | J20: ='RESUMEN TOTAL'!W25 -> 0 | K20: ='RESUMEN TOTAL'!X25 -> 0 | L20: ='RESUMEN TOTAL'!Y25 -> 0 | M20: ='RESUMEN TOTAL'!Z25 -> 0 | ... AI20: ='RESUMEN TOTAL'!AV25 -> 0 | AJ20: ='RESUMEN TOTAL'!#REF! -> #REF!
A21: ='RESUMEN TOTAL'!F26 -> BOSQUES CENTRO | B21: ='RESUMEN TOTAL'!G26 -> BOSQ 09 | C21: ='RESUMEN TOTAL'!I26 -> D'Anuncio e/Lisandro de la Torre y J.B Justo | D21: ='RESUMEN TOTAL'!J26 -> Fija | E21: ='RESUMEN TOTAL'!K26 -> GPON | F21: ='RESUMEN TOTAL'!S26 -> 0 | G21: ='RESUMEN TOTAL'!T26 -> 0 | H21: ='RESUMEN TOTAL'!U26 -> 0 | I21: ='RESUMEN TOTAL'!V26 -> 0 | J21: ='RESUMEN TOTAL'!W26 -> 0 | K21: ='RESUMEN TOTAL'!X26 -> 0 | L21: ='RESUMEN TOTAL'!Y26 -> 0 | M21: ='RESUMEN TOTAL'!Z26 -> 0 | ... AI21: ='RESUMEN TOTAL'!AV26 -> 0 | AJ21: ='RESUMEN TOTAL'!#REF! -> #REF!
A22: ='RESUMEN TOTAL'!F27 -> BOSQUES CENTRO | B22: ='RESUMEN TOTAL'!G27 -> BOSQ 10 | C22: ='RESUMEN TOTAL'!I27 -> D'Anuncio e/Lisandro de la Torre y J.B Justo | D22: ='RESUMEN TOTAL'!J27 -> Fija | E22: ='RESUMEN TOTAL'!K27 -> GPON | F22: ='RESUMEN TOTAL'!S27 -> 0 | G22: ='RESUMEN TOTAL'!T27 -> 0 | H22: ='RESUMEN TOTAL'!U27 -> 0 | I22: ='RESUMEN TOTAL'!V27 -> 0 | J22: ='RESUMEN TOTAL'!W27 -> 0 | K22: ='RESUMEN TOTAL'!X27 -> 0 | L22: ='RESUMEN TOTAL'!Y27 -> 0 | M22: ='RESUMEN TOTAL'!Z27 -> 0 | ... AI22: ='RESUMEN TOTAL'!AV27 -> 0 | AJ22: ='RESUMEN TOTAL'!#REF! -> #REF!
A23: ='RESUMEN TOTAL'!F28 -> BOSQUES CENTRO | B23: ='RESUMEN TOTAL'!G28 -> BOSQ 11 | C23: ='RESUMEN TOTAL'!I28 -> AV Bosques y Altagracia | D23: ='RESUMEN TOTAL'!J28 -> Domo | E23: ='RESUMEN TOTAL'!K28 -> GPON | F23: ='RESUMEN TOTAL'!S28 -> 0 | G23: ='RESUMEN TOTAL'!T28 -> 0 | H23: ='RESUMEN TOTAL'!U28 -> 0 | I23: ='RESUMEN TOTAL'!V28 -> 0 | J23: ='RESUMEN TOTAL'!W28 -> 0 | K23: ='RESUMEN TOTAL'!X28 -> 0 | L23: ='RESUMEN TOTAL'!Y28 -> 0 | M23: ='RESUMEN TOTAL'!Z28 -> 0 | ... AI23: ='RESUMEN TOTAL'!AV28 -> 0 | AJ23: ='RESUMEN TOTAL'!#REF! -> #REF!
A24: ='RESUMEN TOTAL'!F29 -> BOSQUES CENTRO | B24: ='RESUMEN TOTAL'!G29 -> BOSQ 12 | C24: ='RESUMEN TOTAL'!I29 -> Colectora R.36 y San Antonio | D24: ='RESUMEN TOTAL'!J29 -> 0 | E24: ='RESUMEN TOTAL'!K29 -> Fibra Optica | F24: ='RESUMEN TOTAL'!S29 -> 0 | G24: ='RESUMEN TOTAL'!T29 -> 0 | H24: ='RESUMEN TOTAL'!U29 -> 0 | I24: ='RESUMEN TOTAL'!V29 -> 0 | J24: ='RESUMEN TOTAL'!W29 -> 0 | K24: ='RESUMEN TOTAL'!X29 -> 0 | L24: ='RESUMEN TOTAL'!Y29 -> 0 | M24: ='RESUMEN TOTAL'!Z29 -> 0 | ... AI24: ='RESUMEN TOTAL'!AV29 -> 0 | AJ24: ='RESUMEN TOTAL'!#REF! -> #REF!
A25: ='RESUMEN TOTAL'!F48 -> CENTRO | B25: ='RESUMEN TOTAL'!G48 -> CEN 50 | C25: ='RESUMEN TOTAL'!I48 -> Av. San Martin y Newbery | D25: ='RESUMEN TOTAL'!J48 -> Domo | E25: ='RESUMEN TOTAL'!K48 -> GPON | F25: ='RESUMEN TOTAL'!S48 -> 0 | G25: ='RESUMEN TOTAL'!T48 -> 0 | H25: ='RESUMEN TOTAL'!U48 -> 0 | I25: ='RESUMEN TOTAL'!V48 -> APAGADO | J25: ='RESUMEN TOTAL'!W48 -> APAGADO | K25: ='RESUMEN TOTAL'!X48 -> APAGADO | L25: ='RESUMEN TOTAL'!Y48 -> APAGADO | M25: ='RESUMEN TOTAL'!Z48 -> APAGADO | ... AI25: ='RESUMEN TOTAL'!AV48 -> 0 | AJ25: ='RESUMEN TOTAL'!#REF! -> #REF!
A26: ='RESUMEN TOTAL'!F49 -> CENTRO | B26: ='RESUMEN TOTAL'!G49 -> CEN 51 | C26: ='RESUMEN TOTAL'!I49 -> ILLIA Y LAS HERAS | D26: ='RESUMEN TOTAL'!J49 -> FIJA | E26: ='RESUMEN TOTAL'!K49 -> GPON | F26: ='RESUMEN TOTAL'!S49 -> 0 | G26: ='RESUMEN TOTAL'!T49 -> 0 | H26: ='RESUMEN TOTAL'!U49 -> 0 | I26: ='RESUMEN TOTAL'!V49 -> 0 | J26: ='RESUMEN TOTAL'!W49 -> 0 | K26: ='RESUMEN TOTAL'!X49 -> 0 | L26: ='RESUMEN TOTAL'!Y49 -> 0 | M26: ='RESUMEN TOTAL'!Z49 -> 0 | ... AI26: ='RESUMEN TOTAL'!AV49 -> 0 | AJ26: ='RESUMEN TOTAL'!#REF! -> #REF!
A27: ='RESUMEN TOTAL'!F50 -> CENTRO | B27: ='RESUMEN TOTAL'!G50 -> CEN 53 | C27: ='RESUMEN TOTAL'!I50 -> GUTIERREZ Y BROWN | D27: ='RESUMEN TOTAL'!J50 -> Domo | E27: ='RESUMEN TOTAL'!K50 -> GPON | F27: ='RESUMEN TOTAL'!S50 -> 0 | G27: ='RESUMEN TOTAL'!T50 -> 0 | H27: ='RESUMEN TOTAL'!U50 -> 0 | I27: ='RESUMEN TOTAL'!V50 -> 0 | J27: ='RESUMEN TOTAL'!W50 -> 0 | K27: ='RESUMEN TOTAL'!X50 -> 0 | L27: ='RESUMEN TOTAL'!Y50 -> 0 | M27: ='RESUMEN TOTAL'!Z50 -> 0 | ... AI27: ='RESUMEN TOTAL'!AV50 -> 0 | AJ27: ='RESUMEN TOTAL'!#REF! -> #REF!
A28: ='RESUMEN TOTAL'!F51 -> CENTRO | B28: ='RESUMEN TOTAL'!G51 -> CEN 54 | C28: ='RESUMEN TOTAL'!I51 -> GUTIERREZ Y PRINGLES | D28: ='RESUMEN TOTAL'!J51 -> Domo | E28: ='RESUMEN TOTAL'!K51 -> GPON | F28: ='RESUMEN TOTAL'!S51 -> 0 | G28: ='RESUMEN TOTAL'!T51 -> 0 | H28: ='RESUMEN TOTAL'!U51 -> 0 | I28: ='RESUMEN TOTAL'!V51 -> APAGADO | J28: ='RESUMEN TOTAL'!W51 -> APAGADO | K28: ='RESUMEN TOTAL'!X51 -> APAGADO | L28: ='RESUMEN TOTAL'!Y51 -> APAGADO | M28: ='RESUMEN TOTAL'!Z51 -> APAGADO | ... AI28: ='RESUMEN TOTAL'!AV51 -> 0 | AJ28: ='RESUMEN TOTAL'!#REF! -> #REF!
A29: ='RESUMEN TOTAL'!F52 -> CENTRO | B29: ='RESUMEN TOTAL'!G52 -> CEN 55 | C29: ='RESUMEN TOTAL'!I52 -> BOUREL Y URQUIZA | D29: ='RESUMEN TOTAL'!J52 -> Domo | E29: ='RESUMEN TOTAL'!K52 -> GPON | F29: ='RESUMEN TOTAL'!S52 -> 0 | G29: ='RESUMEN TOTAL'!T52 -> 0 | H29: ='RESUMEN TOTAL'!U52 -> 0 | I29: ='RESUMEN TOTAL'!V52 -> 0 | J29: ='RESUMEN TOTAL'!W52 -> 0 | K29: ='RESUMEN TOTAL'!X52 -> 0 | L29: ='RESUMEN TOTAL'!Y52 -> 0 | M29: ='RESUMEN TOTAL'!Z52 -> 0 | ... AI29: ='RESUMEN TOTAL'!AV52 -> 0 | AJ29: ='RESUMEN TOTAL'!#REF! -> #REF!
A30: ='RESUMEN TOTAL'!F53 -> CENTRO | B30: ='RESUMEN TOTAL'!G53 -> CEN 56 | C30: ='RESUMEN TOTAL'!I53 -> Newbery y Falucho | D30: ='RESUMEN TOTAL'!J53 -> DOMO | E30: ='RESUMEN TOTAL'!K53 -> GPON | F30: ='RESUMEN TOTAL'!S53 -> 0 | G30: ='RESUMEN TOTAL'!T53 -> 0 | H30: ='RESUMEN TOTAL'!U53 -> 0 | I30: ='RESUMEN TOTAL'!V53 -> 0 | J30: ='RESUMEN TOTAL'!W53 -> 0 | K30: ='RESUMEN TOTAL'!X53 -> 0 | L30: ='RESUMEN TOTAL'!Y53 -> 0 | M30: ='RESUMEN TOTAL'!Z53 -> 0 | ... AI30: ='RESUMEN TOTAL'!AV53 -> 0 | AJ30: ='RESUMEN TOTAL'!#REF! -> #REF!
A31: ='RESUMEN TOTAL'!F54 -> CENTRO | B31: ='RESUMEN TOTAL'!G54 -> CEN 57 | C31: ='RESUMEN TOTAL'!I54 -> 25 DE MAYO Y DORREGO | D31: ='RESUMEN TOTAL'!J54 -> DOMO | E31: ='RESUMEN TOTAL'!K54 -> GPON | F31: ='RESUMEN TOTAL'!S54 -> 0 | G31: ='RESUMEN TOTAL'!T54 -> 0 | H31: ='RESUMEN TOTAL'!U54 -> 0 | I31: ='RESUMEN TOTAL'!V54 -> 0 | J31: ='RESUMEN TOTAL'!W54 -> 0 | K31: ='RESUMEN TOTAL'!X54 -> 0 | L31: ='RESUMEN TOTAL'!Y54 -> 0 | M31: ='RESUMEN TOTAL'!Z54 -> 0 | ... AI31: ='RESUMEN TOTAL'!AV54 -> 0 | AJ31: ='RESUMEN TOTAL'!#REF! -> #REF!
A32: ='RESUMEN TOTAL'!F55 -> CENTRO | B32: ='RESUMEN TOTAL'!G55 -> CEN 58 | C32: ='RESUMEN TOTAL'!I55 -> EEUU Y MORENO | D32: ='RESUMEN TOTAL'!J55 -> DOMO | E32: ='RESUMEN TOTAL'!K55 -> Fibra Optica | F32: ='RESUMEN TOTAL'!S55 -> 0 | G32: ='RESUMEN TOTAL'!T55 -> 0 | H32: ='RESUMEN TOTAL'!U55 -> 0 | I32: ='RESUMEN TOTAL'!V55 -> 0 | J32: ='RESUMEN TOTAL'!W55 -> 0 | K32: ='RESUMEN TOTAL'!X55 -> 0 | L32: ='RESUMEN TOTAL'!Y55 -> 0 | M32: ='RESUMEN TOTAL'!Z55 -> 0 | ... AI32: ='RESUMEN TOTAL'!AV55 -> 0 | AJ32: ='RESUMEN TOTAL'!#REF! -> #REF!
A33: ='RESUMEN TOTAL'!F56 -> CENTRO | B33: ='RESUMEN TOTAL'!G56 -> CEN 60 | C33: ='RESUMEN TOTAL'!I56 -> RECONQUISTA Y ILLIA | D33: ='RESUMEN TOTAL'!J56 -> DOMO | E33: ='RESUMEN TOTAL'!K56 -> PTO A GPON | F33: ='RESUMEN TOTAL'!S56 -> 0 | G33: ='RESUMEN TOTAL'!T56 -> 0 | H33: ='RESUMEN TOTAL'!U56 -> 0 | I33: ='RESUMEN TOTAL'!V56 -> 0 | J33: ='RESUMEN TOTAL'!W56 -> 0 | K33: ='RESUMEN TOTAL'!X56 -> 0 | L33: ='RESUMEN TOTAL'!Y56 -> 0 | M33: ='RESUMEN TOTAL'!Z56 -> 0 | ... AI33: ='RESUMEN TOTAL'!AV56 -> 0 | AJ33: ='RESUMEN TOTAL'!#REF! -> #REF!
A34: ='RESUMEN TOTAL'!F57 -> CENTRO | B34: ='RESUMEN TOTAL'!G57 -> CEN 61 | C34: ='RESUMEN TOTAL'!I57 -> BOUREL Y MAIPU | D34: ='RESUMEN TOTAL'!J57 -> DOMO | E34: ='RESUMEN TOTAL'!K57 -> GPON | F34: ='RESUMEN TOTAL'!S57 -> 0 | G34: ='RESUMEN TOTAL'!T57 -> 0 | H34: ='RESUMEN TOTAL'!U57 -> 0 | I34: ='RESUMEN TOTAL'!V57 -> 0 | J34: ='RESUMEN TOTAL'!W57 -> 0 | K34: ='RESUMEN TOTAL'!X57 -> 0 | L34: ='RESUMEN TOTAL'!Y57 -> 0 | M34: ='RESUMEN TOTAL'!Z57 -> 0 | ... AI34: ='RESUMEN TOTAL'!AV57 -> 0 | AJ34: ='RESUMEN TOTAL'!#REF! -> #REF!
A35: ='RESUMEN TOTAL'!F58 -> CENTRO | B35: ='RESUMEN TOTAL'!G58 -> CEN 65 | C35: ='RESUMEN TOTAL'!I58 -> SAN MARTIN Y JUAN PERON | D35: ='RESUMEN TOTAL'!J58 -> FIJA | E35: ='RESUMEN TOTAL'!K58 -> GPON | F35: ='RESUMEN TOTAL'!S58 -> 0 | G35: ='RESUMEN TOTAL'!T58 -> 0 | H35: ='RESUMEN TOTAL'!U58 -> 0 | I35: ='RESUMEN TOTAL'!V58 -> 0 | J35: ='RESUMEN TOTAL'!W58 -> 0 | K35: ='RESUMEN TOTAL'!X58 -> 0 | L35: ='RESUMEN TOTAL'!Y58 -> 0 | M35: ='RESUMEN TOTAL'!Z58 -> 0 | ... AI35: ='RESUMEN TOTAL'!AV58 -> 0 | AJ35: ='RESUMEN TOTAL'!#REF! -> #REF!
A36: ='RESUMEN TOTAL'!F59 -> CENTRO | B36: ='RESUMEN TOTAL'!G59 -> CEN 70 | C36: ='RESUMEN TOTAL'!I59 -> RIVADAVIA Y 25 MAYO | D36: ='RESUMEN TOTAL'!J59 -> Domo | E36: ='RESUMEN TOTAL'!K59 -> Fibra Optica | F36: ='RESUMEN TOTAL'!S59 -> 0 | G36: ='RESUMEN TOTAL'!T59 -> 0 | H36: ='RESUMEN TOTAL'!U59 -> 0 | I36: ='RESUMEN TOTAL'!V59 -> 0 | J36: ='RESUMEN TOTAL'!W59 -> 0 | K36: ='RESUMEN TOTAL'!X59 -> 0 | L36: ='RESUMEN TOTAL'!Y59 -> 0 | M36: ='RESUMEN TOTAL'!Z59 -> 0 | ... AI36: ='RESUMEN TOTAL'!AV59 -> 0 | AJ36: ='RESUMEN TOTAL'!#REF! -> #REF!
... A71: ='RESUMEN TOTAL'!F94 -> CENTRO | B71: ='RESUMEN TOTAL'!G94 -> CEN24 | C71: ='RESUMEN TOTAL'!I94 -> Sallares y España | D71: ='RESUMEN TOTAL'!J94 -> Domo | E71: ='RESUMEN TOTAL'!K94 -> GPON | F71: ='RESUMEN TOTAL'!S94 -> 0 | G71: ='RESUMEN TOTAL'!T94 -> 0 | H71: ='RESUMEN TOTAL'!U94 -> 0 | I71: ='RESUMEN TOTAL'!V94 -> 0 | J71: ='RESUMEN TOTAL'!W94 -> 0 | K71: ='RESUMEN TOTAL'!X94 -> 0 | L71: ='RESUMEN TOTAL'!Y94 -> 0 | M71: ='RESUMEN TOTAL'!Z94 -> 0 | ... AI71: ='RESUMEN TOTAL'!AV94 -> 0 | AJ71: ='RESUMEN TOTAL'!#REF! -> #REF!
A72: ='RESUMEN TOTAL'!F95 -> CENTRO | B72: ='RESUMEN TOTAL'!G95 -> CEN25 | C72: ='RESUMEN TOTAL'!I95 -> SAN MARTIN Y 9 DE JULIO | D72: ='RESUMEN TOTAL'!J95 -> Domo | E72: ='RESUMEN TOTAL'!K95 -> GPON | F72: ='RESUMEN TOTAL'!S95 -> 0 | G72: ='RESUMEN TOTAL'!T95 -> 0 | H72: ='RESUMEN TOTAL'!U95 -> 0 | I72: ='RESUMEN TOTAL'!V95 -> 0 | J72: ='RESUMEN TOTAL'!W95 -> 0 | K72: ='RESUMEN TOTAL'!X95 -> 0 | L72: ='RESUMEN TOTAL'!Y95 -> 0 | M72: ='RESUMEN TOTAL'!Z95 -> 0 | ... Z72: ='RESUMEN TOTAL'!AM95 -> 0 | AA72: ='RESUMEN TOTAL'!#REF! -> #REF! | AB72: ='RESUMEN TOTAL'!AO95 -> 0 | AC72: ='RESUMEN TOTAL'!AP95 -> 0 | AD72: ='RESUMEN TOTAL'!AQ95 -> 0 | AE72: ='RESUMEN TOTAL'!AR95 -> 0 | AF72: ='RESUMEN TOTAL'!AS95 -> 0 | AG72: ='RESUMEN TOTAL'!AT95 -> 0 | AH72: ='RESUMEN TOTAL'!AU95 -> 0 | AI72: ='RESUMEN TOTAL'!AV95 -> 0 | AJ72: ='RESUMEN TOTAL'!#REF! -> #REF!
A73: ='RESUMEN TOTAL'!F96 -> CENTRO | B73: ='RESUMEN TOTAL'!G96 -> CEN26 | C73: ='RESUMEN TOTAL'!I96 -> Mitre y España | D73: ='RESUMEN TOTAL'!J96 -> Domo | E73: ='RESUMEN TOTAL'!K96 -> Fibra Optica | F73: ='RESUMEN TOTAL'!S96 -> 0 | G73: ='RESUMEN TOTAL'!T96 -> 0 | H73: ='RESUMEN TOTAL'!U96 -> 0 | I73: ='RESUMEN TOTAL'!V96 -> 0 | J73: ='RESUMEN TOTAL'!W96 -> 0 | K73: ='RESUMEN TOTAL'!X96 -> 0 | L73: ='RESUMEN TOTAL'!Y96 -> 0 | M73: ='RESUMEN TOTAL'!Z96 -> 0 | ... AI73: ='RESUMEN TOTAL'!AV96 -> 0 | AJ73: ='RESUMEN TOTAL'!#REF! -> #REF!
A74: ='RESUMEN TOTAL'!F97 -> CENTRO | B74: ='RESUMEN TOTAL'!G97 -> CEN27 | C74: ='RESUMEN TOTAL'!I97 -> San Juan y España | D74: ='RESUMEN TOTAL'!J97 -> Domo | E74: ='RESUMEN TOTAL'!K97 -> Fibra Optica | F74: ='RESUMEN TOTAL'!S97 -> 0 | G74: ='RESUMEN TOTAL'!T97 -> 0 | H74: ='RESUMEN TOTAL'!U97 -> 0 | I74: ='RESUMEN TOTAL'!V97 -> 0 | J74: ='RESUMEN TOTAL'!W97 -> 0 | K74: ='RESUMEN TOTAL'!X97 -> 0 | L74: ='RESUMEN TOTAL'!Y97 -> 0 | M74: ='RESUMEN TOTAL'!Z97 -> 0 | ... AI74: ='RESUMEN TOTAL'!AV97 -> 0 | AJ74: ='RESUMEN TOTAL'!#REF! -> #REF!
A75: ='RESUMEN TOTAL'!F98 -> CENTRO | B75: ='RESUMEN TOTAL'!G98 -> CEN28 | C75: ='RESUMEN TOTAL'!I98 -> Mitre y Alberdi | D75: ='RESUMEN TOTAL'!J98 -> Domo | E75: ='RESUMEN TOTAL'!K98 -> Fibra Optica | F75: ='RESUMEN TOTAL'!S98 -> 0 | G75: ='RESUMEN TOTAL'!T98 -> 0 | H75: ='RESUMEN TOTAL'!U98 -> 0 | I75: ='RESUMEN TOTAL'!V98 -> 0 | J75: ='RESUMEN TOTAL'!W98 -> 0 | K75: ='RESUMEN TOTAL'!X98 -> 0 | L75: ='RESUMEN TOTAL'!Y98 -> 0 | M75: ='RESUMEN TOTAL'!Z98 -> 0 | ... AI75: ='RESUMEN TOTAL'!AV98 -> 0 | AJ75: ='RESUMEN TOTAL'!#REF! -> #REF!
A76: ='RESUMEN TOTAL'!F99 -> CENTRO | B76: ='RESUMEN TOTAL'!G99 -> CEN29 | C76: ='RESUMEN TOTAL'!I99 -> Alberdi y San Juan | D76: ='RESUMEN TOTAL'!J99 -> Domo | E76: ='RESUMEN TOTAL'!K99 -> Fibra Optica | F76: ='RESUMEN TOTAL'!S99 -> 0 | G76: ='RESUMEN TOTAL'!T99 -> 0 | H76: ='RESUMEN TOTAL'!U99 -> 0 | I76: ='RESUMEN TOTAL'!V99 -> 0 | J76: ='RESUMEN TOTAL'!W99 -> 0 | K76: ='RESUMEN TOTAL'!X99 -> 0 | L76: ='RESUMEN TOTAL'!Y99 -> 0 | M76: ='RESUMEN TOTAL'!Z99 -> 0 | ... AI76: ='RESUMEN TOTAL'!AV99 -> 0 | AJ76: ='RESUMEN TOTAL'!#REF! -> #REF!
A77: ='RESUMEN TOTAL'!F100 -> CENTRO | B77: ='RESUMEN TOTAL'!G100 -> CEN30 | C77: ='RESUMEN TOTAL'!I100 -> Mitre y Pringles | D77: ='RESUMEN TOTAL'!J100 -> Domo | E77: ='RESUMEN TOTAL'!K100 -> Fibra Optica | F77: ='RESUMEN TOTAL'!S100 -> 0 | G77: ='RESUMEN TOTAL'!T100 -> 0 | H77: ='RESUMEN TOTAL'!U100 -> 0 | I77: ='RESUMEN TOTAL'!V100 -> 0 | J77: ='RESUMEN TOTAL'!W100 -> 0 | K77: ='RESUMEN TOTAL'!X100 -> 0 | L77: ='RESUMEN TOTAL'!Y100 -> 0 | M77: ='RESUMEN TOTAL'!Z100 -> 0 | ... AI77: ='RESUMEN TOTAL'!AV100 -> 0 | AJ77: ='RESUMEN TOTAL'!#REF! -> #REF!
A78: ='RESUMEN TOTAL'!F101 -> CENTRO | B78: ='RESUMEN TOTAL'!G101 -> CEN31 | C78: ='RESUMEN TOTAL'!I101 -> Mitre e/Monteagudo y Alberdi | D78: ='RESUMEN TOTAL'!J101 -> Domo | E78: ='RESUMEN TOTAL'!K101 -> Fibra Optica | F78: ='RESUMEN TOTAL'!S101 -> 0 | G78: ='RESUMEN TOTAL'!T101 -> 0 | H78: ='RESUMEN TOTAL'!U101 -> 0 | I78: ='RESUMEN TOTAL'!V101 -> 0 | J78: ='RESUMEN TOTAL'!W101 -> 0 | K78: ='RESUMEN TOTAL'!X101 -> 0 | L78: ='RESUMEN TOTAL'!Y101 -> 0 | M78: ='RESUMEN TOTAL'!Z101 -> 0 | ... AI78: ='RESUMEN TOTAL'!AV101 -> 0 | AJ78: ='RESUMEN TOTAL'!#REF! -> #REF!
A79: ='RESUMEN TOTAL'!F102 -> CENTRO | B79: ='RESUMEN TOTAL'!G102 -> CEN32 | C79: ='RESUMEN TOTAL'!I102 -> Aristobulo del Valle y España | D79: ='RESUMEN TOTAL'!J102 -> Domo | E79: ='RESUMEN TOTAL'!K102 -> Fibra Optica | F79: ='RESUMEN TOTAL'!S102 -> 0 | G79: ='RESUMEN TOTAL'!T102 -> 0 | H79: ='RESUMEN TOTAL'!U102 -> 0 | I79: ='RESUMEN TOTAL'!V102 -> 0 | J79: ='RESUMEN TOTAL'!W102 -> 0 | K79: ='RESUMEN TOTAL'!X102 -> 0 | L79: ='RESUMEN TOTAL'!Y102 -> 0 | M79: ='RESUMEN TOTAL'!Z102 -> 0 | ... AI79: ='RESUMEN TOTAL'!AV102 -> 0 | AJ79: ='RESUMEN TOTAL'!#REF! -> #REF!
A80: ='RESUMEN TOTAL'!F103 -> CENTRO | B80: ='RESUMEN TOTAL'!G103 -> CEN33 | C80: ='RESUMEN TOTAL'!I103 -> Peron y Alberdi | D80: ='RESUMEN TOTAL'!J103 -> Domo | E80: ='RESUMEN TOTAL'!K103 -> Fibra Optica | F80: ='RESUMEN TOTAL'!S103 -> 0 | G80: ='RESUMEN TOTAL'!T103 -> 0 | H80: ='RESUMEN TOTAL'!U103 -> 0 | I80: ='RESUMEN TOTAL'!V103 -> 0 | J80: ='RESUMEN TOTAL'!W103 -> 0 | K80: ='RESUMEN TOTAL'!X103 -> 0 | L80: ='RESUMEN TOTAL'!Y103 -> 0 | M80: ='RESUMEN TOTAL'!Z103 -> 0 | ... AI80: ='RESUMEN TOTAL'!AV103 -> 0 | AJ80: ='RESUMEN TOTAL'!#REF! -> #REF!
A81: ='RESUMEN TOTAL'!F104 -> CENTRO | B81: ='RESUMEN TOTAL'!G104 -> CEN34 | C81: ='RESUMEN TOTAL'!I104 -> Peron y España | D81: ='RESUMEN TOTAL'!J104 -> Domo | E81: ='RESUMEN TOTAL'!K104 -> Fibra Optica | F81: ='RESUMEN TOTAL'!S104 -> 0 | G81: ='RESUMEN TOTAL'!T104 -> 0 | H81: ='RESUMEN TOTAL'!U104 -> 0 | I81: ='RESUMEN TOTAL'!V104 -> 0 | J81: ='RESUMEN TOTAL'!W104 -> 0 | K81: ='RESUMEN TOTAL'!X104 -> 0 | L81: ='RESUMEN TOTAL'!Y104 -> 0 | M81: ='RESUMEN TOTAL'!Z104 -> 0 | ... AI81: ='RESUMEN TOTAL'!AV104 -> 0 | AJ81: ='RESUMEN TOTAL'!#REF! -> #REF!
A82: ='RESUMEN TOTAL'!F105 -> CENTRO | B82: ='RESUMEN TOTAL'!G105 -> CEN35 | C82: ='RESUMEN TOTAL'!I105 -> España y Marmol | D82: ='RESUMEN TOTAL'!J105 -> Domo | E82: ='RESUMEN TOTAL'!K105 -> Fibra Optica | F82: ='RESUMEN TOTAL'!S105 -> 0 | G82: ='RESUMEN TOTAL'!T105 -> 0 | H82: ='RESUMEN TOTAL'!U105 -> 0 | I82: ='RESUMEN TOTAL'!V105 -> 0 | J82: ='RESUMEN TOTAL'!W105 -> 0 | K82: ='RESUMEN TOTAL'!X105 -> 0 | L82: ='RESUMEN TOTAL'!Y105 -> 0 | M82: ='RESUMEN TOTAL'!Z105 -> 0 | ... AI82: ='RESUMEN TOTAL'!AV105 -> 0 | AJ82: ='RESUMEN TOTAL'!#REF! -> #REF!
A83: ='RESUMEN TOTAL'!F106 -> CENTRO | B83: ='RESUMEN TOTAL'!G106 -> CEN36 | C83: ='RESUMEN TOTAL'!I106 -> España y 9 de Julio | D83: ='RESUMEN TOTAL'!J106 -> Domo | E83: ='RESUMEN TOTAL'!K106 -> GPON | F83: ='RESUMEN TOTAL'!S106 -> 0 | G83: ='RESUMEN TOTAL'!T106 -> 0 | H83: ='RESUMEN TOTAL'!U106 -> 0 | I83: ='RESUMEN TOTAL'!V106 -> 0 | J83: ='RESUMEN TOTAL'!W106 -> 0 | K83: ='RESUMEN TOTAL'!X106 -> 0 | L83: ='RESUMEN TOTAL'!Y106 -> 0 | M83: ='RESUMEN TOTAL'!Z106 -> 0 | ... AI83: ='RESUMEN TOTAL'!AV106 -> 0 | AJ83: ='RESUMEN TOTAL'!#REF! -> #REF!
A84: ='RESUMEN TOTAL'!F107 -> CENTRO | B84: ='RESUMEN TOTAL'!G107 -> CEN38 | C84: ='RESUMEN TOTAL'!I107 -> Diagonal Constituyentes y Almafuerte | D84: ='RESUMEN TOTAL'!J107 -> Domo | E84: ='RESUMEN TOTAL'!K107 -> Fibra Optica | F84: ='RESUMEN TOTAL'!S107 -> 0 | G84: ='RESUMEN TOTAL'!T107 -> 0 | H84: ='RESUMEN TOTAL'!U107 -> 0 | I84: ='RESUMEN TOTAL'!V107 -> 0 | J84: ='RESUMEN TOTAL'!W107 -> 0 | K84: ='RESUMEN TOTAL'!X107 -> 0 | L84: ='RESUMEN TOTAL'!Y107 -> 0 | M84: ='RESUMEN TOTAL'!Z107 -> 0 | ... AI84: ='RESUMEN TOTAL'!AV107 -> 0 | AJ84: ='RESUMEN TOTAL'!#REF! -> #REF!
... A97: ='RESUMEN TOTAL'!F120 -> CENTRO | B97: ='RESUMEN TOTAL'!G120 -> CEN59 | C97: ='RESUMEN TOTAL'!I120 -> CHACABUCO Y BOUREL | D97: ='RESUMEN TOTAL'!J120 -> DOMO | E97: ='RESUMEN TOTAL'!K120 -> GPON | F97: ='RESUMEN TOTAL'!S120 -> 0 | G97: ='RESUMEN TOTAL'!T120 -> 0 | H97: ='RESUMEN TOTAL'!U120 -> 0 | I97: ='RESUMEN TOTAL'!V120 -> 0 | J97: ='RESUMEN TOTAL'!W120 -> 0 | K97: ='RESUMEN TOTAL'!X120 -> 0 | L97: ='RESUMEN TOTAL'!Y120 -> 0 | M97: ='RESUMEN TOTAL'!Z120 -> 0 | ... AI97: ='RESUMEN TOTAL'!AV120 -> 0 | AJ97: ='RESUMEN TOTAL'!#REF! -> #REF!
A98: ='RESUMEN TOTAL'!F121 -> CENTRO | B98: ='RESUMEN TOTAL'!G121 -> CEN62 | C98: ='RESUMEN TOTAL'!I121 -> ESPAÑA Y ALEM | D98: ='RESUMEN TOTAL'!J121 -> DOMO | E98: ='RESUMEN TOTAL'!K121 -> PTO A FO | F98: ='RESUMEN TOTAL'!S121 -> 0 | G98: ='RESUMEN TOTAL'!T121 -> 0 | H98: ='RESUMEN TOTAL'!U121 -> 0 | I98: ='RESUMEN TOTAL'!V121 -> 0 | J98: ='RESUMEN TOTAL'!W121 -> 0 | K98: ='RESUMEN TOTAL'!X121 -> 0 | L98: ='RESUMEN TOTAL'!Y121 -> 0 | M98: ='RESUMEN TOTAL'!Z121 -> 0 | N98: ='RESUMEN TOTAL'!AA121 -> 0 | O98: ='RESUMEN TOTAL'!AB122 -> 0 | P98: ='RESUMEN TOTAL'!AC121 -> 0 | Q98: ='RESUMEN TOTAL'!AD121 -> 0 | R98: ='RESUMEN TOTAL'!AE121 -> 0 | S98: ='RESUMEN TOTAL'!AF121 -> 0 | T98: ='RESUMEN TOTAL'!AG121 -> 0 | U98: ='RESUMEN TOTAL'!AH121 -> 0 | V98: ='RESUMEN TOTAL'!AI121 -> 0 | W98: ='RESUMEN TOTAL'!AJ121 -> 0 | ... AI98: ='RESUMEN TOTAL'!AV121 -> 0 | AJ98: ='RESUMEN TOTAL'!#REF! -> #REF!
A99: ='RESUMEN TOTAL'!F122 -> CENTRO | B99: ='RESUMEN TOTAL'!G122 -> CEN63 | C99: ='RESUMEN TOTAL'!I122 -> SAN MARTIN Y URQUIZA | D99: ='RESUMEN TOTAL'!J122 -> DOMO | E99: ='RESUMEN TOTAL'!K122 -> GPON | F99: ='RESUMEN TOTAL'!S122 -> 0 | G99: ='RESUMEN TOTAL'!T122 -> 0 | H99: ='RESUMEN TOTAL'!U122 -> 0 | I99: ='RESUMEN TOTAL'!V122 -> 0 | J99: ='RESUMEN TOTAL'!W122 -> 0 | K99: ='RESUMEN TOTAL'!X122 -> 0 | L99: ='RESUMEN TOTAL'!Y122 -> 0 | M99: ='RESUMEN TOTAL'!Z122 -> 0 | N99: ='RESUMEN TOTAL'!AA122 -> 0 | O99: ='RESUMEN TOTAL'!#REF! -> #REF! | P99: ='RESUMEN TOTAL'!AC122 -> 0 | Q99: ='RESUMEN TOTAL'!AD122 -> 0 | R99: ='RESUMEN TOTAL'!AE122 -> 0 | S99: ='RESUMEN TOTAL'!AF122 -> 0 | T99: ='RESUMEN TOTAL'!AG122 -> 0 | U99: ='RESUMEN TOTAL'!AH122 -> 0 | V99: ='RESUMEN TOTAL'!AI122 -> 0 | W99: ='RESUMEN TOTAL'!AJ122 -> 0 | ... AI99: ='RESUMEN TOTAL'!AV122 -> 0 | AJ99: ='RESUMEN TOTAL'!#REF! -> #REF!
A100: ='RESUMEN TOTAL'!F123 -> CENTRO | B100: ='RESUMEN TOTAL'!G123 -> CEN64 | C100: ='RESUMEN TOTAL'!I123 -> SAN MARTIN Y BOCCUZZI | D100: ='RESUMEN TOTAL'!J123 -> FIJA | E100: ='RESUMEN TOTAL'!K123 -> Fibra Optica | F100: ='RESUMEN TOTAL'!S123 -> 0 | G100: ='RESUMEN TOTAL'!T123 -> 0 | H100: ='RESUMEN TOTAL'!U123 -> 0 | I100: ='RESUMEN TOTAL'!V123 -> 0 | J100: ='RESUMEN TOTAL'!W123 -> 0 | K100: ='RESUMEN TOTAL'!X123 -> 0 | L100: ='RESUMEN TOTAL'!Y123 -> 0 | M100: ='RESUMEN TOTAL'!Z123 -> 0 | ... AI100: ='RESUMEN TOTAL'!AV123 -> 0 | AJ100: ='RESUMEN TOTAL'!#REF! -> #REF!
A101: ='RESUMEN TOTAL'!F124 -> CENTRO | B101: ='RESUMEN TOTAL'!G124 -> CEN66 | C101: ='RESUMEN TOTAL'!I124 -> SAN MARTIN Y JUAN PERON | D101: ='RESUMEN TOTAL'!J124 -> FIJA | E101: ='RESUMEN TOTAL'!K124 -> GPON | F101: ='RESUMEN TOTAL'!S124 -> 0 | G101: ='RESUMEN TOTAL'!T124 -> 0 | H101: ='RESUMEN TOTAL'!U124 -> 0 | I101: ='RESUMEN TOTAL'!V124 -> 0 | J101: ='RESUMEN TOTAL'!W124 -> 0 | K101: ='RESUMEN TOTAL'!X124 -> 0 | L101: ='RESUMEN TOTAL'!Y124 -> 0 | M101: ='RESUMEN TOTAL'!Z124 -> 0 | ... AI101: ='RESUMEN TOTAL'!AV124 -> 0 | AJ101: ='RESUMEN TOTAL'!#REF! -> #REF!
A102: ='RESUMEN TOTAL'!F125 -> CENTRO | B102: ='RESUMEN TOTAL'!G125 -> CEN67 (fija 1) | C102: ='RESUMEN TOTAL'!I125 -> 9 DE JULIO Y BROWN | D102: ='RESUMEN TOTAL'!J125 -> Fija | E102: ='RESUMEN TOTAL'!K125 -> GPON | F102: ='RESUMEN TOTAL'!S125 -> 0 | G102: ='RESUMEN TOTAL'!T125 -> 0 | H102: ='RESUMEN TOTAL'!U125 -> 0 | I102: ='RESUMEN TOTAL'!V125 -> 0 | J102: ='RESUMEN TOTAL'!W125 -> 0 | K102: ='RESUMEN TOTAL'!X125 -> 0 | L102: ='RESUMEN TOTAL'!Y125 -> 0 | M102: ='RESUMEN TOTAL'!Z125 -> 0 | ... AI102: ='RESUMEN TOTAL'!AV125 -> 0 | AJ102: ='RESUMEN TOTAL'!#REF! -> #REF!
A103: ='RESUMEN TOTAL'!F126 -> CENTRO | B103: ='RESUMEN TOTAL'!G126 -> CEN68 (fija 2) | C103: ='RESUMEN TOTAL'!I126 -> 9 DE JULIO Y BROWN | D103: ='RESUMEN TOTAL'!J126 -> Fija | E103: ='RESUMEN TOTAL'!K126 -> GPON | F103: ='RESUMEN TOTAL'!S126 -> 0 | G103: ='RESUMEN TOTAL'!T126 -> 0 | H103: ='RESUMEN TOTAL'!U126 -> 0 | I103: ='RESUMEN TOTAL'!V126 -> 0 | J103: ='RESUMEN TOTAL'!W126 -> 0 | K103: ='RESUMEN TOTAL'!X126 -> 0 | L103: ='RESUMEN TOTAL'!Y126 -> 0 | M103: ='RESUMEN TOTAL'!Z126 -> 0 | ... AI103: ='RESUMEN TOTAL'!AV126 -> 0 | AJ103: ='RESUMEN TOTAL'!#REF! -> #REF!
A104: ='RESUMEN TOTAL'!F127 -> CENTRO | B104: ='RESUMEN TOTAL'!G127 -> CEN69 | C104: ='RESUMEN TOTAL'!I127 -> RIVADAVIA Y BOUREL | D104: ='RESUMEN TOTAL'!J127 -> DOMO | E104: ='RESUMEN TOTAL'!K127 -> Fibra Optica | F104: ='RESUMEN TOTAL'!S127 -> 0 | G104: ='RESUMEN TOTAL'!T127 -> 0 | H104: ='RESUMEN TOTAL'!U127 -> 0 | I104: ='RESUMEN TOTAL'!V127 -> 0 | J104: ='RESUMEN TOTAL'!W127 -> 0 | K104: ='RESUMEN TOTAL'!X127 -> 0 | L104: ='RESUMEN TOTAL'!Y127 -> 0 | M104: ='RESUMEN TOTAL'!Z127 -> 0 | ... AI104: ='RESUMEN TOTAL'!AV127 -> 0 | AJ104: ='RESUMEN TOTAL'!#REF! -> #REF!
A105: ='RESUMEN TOTAL'!F128 -> CENTRO | B105: ='RESUMEN TOTAL'!G128 -> CEN73 | C105: ='RESUMEN TOTAL'!I128 -> BOUREL Y DEFENSA | D105: ='RESUMEN TOTAL'!J128 -> DOMO | E105: ='RESUMEN TOTAL'!K128 -> GPON | F105: ='RESUMEN TOTAL'!S128 -> 0 | G105: ='RESUMEN TOTAL'!T128 -> 0 | H105: ='RESUMEN TOTAL'!U128 -> 0 | I105: ='RESUMEN TOTAL'!V128 -> 0 | J105: ='RESUMEN TOTAL'!W128 -> 0 | K105: ='RESUMEN TOTAL'!X128 -> 0 | L105: ='RESUMEN TOTAL'!Y128 -> 0 | M105: ='RESUMEN TOTAL'!Z128 -> 0 | ... AI105: ='RESUMEN TOTAL'!AV128 -> 0 | AJ105: ='RESUMEN TOTAL'!#REF! -> #REF!
A106: ='RESUMEN TOTAL'!F129 -> CENTRO | B106: ='RESUMEN TOTAL'!G129 -> CEN74 | C106: ='RESUMEN TOTAL'!I129 -> Las Heras y Maipu | D106: ='RESUMEN TOTAL'!J129 -> Domo | E106: ='RESUMEN TOTAL'!K129 -> FO A GPON | F106: ='RESUMEN TOTAL'!S129 -> 0 | G106: ='RESUMEN TOTAL'!T129 -> 0 | H106: ='RESUMEN TOTAL'!U129 -> 0 | I106: ='RESUMEN TOTAL'!V129 -> APAGADO | J106: ='RESUMEN TOTAL'!W129 -> APAGADO | K106: ='RESUMEN TOTAL'!X129 -> APAGADO | L106: ='RESUMEN TOTAL'!Y129 -> APAGADO | M106: ='RESUMEN TOTAL'!Z129 -> APAGADO | ... AI106: ='RESUMEN TOTAL'!AV129 -> 0 | AJ106: ='RESUMEN TOTAL'!#REF! -> #REF!
A107: ='RESUMEN TOTAL'!F130 -> CENTRO | B107: ='RESUMEN TOTAL'!G130 -> CEN83 | C107: ='RESUMEN TOTAL'!I130 -> RECONQUISTA Y 25 DE MAYO | D107: ='RESUMEN TOTAL'!J130 -> Domo | E107: ='RESUMEN TOTAL'!K130 -> GPON | F107: ='RESUMEN TOTAL'!S130 -> 0 | G107: ='RESUMEN TOTAL'!T130 -> 0 | H107: ='RESUMEN TOTAL'!U130 -> 0 | I107: ='RESUMEN TOTAL'!V130 -> 0 | J107: ='RESUMEN TOTAL'!W130 -> 0 | K107: ='RESUMEN TOTAL'!X130 -> 0 | L107: ='RESUMEN TOTAL'!Y130 -> 0 | M107: ='RESUMEN TOTAL'!Z130 -> 0 | ... AI107: ='RESUMEN TOTAL'!AV130 -> 0 | AJ107: ='RESUMEN TOTAL'!#REF! -> #REF!
A108: ='RESUMEN TOTAL'!F131 -> CENTRO | B108: ='RESUMEN TOTAL'!G131 -> CEN87 | C108: ='RESUMEN TOTAL'!I131 -> 25 DE MAYO Y NEWBERY | D108: ='RESUMEN TOTAL'!J131 -> Domo | E108: ='RESUMEN TOTAL'!K131 -> GPON | F108: ='RESUMEN TOTAL'!S131 -> 0 | G108: ='RESUMEN TOTAL'!T131 -> 0 | H108: ='RESUMEN TOTAL'!U131 -> 0 | I108: ='RESUMEN TOTAL'!V131 -> APAGADO | J108: ='RESUMEN TOTAL'!W131 -> APAGADO | K108: ='RESUMEN TOTAL'!X131 -> APAGADO | L108: ='RESUMEN TOTAL'!Y131 -> APAGADO | M108: ='RESUMEN TOTAL'!Z131 -> APAGADO | ... AI108: ='RESUMEN TOTAL'!AV131 -> 0 | AJ108: ='RESUMEN TOTAL'!#REF! -> #REF!
A109: ='RESUMEN TOTAL'!F132 -> CENTRO | B109: ='RESUMEN TOTAL'!G132 -> CEN88 | C109: ='RESUMEN TOTAL'!I132 -> Plaza CentraL | D109: ='RESUMEN TOTAL'!J132 -> Domo | E109: ='RESUMEN TOTAL'!K132 -> GPON | F109: ='RESUMEN TOTAL'!S132 -> 0 | G109: ='RESUMEN TOTAL'!T132 -> 0 | H109: ='RESUMEN TOTAL'!U132 -> 0 | I109: ='RESUMEN TOTAL'!V132 -> 0 | J109: ='RESUMEN TOTAL'!W132 -> 0 | K109: ='RESUMEN TOTAL'!X132 -> 0 | L109: ='RESUMEN TOTAL'!Y132 -> 0 | M109: ='RESUMEN TOTAL'!Z132 -> 0 | ... AI109: ='RESUMEN TOTAL'!AV132 -> 0 | AJ109: ='RESUMEN TOTAL'!#REF! -> #REF!
A110: ='RESUMEN TOTAL'!F133 -> CENTRO | B110: ='RESUMEN TOTAL'!G133 -> CEN89 | C110: ='RESUMEN TOTAL'!I133 -> Gutierrez e Ituzaingo | D110: ='RESUMEN TOTAL'!J133 -> Domo | E110: ='RESUMEN TOTAL'!K133 -> GPON | F110: ='RESUMEN TOTAL'!S133 -> 0 | G110: ='RESUMEN TOTAL'!T133 -> 0 | H110: ='RESUMEN TOTAL'!U133 -> 0 | I110: ='RESUMEN TOTAL'!V133 -> 0 | J110: ='RESUMEN TOTAL'!W133 -> 0 | K110: ='RESUMEN TOTAL'!X133 -> 0 | L110: ='RESUMEN TOTAL'!Y133 -> 0 | M110: ='RESUMEN TOTAL'!Z133 -> 0 | ... AI110: ='RESUMEN TOTAL'!AV133 -> 0 | AJ110: ='RESUMEN TOTAL'!#REF! -> #REF!
A111: ='RESUMEN TOTAL'!F148 -> VILLA MONICA NUEVA | B111: ='RESUMEN TOTAL'!G148 -> COL 01 | C111: ='RESUMEN TOTAL'!I148 -> Eva Peron y Cariboni | D111: ='RESUMEN TOTAL'!J148 -> Domo | E111: ='RESUMEN TOTAL'!K148 -> Fibra Optica | F111: ='RESUMEN TOTAL'!S148 -> 0 | G111: ='RESUMEN TOTAL'!T148 -> 0 | H111: ='RESUMEN TOTAL'!U148 -> 0 | I111: ='RESUMEN TOTAL'!V148 -> APAGADO | J111: ='RESUMEN TOTAL'!W148 -> APAGADO | K111: ='RESUMEN TOTAL'!X148 -> APAGADO | L111: ='RESUMEN TOTAL'!Y148 -> APAGADO | M111: ='RESUMEN TOTAL'!Z148 -> APAGADO | ... AI111: ='RESUMEN TOTAL'!AV148 -> 0 | AJ111: ='RESUMEN TOTAL'!#REF! -> #REF!
A112: ='RESUMEN TOTAL'!F149 -> LA COLORADA ESTE | B112: ='RESUMEN TOTAL'!G149 -> COL 02 | C112: ='RESUMEN TOTAL'!I149 -> Av. Eva Peron y Pompeya | D112: ='RESUMEN TOTAL'!J149 -> Domo | E112: ='RESUMEN TOTAL'!K149 -> PTO A FO | F112: ='RESUMEN TOTAL'!S149 -> 0 | G112: ='RESUMEN TOTAL'!T149 -> 0 | H112: ='RESUMEN TOTAL'!U149 -> 0 | I112: ='RESUMEN TOTAL'!V149 -> APAGADO | J112: ='RESUMEN TOTAL'!W149 -> APAGADO | K112: ='RESUMEN TOTAL'!X149 -> APAGADO | L112: ='RESUMEN TOTAL'!Y149 -> APAGADO | M112: ='RESUMEN TOTAL'!Z149 -> APAGADO | ... AI112: ='RESUMEN TOTAL'!AV149 -> 0 | AJ112: ='RESUMEN TOTAL'!#REF! -> #REF!
A113: ='RESUMEN TOTAL'!F150 -> LA COLORADA ESTE | B113: ='RESUMEN TOTAL'!G150 -> COL 03 | C113: ='RESUMEN TOTAL'!I150 -> CARIBONI Y LA ANCIANIDAD | D113: ='RESUMEN TOTAL'!J150 -> DOMO | E113: ='RESUMEN TOTAL'!K150 -> Radio | F113: ='RESUMEN TOTAL'!S150 -> 0 | G113: ='RESUMEN TOTAL'!T150 -> 0 | H113: ='RESUMEN TOTAL'!U150 -> 0 | I113: ='RESUMEN TOTAL'!V150 -> 0 | J113: ='RESUMEN TOTAL'!W150 -> 0 | K113: ='RESUMEN TOTAL'!X150 -> 0 | L113: ='RESUMEN TOTAL'!Y150 -> 0 | M113: ='RESUMEN TOTAL'!Z150 -> 0 | ... AI113: ='RESUMEN TOTAL'!AV150 -> 0 | AJ113: ='RESUMEN TOTAL'!#REF! -> #REF!
A114: ='RESUMEN TOTAL'!F151 -> LA COLORADA ESTE | B114: ='RESUMEN TOTAL'!G151 -> COL 04 | C114: ='RESUMEN TOTAL'!I151 -> EVA PERON Y SAVIO | D114: ='RESUMEN TOTAL'!J151 -> Domo | E114: ='RESUMEN TOTAL'!K151 -> Fibra Optica | F114: ='RESUMEN TOTAL'!S151 -> 0 | G114: ='RESUMEN TOTAL'!T151 -> 0 | H114: ='RESUMEN TOTAL'!U151 -> 0 | I114: ='RESUMEN TOTAL'!V151 -> APAGADO | J114: ='RESUMEN TOTAL'!W151 -> APAGADO | K114: ='RESUMEN TOTAL'!X151 -> APAGADO | L114: ='RESUMEN TOTAL'!Y151 -> APAGADO | M114: ='RESUMEN TOTAL'!Z151 -> APAGADO | ... AI114: ='RESUMEN TOTAL'!AV151 -> 0 | AJ114: ='RESUMEN TOTAL'!#REF! -> #REF!
A115: ='RESUMEN TOTAL'!F152 -> 0 | B115: ='RESUMEN TOTAL'!G152 -> COL 05 | C115: ='RESUMEN TOTAL'!I152 -> PLAZA CALLE 604 A Y AUSTRIA | D115: ='RESUMEN TOTAL'!J152 -> DOMO | E115: ='RESUMEN TOTAL'!K152 -> GPON | F115: ='RESUMEN TOTAL'!S152 -> 0 | G115: ='RESUMEN TOTAL'!T152 -> 0 | H115: ='RESUMEN TOTAL'!U152 -> 0 | I115: ='RESUMEN TOTAL'!V152 -> 0 | J115: ='RESUMEN TOTAL'!W152 -> 0 | K115: ='RESUMEN TOTAL'!X152 -> 0 | L115: ='RESUMEN TOTAL'!Y152 -> 0 | M115: ='RESUMEN TOTAL'!Z152 -> 0 | ... AI115: ='RESUMEN TOTAL'!AV152 -> 0 | AJ115: ='RESUMEN TOTAL'!#REF! -> #REF!
A116: ='RESUMEN TOTAL'!F153 -> BOSQUES CENTRO | B116: ='RESUMEN TOTAL'!G153 -> CVA01 | C116: ='RESUMEN TOTAL'!I153 -> CACHEUTA Y 1355 | D116: ='RESUMEN TOTAL'!J153 -> Domo | E116: ='RESUMEN TOTAL'!K153 -> GPON | F116: ='RESUMEN TOTAL'!S153 -> 0 | G116: ='RESUMEN TOTAL'!T153 -> 0 | H116: ='RESUMEN TOTAL'!U153 -> 0 | I116: ='RESUMEN TOTAL'!V153 -> 0 | J116: ='RESUMEN TOTAL'!W153 -> 0 | K116: ='RESUMEN TOTAL'!X153 -> 0 | L116: ='RESUMEN TOTAL'!Y153 -> 0 | M116: ='RESUMEN TOTAL'!Z153 -> 0 | ... AI116: ='RESUMEN TOTAL'!AV153 -> 0 | AJ116: ='RESUMEN TOTAL'!#REF! -> #REF!
A117: ='RESUMEN TOTAL'!F154 -> DON JOSE | B117: ='RESUMEN TOTAL'!G154 -> DJO 07 | C117: ='RESUMEN TOTAL'!I154 -> Calle 414 y El Indio | D117: ='RESUMEN TOTAL'!J154 -> Fija | E117: ='RESUMEN TOTAL'!K154 -> PTO A FO | F117: ='RESUMEN TOTAL'!S154 -> 0 | G117: ='RESUMEN TOTAL'!T154 -> 0 | H117: ='RESUMEN TOTAL'!U154 -> 0 | I117: ='RESUMEN TOTAL'!V154 -> 0 | J117: ='RESUMEN TOTAL'!W154 -> 0 | K117: ='RESUMEN TOTAL'!X154 -> 0 | L117: ='RESUMEN TOTAL'!Y154 -> 0 | M117: ='RESUMEN TOTAL'!Z154 -> 0 | ... AI117: ='RESUMEN TOTAL'!AV154 -> 0 | AJ117: ='RESUMEN TOTAL'!#REF! -> #REF!
A118: ='RESUMEN TOTAL'!F155 -> DON JOSE | B118: ='RESUMEN TOTAL'!G155 -> DJO 08 | C118: ='RESUMEN TOTAL'!I155 -> El Paisano y 441 | D118: ='RESUMEN TOTAL'!J155 -> FIJA | E118: ='RESUMEN TOTAL'!K155 -> GPON | F118: ='RESUMEN TOTAL'!S155 -> 0 | G118: ='RESUMEN TOTAL'!T155 -> 0 | H118: ='RESUMEN TOTAL'!U155 -> 0 | I118: ='RESUMEN TOTAL'!V155 -> 0 | J118: ='RESUMEN TOTAL'!W155 -> 0 | K118: ='RESUMEN TOTAL'!X155 -> 0 | L118: ='RESUMEN TOTAL'!Y155 -> 0 | M118: ='RESUMEN TOTAL'!Z155 -> 0 | ... AI118: ='RESUMEN TOTAL'!AV155 -> 0 | AJ118: ='RESUMEN TOTAL'!#REF! -> #REF!
A119: ='RESUMEN TOTAL'!F157 -> DON JOSE | B119: ='RESUMEN TOTAL'!G157 -> DJO O6 | C119: ='RESUMEN TOTAL'!I157 -> Calle 414 y El Indio | D119: ='RESUMEN TOTAL'!J157 -> Fija | E119: ='RESUMEN TOTAL'!K157 -> PTO A FO | F119: ='RESUMEN TOTAL'!S157 -> 0 | G119: ='RESUMEN TOTAL'!T157 -> 0 | H119: ='RESUMEN TOTAL'!U157 -> 0 | I119: ='RESUMEN TOTAL'!V157 -> 0 | J119: ='RESUMEN TOTAL'!W157 -> 0 | K119: ='RESUMEN TOTAL'!X157 -> 0 | L119: ='RESUMEN TOTAL'!Y157 -> 0 | M119: ='RESUMEN TOTAL'!Z157 -> 0 | ... AI119: ='RESUMEN TOTAL'!AV157 -> 0 | AJ119: ='RESUMEN TOTAL'!#REF! -> #REF!
A120: ='RESUMEN TOTAL'!F158 -> DON JOSE | B120: ='RESUMEN TOTAL'!G158 -> DJO 02 (fija 1) | C120: ='RESUMEN TOTAL'!I158 -> DONATO ALVAREZ Y EL APERO | D120: ='RESUMEN TOTAL'!J158 -> Fija | E120: ='RESUMEN TOTAL'!K158 -> PTO A FO | F120: ='RESUMEN TOTAL'!S158 -> 0 | G120: ='RESUMEN TOTAL'!T158 -> 0 | H120: ='RESUMEN TOTAL'!U158 -> 0 | I120: ='RESUMEN TOTAL'!V158 -> 0 | J120: ='RESUMEN TOTAL'!W158 -> 0 | K120: ='RESUMEN TOTAL'!X158 -> 0 | L120: ='RESUMEN TOTAL'!Y158 -> 0 | M120: ='RESUMEN TOTAL'!Z158 -> 0 | ... AI120: ='RESUMEN TOTAL'!AV158 -> 0 | AJ120: ='RESUMEN TOTAL'!#REF! -> #REF!
A121: ='RESUMEN TOTAL'!F159 -> DON JOSE | B121: ='RESUMEN TOTAL'!G159 -> DJO 03 (fija 2) | C121: ='RESUMEN TOTAL'!I159 -> DONATO ALVAREZ Y EL APERO | D121: ='RESUMEN TOTAL'!J159 -> Fija | E121: ='RESUMEN TOTAL'!K159 -> PTO A FO | F121: ='RESUMEN TOTAL'!S159 -> 0 | G121: ='RESUMEN TOTAL'!T159 -> 0 | H121: ='RESUMEN TOTAL'!U159 -> 0 | I121: ='RESUMEN TOTAL'!V159 -> 0 | J121: ='RESUMEN TOTAL'!W159 -> 0 | K121: ='RESUMEN TOTAL'!X159 -> 0 | L121: ='RESUMEN TOTAL'!Y159 -> 0 | M121: ='RESUMEN TOTAL'!Z159 -> 0 | ... AI121: ='RESUMEN TOTAL'!AV159 -> 0 | AJ121: ='RESUMEN TOTAL'!#REF! -> #REF!
A122: ='RESUMEN TOTAL'!F160 -> DON JOSE | B122: ='RESUMEN TOTAL'!G160 -> DJO 04 (Fija 1) | C122: ='RESUMEN TOTAL'!I160 -> MONTEVERDE Y EL INDIO | D122: ='RESUMEN TOTAL'!J160 -> Fija | E122: ='RESUMEN TOTAL'!K160 -> GPON | F122: ='RESUMEN TOTAL'!S160 -> 0 | G122: ='RESUMEN TOTAL'!T160 -> 0 | H122: ='RESUMEN TOTAL'!U160 -> 0 | I122: ='RESUMEN TOTAL'!V160 -> 0 | J122: ='RESUMEN TOTAL'!W160 -> 0 | K122: ='RESUMEN TOTAL'!X160 -> 0 | L122: ='RESUMEN TOTAL'!Y160 -> 0 | M122: ='RESUMEN TOTAL'!Z160 -> 0 | ... AI122: ='RESUMEN TOTAL'!AV160 -> 0 | AJ122: ='RESUMEN TOTAL'!#REF! -> #REF!
A123: ='RESUMEN TOTAL'!F161 -> DON JOSE | B123: ='RESUMEN TOTAL'!G161 -> DJO 05 (Fija 2) | C123: ='RESUMEN TOTAL'!I161 -> MONTEVERDE Y EL INDIO | D123: ='RESUMEN TOTAL'!J161 -> Fija | E123: ='RESUMEN TOTAL'!K161 -> GPON | F123: ='RESUMEN TOTAL'!S161 -> 0 | G123: ='RESUMEN TOTAL'!T161 -> 0 | H123: ='RESUMEN TOTAL'!U161 -> 0 | I123: ='RESUMEN TOTAL'!V161 -> 0 | J123: ='RESUMEN TOTAL'!W161 -> 0 | K123: ='RESUMEN TOTAL'!X161 -> 0 | L123: ='RESUMEN TOTAL'!Y161 -> 0 | M123: ='RESUMEN TOTAL'!Z161 -> 0 | ... AI123: ='RESUMEN TOTAL'!AV161 -> 0 | AJ123: ='RESUMEN TOTAL'!#REF! -> #REF!
A124: ='RESUMEN TOTAL'!F162 -> DON JOSE | B124: ='RESUMEN TOTAL'!G162 -> DJO 01 | C124: ='RESUMEN TOTAL'!I162 -> Monteverde y Donato Alvarez | D124: ='RESUMEN TOTAL'!J162 -> Domo | E124: ='RESUMEN TOTAL'!K162 -> GPON | F124: ='RESUMEN TOTAL'!S162 -> 0 | G124: ='RESUMEN TOTAL'!T162 -> 0 | H124: ='RESUMEN TOTAL'!U162 -> 0 | I124: ='RESUMEN TOTAL'!V162 -> 0 | J124: ='RESUMEN TOTAL'!W162 -> 0 | K124: ='RESUMEN TOTAL'!X162 -> 0 | L124: ='RESUMEN TOTAL'!Y162 -> 0 | M124: ='RESUMEN TOTAL'!Z162 -> 0 | ... AI124: ='RESUMEN TOTAL'!AV162 -> 0 | AJ124: ='RESUMEN TOTAL'!#REF! -> #REF!
A125: ='RESUMEN TOTAL'!F163 -> DON ORIONE | B125: ='RESUMEN TOTAL'!G163 -> DORI02 | C125: ='RESUMEN TOTAL'!I163 -> QUINQUELA MARTIN Y AV BOSQUES | D125: ='RESUMEN TOTAL'!J163 -> DOMO | E125: ='RESUMEN TOTAL'!K163 -> GPON | F125: ='RESUMEN TOTAL'!S163 -> 0 | G125: ='RESUMEN TOTAL'!T163 -> 0 | H125: ='RESUMEN TOTAL'!U163 -> 0 | I125: ='RESUMEN TOTAL'!V163 -> 0 | J125: ='RESUMEN TOTAL'!W163 -> 0 | K125: ='RESUMEN TOTAL'!X163 -> 0 | L125: ='RESUMEN TOTAL'!Y163 -> 0 | M125: ='RESUMEN TOTAL'!Z163 -> 0 | ... AI125: ='RESUMEN TOTAL'!AV163 -> 0 | AJ125: ='RESUMEN TOTAL'!#REF! -> #REF!
A126: ='RESUMEN TOTAL'!F169 -> EL PARQUE | B126: ='RESUMEN TOTAL'!G169 -> EPQ 04 | C126: ='RESUMEN TOTAL'!I169 -> 1282 Y MORENO | D126: ='RESUMEN TOTAL'!J169 -> DOMO | E126: ='RESUMEN TOTAL'!K169 -> Fibra Optica | F126: ='RESUMEN TOTAL'!S169 -> 0 | G126: ='RESUMEN TOTAL'!T169 -> 0 | H126: ='RESUMEN TOTAL'!U169 -> 0 | I126: ='RESUMEN TOTAL'!V169 -> 0 | J126: ='RESUMEN TOTAL'!W169 -> 0 | K126: ='RESUMEN TOTAL'!X169 -> 0 | L126: ='RESUMEN TOTAL'!Y169 -> 0 | M126: ='RESUMEN TOTAL'!Z169 -> 0 | ... AI126: ='RESUMEN TOTAL'!AV169 -> 0 | AJ126: ='RESUMEN TOTAL'!#REF! -> #REF!
A127: ='RESUMEN TOTAL'!F170 -> EL PARQUE | B127: ='RESUMEN TOTAL'!G170 -> EPQ 05 | C127: ='RESUMEN TOTAL'!I170 -> 1282 Y 1201 | D127: ='RESUMEN TOTAL'!J170 -> FIJA | E127: ='RESUMEN TOTAL'!K170 -> Fibra Optica | F127: ='RESUMEN TOTAL'!S170 -> 0 | G127: ='RESUMEN TOTAL'!T170 -> 0 | H127: ='RESUMEN TOTAL'!U170 -> 0 | I127: ='RESUMEN TOTAL'!V170 -> 0 | J127: ='RESUMEN TOTAL'!W170 -> 0 | K127: ='RESUMEN TOTAL'!X170 -> 0 | L127: ='RESUMEN TOTAL'!Y170 -> 0 | M127: ='RESUMEN TOTAL'!Z170 -> 0 | ... AI127: ='RESUMEN TOTAL'!AV170 -> 0 | AJ127: ='RESUMEN TOTAL'!#REF! -> #REF!
A128: ='RESUMEN TOTAL'!F171 -> EL PARQUE | B128: ='RESUMEN TOTAL'!G171 -> EPQ 06 | C128: ='RESUMEN TOTAL'!I171 -> 1282 Y EZEIZA | D128: ='RESUMEN TOTAL'!J171 -> DOMO | E128: ='RESUMEN TOTAL'!K171 -> Fibra Optica | F128: ='RESUMEN TOTAL'!S171 -> 0 | G128: ='RESUMEN TOTAL'!T171 -> 0 | H128: ='RESUMEN TOTAL'!U171 -> 0 | I128: ='RESUMEN TOTAL'!V171 -> APAGADO | J128: ='RESUMEN TOTAL'!W171 -> APAGADO | K128: ='RESUMEN TOTAL'!X171 -> APAGADO | L128: ='RESUMEN TOTAL'!Y171 -> APAGADO | M128: ='RESUMEN TOTAL'!Z171 -> APAGADO | ... AI128: ='RESUMEN TOTAL'!AV171 -> 0 | AJ128: ='RESUMEN TOTAL'!#REF! -> #REF!
A129: ='RESUMEN TOTAL'!F172 -> LA ESMERALDA | B129: ='RESUMEN TOTAL'!G172 -> ESM 08 | C129: ='RESUMEN TOTAL'!I172 -> DAVINSON Y MORANCHEL | D129: ='RESUMEN TOTAL'!J172 -> FIJA | E129: ='RESUMEN TOTAL'!K172 -> Radio | F129: ='RESUMEN TOTAL'!S172 -> 0 | G129: ='RESUMEN TOTAL'!T172 -> 0 | H129: ='RESUMEN TOTAL'!U172 -> 0 | I129: ='RESUMEN TOTAL'!V172 -> 0 | J129: ='RESUMEN TOTAL'!W172 -> 0 | K129: ='RESUMEN TOTAL'!X172 -> 0 | L129: ='RESUMEN TOTAL'!Y172 -> 0 | M129: ='RESUMEN TOTAL'!Z172 -> 0 | ... AI129: ='RESUMEN TOTAL'!AV172 -> 0 | AJ129: ='RESUMEN TOTAL'!#REF! -> #REF!
A130: ='RESUMEN TOTAL'!F175 -> LA ESMERALDA | B130: ='RESUMEN TOTAL'!G175 -> ESM 15 | C130: ='RESUMEN TOTAL'!I175 -> Basualdo y Lieja | D130: ='RESUMEN TOTAL'!J175 -> Fija | E130: ='RESUMEN TOTAL'!K175 -> Fibra Optica | F130: ='RESUMEN TOTAL'!S175 -> 0 | G130: ='RESUMEN TOTAL'!T175 -> 0 | H130: ='RESUMEN TOTAL'!U175 -> 0 | I130: ='RESUMEN TOTAL'!V175 -> APAGADO | J130: ='RESUMEN TOTAL'!W175 -> APAGADO | K130: ='RESUMEN TOTAL'!X175 -> APAGADO | L130: ='RESUMEN TOTAL'!Y175 -> APAGADO | M130: ='RESUMEN TOTAL'!Z175 -> APAGADO | ... AI130: ='RESUMEN TOTAL'!AV175 -> 0 | AJ130: ='RESUMEN TOTAL'!#REF! -> #REF!
A131: ='RESUMEN TOTAL'!F176 -> LA ESMERALDA | B131: ='RESUMEN TOTAL'!G176 -> ESM 16 | C131: ='RESUMEN TOTAL'!I176 -> Basualdo y Lieja | D131: ='RESUMEN TOTAL'!J176 -> Fija | E131: ='RESUMEN TOTAL'!K176 -> Fibra Optica | F131: ='RESUMEN TOTAL'!S176 -> 0 | G131: ='RESUMEN TOTAL'!T176 -> 0 | H131: ='RESUMEN TOTAL'!U176 -> 0 | I131: ='RESUMEN TOTAL'!V176 -> APAGADO | J131: ='RESUMEN TOTAL'!W176 -> APAGADO | K131: ='RESUMEN TOTAL'!X176 -> APAGADO | L131: ='RESUMEN TOTAL'!Y176 -> APAGADO | M131: ='RESUMEN TOTAL'!Z176 -> APAGADO | ... AI131: ='RESUMEN TOTAL'!AV176 -> 0 | AJ131: ='RESUMEN TOTAL'!#REF! -> #REF!
A132: ='RESUMEN TOTAL'!F177 -> LA ESMERALDA | B132: ='RESUMEN TOTAL'!G177 -> ESM 17 | C132: ='RESUMEN TOTAL'!I177 -> Plaza La Esmeralda | D132: ='RESUMEN TOTAL'!J177 -> Domo | E132: ='RESUMEN TOTAL'!K177 -> Fibra Optica | F132: ='RESUMEN TOTAL'!S177 -> 0 | G132: ='RESUMEN TOTAL'!T177 -> 0 | H132: ='RESUMEN TOTAL'!U177 -> 0 | I132: ='RESUMEN TOTAL'!V177 -> 0 | J132: ='RESUMEN TOTAL'!W177 -> 0 | K132: ='RESUMEN TOTAL'!X177 -> 0 | L132: ='RESUMEN TOTAL'!Y177 -> 0 | M132: ='RESUMEN TOTAL'!Z177 -> 0 | ... AI132: ='RESUMEN TOTAL'!AV177 -> 0 | AJ132: ='RESUMEN TOTAL'!#REF! -> #REF!
A133: ='RESUMEN TOTAL'!F178 -> LA ESMERALDA | B133: ='RESUMEN TOTAL'!G178 -> ESM 18 | C133: ='RESUMEN TOTAL'!I178 -> Belgicca y Cerdeña | D133: ='RESUMEN TOTAL'!J178 -> Domo | E133: ='RESUMEN TOTAL'!K178 -> GPON | F133: ='RESUMEN TOTAL'!S178 -> 0 | G133: ='RESUMEN TOTAL'!T178 -> 0 | H133: ='RESUMEN TOTAL'!U178 -> 0 | I133: ='RESUMEN TOTAL'!V178 -> 0 | J133: ='RESUMEN TOTAL'!W178 -> 0 | K133: ='RESUMEN TOTAL'!X178 -> 0 | L133: ='RESUMEN TOTAL'!Y178 -> 0 | M133: ='RESUMEN TOTAL'!Z178 -> 0 | ... AI133: ='RESUMEN TOTAL'!AV178 -> 0 | AJ133: ='RESUMEN TOTAL'!#REF! -> #REF!
A134: ='RESUMEN TOTAL'!F179 -> LA ESMERALDA | B134: ='RESUMEN TOTAL'!G179 -> ESM 19 | C134: ='RESUMEN TOTAL'!I179 -> Basualdo E Aniceto y Bengochea | D134: ='RESUMEN TOTAL'!J179 -> fija | E134: ='RESUMEN TOTAL'!K179 -> GPON | F134: ='RESUMEN TOTAL'!S179 -> 0 | G134: ='RESUMEN TOTAL'!T179 -> 0 | H134: ='RESUMEN TOTAL'!U179 -> 0 | I134: ='RESUMEN TOTAL'!V179 -> 0 | J134: ='RESUMEN TOTAL'!W179 -> 0 | K134: ='RESUMEN TOTAL'!X179 -> 0 | L134: ='RESUMEN TOTAL'!Y179 -> 0 | M134: ='RESUMEN TOTAL'!Z179 -> 0 | ... AI134: ='RESUMEN TOTAL'!AV179 -> 0 | AJ134: ='RESUMEN TOTAL'!#REF! -> #REF!
A135: ='RESUMEN TOTAL'!F180 -> LA ESMERALDA | B135: ='RESUMEN TOTAL'!G180 -> ESM01 | C135: ='RESUMEN TOTAL'!I180 -> Cabello y Brasil | D135: ='RESUMEN TOTAL'!J180 -> Domo | E135: ='RESUMEN TOTAL'!K180 -> PTO A FO | F135: ='RESUMEN TOTAL'!S180 -> 0 | G135: ='RESUMEN TOTAL'!T180 -> 0 | H135: ='RESUMEN TOTAL'!U180 -> 0 | I135: ='RESUMEN TOTAL'!V180 -> 0 | J135: ='RESUMEN TOTAL'!W180 -> 0 | K135: ='RESUMEN TOTAL'!X180 -> 0 | L135: ='RESUMEN TOTAL'!Y180 -> 0 | M135: ='RESUMEN TOTAL'!Z180 -> 0 | ... AI135: ='RESUMEN TOTAL'!AV180 -> 0 | AJ135: ='RESUMEN TOTAL'!#REF! -> #REF!
A136: ='RESUMEN TOTAL'!F181 -> SAN JORGE | B136: ='RESUMEN TOTAL'!G181 -> ESM02 | C136: ='RESUMEN TOTAL'!I181 -> Novak y Cabello | D136: ='RESUMEN TOTAL'!J181 -> Domo | E136: ='RESUMEN TOTAL'!K181 -> PTO A FO | F136: ='RESUMEN TOTAL'!S181 -> 0 | G136: ='RESUMEN TOTAL'!T181 -> 0 | H136: ='RESUMEN TOTAL'!U181 -> 0 | I136: ='RESUMEN TOTAL'!V181 -> 0 | J136: ='RESUMEN TOTAL'!W181 -> 0 | K136: ='RESUMEN TOTAL'!X181 -> 0 | L136: ='RESUMEN TOTAL'!Y181 -> 0 | M136: ='RESUMEN TOTAL'!Z181 -> 0 | ... AI136: ='RESUMEN TOTAL'!AV181 -> 0 | AJ136: ='RESUMEN TOTAL'!#REF! -> #REF!
A137: ='RESUMEN TOTAL'!F182 -> SAN JORGE | B137: ='RESUMEN TOTAL'!G182 -> ESM03 | C137: ='RESUMEN TOTAL'!I182 -> Novak y Humahuaca | D137: ='RESUMEN TOTAL'!J182 -> DOMO | E137: ='RESUMEN TOTAL'!K182 -> PTO A FO | F137: ='RESUMEN TOTAL'!S182 -> 0 | G137: ='RESUMEN TOTAL'!T182 -> 0 | H137: ='RESUMEN TOTAL'!U182 -> 0 | I137: ='RESUMEN TOTAL'!V182 -> 0 | J137: ='RESUMEN TOTAL'!W182 -> 0 | K137: ='RESUMEN TOTAL'!X182 -> 0 | L137: ='RESUMEN TOTAL'!Y182 -> 0 | M137: ='RESUMEN TOTAL'!Z182 -> 0 | ... AI137: ='RESUMEN TOTAL'!AV182 -> 0 | AJ137: ='RESUMEN TOTAL'!#REF! -> #REF!
A138: ='RESUMEN TOTAL'!F183 -> LA ESMERALDA | B138: ='RESUMEN TOTAL'!G183 -> ESM04 | C138: ='RESUMEN TOTAL'!I183 -> Basualdo y Bengochea | D138: ='RESUMEN TOTAL'!J183 -> Domo | E138: ='RESUMEN TOTAL'!K183 -> Fibra Optica | F138: ='RESUMEN TOTAL'!S183 -> 0 | G138: ='RESUMEN TOTAL'!T183 -> 0 | H138: ='RESUMEN TOTAL'!U183 -> 0 | I138: ='RESUMEN TOTAL'!V183 -> 0 | J138: ='RESUMEN TOTAL'!W183 -> 0 | K138: ='RESUMEN TOTAL'!X183 -> 0 | L138: ='RESUMEN TOTAL'!Y183 -> 0 | M138: ='RESUMEN TOTAL'!Z183 -> 0 | ... AI138: ='RESUMEN TOTAL'!AV183 -> 0 | AJ138: ='RESUMEN TOTAL'!#REF! -> #REF!
A139: ='RESUMEN TOTAL'!F184 -> LA ESMERALDA | B139: ='RESUMEN TOTAL'!G184 -> ESM05 | C139: ='RESUMEN TOTAL'!I184 -> Aniceto Diaz y Villar | D139: ='RESUMEN TOTAL'!J184 -> Domo | E139: ='RESUMEN TOTAL'!K184 -> Fibra Optica | F139: ='RESUMEN TOTAL'!S184 -> 0 | G139: ='RESUMEN TOTAL'!T184 -> 0 | H139: ='RESUMEN TOTAL'!U184 -> 0 | I139: ='RESUMEN TOTAL'!V184 -> 0 | J139: ='RESUMEN TOTAL'!W184 -> 0 | K139: ='RESUMEN TOTAL'!X184 -> 0 | L139: ='RESUMEN TOTAL'!Y184 -> 0 | M139: ='RESUMEN TOTAL'!Z184 -> 0 | ... AI139: ='RESUMEN TOTAL'!AV184 -> 0 | AJ139: ='RESUMEN TOTAL'!#REF! -> #REF!
A140: ='RESUMEN TOTAL'!F185 -> LA ESMERALDA | B140: ='RESUMEN TOTAL'!G185 -> ESM06 | C140: ='RESUMEN TOTAL'!I185 -> Roselli y Cabello | D140: ='RESUMEN TOTAL'!J185 -> Domo | E140: ='RESUMEN TOTAL'!K185 -> GPON | F140: ='RESUMEN TOTAL'!S185 -> 0 | G140: ='RESUMEN TOTAL'!T185 -> 0 | H140: ='RESUMEN TOTAL'!U185 -> 0 | I140: ='RESUMEN TOTAL'!V185 -> 0 | J140: ='RESUMEN TOTAL'!W185 -> 0 | K140: ='RESUMEN TOTAL'!X185 -> 0 | L140: ='RESUMEN TOTAL'!Y185 -> APAGADO | M140: ='RESUMEN TOTAL'!Z185 -> 0 | ... AI140: ='RESUMEN TOTAL'!AV185 -> 0 | AJ140: ='RESUMEN TOTAL'!#REF! -> #REF!
A141: ='RESUMEN TOTAL'!F186 -> LA ESMERALDA | B141: ='RESUMEN TOTAL'!G186 -> ESM07 | C141: ='RESUMEN TOTAL'!I186 -> AV. NOVAK Y SERRANO | D141: ='RESUMEN TOTAL'!J186 -> DOMO | E141: ='RESUMEN TOTAL'!K186 -> PTO A FO | F141: ='RESUMEN TOTAL'!S186 -> 0 | G141: ='RESUMEN TOTAL'!T186 -> 0 | H141: ='RESUMEN TOTAL'!U186 -> 0 | I141: ='RESUMEN TOTAL'!V186 -> 0 | J141: ='RESUMEN TOTAL'!W186 -> 0 | K141: ='RESUMEN TOTAL'!X186 -> 0 | L141: ='RESUMEN TOTAL'!Y186 -> 0 | M141: ='RESUMEN TOTAL'!Z186 -> 0 | ... AI141: ='RESUMEN TOTAL'!AV186 -> 0 | AJ141: ='RESUMEN TOTAL'!#REF! -> #REF!
... A145: ='RESUMEN TOTAL'!F190 -> LA ESMERALDA | B145: ='RESUMEN TOTAL'!G190 -> ESM12 (fija 2) | C145: ='RESUMEN TOTAL'!I190 -> NOVAK Y LAMBARDI | D145: ='RESUMEN TOTAL'!J190 -> Fija | E145: ='RESUMEN TOTAL'!K190 -> FO A GPON | F145: ='RESUMEN TOTAL'!S190 -> 0 | G145: ='RESUMEN TOTAL'!T190 -> 0 | H145: ='RESUMEN TOTAL'!U190 -> 0 | I145: ='RESUMEN TOTAL'!V190 -> 0 | J145: ='RESUMEN TOTAL'!W190 -> 0 | K145: ='RESUMEN TOTAL'!X190 -> 0 | L145: ='RESUMEN TOTAL'!Y190 -> 0 | M145: ='RESUMEN TOTAL'!Z190 -> 0 | ... AI145: ='RESUMEN TOTAL'!AV190 -> 0 | AJ145: ='RESUMEN TOTAL'!#REF! -> #REF!
A146: ='RESUMEN TOTAL'!F197 -> KM 26700 (JULIO A. COSTA) | B146: ='RESUMEN TOTAL'!G197 -> KM 07 | C146: ='RESUMEN TOTAL'!I197 -> EL ALJIBE E/ EL ZONDA Y DON SEGUNDO SOMBRA | D146: ='RESUMEN TOTAL'!J197 -> DOMO | E146: ='RESUMEN TOTAL'!K197 -> GPON | F146: ='RESUMEN TOTAL'!S197 -> 0 | G146: ='RESUMEN TOTAL'!T197 -> 0 | H146: ='RESUMEN TOTAL'!U197 -> 0 | I146: ='RESUMEN TOTAL'!V197 -> 0 | J146: ='RESUMEN TOTAL'!W197 -> 0 | K146: ='RESUMEN TOTAL'!X197 -> 0 | L146: ='RESUMEN TOTAL'!Y197 -> 0 | M146: ='RESUMEN TOTAL'!Z197 -> 0 | ... AI146: ='RESUMEN TOTAL'!AV197 -> 0 | AJ146: ='RESUMEN TOTAL'!#REF! -> #REF!
A147: ='RESUMEN TOTAL'!F198 -> KM 26700 (JULIO A. COSTA) | B147: ='RESUMEN TOTAL'!G198 -> KM 10 / UPA 2 | C147: ='RESUMEN TOTAL'!I198 -> PLAYA DE ESTACIONAMIENTO INTERNA E/ HOSP. MODULAR Y UPA 11. | D147: ='RESUMEN TOTAL'!J198 -> DOMO | E147: ='RESUMEN TOTAL'!K198 -> GPON | F147: ='RESUMEN TOTAL'!S198 -> 0 | G147: ='RESUMEN TOTAL'!T198 -> 0 | H147: ='RESUMEN TOTAL'!U198 -> 0 | I147: ='RESUMEN TOTAL'!V198 -> 0 | J147: ='RESUMEN TOTAL'!W198 -> 0 | K147: ='RESUMEN TOTAL'!X198 -> 0 | L147: ='RESUMEN TOTAL'!Y198 -> 0 | M147: ='RESUMEN TOTAL'!Z198 -> 0 | ... AI147: ='RESUMEN TOTAL'!AV198 -> 0 | AJ147: ='RESUMEN TOTAL'!#REF! -> #REF!
A148: ='RESUMEN TOTAL'!F199 -> KM 26700 (JULIO A. COSTA) | B148: ='RESUMEN TOTAL'!G199 -> KM 12 FIJA 1 | C148: ='RESUMEN TOTAL'!I199 -> BLANDENGUES Y LA ZAMBA | D148: ='RESUMEN TOTAL'!J199 -> Fija | E148: ='RESUMEN TOTAL'!K199 -> PTO A FO | F148: ='RESUMEN TOTAL'!S199 -> 0 | G148: ='RESUMEN TOTAL'!T199 -> 0 | H148: ='RESUMEN TOTAL'!U199 -> 0 | I148: ='RESUMEN TOTAL'!V199 -> 0 | J148: ='RESUMEN TOTAL'!W199 -> 0 | K148: ='RESUMEN TOTAL'!X199 -> 0 | L148: ='RESUMEN TOTAL'!Y199 -> 0 | M148: ='RESUMEN TOTAL'!Z199 -> 0 | ... AI148: ='RESUMEN TOTAL'!AV199 -> 0 | AJ148: ='RESUMEN TOTAL'!#REF! -> #REF!
A149: ='RESUMEN TOTAL'!F200 -> KM 26700 (JULIO A. COSTA) | B149: ='RESUMEN TOTAL'!G200 -> KM 13 FIJA 2 | C149: ='RESUMEN TOTAL'!I200 -> BLANDENGUES Y LA ZAMBA | D149: ='RESUMEN TOTAL'!J200 -> Fija | E149: ='RESUMEN TOTAL'!K200 -> PTO A FO | F149: ='RESUMEN TOTAL'!S200 -> 0 | G149: ='RESUMEN TOTAL'!T200 -> 0 | H149: ='RESUMEN TOTAL'!U200 -> 0 | I149: ='RESUMEN TOTAL'!V200 -> 0 | J149: ='RESUMEN TOTAL'!W200 -> 0 | K149: ='RESUMEN TOTAL'!X200 -> 0 | L149: ='RESUMEN TOTAL'!Y200 -> 0 | M149: ='RESUMEN TOTAL'!Z200 -> 0 | ... AI149: ='RESUMEN TOTAL'!AV200 -> 0 | AJ149: ='RESUMEN TOTAL'!#REF! -> #REF!
...

Sheet Hoja1
B1: CAMARAS | C1: 45992
A2: BONOMO | B2: =COUNTIFS('RESUMEN TOTAL'!H8:H627,"=BONOMO") -> 308 | C2: 0 | F2: 46143 | G2: 46144 | H2: 46145 | I2: 46146 | J2: 46147 | K2: 46148 | L2: 46149 | M2: 46150 | N2: 46151 | O2: 46152 | P2: 46153 | Q2: 46154 | R2: 46155 | S2: 46156 | T2: 46157 | U2: 46158 | V2: 46159 | W2: 46160 | X2: 46161 | Y2: 46162 | Z2: 46163 | AA2: 46164 | AB2: 46165 | AC2: 46166 | AD2: 46167 | AE2: 46168 | AF2: 46169 | AG2: 46170 | AH2: 46171 | AI2: 46172 | AJ2: 46173
C3: 0 | D3: BONOMO | E3: APAGADAS BONOMO | F3: 0 | G3: 27 | H3: 31 | I3: 29 | J3: =COUNTIFS('RESUMEN TOTAL'!W8:W704,"=APAGADO",'RESUMEN TOTAL'!H8:H704,"=BONOMO") -> 44 | K3: =COUNTIFS('RESUMEN TOTAL'!X8:X704,"=APAGADO",'RESUMEN TOTAL'!I8:I704,"=BONOMO") -> 0 | L3: =COUNTIFS('RESUMEN TOTAL'!Y8:Y704,"=APAGADO",'RESUMEN TOTAL'!J8:J704,"=BONOMO") -> 0 | M3: =COUNTIFS('RESUMEN TOTAL'!Z8:Z704,"=APAGADO",'RESUMEN TOTAL'!K8:K704,"=BONOMO") -> 0 | N3: =COUNTIFS('RESUMEN TOTAL'!AA8:AA704,"=APAGADO",'RESUMEN TOTAL'!L8:L704,"=BONOMO") -> 0 | O3: =COUNTIFS('RESUMEN TOTAL'!AB8:AB704,"=APAGADO",'RESUMEN TOTAL'!M8:M704,"=BONOMO") -> 0 | P3: =COUNTIFS('RESUMEN TOTAL'!AC8:AC704,"=APAGADO",'RESUMEN TOTAL'!N8:N704,"=BONOMO") -> 0 | Q3: =COUNTIFS('RESUMEN TOTAL'!AD8:AD704,"=APAGADO",'RESUMEN TOTAL'!O8:O704,"=BONOMO") -> 0 | ... AJ3: =COUNTIFS('RESUMEN TOTAL'!AW8:AW704,"=APAGADO",'RESUMEN TOTAL'!AH8:AH704,"=BONOMO") -> 0
A4: COSEIDI | B4: =COUNTIFS('RESUMEN TOTAL'!H8:H627,"=COSEIDI") -> 281 | C4: 0 | E4: % BONOMO | F4: 0 | G4: =G3/BONOMOcam -> 0.087662338 | H4: =H3/BONOMOcam -> 0.10064935 | I4: 0 | J4: 0.09 | K4: =K3/BONOMOcam -> 0 | L4: =L3/BONOMOcam -> 0 | M4: 0 | N4: =N3/BONOMOcam -> 0 | O4: =O3/BONOMOcam -> 0 | P4: =P3/BONOMOcam -> 0 | Q4: =Q3/BONOMOcam -> 0 | R4: =R3/BONOMOcam -> 0 | S4: =S3/BONOMOcam -> 0 | T4: =T3/BONOMOcam -> 0 | U4: =U3/BONOMOcam -> 0 | V4: =V3/BONOMOcam -> 0 | W4: 0 | X4: =X3/BONOMOcam -> 0 | Y4: =Y3/BONOMOcam -> 0 | Z4: =Z3/BONOMOcam -> 0 | AA4: =AA3/BONOMOcam -> 0 | AB4: =AB3/BONOMOcam -> 0 | AC4: 0 | AD4: =AD3/BONOMOcam -> 0 | AE4: =AE3/BONOMOcam -> 0 | AF4: =AF3/BONOMOcam -> 0 | AG4: =AG3/BONOMOcam -> 0 | AH4: =AH3/BONOMOcam -> 0 | AI4: =AI3/BONOMOcam -> 0 | AJ4: =AJ3/BONOMOcam -> 0
C5: 0 | D5: COSEIDI | E5: APAGADAS COSEIDI | F5: 0 | G5: 41 | H5: 52 | I5: 56 | J5: =COUNTIFS('RESUMEN TOTAL'!W10:W706,"=APAGADO",'RESUMEN TOTAL'!H10:H706,"=COSEIDI") -> 67 | K5: =COUNTIFS('RESUMEN TOTAL'!X10:X706,"=APAGADO",'RESUMEN TOTAL'!I10:I706,"=COSEIDI") -> 0 | L5: =COUNTIFS('RESUMEN TOTAL'!Y10:Y706,"=APAGADO",'RESUMEN TOTAL'!J10:J706,"=COSEIDI") -> 0 | M5: =COUNTIFS('RESUMEN TOTAL'!Z10:Z706,"=APAGADO",'RESUMEN TOTAL'!K10:K706,"=COSEIDI") -> 0 | N5: =COUNTIFS('RESUMEN TOTAL'!AA10:AA706,"=APAGADO",'RESUMEN TOTAL'!L10:L706,"=COSEIDI") -> 0 | O5: =COUNTIFS('RESUMEN TOTAL'!AB10:AB706,"=APAGADO",'RESUMEN TOTAL'!M10:M706,"=COSEIDI") -> 0 | P5: =COUNTIFS('RESUMEN TOTAL'!AC10:AC706,"=APAGADO",'RESUMEN TOTAL'!N10:N706,"=COSEIDI") -> 0 | Q5: =COUNTIFS('RESUMEN TOTAL'!AD10:AD706,"=APAGADO",'RESUMEN TOTAL'!O10:O706,"=COSEIDI") -> 0 | ... AJ5: =COUNTIFS('RESUMEN TOTAL'!AW10:AW706,"=APAGADO",'RESUMEN TOTAL'!AH10:AH706,"=COSEIDI") -> 0
E6: % COSEIDI | F6: 0 | G6: =G5/COSEIDIcam -> 0.14590747 | H6: 0.18 | I6: 0 | J6: 0.14 | K6: =K5/COSEIDIcam -> 0 | L6: =L5/COSEIDIcam -> 0 | M6: 0 | N6: =N5/COSEIDIcam -> 0 | O6: =O5/COSEIDIcam -> 0 | P6: 0 | Q6: =Q5/COSEIDIcam -> 0 | R6: =R5/COSEIDIcam -> 0 | S6: =S5/COSEIDIcam -> 0 | T6: 0 | U6: 0 | V6: 0 | W6: =W5/COSEIDIcam -> 0 | X6: =X5/COSEIDIcam -> 0 | Y6: =Y5/COSEIDIcam -> 0 | Z6: =Z5/COSEIDIcam -> 0 | AA6: =AA5/COSEIDIcam -> 0 | AB6: =AB5/COSEIDIcam -> 0 | AC6: 0 | AD6: =AD5/COSEIDIcam -> 0 | AE6: =AE5/COSEIDIcam -> 0 | AF6: =AF5/COSEIDIcam -> 0 | AG6: 0 | AH6: 0 | AI6: 0 | AJ6: 0

Sheet informe
C1: CANTIDAD | D1: APAGADAS | E1: %
B2: TOTAL | C2: =CANTIDAD_DE_CAMARAS -> 589 | F2: 46113
A3: L | B3: CAIDAS | C3: ='RESUMEN TOTAL'!S3 -> 0 | E3: =C3/C2 -> 0
B4: LLEGAMOS NOSOTROS | C4: 17 | D4: =C3-C4 -> -17 | E4: =D4/C2 -> -0.028862479
B5: NO ESTA LA CAMARA | C5: 11 | D5: =D4-C5 -> -28 | E5: =D5/C2 -> -0.0475382
A6: L | B6: RADIO | C6: 16 | D6: =D5-C6 -> -44 | E6: =D6/C2 -> -0.074702886
C7: 0 | D7: 0 | E7: =D7/C2 -> 0
C8: CANTIDAD | D8: APAGADAS | E8: %
A9: F | B9: BONOMO | C9: 307 | D9: 39 | E9: =D9/C9 -> 0.12703583
A10: F | B10: COSEIDI | C10: =COSEIDIcam -> 281 | D10: 68 | E10: =D10/C10 -> 0.24199288
C12: CANTIDAD | D12: APAGADAS | E12: %
B13: TOTAL | C13: =CANTIDAD_DE_CAMARAS -> 589 | F13: 46114
A14: M | B14: CAIDAS | C14: 87 | E14: =C14/C13 -> 0.14770798
B15: LLEGAMOS NOSOTROS | C15: 3 | D15: 84 | E15: =D15/C13 -> 0.1426146
B16: NO ESTA LA CAMARA | C16: 7 | D16: 77 | E16: =D16/C13 -> 0.13073005
A17: M | B17: RADIO | C17: 5 | D17: 72 | E17: =D17/C13 -> 0.12224109
D18: 0 | E18: =D18/C13 -> 0
C19: CANTIDAD | D19: APAGADAS | E19: %
A20: G | B20: BONOMO | C20: 307 | D20: 32 | E20: =D20/C20 -> 0.10423453
A21: G | B21: COSEIDI | C21: =COSEIDIcam -> 281 | D21: 55 | E21: =D21/C21 -> 0.19572954
C23: CANTIDAD | D23: APAGADAS | E23: %
B24: TOTAL | C24: =CANTIDAD_DE_CAMARAS -> 589 | F24: 46115
A25: N | B25: CAIDAS | C25: ='RESUMEN TOTAL'!U3 -> 0 | E25: =C25/C24 -> 0
B26: LLEGAMOS NOSOTROS | C26: 6 | D26: =C25-C26 -> -6 | E26: =D26/C24 -> -0.010186757
B27: NO ESTA LA CAMARA | C27: 7 | D27: =D26-C27 -> -13 | E27: =D27/C24 -> -0.022071307
A28: N | B28: RADIO | C28: ='RESUMEN TOTAL'!U5 -> 0 | D28: =D27-C28 -> -13 | E28: =D28/C24 -> -0.022071307
C29: 0 | D29: 0 | E29: =D29/C24 -> 0
C30: CANTIDAD | D30: APAGADAS | E30: %
B31: BONOMO | C31: 307 | D31: 31 | E31: =D31/C31 -> 0.1009772
B32: COSEIDI | C32: =COSEIDIcam -> 281 | D32: 52 | E32: =D32/C32 -> 0.18505338
C34: CANTIDAD | D34: APAGADAS | E34: %
B35: TOTAL | C35: =CANTIDAD_DE_CAMARAS -> 589 | F35: 46146
A36: O | B36: CAIDAS | C36: ='RESUMEN TOTAL'!V3 -> 115 | E36: =C36/C35 -> 0.19524618
B37: LLEGAMOS NOSOTROS | C37: 6 | D37: =C36-C37 -> 109 | E37: =D37/C35 -> 0.18505942
B38: NO ESTA LA CAMARA | C38: 12 | D38: =D37-C38 -> 97 | E38: =D38/C35 -> 0.16468591
A39: O | B39: RADIO | C39: 5 | D39: =D38-C39 -> 92 | E39: =D39/C35 -> 0.15619694
C40: 0 | D40: 0 | E40: =D40/C35 -> 0
C41: CANTIDAD | D41: APAGADAS | E41: %
B42: BONOMO | C42: 307 | D42: 47 | E42: =D42/C42 -> 0.15309446
B43: COSEIDI | C43: =COSEIDIcam -> 281 | D43: 68 | E43: =D43/C43 -> 0.24199288
C45: CANTIDAD | D45: APAGADAS | E45: %
B46: TOTAL | C46: =CANTIDAD_DE_CAMARAS -> 589 | F46: 46147
A47: P | B47: CAIDAS | C47: ='RESUMEN TOTAL'!W3 -> 111 | E47: =C47/C46 -> 0.18845501
B48: LLEGAMOS NOSOTROS | C48: 3 | D48: =C47-C48 -> 108 | E48: =D48/C46 -> 0.18336163
B49: NO ESTA LA CAMARA | C49: 12 | D49: =D48-C49 -> 96 | E49: =D49/C46 -> 0.16298812
A50: P | B50: RADIO | C50: ='RESUMEN TOTAL'!W5 -> 5 | D50: =D49-C50 -> 91 | E50: =D50/C46 -> 0.15449915
D51: 0 | E51: =D51/C46 -> 0
C52: CANTIDAD | D52: APAGADAS | E52: %
B53: BONOMO | C53: =BONOMOcam -> 308 | D53: 44 | E53: =D53/C53 -> 0.14285714
B54: COSEIDI | C54: =COSEIDIcam -> 281 | D54: =Hoja1!J5 -> 67 | E54: =D54/C54 -> 0.23843416
C56: CANTIDAD | D56: APAGADAS | E56: %
B57: TOTAL | C57: =CANTIDAD_DE_CAMARAS -> 589 | F57: 46148
A58: Q | B58: CAIDAS | C58: ='RESUMEN TOTAL'!X3 -> 110 | E58: =C58/C57 -> 0.18675722
B59: LLEGAMOS NOSOTROS | C59: 8 | D59: =C58-C59 -> 102 | E59: =D59/C57 -> 0.17317487
B60: NO ESTA LA CAMARA | C60: 12 | D60: =D59-C60 -> 90 | E60: =D60/C57 -> 0.15280136
A61: Q | B61: RADIO | C61: 6 | D61: =D60-C61 -> 84 | E61: =D61/C57 -> 0.1426146
E62: =D62/C57 -> 0
C63: CANTIDAD | D63: APAGADAS | E63: %
B64: BONOMO | C64: 307 | D64: 42 | E64: =D64/C64 -> 0.13680782
B65: COSEIDI | C65: =COSEIDIcam -> 281 | D65: 68 | E65: =D65/C65 -> 0.24199288
C67: CANTIDAD | D67: APAGADAS | E67: %
B68: TOTAL | C68: =CANTIDAD_DE_CAMARAS -> 589 | F68: 46149
A69: R | B69: CAIDAS | C69: ='RESUMEN TOTAL'!Y3 -> 116 | E69: =C69/C68 -> 0.19694397
B70: LLEGAMOS NOSOTROS | C70: 11 | D70: =C69-C70 -> 105 | E70: =D70/C68 -> 0.17826825
B71: NO ESTA LA CAMARA | C71: 12 | D71: =D70-C71 -> 93 | E71: =D71/C68 -> 0.15789474
A72: R | B72: RADIO | C72: ='RESUMEN TOTAL'!Y5 -> 6 | D72: =D71-C72 -> 87 | E72: =D72/C68 -> 0.14770798
C73: 0 | D73: 0 | E73: =D73/C68 -> 0
C74: CANTIDAD | D74: APAGADAS | E74: %
B75: BONOMO | C75: 307 | D75: 38 | E75: =D75/C75 -> 0.1237785
B76: COSEIDI | C76: =COSEIDIcam -> 281 | D76: 78 | E76: =D76/C76 -> 0.27758007
C78: CANTIDAD | D78: APAGADAS | E78: %
B79: TOTAL | C79: =CANTIDAD_DE_CAMARAS -> 589 | F79: 46150
A80: S | B80: CAIDAS | C80: ='RESUMEN TOTAL'!Z3 -> 98 | E80: =C80/C79 -> 0.1663837
B81: LLEGAMOS NOSOTROS | C81: 6 | D81: =C80-C81 -> 92 | E81: =D81/C79 -> 0.15619694
B82: NO ESTA LA CAMARA | C82: 12 | D82: =D81-C82 -> 80 | E82: =D82/C79 -> 0.13582343
A83: S | B83: RADIO | C83: 5 | D83: =D82-C83 -> 75 | E83: =D83/C79 -> 0.12733447
D84: 0 | E84: =D84/C79 -> 0
C85: CANTIDAD | D85: APAGADAS | E85: %
B86: BONOMO | C86: 307 | D86: 36 | E86: =D86/C86 -> 0.11726384
B87: COSEIDI | C87: =COSEIDIcam -> 281 | D87: 62 | E87: =D87/C87 -> 0.22064057
C89: CANTIDAD | D89: APAGADAS | E89: %
B90: TOTAL | C90: =CANTIDAD_DE_CAMARAS -> 589 | F90: 46090
A91: T | B91: CAIDAS | C91: ='RESUMEN TOTAL'!AA3 -> 0 | E91: =C91/C90 -> 0
B92: LLEGAMOS NOSOTROS | C92: 5 | D92: =C91-C92 -> -5 | E92: =D92/C90 -> -0.0084889643
B93: NO ESTA LA CAMARA | C93: 6 | D93: =D92-C93 -> -11 | E93: =D93/C90 -> -0.018675722
A94: T | B94: RADIO | C94: 5 | D94: =D93-C94 -> -16 | E94: =D94/C90 -> -0.027164686
E95: =D95/C90 -> 0
C96: CANTIDAD | D96: APAGADAS | E96: %
B97: BONOMO | C97: 307 | D97: =Hoja1!N3 -> 0 | E97: =D97/C97 -> 0
B98: COSEIDI | C98: =COSEIDIcam -> 281 | D98: =Hoja1!N5 -> 0 | E98: =D98/C98 -> 0
C100: CANTIDAD | D100: APAGADAS | E100: %
B101: TOTAL | C101: =CANTIDAD_DE_CAMARAS -> 589 | F101: 46122
A102: U | B102: CAIDAS | C102: 141 | E102: =C102/C101 -> 0.23938879
B103: LLEGAMOS NOSOTROS | C103: 0 | D103: =C102-C103 -> 141 | E103: =D103/C101 -> 0.23938879
B104: NO ESTA LA CAMARA | C104: 11 | D104: =D103-C104 -> 130 | E104: =D104/C101 -> 0.22071307
A105: U | B105: RADIO | C105: 29 | D105: =D104-C105 -> 101 | E105: =D105/C101 -> 0.17147708
C106: 0 | D106: 0 | E106: =D106/C101 -> 0
C107: CANTIDAD | D107: APAGADAS | E107: %
B108: BONOMO | C108: 307 | D108: 69 | E108: =D108/C108 -> 0.2247557
B109: COSEIDI | C109: =COSEIDIcam -> 281 | D109: 72 | E109: =D109/C109 -> 0.25622776
...
