Workbook
Name _25_de_agosto: 'RESUMEN TOTAL'!$F$7:$I$503
Name _25_de_agosto_3: 'RESUMEN TOTAL'!$F$7:$I$515
Name _30_mar: #REF!
Name BONOMOcam: Hoja1!$B$2
Name CANTIDAD_DE_CAMARAS: 'RESUMEN TOTAL'!$G$1
Name COSEIDIcam: Hoja1!$B$4

Sheet RESUMEN TOTAL
E1: < | F1: CANTIDAD DE CAMARAS | G1: =COUNTA(G8:G750) -> 589 | I1: PORCIENTO DE CAIDAS | S1: =(S3)/(S2+S3) -> 0.15373563 | T1: =(T3)/(T2+T3) -> 0 | U1: =(U3)/(U2+U3) -> 0 | V1: =(V3)/(V2+V3) -> 0 | W1: =(W3)/(W2+W3) -> 0 | X1: =(X3)/(X2+X3) -> 0.15373563 | Y1: =(Y3)/(Y2+Y3) -> 0.14637681 | Z1: =(Z3)/(Z2+Z3) -> 0.15007215 | ... AE1: =(AE3)/(AE2+AE3) -> 0.15251799 | AG1: =(AG3)/(AG2+AG3) -> 0.16925247 | AH1: =(AH3)/(AH2+AH3) -> 0.15007215 | AI1: =(AI3)/(AI2+AI3) -> 0.17507003 | AJ1: =(AJ3)/(AJ2+AJ3) -> 0 | AK1: =(AK3)/(AK2+AK3) -> 0 | AL1: =(AL3)/(AL2+AL3) -> 0.15977175 | AM1: =(AM3)/(AM2+AM3) -> 0.14389535 | AN1: =(AN3)/(AN2+AN3) -> 0.1426492 | ... AV1: =(AV3)/(AV2+AV3) -> 0.16096866
I2: FUNCIONAN | S2: =CANTIDAD_DE_CAMARAS -> 589 | T2: =CANTIDAD_DE_CAMARAS -> 589 | U2: =CANTIDAD_DE_CAMARAS -> 589 | V2: =CANTIDAD_DE_CAMARAS -> 589 | W2: =CANTIDAD_DE_CAMARAS -> 589 | X2: =CANTIDAD_DE_CAMARAS -> 589 | Y2: =CANTIDAD_DE_CAMARAS -> 589 | Z2: =CANTIDAD_DE_CAMARAS -> 589 | ... AV2: =CANTIDAD_DE_CAMARAS -> 589
I3: CAIDAS | S3: =COUNTIF(S7:S750, "apagado") -> 107 | T3: =COUNTIF(T7:T750, "apagado") -> 0 | U3: =COUNTIF(U7:U750, "apagado") -> 0 | V3: =COUNTIF(V7:V750, "apagado") -> 0 | W3: =COUNTIF(W7:W750, "apagado") -> 0 | X3: =COUNTIF(X7:X750, "apagado") -> 107 | Y3: =COUNTIF(Y7:Y750, "apagado") -> 101 | Z3: =COUNTIF(Z7:Z750, "apagado") -> 104 | ... AV3: =COUNTIF(AV7:AV750, "apagado") -> 113
I4: APAGADOS FIBRA | S4: =COUNTIFS(S8:S704, "=APAGADO",K8:K704,"=Fibra Optica") -> 48 | T4: =COUNTIFS(T8:T704, "=APAGADO",K8:K704,"=Fibra Optica") -> 0 | U4: =COUNTIFS(U8:U704, "=APAGADO",K8:K704,"=Fibra Optica") -> 0 | V4: =COUNTIFS(V8:V704, "=APAGADO",K8:K704,"=Fibra Optica") -> 0 | W4: =COUNTIFS(W8:W704, "=APAGADO",K8:K704,"=Fibra Optica") -> 0 | X4: =COUNTIFS(X8:X704, "=APAGADO",K8:K704,"=Fibra Optica") -> 46 | Y4: =COUNTIFS(Y8:Y704, "=APAGADO",K8:K704,"=Fibra Optica") -> 41 | Z4: =COUNTIFS(Z8:Z704, "=APAGADO",K8:K704,"=Fibra Optica") -> 43 | AA4: =COUNTIFS(AA8:AA704, "=APAGADO",K8:K704,"=Fibra Optica") -> 0 | AB4: =COUNTIFS(AB8:AB704, "=APAGADO",K8:K704,"=Fibra Optica") -> 0 | AC4: =COUNTIFS(AC8:AC704, "=APAGADO",K8:K704,"=Fibra Optica") -> 0 | AD4: =COUNTIFS(AD8:AD704, "=APAGADO",K8:K704,"=Fibra Optica") -> 0 | AE4: =COUNTIFS(AE8:AE704, "=APAGADO",K8:K704,"=Fibra Optica") -> 48 | AF4: =COUNTIFS(AF8:AF704, "=APAGADO",K8:K704,"=Fibra Optica") -> 69 | AG4: =COUNTIFS(AG8:AG704, "=APAGADO",K8:K704,"=Fibra Optica") -> 62 | AH4: =COUNTIFS(AH8:AH704, "=APAGADO",K8:K704,"=Fibra Optica") -> 51 | AI4: =COUNTIFS(AI8:AI704, "=APAGADO",K8:K704,"=Fibra Optica") -> 72 | AJ4: =COUNTIFS(AJ8:AJ704, "=APAGADO",K8:K704,"=Fibra Optica") -> 0 | AK4: =COUNTIFS(AK8:AK704, "=APAGADO",K8:K704,"=Fibra Optica") -> 0 | AL4: =COUNTIFS(AL8:AL704, "=APAGADO",K8:K704,"=Fibra Optica") -> 59 | AM4: =COUNTIFS(AM8:AM704, "=APAGADO",K8:K704,"=Fibra Optica") -> 51 | AN4: =COUNTIFS(AN8:AN704, "=APAGADO",K8:K704,"=Fibra Optica") -> 47 | AO4: =COUNTIFS(AO8:AO704, "=APAGADO",K8:K704,"=Fibra Optica") -> 77 | AP4: =COUNTIFS(AP8:AP704, "=APAGADO",K8:K704,"=Fibra Optica") -> 73 | AQ4: =COUNTIFS(AQ8:AQ704, "=APAGADO",K8:K704,"=Fibra Optica") -> 0 | AR4: =COUNTIFS(AR8:AR704, "=APAGADO",K8:K704,"=Fibra Optica") -> 0 | AS4: =COUNTIFS(AS8:AS704, "=APAGADO",K8:K704,"=Fibra Optica") -> 59 | AT4: =COUNTIFS(AT8:AT704, "=APAGADO",K8:K704,"=Fibra Optica") -> 62 | AU4: =COUNTIFS(AU8:AU704, "=APAGADO",L8:L704,"=Fibra Optica") -> 0 | AV4: =COUNTIFS(AV8:AV704, "=APAGADO",M8:M704,"=Fibra Optica") -> 0
I5: APAGADOS RADIO | S5: =COUNTIFS(S8:S704, "=APAGADO",K8:K704,"=RADIO") -> 16 | T5: =COUNTIFS(T8:T704, "=APAGADO",K8:K704,"=RADIO") -> 0 | U5: =COUNTIFS(U8:U704, "=APAGADO",K8:K704,"=RADIO") -> 0 | V5: =COUNTIFS(V8:V704, "=APAGADO",K8:K704,"=RADIO") -> 0 | W5: =COUNTIFS(W8:W704, "=APAGADO",K8:K704,"=RADIO") -> 0 | X5: =COUNTIFS(X8:X704, "=APAGADO",K8:K704,"=RADIO") -> 6 | Y5: =COUNTIFS(Y8:Y704, "=APAGADO",K8:K704,"=RADIO") -> 6 | Z5: =COUNTIFS(Z8:Z704, "=APAGADO",K8:K704,"=RADIO") -> 5 | AA5: =COUNTIFS(AA8:AA704, "=APAGADO",K8:K704,"=RADIO") -> 0 | AB5: =COUNTIFS(AB8:AB704, "=APAGADO",K8:K704,"=RADIO") -> 0 | AC5: =COUNTIFS(AC8:AC704, "=APAGADO",K8:K704,"=RADIO") -> 0 | AD5: =COUNTIFS(AD8:AD704, "=APAGADO",K8:K704,"=RADIO") -> 0 | AE5: =COUNTIFS(AE8:AE704, "=APAGADO",K8:K704,"=RADIO") -> 5 | AF5: =COUNTIFS(AF8:AF704, "=APAGADO",K8:K704,"=RADIO") -> 5 | AG5: =COUNTIFS(AG8:AG704, "=APAGADO",K8:K704,"=RADIO") -> 5 | AH5: =COUNTIFS(AH8:AH704, "=APAGADO",K8:K704,"=RADIO") -> 5 | AI5: =COUNTIFS(AI8:AI704, "=APAGADO",K8:K704,"=RADIO") -> 5 | AJ5: =COUNTIFS(AJ8:AJ704, "=APAGADO",K8:K704,"=RADIO") -> 0 | AK5: =COUNTIFS(AK8:AK704, "=APAGADO",K8:K704,"=RADIO") -> 0 | AL5: =COUNTIFS(AL8:AL704, "=APAGADO",K8:K704,"=RADIO") -> 5 | AM5: =COUNTIFS(AM8:AM704, "=APAGADO",K8:K704,"=RADIO") -> 5 | AN5: =COUNTIFS(AN8:AN704, "=APAGADO",K8:K704,"=RADIO") -> 5 | AO5: =COUNTIFS(AO8:AO704, "=APAGADO",K8:K704,"=RADIO") -> 5 | AP5: =COUNTIFS(AP8:AP704, "=APAGADO",K8:K704,"=RADIO") -> 6 | AQ5: =COUNTIFS(AQ8:AQ704, "=APAGADO",K8:K704,"=RADIO") -> 0 | AR5: =COUNTIFS(AR8:AR704, "=APAGADO",K8:K704,"=RADIO") -> 0 | AS5: =COUNTIFS(AS8:AS704, "=APAGADO",K8:K704,"=RADIO") -> 6 | AT5: =COUNTIFS(AT8:AT704, "=APAGADO",K8:K704,"=RADIO") -> 5 | AU5: =COUNTIFS(AU8:AU704, "=APAGADO",L8:L704,"=RADIO") -> 0 | AV5: =COUNTIFS(AV8:AV704, "=APAGADO",M8:M704,"=RADIO") -> 0
I6: APAGADOS ANTENA | S6: =COUNTIFS(S8:S704, "=APAGADO",K8:K704,"=PTO A FO") -> 8 | T6: =COUNTIFS(T8:T704, "=APAGADO",K8:K704,"=PTO A FO") -> 0 | U6: =COUNTIFS(U8:U704, "=APAGADO",K8:K704,"=PTO A FO") -> 0 | V6: =COUNTIFS(V8:V704, "=APAGADO",K8:K704,"=PTO A FO") -> 0 | W6: =COUNTIFS(W8:W704, "=APAGADO",K8:K704,"=PTO A FO") -> 0 | X6: =COUNTIFS(X8:X704, "=APAGADO",K8:K704,"=PTO A FO") -> 14 | Y6: =COUNTIFS(Y8:Y704, "=APAGADO",K8:K704,"=PTO A FO") -> 11 | Z6: =COUNTIFS(Z8:Z704, "=APAGADO",K8:K704,"=PTO A FO") -> 13 | AA6: =COUNTIFS(AA8:AA704, "=APAGADO",K8:K704,"=PTO A FO") -> 0 | AB6: =COUNTIFS(AB8:AB704, "=APAGADO",K8:K704,"=PTO A FO") -> 0 | AC6: =COUNTIFS(AC8:AC704, "=APAGADO",K8:K704,"=PTO A FO") -> 0 | AD6: =COUNTIFS(AD8:AD704, "=APAGADO",K8:K704,"=PTO A FO") -> 0 | AE6: =COUNTIFS(AE8:AE704, "=APAGADO",K8:K704,"=PTO A FO") -> 13 | AF6: =COUNTIFS(AF8:AF704, "=APAGADO",K8:K704,"=PTO A FO") -> 12 | AG6: =COUNTIFS(AG8:AG704, "=APAGADO",K8:K704,"=PTO A FO") -> 12 | AH6: =COUNTIFS(AH8:AH704, "=APAGADO",K8:K704,"=PTO A FO") -> 8 | AI6: =COUNTIFS(AI8:AI704, "=APAGADO",K8:K704,"=PTO A FO") -> 8 | AJ6: =COUNTIFS(AJ8:AJ704, "=APAGADO",K8:K704,"=PTO A FO") -> 0 | AK6: =COUNTIFS(AK8:AK704, "=APAGADO",K8:K704,"=PTO A FO") -> 0 | AL6: =COUNTIFS(AL8:AL704, "=APAGADO",K8:K704,"=PTO A FO") -> 7 | AM6: =COUNTIFS(AM8:AM704, "=APAGADO",K8:K704,"=PTO A FO") -> 6 | AN6: =COUNTIFS(AN8:AN704, "=APAGADO",K8:K704,"=PTO A FO") -> 5 | AO6: =COUNTIFS(AO8:AO704, "=APAGADO",K8:K704,"=PTO A FO") -> 11 | AP6: =COUNTIFS(AP8:AP704, "=APAGADO",K8:K704,"=PTO A FO") -> 8 | AQ6: =COUNTIFS(AQ8:AQ704, "=APAGADO",K8:K704,"=PTO A FO") -> 0 | AR6: =COUNTIFS(AR8:AR704, "=APAGADO",K8:K704,"=PTO A FO") -> 0 | AS6: =COUNTIFS(AS8:AS704, "=APAGADO",K8:K704,"=PTO A FO") -> 12 | AT6: =COUNTIFS(AT8:AT704, "=APAGADO",K8:K704,"=PTO A FO") -> 13 | AU6: =COUNTIFS(AU8:AU704, "=APAGADO",L8:L704,"=PTO A FO") -> 0 | AV6: =COUNTIFS(AV8:AV704, "=APAGADO",M8:M704,"=PTO A FO") -> 0
A7: BANDEJA | B7: PELO | C7: SWITCH | D7: PUERTO | E7: NOMBRE | F7: Barrio | G7: [Denominacion] | H7: [Empresa Mantenimiento] | I7: [Ubicacion] | J7: [Tipo de Camara] | K7: [Tipo de Conexion] | L7: Destino | M7: [IP] | N7: Switch | O7: DIAS FUNCIONANDO | P7: MAC | Q7: DIAS CAIDA | R7: EFECTIVIDAD | S7: 46113 | T7: 46114 | U7: 46115 | V7: 46116 | W7: 46117 | X7: 46118 | Y7: 46119 | Z7: 46120 | AA7: 46121 | AB7: 46122 | AC7: 46123 | AD7: 46124 | AE7: 46125 | AF7: 46126 | AG7: 46127 | AH7: 46128 | AI7: 46129 | AJ7: 46130 | AK7: 46131 | AL7: 46132 | AM7: 46133 | AN7: 46134 | AO7: 46135 | AP7: 46136 | AQ7: 46137 | AR7: 46138 | AS7: 46139 | AT7: 46140 | AU7: 46141 | AV7: 46142
F8: ZEBALLOS | G8: ZEB04 | H8: BONOMO | I8: THEVENET Y DIAGONAL GRANADEROS | J8: DOMO | K8: GPON | M8: 172.20.10.181 | O8: =COUNTIF(S8:AT8,"") -> 28 | P8: 00-07-5F-81-9C-84 | Q8: =COUNTIF(S8:AT8,"APAGADO") -> 0 | R8: =(O8)/(Q8+O8) -> 1
F9: 9 DE JULIO | G9: ZEB03 | H9: COSEIDI | I9: Quinquela Martin y Pte. Peron | J9: Domo | K9: GPON | M9: 172.20.10.153 | O9: =COUNTIF(S9:AT9,"") -> 28 | P9: 00-07-5F-8F-28-07 | Q9: =COUNTIF(S9:AT9,"APAGADO") -> 0 | R9: =(O9)/(Q9+O9) -> 1
F10: ZEBALLOS | G10: ZEB02 | H10: COSEIDI | I10: Quinquela Martin y Sgo. del Estero | J10: Domo | K10: GPON | M10: 172.20.10.155 | O10: =COUNTIF(S10:AT10,"") -> 28 | P10: 00-07-5F-75-24-78 | Q10: =COUNTIF(S10:AT10,"APAGADO") -> 0 | R10: =(O10)/(Q10+O10) -> 1
F11: ZEBALLOS | G11: ZEB 10 | H11: BONOMO | I11: Sallares y Jujuy | J11: DOMO | K11: GPON | M11: 172.20.8.56 | O11: =COUNTIF(S11:AT11,"") -> 28 | P11: a4-18-94-05-47-3f | Q11: =COUNTIF(S11:AT11,"APAGADO") -> 0 | R11: =(O11)/(Q11+O11) -> 1
F12: ZEBALLOS | G12: ZEB 09 | H12: BONOMO | I12: Tte.Gral Peron y Salta | J12: DOMO | K12: GPON | M12: 172.20.8.31 | O12: =COUNTIF(S12:AT12,"") -> 28 | P12: A4-18-94-05-51-15 | Q12: =COUNTIF(S12:AT12,"APAGADO") -> 0 | R12: =(O12)/(Q12+O12) -> 1
F13: ZEBALLOS | G13: ZEB 08 (Fija 2) | H13: BONOMO | I13: Quinquela Martin y 861 | J13: Fija | K13: GPON | M13: 172.20.10.99 | O13: =COUNTIF(S13:AT13,"") -> 28 | P13: 3C-1B-F8-DF-95-44 | Q13: =COUNTIF(S13:AT13,"APAGADO") -> 0 | R13: =(O13)/(Q13+O13) -> 1
F14: ZEBALLOS | G14: ZEB 07 (Fija 1) | H14: BONOMO | I14: Quinquela Martn y 861 | J14: Fija | K14: GPON | M14: 172.20.10.79 | O14: =COUNTIF(S14:AT14,"") -> 28 | P14: 3C-1B-F8-DF-95-45 | Q14: =COUNTIF(S14:AT14,"APAGADO") -> 0 | R14: =(O14)/(Q14+O14) -> 1
F15: ZEBALLOS | G15: ZEB 06 | H15: BONOMO | I15: Peron e/Ituzaingo y Buenos Aires | J15: FIJA | K15: GPON | M15: 172.20.10.58 | O15: =COUNTIF(S15:AT15,"") -> 28 | P15: A0-FF-0C-EF-DF-AE | Q15: =COUNTIF(S15:AT15,"APAGADO") -> 0 | R15: =(O15)/(Q15+O15) -> 1
F16: ZEBALLOS | G16: ZEB 05 | H16: BONOMO | I16: DIAG. GRANADEROS Y 214 BIS | J16: Domo | K16: GPON | M16: 172.20.10.183 | O16: =COUNTIF(S16:AT16,"") -> 14 | P16: 00-07-5F-81-9C-AC | Q16: =COUNTIF(S16:AT16,"APAGADO") -> 14 | R16: =(O16)/(Q16+O16) -> 0.5 | S16: APAGADO | X16: APAGADO | Y16: APAGADO | Z16: APAGADO | AE16: APAGADO | AF16: APAGADO | AG16: APAGADO | AH16: APAGADO | AL16: APAGADO | AM16: APAGADO | AN16: APAGADO | AO16: APAGADO | AP16: APAGADO | AS16: APAGADO
F17: VILLA SUSANA | G17: VSU01 | H17: COSEIDI | I17: CJAL. JUAN BROWN Y SANTA FE | J17: DOMO | K17: Radio | M17: 10.20.30.27 | O17: =COUNTIF(S17:AT17,"") -> 28 | P17: 00-07-5f-81-9b-f5 | Q17: =COUNTIF(S17:AT17,"APAGADO") -> 0 | R17: =(O17)/(Q17+O17) -> 1
A18: 4 | B18: 12 | E18: brasil y cabello | F18: VILLA SUSANA | G18: VSU 06 | H18: COSEIDI | I18: EE.UU Y BROWN | J18: DOMO | K18: Fibra Optica | M18: 172.20.11.111 | O18: =COUNTIF(S18:AT18,"") -> 28 | P18: 00-07-5F-D2-52-EE | Q18: =COUNTIF(S18:AT18,"APAGADO") -> 0 | R18: =(O18)/(Q18+O18) -> 1
A19: 4 | B19: 12 | E19: brasil y cabello | F19: VILLA SUSANA | G19: VSU 05 | H19: COSEIDI | I19: Aniceto Diaz y Cordoba | J19: fija | K19: Fibra Optica | M19: 172.20.11.48 | O19: =COUNTIF(S19:AT19,"") -> 27 | P19: 00-07-5F-BD-55-94 | Q19: =COUNTIF(S19:AT19,"APAGADO") -> 1 | R19: =(O19)/(Q19+O19) -> 0.96428571 | AI19: APAGADO
A20: 4 | B20: 12 | E20: brasil y cabello | F20: VILLA SUSANA | G20: VSU 04 | H20: COSEIDI | I20: Aniceto Diaz y Cordoba | J20: fija | K20: Fibra Optica | M20: 172.20.11.47 | O20: =COUNTIF(S20:AT20,"") -> 28 | P20: 00-07-5F-BC-DF-28 | Q20: =COUNTIF(S20:AT20,"APAGADO") -> 0 | R20: =(O20)/(Q20+O20) -> 1
F21: VILLA SUSANA | G21: VSU 03 | H21: COSEIDI | I21: EE.UU Y SERRANO | J21: DOMO | K21: Radio | M21: 10.20.30.32 | O21: =COUNTIF(S21:AT21,"") -> 28 | P21: 00-07-5f--81-9b-ec | Q21: =COUNTIF(S21:AT21,"APAGADO") -> 0 | R21: =(O21)/(Q21+O21) -> 1
F22: VILLA SUSANA | G22: VSU 02 | H22: COSEIDI | I22: CABELLO Y SANTA FE | J22: DOMO | K22: Radio | M22: 10.20.30.31 | O22: =COUNTIF(S22:AT22,"") -> 25 | P22: 00-04-63-4f-dd-ad | Q22: =COUNTIF(S22:AT22,"APAGADO") -> 3 | R22: =(O22)/(Q22+O22) -> 0.89285714 | S22: APAGADO | X22: APAGADO | Y22: APAGADO
F23: VILLA SAN LUIS | G23: VSL 03 | H23: COSEIDI | I23: 1314 y 1371 | J23: DOMO | K23: GPON | M23: 172.20.8.71 | O23: =COUNTIF(S23:AT23,"") -> 28 | Q23: =COUNTIF(S23:AT23,"APAGADO") -> 0 | R23: =(O23)/(Q23+O23) -> 1
F24: VILLA SAN LUIS | G24: VSL 02 | H24: COSEIDI | I24: 1355 Y 1314 | J24: DOMO | K24: GPON | M24: 172.20.8.70 | O24: =COUNTIF(S24:AT24,"") -> 28 | P24: A4-18-94-05-50-DC | Q24: =COUNTIF(S24:AT24,"APAGADO") -> 0 | R24: =(O24)/(Q24+O24) -> 1
F25: VILLA SAN LUIS | G25: VSL 01 | H25: COSEIDI | I25: AV. HUDSON Y CACHEUTA | J25: DOMO | K25: GPON | M25: 172.20.11.63 | O25: =COUNTIF(S25:AT25,"") -> 28 | P25: 00-07-5f-81-9c-af | Q25: =COUNTIF(S25:AT25,"APAGADO") -> 0 | R25: =(O25)/(Q25+O25) -> 1
A26: 6 | B26: 12 | E26: PUNTO SEGURO PICO DE ORO | F26: VILLA MONICA VIEJA | G26: VMOV04 (fija 2) | H26: COSEIDI | I26: ROMA E/ HOLANDA Y CAFFERATA | J26: Fija | K26: Fibra Optica | M26: 172.20.11.178 | O26: =COUNTIF(S26:AT26,"") -> 22 | P26: 00-07-5F-B4-43-5D | Q26: =COUNTIF(S26:AT26,"APAGADO") -> 6 | R26: =(O26)/(Q26+O26) -> 0.78571429 | S26: APAGADO | AI26: APAGADO | AO26: APAGADO | AP26: APAGADO | AS26: APAGADO | AT26: APAGADO | AU26: APAGADO | AV26: APAGADO
A27: 6 | B27: 12 | E27: PUNTO SEGURO PICO DE ORO | F27: VILLA MONICA VIEJA | G27: VMOV01 (fija 1) | H27: COSEIDI | I27: ATENAS E/ CAFFERATA Y ALEMANIA | J27: Fija | K27: Fibra Optica | M27: 172.20.11.175 | O27: =COUNTIF(S27:AT27,"") -> 23 | P27: 00-07-5F-B6-A1-33 | Q27: =COUNTIF(S27:AT27,"APAGADO") -> 5 | R27: =(O27)/(Q27+O27) -> 0.82142857 | S27: APAGADO | AI27: APAGADO | AO27: APAGADO | AP27: APAGADO | AT27: APAGADO | AU27: APAGADO | AV27: APAGADO
A28: 6 | B28: 12 | E28: PUNTO SEGURO PICO DE ORO | F28: VILLA MONICA VIEJA | G28: VMOV 03 (fija 1) | H28: COSEIDI | I28: ROMA E/ HOLANDA Y CAFFERATA | J28: Fija | K28: Fibra Optica | M28: 172.20.11.177 | O28: =COUNTIF(S28:AT28,"") -> 23 | P28: 00-07-5F-B4-42-D1 | Q28: =COUNTIF(S28:AT28,"APAGADO") -> 5 | R28: =(O28)/(Q28+O28) -> 0.82142857 | S28: APAGADO | AI28: APAGADO | AO28: APAGADO | AP28: APAGADO | AT28: APAGADO | AU28: APAGADO | AV28: APAGADO
A29: 6 | B29: 12 | E29: PUNTO SEGURO PICO DE ORO | F29: VILLA MONICA VIEJA | G29: VMOV 02 (fija 2) | H29: COSEIDI | I29: ATENAS E/ CAFFERATA Y ALEMANIA | J29: Fija | K29: Fibra Optica | M29: 172.20.11.176 | O29: =COUNTIF(S29:AT29,"") -> 23 | P29: 00-07-5F-B6-B9-5D | Q29: =COUNTIF(S29:AT29,"APAGADO") -> 5 | R29: =(O29)/(Q29+O29) -> 0.82142857 | S29: APAGADO | AI29: APAGADO | AO29: APAGADO | AP29: APAGADO | AT29: APAGADO | AU29: APAGADO | AV29: APAGADO
F30: VILLA MONICA NUEVA | G30: VMO01 | H30: COSEIDI | I30: Eva Peron y Monseñor de las Casas | J30: DOMO | K30: Fibra Optica | M30: 172.20.11.107 | O30: =COUNTIF(S30:AT30,"") -> 13 | P30: 00-04-63-4F-D3-F8 | Q30: =COUNTIF(S30:AT30,"APAGADO") -> 15 | R30: =(O30)/(Q30+O30) -> 0.46428571 | X30: APAGADO | Y30: APAGADO | Z30: APAGADO | AE30: APAGADO | AF30: APAGADO | AG30: APAGADO | AH30: APAGADO | AI30: APAGADO | AL30: APAGADO | AM30: APAGADO | AN30: APAGADO | AO30: APAGADO | AP30: APAGADO | AS30: APAGADO | AT30: APAGADO | AU30: APAGADO | AV30: APAGADO
A31: 6 | B31: 12 | E31: PUNTO SEGURO PICO DE ORO | F31: VILLA MONICA NUEVA | G31: VMO 05 | H31: COSEIDI | I31: OROÑO Y EVA PERON | J31: DOMO | K31: Fibra Optica | M31: 172.20.11.78 | O31: =COUNTIF(S31:AT31,"") -> 22 | P31: 00-07-5F-87-9F-8E | Q31: =COUNTIF(S31:AT31,"APAGADO") -> 6 | R31: =(O31)/(Q31+O31) -> 0.78571429 | S31: APAGADO | AI31: APAGADO | AO31: APAGADO | AP31: APAGADO | AS31: APAGADO | AT31: APAGADO | AU31: APAGADO | AV31: APAGADO
A32: 6 | B32: 12 | E32: PUNTO SEGURO PICO DE ORO | F32: VILLA MONICA NUEVA | G32: VMO 04 (fija 2) | H32: COSEIDI | I32: EVA PERON E/ OROÑO Y 734 A | J32: Fija | K32: Fibra Optica | M32: 172.20.11.80 | O32: =COUNTIF(S32:AT32,"") -> 22 | P32: 00-07-5F-B6-B8-C3 | Q32: =COUNTIF(S32:AT32,"APAGADO") -> 6 | R32: =(O32)/(Q32+O32) -> 0.78571429 | S32: APAGADO | AI32: APAGADO | AO32: APAGADO | AP32: APAGADO | AS32: APAGADO | AT32: APAGADO | AU32: APAGADO | AV32: APAGADO
A33: 6 | B33: 12 | E33: PUNTO SEGURO PICO DE ORO | F33: VILLA MONICA NUEVA | G33: VMO 03 (fija 1) | H33: COSEIDI | I33: EVA PERON E/ OROÑO Y 734 A | J33: Fija | K33: Fibra Optica | M33: 172.20.11.79 | O33: =COUNTIF(S33:AT33,"") -> 22 | P33: 00-07-5F-B4-17-0B | Q33: =COUNTIF(S33:AT33,"APAGADO") -> 6 | R33: =(O33)/(Q33+O33) -> 0.78571429 | S33: APAGADO | AI33: APAGADO | AO33: APAGADO | AP33: APAGADO | AS33: APAGADO | AT33: APAGADO | AU33: APAGADO | AV33: APAGADO
F34: VILLA MONICA NUEVA | G34: VMO 02 | H34: COSEIDI | I34: Rio Carapachay y Oroño | J34: Domo | K34: Radio | M34: 10.20.30.35 | O34: =COUNTIF(S34:AT34,"") -> 27 | P34: 00-07-5f-d2-53-05 | Q34: =COUNTIF(S34:AT34,"APAGADO") -> 1 | R34: =(O34)/(Q34+O34) -> 0.96428571 | AS34: APAGADO
F35: VILLA ARIAS | G35: VLA05 | H35: COSEIDI | I35: ESPORA Y 802 | J35: DOMO | K35: GPON | M35: 172.20.11.164 | O35: =COUNTIF(S35:AT35,"") -> 28 | P35: 00-07-5F-BE-58-FE | Q35: =COUNTIF(S35:AT35,"APAGADO") -> 0 | R35: =(O35)/(Q35+O35) -> 1
F36: VILLA ARIAS | G36: VLA04 | H36: COSEIDI | I36: ESPORA Y MARTIN GRASS | J36: DOMO | K36: Fibra Optica | M36: 172.20.11.163 | O36: =COUNTIF(S36:AT36,"") -> 28 | P36: 00-07-5F-AB-BB-55 | Q36: =COUNTIF(S36:AT36,"APAGADO") -> 0 | R36: =(O36)/(Q36+O36) -> 1
F37: VILLA ARIAS | G37: VLA03 (fija 2) | H37: COSEIDI | I37: 820 y SOLER | J37: Fija | K37: GPON | M37: 172.20.11.162 | O37: =COUNTIF(S37:AT37,"") -> 12 | P37: 00-07-5f-b7-85-79 | Q37: =COUNTIF(S37:AT37,"APAGADO") -> 16 | R37: =(O37)/(Q37+O37) -> 0.42857143 | S37: APAGADO | X37: APAGADO | Y37: APAGADO | Z37: APAGADO | AE37: APAGADO | AF37: APAGADO | AG37: APAGADO | AH37: APAGADO | AI37: APAGADO | AL37: APAGADO | AM37: APAGADO | AN37: APAGADO | AO37: APAGADO | AP37: APAGADO | AS37: APAGADO | AT37: APAGADO | AU37: APAGADO | AV37: APAGADO
F38: VILLA ARIAS | G38: VLA 02 | H38: COSEIDI | I38: ESPORA Y HUDSON | J38: DOMO | K38: Fibra Optica | M38: 172.20.11.165 | O38: =COUNTIF(S38:AT38,"") -> 28 | P38: 00-07-5F-BE-58-4E | Q38: =COUNTIF(S38:AT38,"APAGADO") -> 0 | R38: =(O38)/(Q38+O38) -> 1
F39: VILLA ARIAS | G39: VLA 01 (fija 1) | H39: COSEIDI | I39: 820 Y SOLER | J39: Fija | K39: GPON | M39: 172.20.11.161 | O39: =COUNTIF(S39:AT39,"") -> 12 | P39: 00-07-5f-b4-42-d3 | Q39: =COUNTIF(S39:AT39,"APAGADO") -> 16 | R39: =(O39)/(Q39+O39) -> 0.42857143 | S39: APAGADO | X39: APAGADO | Y39: APAGADO | Z39: APAGADO | AE39: APAGADO | AF39: APAGADO | AG39: APAGADO | AH39: APAGADO | AI39: APAGADO | AL39: APAGADO | AM39: APAGADO | AN39: APAGADO | AO39: APAGADO | AP39: APAGADO | AS39: APAGADO | AT39: APAGADO | AU39: APAGADO | AV39: APAGADO
F40: VILLA HUDSON | G40: VHS07 | H40: COSEIDI | I40: Hudson y Rincon | J40: DOMO | K40: GPON | M40: 172.20.8.30 | O40: =COUNTIF(S40:AT40,"") -> 28 | P40: a4-18-94-05-50-c8 | Q40: =COUNTIF(S40:AT40,"APAGADO") -> 0 | R40: =(O40)/(Q40+O40) -> 1
F41: VILLA HUDSON | G41: VHS 06 | H41: COSEIDI | I41: Av Hubson y Oliden | J41: DOMO | K41: GPON | M41: 172.20.8.29 | O41: =COUNTIF(S41:AT41,"") -> 18 | Q41: =COUNTIF(S41:AT41,"APAGADO") -> 10 | R41: =(O41)/(Q41+O41) -> 0.64285714 | X41: APAGADO | Y41: APAGADO | AI41: APAGADO | AL41: APAGADO | AM41: APAGADO | AN41: APAGADO | AO41: APAGADO | AP41: APAGADO | AS41: APAGADO | AT41: APAGADO | AU41: APAGADO | AV41: APAGADO
F42: VILLA HUDSON | G42: VHS 05 | H42: COSEIDI | I42: Hudson y El Maestro | J42: fija | K42: Fibra Optica | M42: 172.20.8.38 | O42: =COUNTIF(S42:AT42,"") -> 28 | P42: c0-6d-ed--a3-e5-b0 | Q42: =COUNTIF(S42:AT42,"APAGADO") -> 0 | R42: =(O42)/(Q42+O42) -> 1
F43: VILLA HUDSON | G43: VHS 04 (fija 2) | H43: COSEIDI | I43: AV. HUDSON Y LOS INMIGRANTES | J43: Fija | K43: GPON | M43: 172.20.11.160 | O43: =COUNTIF(S43:AT43,"") -> 24 | P43: 00-07-5F-B6-B8-A2 | Q43: =COUNTIF(S43:AT43,"APAGADO") -> 4 | R43: =(O43)/(Q43+O43) -> 0.85714286 | AF43: APAGADO | AG43: APAGADO | AH43: APAGADO | AI43: APAGADO
F44: VILLA HUDSON | G44: VHS 03 (fija 1) | H44: COSEIDI | I44: AV. HUDSON Y LOS INMIGRANTES | J44: Fija | K44: GPON | M44: 172.20.11.159 | O44: =COUNTIF(S44:AT44,"") -> 24 | P44: 00-07-5F-B4-52-C7 | Q44: =COUNTIF(S44:AT44,"APAGADO") -> 4 | R44: =(O44)/(Q44+O44) -> 0.85714286 | AF44: APAGADO | AG44: APAGADO | AH44: APAGADO | AI44: APAGADO
F45: VILLA HUDSON | G45: VHS 02 | H45: COSEIDI | I45: AV. LUJAN Y CALLE 909 A | J45: DOMO | K45: GPON | M45: 172.20.11.65 | O45: =COUNTIF(S45:AT45,"") -> 28 | P45: 00-07-5F-81-AA-3C | Q45: =COUNTIF(S45:AT45,"APAGADO") -> 0 | R45: =(O45)/(Q45+O45) -> 1
F46: VILLA HUDSON | G46: VHS 01 | H46: COSEIDI | I46: AV. HUDSON Y AV. LUJAN | J46: DOMO | K46: GPON | M46: 172.20.11.64 | O46: =COUNTIF(S46:AT46,"") -> 28 | P46: 00-07-5F-81-AA-D2 | Q46: =COUNTIF(S46:AT46,"APAGADO") -> 0 | R46: =(O46)/(Q46+O46) -> 1
F47: VILLA ESTER | G47: VEST01 | H47: BONOMO | I47: Tte.Gral Perón y Garibaldi | J47: DOMO | K47: GPON | M47: 172.20.8.32 | O47: =COUNTIF(S47:AT47,"") -> 28 | P47: a4-18-94-05-4a-14 | Q47: =COUNTIF(S47:AT47,"APAGADO") -> 0 | R47: =(O47)/(Q47+O47) -> 1
F48: VILLA DEL PLATA | G48: VDPL08 | H48: BONOMO | I48: Tte. Gral Perón y Tunez | J48: DOMO | K48: GPON | M48: 172.20.8.33 | O48: =COUNTIF(S48:AT48,"") -> 28 | P48: a4-18-94-05-4a-15 | Q48: =COUNTIF(S48:AT48,"APAGADO") -> 0 | R48: =(O48)/(Q48+O48) -> 1
F49: VILLA ANGELICA | G49: VDPL07 | H49: BONOMO | I49: Berutti y Casares | J49: DOMO | K49: GPON | M49: 172.20.12.245 | O49: =COUNTIF(S49:AT49,"") -> 16 | P49: a4-18-94-05-4a-0c | Q49: =COUNTIF(S49:AT49,"APAGADO") -> 12 | R49: =(O49)/(Q49+O49) -> 0.57142857 | AE49: APAGADO | AF49: APAGADO | AG49: APAGADO | AH49: APAGADO | AI49: APAGADO | AL49: APAGADO | AM49: APAGADO | AN49: APAGADO | AO49: APAGADO | AP49: APAGADO | AS49: APAGADO | AT49: APAGADO | AU49: APAGADO | AV49: APAGADO
F50: VILLA ANGELICA | G50: VDPL06 | H50: BONOMO | I50: Thevenet e/ Islas Orcadas y Gardel | J50: Domo | K50: GPON | M50: 172.20.10.180 | O50: =COUNTIF(S50:AT50,"") -> 28 | P50: 00-04-63-5A-E0-8C | Q50: =COUNTIF(S50:AT50,"APAGADO") -> 0 | R50: =(O50)/(Q50+O50) -> 1
A51: 6 | B51: 13 | E51: berutti y thevenet | F51: VILLA DEL PLATA | G51: VDPL05 | H51: BONOMO | I51: Ruta 36 y Abraham | J51: Domo | K51: PTO A FO | L51: RUTA 36 Y THEVENET | M51: 172.20.12.219 | O51: =COUNTIF(S51:AT51,"") -> 25 | P51: 00-07-5F-77-0B-02 | Q51: =COUNTIF(S51:AT51,"APAGADO") -> 3 | R51: =(O51)/(Q51+O51) -> 0.89285714 | AG51: APAGADO | AS51: APAGADO | AT51: APAGADO | AU51: APAGADO | AV51: APAGADO
F52: VILLA DEL PLATA | G52: VDPL04 | H52: BONOMO | I52: Neuquen y Diagonal Guemes | J52: Domo | K52: GPON | M52: 172.20.10.182 | O52: =COUNTIF(S52:AT52,"") -> 12 | P52: 00-07-5F-9B-A1-EA | Q52: =COUNTIF(S52:AT52,"APAGADO") -> 16 | R52: =(O52)/(Q52+O52) -> 0.42857143 | S52: APAGADO | X52: APAGADO | Y52: APAGADO | Z52: APAGADO | AE52: APAGADO | AF52: APAGADO | AG52: APAGADO | AH52: APAGADO | AI52: APAGADO | AL52: APAGADO | AM52: APAGADO | AN52: APAGADO | AO52: APAGADO | AP52: APAGADO | AS52: APAGADO | AT52: APAGADO | AU52: APAGADO
F53: VILLA DEL PLATA | G53: VDPL03 | H53: BONOMO | I53: Neuquen y Alvarado | J53: Domo | K53: GPON | M53: 172.20.10.172 | O53: =COUNTIF(S53:AT53,"") -> 27 | P53: 00-07-5F-96-EA-01 | Q53: =COUNTIF(S53:AT53,"APAGADO") -> 1 | R53: =(O53)/(Q53+O53) -> 0.96428571 | AG53: APAGADO
F54: VILLA DEL PLATA | G54: VDPL02 | H54: BONOMO | I54: Thevenet y Berutti | J54: Domo | K54: Fibra Optica | M54: 172.20.12.15 | O54: =COUNTIF(S54:AT54,"") -> 28 | P54: 00-04-63-59-26-3E | Q54: =COUNTIF(S54:AT54,"APAGADO") -> 0 | R54: =(O54)/(Q54+O54) -> 1
F55: VILLA DEL PLATA | G55: VDPL01 | H55: BONOMO | I55: Abrahan y Delgado | J55: DOMO | K55: GPON | M55: 172.20.10.119 | O55: =COUNTIF(S55:AT55,"") -> 12 | P55: A0-FF-0C-D4-AF-7B | Q55: =COUNTIF(S55:AT55,"APAGADO") -> 16 | R55: =(O55)/(Q55+O55) -> 0.42857143 | S55: APAGADO | X55: APAGADO | Y55: APAGADO | Z55: APAGADO | AE55: APAGADO | AF55: APAGADO | AG55: APAGADO | AH55: APAGADO | AI55: APAGADO | AL55: APAGADO | AM55: APAGADO | AN55: APAGADO | AO55: APAGADO | AP55: APAGADO | AS55: APAGADO | AT55: APAGADO | AU55: APAGADO
F56: VILLA CIRIO | G56: VCIR01 | H56: BONOMO | I56: San Martin e Yrigoyen | J56: FIJA | K56: Fibra Optica | M56: 172.20.8.47 | N56: A03 | O56: =COUNTIF(S56:AT56,"") -> 25 | P56: c0-6d-ed-9d-02-da | Q56: =COUNTIF(S56:AT56,"APAGADO") -> 3 | R56: =(O56)/(Q56+O56) -> 0.89285714 | AP56: APAGADO | AS56: APAGADO | AT56: APAGADO | AU56: APAGADO | AV56: APAGADO
A57: 1 | B57: 18 | E57: SAN MARTIN Y LARREA | F57: VILLA AURORA | G57: VAU08 | H57: BONOMO | I57: MONTEVERDE Y WASHINGTON | J57: DOMO | K57: Fibra Optica | M57: 172.20.11.85 | N57: A03 | O57: =COUNTIF(S57:AT57,"") -> 25 | P57: 00:07:5f:d2:52:ef | Q57: =COUNTIF(S57:AT57,"APAGADO") -> 3 | R57: =(O57)/(Q57+O57) -> 0.89285714 | AF57: APAGADO | AO57: APAGADO | AP57: APAGADO
A58: 1 | B58: 18 | E58: SAN MARTIN Y LARREA | F58: VILLA AURORA | G58: VAU06 (fija 2) | H58: BONOMO | I58: GUIDO SPANO Y VICTORINO DE LA PLAZA | J58: Fija | K58: Fibra Optica | M58: 172.20.11.99 | N58: A03 | O58: =COUNTIF(S58:AT58,"") -> 22 | P58: 00-07-5F-B7-8E-CB | Q58: =COUNTIF(S58:AT58,"APAGADO") -> 6 | R58: =(O58)/(Q58+O58) -> 0.78571429 | AF58: APAGADO | AL58: APAGADO | AM58: APAGADO | AN58: APAGADO | AO58: APAGADO | AP58: APAGADO
A59: 1 | B59: 18 | E59: SAN MARTIN Y LARREA | F59: VILLA AURORA | G59: VAU05 (fija 1) | H59: BONOMO | I59: GUIDO SPANO Y VICTORINO DE LA PLAZA | J59: Fija | K59: Fibra Optica | M59: 172.20.11.98 | N59: A03 | O59: =COUNTIF(S59:AT59,"") -> 22 | P59: 00-07-5F-B4-2C-37 | Q59: =COUNTIF(S59:AT59,"APAGADO") -> 6 | R59: =(O59)/(Q59+O59) -> 0.78571429 | AF59: APAGADO | AL59: APAGADO | AM59: APAGADO | AN59: APAGADO | AO59: APAGADO | AP59: APAGADO
A60: 1 | B60: 18 | E60: SAN MARTIN Y LARREA | F60: VILLA AURORA | G60: VAU04 (fija 2) | H60: BONOMO | I60: PIZZURNO Y NUESTRAS MALVINAS | J60: Fija | K60: Fibra Optica | M60: 172.20.11.183 | N60: A03 | O60: =COUNTIF(S60:AT60,"") -> 25 | P60: 00-07-5F-BC-E7-B3 | Q60: =COUNTIF(S60:AT60,"APAGADO") -> 3 | R60: =(O60)/(Q60+O60) -> 0.89285714 | AF60: APAGADO | AO60: APAGADO | AP60: APAGADO
A61: 1 | B61: 18 | E61: SAN MARTIN Y LARREA | F61: VILLA AURORA | G61: VAU03 (fija 1) | H61: BONOMO | I61: PIZZURNO Y NUESTRAS MALVINAS | J61: Fija | K61: Fibra Optica | M61: 172.20.11.182 | N61: A03 | O61: =COUNTIF(S61:AT61,"") -> 25 | P61: AC-CC-8E-26-2F-95 | Q61: =COUNTIF(S61:AT61,"APAGADO") -> 3 | R61: =(O61)/(Q61+O61) -> 0.89285714 | AF61: APAGADO | AO61: APAGADO | AP61: APAGADO
A62: 1 | B62: 18 | E62: SAN MARTIN Y LARREA | F62: VILLA AURORA | G62: VAU 07 | H62: BONOMO | I62: VICTORINO DE LA PLAZA Y MONTEVERDE | J62: Domo | K62: Fibra Optica | M62: 172.20.11.86 | N62: A03 | O62: =COUNTIF(S62:AT62,"") -> 12 | Q62: =COUNTIF(S62:AT62,"APAGADO") -> 16 | R62: =(O62)/(Q62+O62) -> 0.42857143 | S62: APAGADO | X62: APAGADO | Y62: APAGADO | Z62: APAGADO | AE62: APAGADO | AF62: APAGADO | AG62: APAGADO | AH62: APAGADO | AI62: APAGADO | AL62: APAGADO | AM62: APAGADO | AN62: APAGADO | AO62: APAGADO | AP62: APAGADO | AS62: APAGADO | AT62: APAGADO | AU62: APAGADO | AV62: APAGADO
A63: 1 | B63: 18 | E63: SAN MARTIN Y LARREA | F63: SAN EMILIO | G63: VAU 02 | H63: BONOMO | I63: San Martin y Lope de Vega | J63: Domo | K63: Fibra Optica | M63: 172.20.10.08 | N63: A03 | O63: =COUNTIF(S63:AT63,"") -> 25 | P63: 00-04-63-50-45-C2 | Q63: =COUNTIF(S63:AT63,"APAGADO") -> 3 | R63: =(O63)/(Q63+O63) -> 0.89285714 | AF63: APAGADO | AO63: APAGADO | AP63: APAGADO
A64: 1 | B64: 18 | E64: SAN MARTIN Y LARREA | F64: VILLA AURORA | G64: VAU 01 | H64: BONOMO | I64: San Martin y Monteverde | J64: Domo | K64: Fibra Optica | M64: 172.20.10.07 | N64: A03 | O64: =COUNTIF(S64:AT64,"") -> 25 | P64: 00-07-5F-9F-D6-8C | Q64: =COUNTIF(S64:AT64,"APAGADO") -> 3 | R64: =(O64)/(Q64+O64) -> 0.89285714 | AF64: APAGADO | AO64: APAGADO | AP64: APAGADO
F65: VILLA VATTEONE | G65: VAT32 | H65: COSEIDI | I65: Corrientes y Republica | J65: DOMO | K65: GPON | M65: 172.20.8.49 | O65: =COUNTIF(S65:AT65,"") -> 28 | P65: a4-18-94-05-50-cb | Q65: =COUNTIF(S65:AT65,"APAGADO") -> 0 | R65: =(O65)/(Q65+O65) -> 1
F66: VILLA VATTEONE | G66: VAT31 | H66: COSEIDI | I66: Eva Perón y Republica | J66: Fija | K66: GPON | M66: 172.20.8.62 | O66: =COUNTIF(S66:AT66,"") -> 28 | P66: c0-6d-ed-9d-02-ac | Q66: =COUNTIF(S66:AT66,"APAGADO") -> 0 | R66: =(O66)/(Q66+O66) -> 1
F67: VILLA VATTEONE | G67: VAT30 | H67: COSEIDI | I67: Vicente Lopez y General Paz | J67: DOMO | K67: GPON | M67: 172.20.12.226 | O67: =COUNTIF(S67:AT67,"") -> 28 | P67: A4:18:94:05:48:20 | Q67: =COUNTIF(S67:AT67,"APAGADO") -> 0 | R67: =(O67)/(Q67+O67) -> 1
F68: VILLA VATTEONE CENTRO | G68: VAT24 (fija 2) | H68: BONOMO | I68: EVA PERON Y "EL TUNEL" (BAJO NIVEL) | J68: Fija | K68: Fibra Optica | M68: 172.20.11.140 | O68: =COUNTIF(S68:AT68,"") -> 28 | P68: 00-07-5F-B6-B9-6F | Q68: =COUNTIF(S68:AT68,"APAGADO") -> 0 | R68: =(O68)/(Q68+O68) -> 1
F69: VILLA VATTEONE CENTRO | G69: VAT23 (fija 1) | H69: BONOMO | I69: EVA PERON Y "EL TUNEL" (BAJO NIVEL) | J69: Fija | K69: Fibra Optica | M69: 172.20.11.139 | O69: =COUNTIF(S69:AT69,"") -> 28 | P69: 00-07-5F-B6-B8-DA | Q69: =COUNTIF(S69:AT69,"APAGADO") -> 0 | R69: =(O69)/(Q69+O69) -> 1
F70: VILLA VATTEONE CENTRO | G70: VAT19 | H70: COSEIDI | I70: QUINTANA Y FONROUGE ( TUCUMAN ) | J70: DOMO | K70: Radio | M70: 10.20.30.29 | O70: =COUNTIF(S70:AT70,"") -> 28 | Q70: =COUNTIF(S70:AT70,"APAGADO") -> 0 | R70: =(O70)/(Q70+O70) -> 1
A71: 4 | B71: 12 | E71: brasil y cabello | F71: VILLA VATTEONE CENTRO | G71: VAT18 | H71: COSEIDI | I71: LAVALLE Y FONROUGE | J71: DOMO | K71: PTO A FO | L71: LAVALLE Y BELGRANO | M71: 172.20.10.52 | O71: =COUNTIF(S71:AT71,"") -> 28 | P71: 00-07-5F-77-02-63 | Q71: =COUNTIF(S71:AT71,"APAGADO") -> 0 | R71: =(O71)/(Q71+O71) -> 1
F72: VILLA VATTEONE CENTRO | G72: VAT13 | H72: COSEIDI | I72: Av.12 de Octubre y Belgrano | J72: Domo | K72: Fibra Optica | M72: 172.20.12.211 | O72: =COUNTIF(S72:AT72,"") -> 28 | P72: 00-07-5F-81-98-05 | Q72: =COUNTIF(S72:AT72,"APAGADO") -> 0 | R72: =(O72)/(Q72+O72) -> 1
F73: VILLA VATTEONE | G73: VAT12 | H73: COSEIDI | I73: 12 DE OCTUBRE Y CHACO | J73: DOMO | K73: PTO A FO | L73: 12 DE OCTUBRE Y FLORIDA | M73: 172.20.12.127 | O73: =COUNTIF(S73:AT73,"") -> 26 | P73: 00-07-5F-81-9C-32 | Q73: =COUNTIF(S73:AT73,"APAGADO") -> 2 | R73: =(O73)/(Q73+O73) -> 0.92857143 | X73: APAGADO | Y73: APAGADO
F74: VILLA VATTEONE | G74: VAT11 | H74: COSEIDI | I74: Mainini y Montevideo | J74: Domo | K74: GPON | M74: 172.20.12.28 | O74: =COUNTIF(S74:AT74,"") -> 26 | P74: 00-04-63-4F-DE-3E | Q74: =COUNTIF(S74:AT74,"APAGADO") -> 2 | R74: =(O74)/(Q74+O74) -> 0.92857143 | AS74: APAGADO | AT74: APAGADO | AU74: APAGADO | AV74: APAGADO
A75: 5 | B75: 3 | E75: MONTEVIDEO Y ALSINA | F75: VILLA VATTEONE | G75: VAT09 | H75: COSEIDI | I75: Montevideo y Alsina | J75: Domo | K75: Fibra Optica | M75: 172.20.12.26 | O75: =COUNTIF(S75:AT75,"") -> 24 | P75: 00-07-5F-76-FD-0D | Q75: =COUNTIF(S75:AT75,"APAGADO") -> 4 | R75: =(O75)/(Q75+O75) -> 0.85714286 | AE75: APAGADO | AF75: APAGADO | AG75: APAGADO | AO75: APAGADO
F76: VILLA VATTEONE | G76: VAT08 | H76: COSEIDI | I76: 12 de Octubre y Florida | J76: Domo | K76: GPON | M76: 172.20.12.25 | O76: =COUNTIF(S76:AT76,"") -> 28 | P76: 00-07-5F-76-FD-92 | Q76: =COUNTIF(S76:AT76,"APAGADO") -> 0 | R76: =(O76)/(Q76+O76) -> 1
F77: VILLA VATTEONE CENTRO | G77: VAT07 | H77: BONOMO | I77: Eva Peron y Lavalle | J77: Domo | K77: Fibra Optica | M77: 172.20.11.26 | O77: =COUNTIF(S77:AT77,"") -> 28 | P77: 00-07-5F-81-AA-AD | Q77: =COUNTIF(S77:AT77,"APAGADO") -> 0 | R77: =(O77)/(Q77+O77) -> 1
F78: VILLA VATTEONE CENTRO | G78: VAT06 | H78: COSEIDI | I78: Eva Peron y Pueyrredon | J78: Domo | K78: Fibra Optica | M78: 172.20.10.28 | O78: =COUNTIF(S78:AT78,"") -> 14 | P78: 00-07-5F-76-BF-BB | Q78: =COUNTIF(S78:AT78,"APAGADO") -> 14 | R78: =(O78)/(Q78+O78) -> 0.5 | X78: APAGADO | Y78: APAGADO | Z78: APAGADO | AE78: APAGADO | AF78: APAGADO | AG78: APAGADO | AH78: APAGADO | AI78: APAGADO | AL78: APAGADO | AM78: APAGADO | AN78: APAGADO | AO78: APAGADO | AP78: APAGADO | AT78: APAGADO | AU78: APAGADO | AV78: APAGADO
F79: VILLA VATTEONE CENTRO | G79: VAT05 | H79: COSEIDI | I79: Lavalle y Colombia | J79: Domo | K79: GPON | M79: 172.20.10.184 | O79: =COUNTIF(S79:AT79,"") -> 28 | P79: 00-07-5F-81-B9-24 | Q79: =COUNTIF(S79:AT79,"APAGADO") -> 0 | R79: =(O79)/(Q79+O79) -> 1
A80: 4 | B80: 12 | E80: brasil y cabello | F80: VILLA VATTEONE CENTRO | G80: VAT04 | H80: COSEIDI | I80: Lavalle y Entre Rios | J80: Domo | K80: Fibra Optica | M80: 172.20.10.12 | O80: =COUNTIF(S80:AT80,"") -> 28 | P80: 00-04-63-4F-DE-1D | Q80: =COUNTIF(S80:AT80,"APAGADO") -> 0 | R80: =(O80)/(Q80+O80) -> 1
A81: 4 | B81: 12 | E81: brasil y cabello | F81: VILLA VATTEONE CENTRO | G81: VAT03 | H81: COSEIDI | I81: Lavalle y Belgrano | J81: Domo | K81: Fibra Optica | M81: 172.20.10.11 | O81: =COUNTIF(S81:AT81,"") -> 28 | P81: 00-04-63-4F-DD-AF | Q81: =COUNTIF(S81:AT81,"APAGADO") -> 0 | R81: =(O81)/(Q81+O81) -> 1
F82: VILLA VATTEONE CENTRO | G82: VAT02 | H82: COSEIDI | I82: Eva Peron y 12 de Octubre | J82: Domo | K82: Fibra Optica | M82: 172.20.10.30 | O82: =COUNTIF(S82:AT82,"") -> 26 | P82: 00-07-5F-7C-81-A6 | Q82: =COUNTIF(S82:AT82,"APAGADO") -> 2 | R82: =(O82)/(Q82+O82) -> 0.92857143 | AS82: APAGADO | AT82: APAGADO | AU82: APAGADO | AV82: APAGADO
F83: VILLA VATTEONE | G83: VAT01 | H83: COSEIDI | I83: Montevideo y El Chañar | J83: Domo | K83: Fibra Optica | M83: 172.20.10.34 | O83: =COUNTIF(S83:AT83,"") -> 26 | P83: 00-04-63-50-56-0B | Q83: =COUNTIF(S83:AT83,"APAGADO") -> 2 | R83: =(O83)/(Q83+O83) -> 0.92857143 | AS83: APAGADO | AT83: APAGADO | AU83: APAGADO | AV83: APAGADO
F84: VILLA VATTEONE | G84: VAT 29 | H84: COSEIDI | I84: Vicente Lopez y Tucuman | J84: DOMO | K84: GPON | M84: 172.20.12.225 | O84: =COUNTIF(S84:AT84,"") -> 28 | P84: A4:18:94:05:4A:75 | Q84: =COUNTIF(S84:AT84,"APAGADO") -> 0 | R84: =(O84)/(Q84+O84) -> 1
F85: VILLA VATTEONE | G85: VAT 28 | H85: COSEIDI | I85: Mainini e/Montevideo y Uruuay | J85: fija | K85: Fibra Optica | M85: 172.20.12.236 | O85: =COUNTIF(S85:AT85,"") -> 26 | P85: A0:FF:0C:EF:DF:A5 | Q85: =COUNTIF(S85:AT85,"APAGADO") -> 2 | R85: =(O85)/(Q85+O85) -> 0.92857143 | AS85: APAGADO | AT85: APAGADO | AU85: APAGADO | AV85: APAGADO
F86: VILLA VATTEONE | G86: VAT 27 | H86: COSEIDI | I86: 12 DE OCTUBRE Y ROSARIO | J86: DOMO | K86: GPON | M86: 172.20.11.227 | O86: =COUNTIF(S86:AT86,"") -> 28 | P86: 00-07-5F-D2-52-EA | Q86: =COUNTIF(S86:AT86,"APAGADO") -> 0 | R86: =(O86)/(Q86+O86) -> 1
F87: VILLA VATTEONE CENTRO | G87: VAT 26 | H87: COSEIDI | I87: Mainini y Uruguay | J87: fija | K87: Fibra Optica | M87: 172.20.11.38 | O87: =COUNTIF(S87:AT87,"") -> 26 | P87: 00:07:5f::b7:8e:af | Q87: =COUNTIF(S87:AT87,"APAGADO") -> 2 | R87: =(O87)/(Q87+O87) -> 0.92857143 | AS87: APAGADO | AT87: APAGADO | AU87: APAGADO | AV87: APAGADO
F88: VILLA VATTEONE CENTRO | G88: VAT 25 | H88: COSEIDI | I88: Mainini y Uruguay | J88: Fija | K88: Fibra Optica | M88: 172.20.11.37 | O88: =COUNTIF(S88:AT88,"") -> 26 | P88: 00-07-5F-BD-54-F7 | Q88: =COUNTIF(S88:AT88,"APAGADO") -> 2 | R88: =(O88)/(Q88+O88) -> 0.92857143 | AS88: APAGADO | AT88: APAGADO | AU88: APAGADO | AV88: APAGADO
A89: 4 | B89: 12 | E89: brasil y cabello | F89: VILLA VATTEONE CENTRO | G89: VAT 22 (fija 2) | H89: COSEIDI | I89: QUINTANA E/ BELGRANO Y FONROUGE | J89: Fija | K89: Fibra Optica | M89: 172.20.11.141 | O89: =COUNTIF(S89:AT89,"") -> 28 | P89: 00-07-5F-B4-4E-C7 | Q89: =COUNTIF(S89:AT89,"APAGADO") -> 0 | R89: =(O89)/(Q89+O89) -> 1
A90: 4 | B90: 12 | E90: brasil y cabello | F90: VILLA VATTEONE CENTRO | G90: VAT 21 (fija 1) | H90: COSEIDI | I90: QUINTANA E/ BELGRANO Y FONROUGE | J90: Fija | K90: Fibra Optica | M90: 172.20.11.142 | O90: =COUNTIF(S90:AT90,"") -> 28 | P90: 00-07-5F-B4-17-F7 | Q90: =COUNTIF(S90:AT90,"APAGADO") -> 0 | R90: =(O90)/(Q90+O90) -> 1
F91: VILLA VATTEONE | G91: VAT 20 | H91: COSEIDI | I91: URUGUAY Y PILCOMAYO | J91: FIJA | K91: GPON | M91: 172.20.10.173 | O91: =COUNTIF(S91:AT91,"") -> 28 | P91: 00-07-5F-BE-6B-F7 | Q91: =COUNTIF(S91:AT91,"APAGADO") -> 0 | R91: =(O91)/(Q91+O91) -> 1
F92: VILLA VATTEONE | G92: VAT 17 | H92: COSEIDI | I92: CHAÑAR Y URUGUAY | J92: DOMO | K92: PTO A FO | L92: MONTEVIDEO Y URUGUAY | M92: 172.20.10.15 | O92: =COUNTIF(S92:AT92,"") -> 17 | P92: 00-07-5F-77-00-CC | Q92: =COUNTIF(S92:AT92,"APAGADO") -> 11 | R92: =(O92)/(Q92+O92) -> 0.60714286 | S92: APAGADO | X92: APAGADO | Y92: APAGADO | Z92: APAGADO | AE92: APAGADO | AF92: APAGADO | AG92: APAGADO | AH92: APAGADO | AI92: APAGADO | AS92: APAGADO | AT92: APAGADO | AU92: APAGADO | AV92: APAGADO
A93: 5 | B93: 3 | E93: MONTEVIDEO Y ALSINA | F93: VILLA VATTEONE | G93: VAT 16 | H93: COSEIDI | I93: MONTEVIDEO Y CHACO | J93: DOMO | K93: PTO A FO | L93: MONTEVIDEO Y ALSINA | M93: 172.20.12.74 | O93: =COUNTIF(S93:AT93,"") -> 24 | P93: 00-07-5F-81-AA-A6 | Q93: =COUNTIF(S93:AT93,"APAGADO") -> 4 | R93: =(O93)/(Q93+O93) -> 0.85714286 | AE93: APAGADO | AF93: APAGADO | AG93: APAGADO | AO93: APAGADO
A94: 4 | B94: 12 | E94: brasil y cabello | F94: VILLA VATTEONE | G94: VAT 15 | H94: COSEIDI | I94: CORRIENTES Y VICENTE LOPEZ | J94: DOMO | K94: PTO A FO | L94: BELGRANO Y QUINTANA | M94: 172.20.12.173 | O94: =COUNTIF(S94:AT94,"") -> 28 | P94: 00-07-5F-81-9E-7B | Q94: =COUNTIF(S94:AT94,"APAGADO") -> 0 | R94: =(O94)/(Q94+O94) -> 1
F95: VILLA VATTEONE | G95: VAT 14 | H95: COSEIDI | I95: FLORIDA Y MONTEVIDEO | J95: DOMO | K95: Fibra Optica | M95: 172.20.12.71 | O95: =COUNTIF(S95:AT95,"") -> 20 | P95: 00-07-5F-81-9C-FF | Q95: =COUNTIF(S95:AT95,"APAGADO") -> 8 | R95: =(O95)/(Q95+O95) -> 0.71428571 | S95: APAGADO | X95: APAGADO | Y95: APAGADO | Z95: APAGADO | AE95: APAGADO | AF95: APAGADO | AS95: APAGADO | AT95: APAGADO | AU95: APAGADO | AV95: APAGADO
A96: 4 | B96: 12 | E96: brasil y cabello | F96: VILLA VATTEONE CENTRO | G96: VAT 10 | H96: COSEIDI | I96: Belgrano y Quintana | J96: Domo | K96: Fibra Optica | M96: 172.20.12.27 | O96: =COUNTIF(S96:AT96,"") -> 28 | P96: 00-07-5F-87-8B-5C | Q96: =COUNTIF(S96:AT96,"APAGADO") -> 0 | R96: =(O96)/(Q96+O96) -> 1
F97: VILLA ARGENTINA | G97: VAR14 | H97: COSEIDI | I97: Pportela y 517 | J97: Domo | K97: Fibra Optica | M97: 172.20.11.239 | O97: =COUNTIF(S97:AT97,"") -> 26 | P97: 00-07-5F-AB-BB-50 | Q97: =COUNTIF(S97:AT97,"APAGADO") -> 2 | R97: =(O97)/(Q97+O97) -> 0.92857143 | AO97: APAGADO | AP97: APAGADO
A98: 6 | B98: 12 | E98: PUNTO SEGURO PICO DE ORO | F98: VILLA ARGENTINA | G98: VAR13 | H98: COSEIDI | I98: Calle 527 y 532 | J98: Domo | K98: Fibra Optica | M98: 172.20.11.238 | O98: =COUNTIF(S98:AT98,"") -> 28 | P98: 00-07-5F-AB-BB-52 | Q98: =COUNTIF(S98:AT98,"APAGADO") -> 0 | R98: =(O98)/(Q98+O98) -> 1
A99: 6 | B99: 12 | E99: PUNTO SEGURO PICO DE ORO | F99: VILLA ARGENTINA | G99: VAR12 | H99: COSEIDI | I99: Calle 527 y Portela | J99: Domo | K99: Fibra Optica | M99: 172.20.11.237 | O99: =COUNTIF(S99:AT99,"") -> 27 | P99: 00-04-63-59-22-64 | Q99: =COUNTIF(S99:AT99,"APAGADO") -> 1 | R99: =(O99)/(Q99+O99) -> 0.96428571 | Z99: APAGADO
A100: 6 | B100: 12 | E100: PUNTO SEGURO PICO DE ORO | F100: VILLA ARGENTINA | G100: VAR11 (fija 2) | H100: COSEIDI | I100: 532 A Y 523 | J100: Fija | K100: Fibra Optica | M100: 172.20.11.210 | O100: =COUNTIF(S100:AT100,"") -> 28 | P100: 00-07-5F-BD-69-73 | Q100: =COUNTIF(S100:AT100,"APAGADO") -> 0 | R100: =(O100)/(Q100+O100) -> 1
...

Sheet AUXILIAR

Sheet paradas
C1: TOTAL PARADAS | D1: =COUNTIFS(A5:A602,"=paradas seguras")/2 -> 0 | E1: TOTAL DE CAMARAS EN PARADAS | H1: =COUNTIFS(A5:A602,"=paradas seguras") -> 0 | I1: TOTAL DE CAMARAS | K1: =COUNTIFS(D5:D602,"=GFIJA") -> 0 | L1: TOTAL DE INTERCOMUNICADORES | O1: =COUNTIFS(D5:D602,"=INTERCOMUNICADOR") -> 0
E2: FIJAS | F2: =COUNTIFS(F4:F601, "=APAGADO",D4:D601,"=GFIJA") -> 0 | G2: =COUNTIFS(G4:G601, "=APAGADO",D4:D601,"=GFIJA") -> 0 | H2: =COUNTIFS(H4:H601, "=APAGADO",D4:D601,"=GFIJA") -> 0 | I2: =COUNTIFS(I4:I601, "=APAGADO",D4:D601,"=GFIJA") -> 0 | J2: =COUNTIFS(J4:J601, "=APAGADO",D4:D601,"=GFIJA") -> 0 | K2: =COUNTIFS(K4:K601, "=APAGADO",D4:D601,"=GFIJA") -> 0 | L2: =COUNTIFS(L4:L601, "=APAGADO",D4:D601,"=GFIJA") -> 0 | M2: =COUNTIFS(M4:M601, "=APAGADO",D4:D601,"=GFIJA") -> 0 | N2: =COUNTIFS(N4:N601, "=APAGADO",D4:D601,"=GFIJA") -> 0 | O2: =COUNTIFS(O4:O601, "=APAGADO",D4:D601,"=GFIJA") -> 0 | P2: =COUNTIFS(P4:P601, "=APAGADO",D4:D601,"=GFIJA") -> 0 | Q2: =COUNTIFS(Q4:Q601, "=APAGADO",D4:D601,"=GFIJA") -> 0 | R2: =COUNTIFS(R4:R601, "=APAGADO",D4:D601,"=GFIJA") -> 0 | S2: =COUNTIFS(S4:S601, "=APAGADO",D4:D601,"=GFIJA") -> 0 | T2: =COUNTIFS(T4:T601, "=APAGADO",D4:D601,"=GFIJA") -> 0 | U2: =COUNTIFS(U4:U601, "=APAGADO",D4:D601,"=GFIJA") -> 0 | V2: =COUNTIFS(V4:V601, "=APAGADO",D4:D601,"=GFIJA") -> 0 | W2: =COUNTIFS(W4:W601, "=APAGADO",D4:D601,"=GFIJA") -> 0 | X2: =COUNTIFS(X4:X601, "=APAGADO",D4:D601,"=GFIJA") -> 0 | Y2: =COUNTIFS(Y4:Y601, "=APAGADO",D4:D601,"=GFIJA") -> 0 | Z2: =COUNTIFS(Z4:Z601, "=APAGADO",D4:D601,"=GFIJA") -> 0 | AA2: =COUNTIFS(AA4:AA601, "=APAGADO",D4:D601,"=GFIJA") -> 0 | AB2: =COUNTIFS(AB4:AB601, "=APAGADO",D4:D601,"=GFIJA") -> 0 | AC2: =COUNTIFS(AC4:AC601, "=APAGADO",D4:D601,"=GFIJA") -> 0 | AD2: =COUNTIFS(AD4:AD601, "=APAGADO",D4:D601,"=GFIJA") -> 0 | AE2: =COUNTIFS(AE4:AE601, "=APAGADO",D4:D601,"=GFIJA") -> 0 | AF2: =COUNTIFS(AF4:AF601, "=APAGADO",D4:D601,"=GFIJA") -> 0 | AG2: =COUNTIFS(AG4:AG601, "=APAGADO",D4:D601,"=GFIJA") -> 0 | AH2: =COUNTIFS(AH4:AH601, "=APAGADO",E4:E601,"=GFIJA") -> 0 | AI2: =COUNTIFS(AI4:AI601, "=APAGADO",F4:F601,"=GFIJA") -> 0 | AJ2: =COUNTIFS(AJ4:AJ601, "=APAGADO",G4:G601,"=GFIJA") -> 0
E3: INTERCOMUNICADOR | F3: =COUNTIFS(F6:F603, "=APAGADO",D4:D601,"=INTERCOMUNICADOR") -> 0 | G3: =COUNTIFS(G6:G603, "=APAGADO",D4:D601,"=INTERCOMUNICADOR") -> 0 | H3: =COUNTIFS(H6:H603, "=APAGADO",D4:D601,"=INTERCOMUNICADOR") -> 0 | I3: =COUNTIFS(I6:I603, "=APAGADO",D4:D601,"=INTERCOMUNICADOR") -> 0 | J3: =COUNTIFS(J6:J603, "=APAGADO",D4:D601,"=INTERCOMUNICADOR") -> 0 | K3: =COUNTIFS(K6:K603, "=APAGADO",D4:D601,"=INTERCOMUNICADOR") -> 0 | L3: =COUNTIFS(L6:L603, "=APAGADO",D4:D601,"=INTERCOMUNICADOR") -> 0 | M3: =COUNTIFS(M6:M603, "=APAGADO",D4:D601,"=INTERCOMUNICADOR") -> 0 | N3: =COUNTIFS(N6:N603, "=APAGADO",D4:D601,"=INTERCOMUNICADOR") -> 0 | O3: =COUNTIFS(O6:O603, "=APAGADO",D4:D601,"=INTERCOMUNICADOR") -> 0 | P3: =COUNTIFS(P6:P603, "=APAGADO",D4:D601,"=INTERCOMUNICADOR") -> 0 | Q3: =COUNTIFS(Q6:Q603, "=APAGADO",D4:D601,"=INTERCOMUNICADOR") -> 0 | R3: =COUNTIFS(R6:R603, "=APAGADO",D4:D601,"=INTERCOMUNICADOR") -> 0 | S3: =COUNTIFS(S6:S603, "=APAGADO",D4:D601,"=INTERCOMUNICADOR") -> 0 | T3: =COUNTIFS(T6:T603, "=APAGADO",D4:D601,"=INTERCOMUNICADOR") -> 0 | U3: =COUNTIFS(U6:U603, "=APAGADO",D4:D601,"=INTERCOMUNICADOR") -> 0 | V3: =COUNTIFS(V6:V603, "=APAGADO",D4:D601,"=INTERCOMUNICADOR") -> 0 | W3: =COUNTIFS(W6:W603, "=APAGADO",D4:D601,"=INTERCOMUNICADOR") -> 0 | X3: =COUNTIFS(X6:X603, "=APAGADO",D4:D601,"=INTERCOMUNICADOR") -> 0 | Y3: =COUNTIFS(Y6:Y603, "=APAGADO",D4:D601,"=INTERCOMUNICADOR") -> 0 | Z3: =COUNTIFS(Z6:Z603, "=APAGADO",D4:D601,"=INTERCOMUNICADOR") -> 0 | AA3: =COUNTIFS(AA6:AA603, "=APAGADO",D4:D601,"=INTERCOMUNICADOR") -> 0 | AB3: =COUNTIFS(AB6:AB603, "=APAGADO",D4:D601,"=INTERCOMUNICADOR") -> 0 | AC3: =COUNTIFS(AC6:AC603, "=APAGADO",D4:D601,"=INTERCOMUNICADOR") -> 0 | AD3: =COUNTIFS(AD6:AD603, "=APAGADO",D4:D601,"=INTERCOMUNICADOR") -> 0 | AE3: =COUNTIFS(AE6:AE603, "=APAGADO",D4:D601,"=INTERCOMUNICADOR") -> 0 | AF3: =COUNTIFS(AF6:AF603, "=APAGADO",D4:D601,"=INTERCOMUNICADOR") -> 0 | AG3: =COUNTIFS(AG6:AG603, "=APAGADO",D4:D601,"=INTERCOMUNICADOR") -> 0 | AH3: =COUNTIFS(AH6:AH603, "=APAGADO",E4:E601,"=INTERCOMUNICADOR") -> 0 | AI3: =COUNTIFS(AI6:AI603, "=APAGADO",F4:F601,"=INTERCOMUNICADOR") -> 0 | AJ3: =COUNTIFS(AJ6:AJ603, "=APAGADO",G4:G601,"=INTERCOMUNICADOR") -> 0
A4: ='RESUMEN TOTAL'!F7 -> Barrio | B4: ='RESUMEN TOTAL'!G7 -> [Denominacion] | C4: ='RESUMEN TOTAL'!I7 -> [Ubicacion] | D4: ='RESUMEN TOTAL'!J7 -> [Tipo de Camara] | E4: ='RESUMEN TOTAL'!K7 -> [Tipo de Conexion] | F4: ='RESUMEN TOTAL'!S7 -> 46113 | G4: ='RESUMEN TOTAL'!T7 -> 46114 | H4: ='RESUMEN TOTAL'!U7 -> 46115 | I4: ='RESUMEN TOTAL'!V7 -> 46116 | J4: ='RESUMEN TOTAL'!W7 -> 46117 | K4: ='RESUMEN TOTAL'!X7 -> 46118 | L4: ='RESUMEN TOTAL'!Y7 -> 46119 | M4: ='RESUMEN TOTAL'!Z7 -> 46120 | ... AI4: ='RESUMEN TOTAL'!AV7 -> 46142 | AJ4: ='RESUMEN TOTAL'!#REF! -> #REF! | XEY4: =SUM(F4:XEX4) -> #REF!
A5: ='RESUMEN TOTAL'!F8 -> ZEBALLOS | B5: ='RESUMEN TOTAL'!G8 -> ZEB04 | C5: ='RESUMEN TOTAL'!I8 -> THEVENET Y DIAGONAL GRANADEROS | D5: ='RESUMEN TOTAL'!J8 -> DOMO | E5: ='RESUMEN TOTAL'!K8 -> GPON | F5: ='RESUMEN TOTAL'!S8 -> 0 | G5: ='RESUMEN TOTAL'!T8 -> 0 | H5: ='RESUMEN TOTAL'!U8 -> 0 | I5: ='RESUMEN TOTAL'!V8 -> 0 | J5: ='RESUMEN TOTAL'!W8 -> 0 | K5: ='RESUMEN TOTAL'!X8 -> 0 | L5: ='RESUMEN TOTAL'!Y8 -> 0 | M5: ='RESUMEN TOTAL'!Z8 -> 0 | ... AI5: ='RESUMEN TOTAL'!AV8 -> 0 | AJ5: ='RESUMEN TOTAL'!#REF! -> #REF!
A6: ='RESUMEN TOTAL'!F9 -> 9 DE JULIO | B6: ='RESUMEN TOTAL'!G9 -> ZEB03 | C6: ='RESUMEN TOTAL'!I9 -> Quinquela Martin y Pte. Peron | D6: ='RESUMEN TOTAL'!J9 -> Domo | E6: ='RESUMEN TOTAL'!K9 -> GPON | F6: ='RESUMEN TOTAL'!S9 -> 0 | G6: ='RESUMEN TOTAL'!T9 -> 0 | H6: ='RESUMEN TOTAL'!U9 -> 0 | I6: ='RESUMEN TOTAL'!V9 -> 0 | J6: ='RESUMEN TOTAL'!W9 -> 0 | K6: ='RESUMEN TOTAL'!X9 -> 0 | L6: ='RESUMEN TOTAL'!Y9 -> 0 | M6: ='RESUMEN TOTAL'!Z9 -> 0 | ... AI6: ='RESUMEN TOTAL'!AV9 -> 0 | AJ6: ='RESUMEN TOTAL'!#REF! -> #REF!
A7: ='RESUMEN TOTAL'!F10 -> ZEBALLOS | B7: ='RESUMEN TOTAL'!G10 -> ZEB02 | C7: ='RESUMEN TOTAL'!I10 -> Quinquela Martin y Sgo. del Estero | D7: ='RESUMEN TOTAL'!J10 -> Domo | E7: ='RESUMEN TOTAL'!K10 -> GPON | F7: ='RESUMEN TOTAL'!S10 -> 0 | G7: ='RESUMEN TOTAL'!T10 -> 0 | H7: ='RESUMEN TOTAL'!U10 -> 0 | I7: ='RESUMEN TOTAL'!V10 -> 0 | J7: ='RESUMEN TOTAL'!W10 -> 0 | K7: ='RESUMEN TOTAL'!X10 -> 0 | L7: ='RESUMEN TOTAL'!Y10 -> 0 | M7: ='RESUMEN TOTAL'!Z10 -> 0 | ... AI7: ='RESUMEN TOTAL'!AV10 -> 0 | AJ7: ='RESUMEN TOTAL'!#REF! -> #REF!
A8: ='RESUMEN TOTAL'!F11 -> ZEBALLOS | B8: ='RESUMEN TOTAL'!G11 -> ZEB 10 | C8: ='RESUMEN TOTAL'!I11 -> Sallares y Jujuy | D8: ='RESUMEN TOTAL'!J11 -> DOMO | E8: ='RESUMEN TOTAL'!K11 -> GPON | F8: ='RESUMEN TOTAL'!S11 -> 0 | G8: ='RESUMEN TOTAL'!T11 -> 0 | H8: ='RESUMEN TOTAL'!U11 -> 0 | I8: ='RESUMEN TOTAL'!V11 -> 0 | J8: ='RESUMEN TOTAL'!W11 -> 0 | K8: ='RESUMEN TOTAL'!X11 -> 0 | L8: ='RESUMEN TOTAL'!Y11 -> 0 | M8: ='RESUMEN TOTAL'!Z11 -> 0 | ... AI8: ='RESUMEN TOTAL'!AV11 -> 0 | AJ8: ='RESUMEN TOTAL'!#REF! -> #REF!
A9: ='RESUMEN TOTAL'!F12 -> ZEBALLOS | B9: ='RESUMEN TOTAL'!G12 -> ZEB 09 | C9: ='RESUMEN TOTAL'!I12 -> Tte.Gral Peron y Salta | D9: ='RESUMEN TOTAL'!J12 -> DOMO | E9: ='RESUMEN TOTAL'!K12 -> GPON | F9: ='RESUMEN TOTAL'!S12 -> 0 | G9: ='RESUMEN TOTAL'!T12 -> 0 | H9: ='RESUMEN TOTAL'!U12 -> 0 | I9: ='RESUMEN TOTAL'!V12 -> 0 | J9: ='RESUMEN TOTAL'!W12 -> 0 | K9: ='RESUMEN TOTAL'!X12 -> 0 | L9: ='RESUMEN TOTAL'!Y12 -> 0 | M9: ='RESUMEN TOTAL'!Z12 -> 0 | ... AI9: ='RESUMEN TOTAL'!AV12 -> 0 | AJ9: ='RESUMEN TOTAL'!#REF! -> #REF!
A10: ='RESUMEN TOTAL'!F13 -> ZEBALLOS | B10: ='RESUMEN TOTAL'!G13 -> ZEB 08 (Fija 2) | C10: ='RESUMEN TOTAL'!I13 -> Quinquela Martin y 861 | D10: ='RESUMEN TOTAL'!J13 -> Fija | E10: ='RESUMEN TOTAL'!K13 -> GPON | F10: ='RESUMEN TOTAL'!S13 -> 0 | G10: ='RESUMEN TOTAL'!T13 -> 0 | H10: ='RESUMEN TOTAL'!U13 -> 0 | I10: ='RESUMEN TOTAL'!V13 -> 0 | J10: ='RESUMEN TOTAL'!W13 -> 0 | K10: ='RESUMEN TOTAL'!X13 -> 0 | L10: ='RESUMEN TOTAL'!Y13 -> 0 | M10: ='RESUMEN TOTAL'!Z13 -> 0 | ... AI10: ='RESUMEN TOTAL'!AV13 -> 0 | AJ10: ='RESUMEN TOTAL'!#REF! -> #REF!
A11: ='RESUMEN TOTAL'!F14 -> ZEBALLOS | B11: ='RESUMEN TOTAL'!G14 -> ZEB 07 (Fija 1) | C11: ='RESUMEN TOTAL'!I14 -> Quinquela Martn y 861 | D11: ='RESUMEN TOTAL'!J14 -> Fija | E11: ='RESUMEN TOTAL'!K14 -> GPON | F11: ='RESUMEN TOTAL'!S14 -> 0 | G11: ='RESUMEN TOTAL'!T14 -> 0 | H11: ='RESUMEN TOTAL'!U14 -> 0 | I11: ='RESUMEN TOTAL'!V14 -> 0 | J11: ='RESUMEN TOTAL'!W14 -> 0 | K11: ='RESUMEN TOTAL'!X14 -> 0 | L11: ='RESUMEN TOTAL'!Y14 -> 0 | M11: ='RESUMEN TOTAL'!Z14 -> 0 | ... AI11: ='RESUMEN TOTAL'!AV14 -> 0 | AJ11: ='RESUMEN TOTAL'!#REF! -> #REF!
A12: ='RESUMEN TOTAL'!F15 -> ZEBALLOS | B12: ='RESUMEN TOTAL'!G15 -> ZEB 06 | C12: ='RESUMEN TOTAL'!I15 -> Peron e/Ituzaingo y Buenos Aires | D12: ='RESUMEN TOTAL'!J15 -> FIJA | E12: ='RESUMEN TOTAL'!K15 -> GPON | F12: ='RESUMEN TOTAL'!S15 -> 0 | G12: ='RESUMEN TOTAL'!T15 -> 0 | H12: ='RESUMEN TOTAL'!U15 -> 0 | I12: ='RESUMEN TOTAL'!V15 -> 0 | J12: ='RESUMEN TOTAL'!W15 -> 0 | K12: ='RESUMEN TOTAL'!X15 -> 0 | L12: ='RESUMEN TOTAL'!Y15 -> 0 | M12: ='RESUMEN TOTAL'!Z15 -> 0 | ... AI12: ='RESUMEN TOTAL'!AV15 -> 0 | AJ12: ='RESUMEN TOTAL'!#REF! -> #REF!
A13: ='RESUMEN TOTAL'!F16 -> ZEBALLOS | B13: ='RESUMEN TOTAL'!G16 -> ZEB 05 | C13: ='RESUMEN TOTAL'!I16 -> DIAG. GRANADEROS Y 214 BIS | D13: ='RESUMEN TOTAL'!J16 -> Domo | E13: ='RESUMEN TOTAL'!K16 -> GPON | F13: ='RESUMEN TOTAL'!S16 -> APAGADO | G13: ='RESUMEN TOTAL'!T16 -> 0 | H13: ='RESUMEN TOTAL'!U16 -> 0 | I13: ='RESUMEN TOTAL'!V16 -> 0 | J13: ='RESUMEN TOTAL'!W16 -> 0 | K13: ='RESUMEN TOTAL'!X16 -> APAGADO | L13: ='RESUMEN TOTAL'!Y16 -> APAGADO | M13: ='RESUMEN TOTAL'!Z16 -> APAGADO | ... AI13: ='RESUMEN TOTAL'!AV16 -> 0 | AJ13: ='RESUMEN TOTAL'!#REF! -> #REF!
A14: ='RESUMEN TOTAL'!F17 -> VILLA SUSANA | B14: ='RESUMEN TOTAL'!G17 -> VSU01 | C14: ='RESUMEN TOTAL'!I17 -> CJAL. JUAN BROWN Y SANTA FE | D14: ='RESUMEN TOTAL'!J17 -> DOMO | E14: ='RESUMEN TOTAL'!K17 -> Radio | F14: ='RESUMEN TOTAL'!S17 -> 0 | G14: ='RESUMEN TOTAL'!T17 -> 0 | H14: ='RESUMEN TOTAL'!U17 -> 0 | I14: ='RESUMEN TOTAL'!V17 -> 0 | J14: ='RESUMEN TOTAL'!W17 -> 0 | K14: ='RESUMEN TOTAL'!X17 -> 0 | L14: ='RESUMEN TOTAL'!Y17 -> 0 | M14: ='RESUMEN TOTAL'!Z17 -> 0 | ... AI14: ='RESUMEN TOTAL'!AV17 -> 0 | AJ14: ='RESUMEN TOTAL'!#REF! -> #REF!
A15: ='RESUMEN TOTAL'!F18 -> VILLA SUSANA | B15: ='RESUMEN TOTAL'!G18 -> VSU 06 | C15: CALCHAQUÍ Y GALARZA FIJA | D15: ='RESUMEN TOTAL'!J18 -> DOMO | F15: ='RESUMEN TOTAL'!S18 -> 0 | G15: ='RESUMEN TOTAL'!T18 -> 0 | H15: ='RESUMEN TOTAL'!U18 -> 0 | I15: ='RESUMEN TOTAL'!V18 -> 0 | J15: ='RESUMEN TOTAL'!W18 -> 0 | K15: ='RESUMEN TOTAL'!X18 -> 0 | L15: ='RESUMEN TOTAL'!Y18 -> 0 | M15: ='RESUMEN TOTAL'!Z18 -> 0 | ... AI15: ='RESUMEN TOTAL'!AV18 -> 0 | AJ15: ='RESUMEN TOTAL'!#REF! -> #REF!
A16: ='RESUMEN TOTAL'!F19 -> VILLA SUSANA | B16: ='RESUMEN TOTAL'!G19 -> VSU 05 | C16: ='RESUMEN TOTAL'!I19 -> Aniceto Diaz y Cordoba | D16: ='RESUMEN TOTAL'!J19 -> fija | E16: ='RESUMEN TOTAL'!K19 -> Fibra Optica | F16: ='RESUMEN TOTAL'!S19 -> 0 | G16: ='RESUMEN TOTAL'!T19 -> 0 | H16: ='RESUMEN TOTAL'!U19 -> 0 | I16: ='RESUMEN TOTAL'!V19 -> 0 | J16: ='RESUMEN TOTAL'!W19 -> 0 | K16: ='RESUMEN TOTAL'!X19 -> 0 | L16: ='RESUMEN TOTAL'!Y19 -> 0 | M16: ='RESUMEN TOTAL'!Z19 -> 0 | ... AI16: ='RESUMEN TOTAL'!AV19 -> 0 | AJ16: ='RESUMEN TOTAL'!#REF! -> #REF!
A17: ='RESUMEN TOTAL'!F22 -> VILLA SUSANA | B17: ='RESUMEN TOTAL'!G22 -> VSU 02 | C17: ='RESUMEN TOTAL'!I22 -> CABELLO Y SANTA FE | D17: ='RESUMEN TOTAL'!J22 -> DOMO | E17: ='RESUMEN TOTAL'!K22 -> Radio | F17: ='RESUMEN TOTAL'!S22 -> APAGADO | G17: ='RESUMEN TOTAL'!T22 -> 0 | H17: ='RESUMEN TOTAL'!U22 -> 0 | I17: ='RESUMEN TOTAL'!V22 -> 0 | J17: ='RESUMEN TOTAL'!W22 -> 0 | K17: ='RESUMEN TOTAL'!X22 -> APAGADO | L17: ='RESUMEN TOTAL'!Y22 -> APAGADO | M17: ='RESUMEN TOTAL'!Z22 -> 0 | ... AI17: ='RESUMEN TOTAL'!AV22 -> 0 | AJ17: ='RESUMEN TOTAL'!#REF! -> #REF!
A18: ='RESUMEN TOTAL'!F23 -> VILLA SAN LUIS | B18: ='RESUMEN TOTAL'!G23 -> VSL 03 | C18: ='RESUMEN TOTAL'!I23 -> 1314 y 1371 | D18: ='RESUMEN TOTAL'!J23 -> DOMO | E18: ='RESUMEN TOTAL'!K23 -> GPON | F18: ='RESUMEN TOTAL'!S23 -> 0 | G18: ='RESUMEN TOTAL'!T23 -> 0 | H18: ='RESUMEN TOTAL'!U23 -> 0 | I18: ='RESUMEN TOTAL'!V23 -> 0 | J18: ='RESUMEN TOTAL'!W23 -> 0 | K18: ='RESUMEN TOTAL'!X23 -> 0 | L18: ='RESUMEN TOTAL'!Y23 -> 0 | M18: ='RESUMEN TOTAL'!Z23 -> 0 | ... AI18: ='RESUMEN TOTAL'!AV23 -> 0 | AJ18: ='RESUMEN TOTAL'!#REF! -> #REF!
A19: ='RESUMEN TOTAL'!F24 -> VILLA SAN LUIS | B19: ='RESUMEN TOTAL'!G24 -> VSL 02 | C19: ='RESUMEN TOTAL'!I24 -> 1355 Y 1314 | D19: ='RESUMEN TOTAL'!J24 -> DOMO | E19: ='RESUMEN TOTAL'!K24 -> GPON | F19: ='RESUMEN TOTAL'!S24 -> 0 | G19: ='RESUMEN TOTAL'!T24 -> 0 | H19: ='RESUMEN TOTAL'!U24 -> 0 | I19: ='RESUMEN TOTAL'!V24 -> 0 | J19: ='RESUMEN TOTAL'!W24 -> 0 | K19: ='RESUMEN TOTAL'!X24 -> 0 | L19: ='RESUMEN TOTAL'!Y24 -> 0 | M19: ='RESUMEN TOTAL'!Z24 -> 0 | ... AI19: ='RESUMEN TOTAL'!AV24 -> 0 | AJ19: ='RESUMEN TOTAL'!#REF! -> #REF!
A20: ='RESUMEN TOTAL'!F25 -> VILLA SAN LUIS | B20: ='RESUMEN TOTAL'!G25 -> VSL 01 | C20: ='RESUMEN TOTAL'!I25 -> AV. HUDSON Y CACHEUTA | D20: ='RESUMEN TOTAL'!J25 -> DOMO | E20: ='RESUMEN TOTAL'!K25 -> GPON | F20: ='RESUMEN TOTAL'!S25 -> 0 | G20: ='RESUMEN TOTAL'!T25 -> 0 | H20: ='RESUMEN TOTAL'!U25 -> 0 | I20: ='RESUMEN TOTAL'!V25 -> 0 | J20: ='RESUMEN TOTAL'!W25 -> 0 | K20: ='RESUMEN TOTAL'!X25 -> 0 | L20: ='RESUMEN TOTAL'!Y25 -> 0 | M20: ='RESUMEN TOTAL'!Z25 -> 0 | ... AI20: ='RESUMEN TOTAL'!AV25 -> 0 | AJ20: ='RESUMEN TOTAL'!#REF! -> #REF!
A21: ='RESUMEN TOTAL'!F26 -> VILLA MONICA VIEJA | B21: ='RESUMEN TOTAL'!G26 -> VMOV04 (fija 2) | C21: ='RESUMEN TOTAL'!I26 -> ROMA E/ HOLANDA Y CAFFERATA | D21: ='RESUMEN TOTAL'!J26 -> Fija | E21: ='RESUMEN TOTAL'!K26 -> Fibra Optica | F21: ='RESUMEN TOTAL'!S26 -> APAGADO | G21: ='RESUMEN TOTAL'!T26 -> 0 | H21: ='RESUMEN TOTAL'!U26 -> 0 | I21: ='RESUMEN TOTAL'!V26 -> 0 | J21: ='RESUMEN TOTAL'!W26 -> 0 | K21: ='RESUMEN TOTAL'!X26 -> 0 | L21: ='RESUMEN TOTAL'!Y26 -> 0 | M21: ='RESUMEN TOTAL'!Z26 -> 0 | ... AI21: ='RESUMEN TOTAL'!AV26 -> APAGADO | AJ21: ='RESUMEN TOTAL'!#REF! -> #REF!
A22: ='RESUMEN TOTAL'!F27 -> VILLA MONICA VIEJA | B22: ='RESUMEN TOTAL'!G27 -> VMOV01 (fija 1) | C22: ='RESUMEN TOTAL'!I27 -> ATENAS E/ CAFFERATA Y ALEMANIA | D22: ='RESUMEN TOTAL'!J27 -> Fija | E22: ='RESUMEN TOTAL'!K27 -> Fibra Optica | F22: ='RESUMEN TOTAL'!S27 -> APAGADO | G22: ='RESUMEN TOTAL'!T27 -> 0 | H22: ='RESUMEN TOTAL'!U27 -> 0 | I22: ='RESUMEN TOTAL'!V27 -> 0 | J22: ='RESUMEN TOTAL'!W27 -> 0 | K22: ='RESUMEN TOTAL'!X27 -> 0 | L22: ='RESUMEN TOTAL'!Y27 -> 0 | M22: ='RESUMEN TOTAL'!Z27 -> 0 | ... AI22: ='RESUMEN TOTAL'!AV27 -> APAGADO | AJ22: ='RESUMEN TOTAL'!#REF! -> #REF!
A23: ='RESUMEN TOTAL'!F28 -> VILLA MONICA VIEJA | B23: ='RESUMEN TOTAL'!G28 -> VMOV 03 (fija 1) | C23: ='RESUMEN TOTAL'!I28 -> ROMA E/ HOLANDA Y CAFFERATA | D23: ='RESUMEN TOTAL'!J28 -> Fija | E23: ='RESUMEN TOTAL'!K28 -> Fibra Optica | F23: ='RESUMEN TOTAL'!S28 -> APAGADO | G23: ='RESUMEN TOTAL'!T28 -> 0 | H23: ='RESUMEN TOTAL'!U28 -> 0 | I23: ='RESUMEN TOTAL'!V28 -> 0 | J23: ='RESUMEN TOTAL'!W28 -> 0 | K23: ='RESUMEN TOTAL'!X28 -> 0 | L23: ='RESUMEN TOTAL'!Y28 -> 0 | M23: ='RESUMEN TOTAL'!Z28 -> 0 | ... AI23: ='RESUMEN TOTAL'!AV28 -> APAGADO | AJ23: ='RESUMEN TOTAL'!#REF! -> #REF!
A24: ='RESUMEN TOTAL'!F29 -> VILLA MONICA VIEJA | B24: ='RESUMEN TOTAL'!G29 -> VMOV 02 (fija 2) | C24: ='RESUMEN TOTAL'!I29 -> ATENAS E/ CAFFERATA Y ALEMANIA | D24: ='RESUMEN TOTAL'!J29 -> Fija | E24: ='RESUMEN TOTAL'!K29 -> Fibra Optica | F24: ='RESUMEN TOTAL'!S29 -> APAGADO | G24: ='RESUMEN TOTAL'!T29 -> 0 | H24: ='RESUMEN TOTAL'!U29 -> 0 | I24: ='RESUMEN TOTAL'!V29 -> 0 | J24: ='RESUMEN TOTAL'!W29 -> 0 | K24: ='RESUMEN TOTAL'!X29 -> 0 | L24: ='RESUMEN TOTAL'!Y29 -> 0 | M24: ='RESUMEN TOTAL'!Z29 -> 0 | ... AI24: ='RESUMEN TOTAL'!AV29 -> APAGADO | AJ24: ='RESUMEN TOTAL'!#REF! -> #REF!
A25: ='RESUMEN TOTAL'!F48 -> VILLA DEL PLATA | B25: ='RESUMEN TOTAL'!G48 -> VDPL08 | C25: ='RESUMEN TOTAL'!I48 -> Tte. Gral Perón y Tunez | D25: ='RESUMEN TOTAL'!J48 -> DOMO | E25: ='RESUMEN TOTAL'!K48 -> GPON | F25: ='RESUMEN TOTAL'!S48 -> 0 | G25: ='RESUMEN TOTAL'!T48 -> 0 | H25: ='RESUMEN TOTAL'!U48 -> 0 | I25: ='RESUMEN TOTAL'!V48 -> 0 | J25: ='RESUMEN TOTAL'!W48 -> 0 | K25: ='RESUMEN TOTAL'!X48 -> 0 | L25: ='RESUMEN TOTAL'!Y48 -> 0 | M25: ='RESUMEN TOTAL'!Z48 -> 0 | ... AI25: ='RESUMEN TOTAL'!AV48 -> 0 | AJ25: ='RESUMEN TOTAL'!#REF! -> #REF!
A26: ='RESUMEN TOTAL'!F49 -> VILLA ANGELICA | B26: ='RESUMEN TOTAL'!G49 -> VDPL07 | C26: ='RESUMEN TOTAL'!I49 -> Berutti y Casares | D26: ='RESUMEN TOTAL'!J49 -> DOMO | E26: ='RESUMEN TOTAL'!K49 -> GPON | F26: ='RESUMEN TOTAL'!S49 -> 0 | G26: ='RESUMEN TOTAL'!T49 -> 0 | H26: ='RESUMEN TOTAL'!U49 -> 0 | I26: ='RESUMEN TOTAL'!V49 -> 0 | J26: ='RESUMEN TOTAL'!W49 -> 0 | K26: ='RESUMEN TOTAL'!X49 -> 0 | L26: ='RESUMEN TOTAL'!Y49 -> 0 | M26: ='RESUMEN TOTAL'!Z49 -> 0 | ... AI26: ='RESUMEN TOTAL'!AV49 -> APAGADO | AJ26: ='RESUMEN TOTAL'!#REF! -> #REF!
A27: ='RESUMEN TOTAL'!F50 -> VILLA ANGELICA | B27: ='RESUMEN TOTAL'!G50 -> VDPL06 | C27: ='RESUMEN TOTAL'!I50 -> Thevenet e/ Islas Orcadas y Gardel | D27: ='RESUMEN TOTAL'!J50 -> Domo | E27: ='RESUMEN TOTAL'!K50 -> GPON | F27: ='RESUMEN TOTAL'!S50 -> 0 | G27: ='RESUMEN TOTAL'!T50 -> 0 | H27: ='RESUMEN TOTAL'!U50 -> 0 | I27: ='RESUMEN TOTAL'!V50 -> 0 | J27: ='RESUMEN TOTAL'!W50 -> 0 | K27: ='RESUMEN TOTAL'!X50 -> 0 | L27: ='RESUMEN TOTAL'!Y50 -> 0 | M27: ='RESUMEN TOTAL'!Z50 -> 0 | ... AI27: ='RESUMEN TOTAL'!AV50 -> 0 | AJ27: ='RESUMEN TOTAL'!#REF! -> #REF!
A28: ='RESUMEN TOTAL'!F51 -> VILLA DEL PLATA | B28: ='RESUMEN TOTAL'!G51 -> VDPL05 | C28: ='RESUMEN TOTAL'!I51 -> Ruta 36 y Abraham | D28: ='RESUMEN TOTAL'!J51 -> Domo | E28: ='RESUMEN TOTAL'!K51 -> PTO A FO | F28: ='RESUMEN TOTAL'!S51 -> 0 | G28: ='RESUMEN TOTAL'!T51 -> 0 | H28: ='RESUMEN TOTAL'!U51 -> 0 | I28: ='RESUMEN TOTAL'!V51 -> 0 | J28: ='RESUMEN TOTAL'!W51 -> 0 | K28: ='RESUMEN TOTAL'!X51 -> 0 | L28: ='RESUMEN TOTAL'!Y51 -> 0 | M28: ='RESUMEN TOTAL'!Z51 -> 0 | ... AI28: ='RESUMEN TOTAL'!AV51 -> APAGADO | AJ28: ='RESUMEN TOTAL'!#REF! -> #REF!
A29: ='RESUMEN TOTAL'!F52 -> VILLA DEL PLATA | B29: ='RESUMEN TOTAL'!G52 -> VDPL04 | C29: ='RESUMEN TOTAL'!I52 -> Neuquen y Diagonal Guemes | D29: ='RESUMEN TOTAL'!J52 -> Domo | E29: ='RESUMEN TOTAL'!K52 -> GPON | F29: ='RESUMEN TOTAL'!S52 -> APAGADO | G29: ='RESUMEN TOTAL'!T52 -> 0 | H29: ='RESUMEN TOTAL'!U52 -> 0 | I29: ='RESUMEN TOTAL'!V52 -> 0 | J29: ='RESUMEN TOTAL'!W52 -> 0 | K29: ='RESUMEN TOTAL'!X52 -> APAGADO | L29: ='RESUMEN TOTAL'!Y52 -> APAGADO | M29: ='RESUMEN TOTAL'!Z52 -> APAGADO | ... AI29: ='RESUMEN TOTAL'!AV52 -> 0 | AJ29: ='RESUMEN TOTAL'!#REF! -> #REF!
A30: ='RESUMEN TOTAL'!F53 -> VILLA DEL PLATA | B30: ='RESUMEN TOTAL'!G53 -> VDPL03 | C30: ='RESUMEN TOTAL'!I53 -> Neuquen y Alvarado | D30: ='RESUMEN TOTAL'!J53 -> Domo | E30: ='RESUMEN TOTAL'!K53 -> GPON | F30: ='RESUMEN TOTAL'!S53 -> 0 | G30: ='RESUMEN TOTAL'!T53 -> 0 | H30: ='RESUMEN TOTAL'!U53 -> 0 | I30: ='RESUMEN TOTAL'!V53 -> 0 | J30: ='RESUMEN TOTAL'!W53 -> 0 | K30: ='RESUMEN TOTAL'!X53 -> 0 | L30: ='RESUMEN TOTAL'!Y53 -> 0 | M30: ='RESUMEN TOTAL'!Z53 -> 0 | ... AI30: ='RESUMEN TOTAL'!AV53 -> 0 | AJ30: ='RESUMEN TOTAL'!#REF! -> #REF!
A31: ='RESUMEN TOTAL'!F54 -> VILLA DEL PLATA | B31: ='RESUMEN TOTAL'!G54 -> VDPL02 | C31: ='RESUMEN TOTAL'!I54 -> Thevenet y Berutti | D31: ='RESUMEN TOTAL'!J54 -> Domo | E31: ='RESUMEN TOTAL'!K54 -> Fibra Optica | F31: ='RESUMEN TOTAL'!S54 -> 0 | G31: ='RESUMEN TOTAL'!T54 -> 0 | H31: ='RESUMEN TOTAL'!U54 -> 0 | I31: ='RESUMEN TOTAL'!V54 -> 0 | J31: ='RESUMEN TOTAL'!W54 -> 0 | K31: ='RESUMEN TOTAL'!X54 -> 0 | L31: ='RESUMEN TOTAL'!Y54 -> 0 | M31: ='RESUMEN TOTAL'!Z54 -> 0 | ... AI31: ='RESUMEN TOTAL'!AV54 -> 0 | AJ31: ='RESUMEN TOTAL'!#REF! -> #REF!
A32: ='RESUMEN TOTAL'!F55 -> VILLA DEL PLATA | B32: ='RESUMEN TOTAL'!G55 -> VDPL01 | C32: ='RESUMEN TOTAL'!I55 -> Abrahan y Delgado | D32: ='RESUMEN TOTAL'!J55 -> DOMO | E32: ='RESUMEN TOTAL'!K55 -> GPON | F32: ='RESUMEN TOTAL'!S55 -> APAGADO | G32: ='RESUMEN TOTAL'!T55 -> 0 | H32: ='RESUMEN TOTAL'!U55 -> 0 | I32: ='RESUMEN TOTAL'!V55 -> 0 | J32: ='RESUMEN TOTAL'!W55 -> 0 | K32: ='RESUMEN TOTAL'!X55 -> APAGADO | L32: ='RESUMEN TOTAL'!Y55 -> APAGADO | M32: ='RESUMEN TOTAL'!Z55 -> APAGADO | ... AI32: ='RESUMEN TOTAL'!AV55 -> 0 | AJ32: ='RESUMEN TOTAL'!#REF! -> #REF!
A33: ='RESUMEN TOTAL'!F56 -> VILLA CIRIO | B33: ='RESUMEN TOTAL'!G56 -> VCIR01 | C33: ='RESUMEN TOTAL'!I56 -> San Martin e Yrigoyen | D33: ='RESUMEN TOTAL'!J56 -> FIJA | E33: ='RESUMEN TOTAL'!K56 -> Fibra Optica | F33: ='RESUMEN TOTAL'!S56 -> 0 | G33: ='RESUMEN TOTAL'!T56 -> 0 | H33: ='RESUMEN TOTAL'!U56 -> 0 | I33: ='RESUMEN TOTAL'!V56 -> 0 | J33: ='RESUMEN TOTAL'!W56 -> 0 | K33: ='RESUMEN TOTAL'!X56 -> 0 | L33: ='RESUMEN TOTAL'!Y56 -> 0 | M33: ='RESUMEN TOTAL'!Z56 -> 0 | ... AI33: ='RESUMEN TOTAL'!AV56 -> APAGADO | AJ33: ='RESUMEN TOTAL'!#REF! -> #REF!
A34: ='RESUMEN TOTAL'!F57 -> VILLA AURORA | B34: ='RESUMEN TOTAL'!G57 -> VAU08 | C34: ='RESUMEN TOTAL'!I57 -> MONTEVERDE Y WASHINGTON | D34: ='RESUMEN TOTAL'!J57 -> DOMO | E34: ='RESUMEN TOTAL'!K57 -> Fibra Optica | F34: ='RESUMEN TOTAL'!S57 -> 0 | G34: ='RESUMEN TOTAL'!T57 -> 0 | H34: ='RESUMEN TOTAL'!U57 -> 0 | I34: ='RESUMEN TOTAL'!V57 -> 0 | J34: ='RESUMEN TOTAL'!W57 -> 0 | K34: ='RESUMEN TOTAL'!X57 -> 0 | L34: ='RESUMEN TOTAL'!Y57 -> 0 | M34: ='RESUMEN TOTAL'!Z57 -> 0 | ... AI34: ='RESUMEN TOTAL'!AV57 -> 0 | AJ34: ='RESUMEN TOTAL'!#REF! -> #REF!
A35: ='RESUMEN TOTAL'!F58 -> VILLA AURORA | B35: ='RESUMEN TOTAL'!G58 -> VAU06 (fija 2) | C35: ='RESUMEN TOTAL'!I58 -> GUIDO SPANO Y VICTORINO DE LA PLAZA | D35: ='RESUMEN TOTAL'!J58 -> Fija | E35: ='RESUMEN TOTAL'!K58 -> Fibra Optica | F35: ='RESUMEN TOTAL'!S58 -> 0 | G35: ='RESUMEN TOTAL'!T58 -> 0 | H35: ='RESUMEN TOTAL'!U58 -> 0 | I35: ='RESUMEN TOTAL'!V58 -> 0 | J35: ='RESUMEN TOTAL'!W58 -> 0 | K35: ='RESUMEN TOTAL'!X58 -> 0 | L35: ='RESUMEN TOTAL'!Y58 -> 0 | M35: ='RESUMEN TOTAL'!Z58 -> 0 | ... AI35: ='RESUMEN TOTAL'!AV58 -> 0 | AJ35: ='RESUMEN TOTAL'!#REF! -> #REF!
A36: ='RESUMEN TOTAL'!F59 -> VILLA AURORA | B36: ='RESUMEN TOTAL'!G59 -> VAU05 (fija 1) | C36: ='RESUMEN TOTAL'!I59 -> GUIDO SPANO Y VICTORINO DE LA PLAZA | D36: ='RESUMEN TOTAL'!J59 -> Fija | E36: ='RESUMEN TOTAL'!K59 -> Fibra Optica | F36: ='RESUMEN TOTAL'!S59 -> 0 | G36: ='RESUMEN TOTAL'!T59 -> 0 | H36: ='RESUMEN TOTAL'!U59 -> 0 | I36: ='RESUMEN TOTAL'!V59 -> 0 | J36: ='RESUMEN TOTAL'!W59 -> 0 | K36: ='RESUMEN TOTAL'!X59 -> 0 | L36: ='RESUMEN TOTAL'!Y59 -> 0 | M36: ='RESUMEN TOTAL'!Z59 -> 0 | ... AI36: ='RESUMEN TOTAL'!AV59 -> 0 | AJ36: ='RESUMEN TOTAL'!#REF! -> #REF!
... A71: ='RESUMEN TOTAL'!F94 -> VILLA VATTEONE | B71: ='RESUMEN TOTAL'!G94 -> VAT 15 | C71: ='RESUMEN TOTAL'!I94 -> CORRIENTES Y VICENTE LOPEZ | D71: ='RESUMEN TOTAL'!J94 -> DOMO | E71: ='RESUMEN TOTAL'!K94 -> PTO A FO | F71: ='RESUMEN TOTAL'!S94 -> 0 | G71: ='RESUMEN TOTAL'!T94 -> 0 | H71: ='RESUMEN TOTAL'!U94 -> 0 | I71: ='RESUMEN TOTAL'!V94 -> 0 | J71: ='RESUMEN TOTAL'!W94 -> 0 | K71: ='RESUMEN TOTAL'!X94 -> 0 | L71: ='RESUMEN TOTAL'!Y94 -> 0 | M71: ='RESUMEN TOTAL'!Z94 -> 0 | ... AI71: ='RESUMEN TOTAL'!AV94 -> 0 | AJ71: ='RESUMEN TOTAL'!#REF! -> #REF!
A72: ='RESUMEN TOTAL'!F95 -> VILLA VATTEONE | B72: ='RESUMEN TOTAL'!G95 -> VAT 14 | C72: ='RESUMEN TOTAL'!I95 -> FLORIDA Y MONTEVIDEO | D72: ='RESUMEN TOTAL'!J95 -> DOMO | E72: ='RESUMEN TOTAL'!K95 -> Fibra Optica | F72: ='RESUMEN TOTAL'!S95 -> APAGADO | G72: ='RESUMEN TOTAL'!T95 -> 0 | H72: ='RESUMEN TOTAL'!U95 -> 0 | I72: ='RESUMEN TOTAL'!V95 -> 0 | J72: ='RESUMEN TOTAL'!W95 -> 0 | K72: ='RESUMEN TOTAL'!X95 -> APAGADO | L72: ='RESUMEN TOTAL'!Y95 -> APAGADO | M72: ='RESUMEN TOTAL'!Z95 -> APAGADO | ... Z72: ='RESUMEN TOTAL'!AM95 -> 0 | AA72: ='RESUMEN TOTAL'!#REF! -> #REF! | AB72: ='RESUMEN TOTAL'!AO95 -> 0 | AC72: ='RESUMEN TOTAL'!AP95 -> 0 | AD72: ='RESUMEN TOTAL'!AQ95 -> 0 | AE72: ='RESUMEN TOTAL'!AR95 -> 0 | AF72: ='RESUMEN TOTAL'!AS95 -> APAGADO | AG72: ='RESUMEN TOTAL'!AT95 -> APAGADO | AH72: ='RESUMEN TOTAL'!AU95 -> APAGADO | AI72: ='RESUMEN TOTAL'!AV95 -> APAGADO | AJ72: ='RESUMEN TOTAL'!#REF! -> #REF!
A73: ='RESUMEN TOTAL'!F96 -> VILLA VATTEONE CENTRO | B73: ='RESUMEN TOTAL'!G96 -> VAT 10 | C73: ='RESUMEN TOTAL'!I96 -> Belgrano y Quintana | D73: ='RESUMEN TOTAL'!J96 -> Domo | E73: ='RESUMEN TOTAL'!K96 -> Fibra Optica | F73: ='RESUMEN TOTAL'!S96 -> 0 | G73: ='RESUMEN TOTAL'!T96 -> 0 | H73: ='RESUMEN TOTAL'!U96 -> 0 | I73: ='RESUMEN TOTAL'!V96 -> 0 | J73: ='RESUMEN TOTAL'!W96 -> 0 | K73: ='RESUMEN TOTAL'!X96 -> 0 | L73: ='RESUMEN TOTAL'!Y96 -> 0 | M73: ='RESUMEN TOTAL'!Z96 -> 0 | ... AI73: ='RESUMEN TOTAL'!AV96 -> 0 | AJ73: ='RESUMEN TOTAL'!#REF! -> #REF!
A74: ='RESUMEN TOTAL'!F97 -> VILLA ARGENTINA | B74: ='RESUMEN TOTAL'!G97 -> VAR14 | C74: ='RESUMEN TOTAL'!I97 -> Pportela y 517 | D74: ='RESUMEN TOTAL'!J97 -> Domo | E74: ='RESUMEN TOTAL'!K97 -> Fibra Optica | F74: ='RESUMEN TOTAL'!S97 -> 0 | G74: ='RESUMEN TOTAL'!T97 -> 0 | H74: ='RESUMEN TOTAL'!U97 -> 0 | I74: ='RESUMEN TOTAL'!V97 -> 0 | J74: ='RESUMEN TOTAL'!W97 -> 0 | K74: ='RESUMEN TOTAL'!X97 -> 0 | L74: ='RESUMEN TOTAL'!Y97 -> 0 | M74: ='RESUMEN TOTAL'!Z97 -> 0 | ... AI74: ='RESUMEN TOTAL'!AV97 -> 0 | AJ74: ='RESUMEN TOTAL'!#REF! -> #REF!
A75: ='RESUMEN TOTAL'!F98 -> VILLA ARGENTINA | B75: ='RESUMEN TOTAL'!G98 -> VAR13 | C75: ='RESUMEN TOTAL'!I98 -> Calle 527 y 532 | D75: ='RESUMEN TOTAL'!J98 -> Domo | E75: ='RESUMEN TOTAL'!K98 -> Fibra Optica | F75: ='RESUMEN TOTAL'!S98 -> 0 | G75: ='RESUMEN TOTAL'!T98 -> 0 | H75: ='RESUMEN TOTAL'!U98 -> 0 | I75: ='RESUMEN TOTAL'!V98 -> 0 | J75: ='RESUMEN TOTAL'!W98 -> 0 | K75: ='RESUMEN TOTAL'!X98 -> 0 | L75: ='RESUMEN TOTAL'!Y98 -> 0 | M75: ='RESUMEN TOTAL'!Z98 -> 0 | ... AI75: ='RESUMEN TOTAL'!AV98 -> 0 | AJ75: ='RESUMEN TOTAL'!#REF! -> #REF!
A76: ='RESUMEN TOTAL'!F99 -> VILLA ARGENTINA | B76: ='RESUMEN TOTAL'!G99 -> VAR12 | C76: ='RESUMEN TOTAL'!I99 -> Calle 527 y Portela | D76: ='RESUMEN TOTAL'!J99 -> Domo | E76: ='RESUMEN TOTAL'!K99 -> Fibra Optica | F76: ='RESUMEN TOTAL'!S99 -> 0 | G76: ='RESUMEN TOTAL'!T99 -> 0 | H76: ='RESUMEN TOTAL'!U99 -> 0 | I76: ='RESUMEN TOTAL'!V99 -> 0 | J76: ='RESUMEN TOTAL'!W99 -> 0 | K76: ='RESUMEN TOTAL'!X99 -> 0 | L76: ='RESUMEN TOTAL'!Y99 -> 0 | M76: ='RESUMEN TOTAL'!Z99 -> APAGADO | ... AI76: ='RESUMEN TOTAL'!AV99 -> 0 | AJ76: ='RESUMEN TOTAL'!#REF! -> #REF!
A77: ='RESUMEN TOTAL'!F100 -> VILLA ARGENTINA | B77: ='RESUMEN TOTAL'!G100 -> VAR11 (fija 2) | C77: ='RESUMEN TOTAL'!I100 -> 532 A Y 523 | D77: ='RESUMEN TOTAL'!J100 -> Fija | E77: ='RESUMEN TOTAL'!K100 -> Fibra Optica | F77: ='RESUMEN TOTAL'!S100 -> 0 | G77: ='RESUMEN TOTAL'!T100 -> 0 | H77: ='RESUMEN TOTAL'!U100 -> 0 | I77: ='RESUMEN TOTAL'!V100 -> 0 | J77: ='RESUMEN TOTAL'!W100 -> 0 | K77: ='RESUMEN TOTAL'!X100 -> 0 | L77: ='RESUMEN TOTAL'!Y100 -> 0 | M77: ='RESUMEN TOTAL'!Z100 -> 0 | ... AI77: ='RESUMEN TOTAL'!AV100 -> 0 | AJ77: ='RESUMEN TOTAL'!#REF! -> #REF!
A78: ='RESUMEN TOTAL'!F101 -> VILLA ARGENTINA | B78: ='RESUMEN TOTAL'!G101 -> VAR10 (fija 1) | C78: ='RESUMEN TOTAL'!I101 -> 532 A Y 523 | D78: ='RESUMEN TOTAL'!J101 -> Fija | E78: ='RESUMEN TOTAL'!K101 -> Fibra Optica | F78: ='RESUMEN TOTAL'!S101 -> 0 | G78: ='RESUMEN TOTAL'!T101 -> 0 | H78: ='RESUMEN TOTAL'!U101 -> 0 | I78: ='RESUMEN TOTAL'!V101 -> 0 | J78: ='RESUMEN TOTAL'!W101 -> 0 | K78: ='RESUMEN TOTAL'!X101 -> 0 | L78: ='RESUMEN TOTAL'!Y101 -> 0 | M78: ='RESUMEN TOTAL'!Z101 -> 0 | ... AI78: ='RESUMEN TOTAL'!AV101 -> 0 | AJ78: ='RESUMEN TOTAL'!#REF! -> #REF!
A79: ='RESUMEN TOTAL'!F102 -> VILLA ARGENTINA | B79: ='RESUMEN TOTAL'!G102 -> VAR07 | C79: ='RESUMEN TOTAL'!I102 -> DIAG. LOS TILOS Y 517 | D79: ='RESUMEN TOTAL'!J102 -> DOMO | E79: ='RESUMEN TOTAL'!K102 -> Fibra Optica | F79: ='RESUMEN TOTAL'!S102 -> 0 | G79: ='RESUMEN TOTAL'!T102 -> 0 | H79: ='RESUMEN TOTAL'!U102 -> 0 | I79: ='RESUMEN TOTAL'!V102 -> 0 | J79: ='RESUMEN TOTAL'!W102 -> 0 | K79: ='RESUMEN TOTAL'!X102 -> 0 | L79: ='RESUMEN TOTAL'!Y102 -> 0 | M79: ='RESUMEN TOTAL'!Z102 -> 0 | ... AI79: ='RESUMEN TOTAL'!AV102 -> APAGADO | AJ79: ='RESUMEN TOTAL'!#REF! -> #REF!
A80: ='RESUMEN TOTAL'!F103 -> VILLA ARGENTINA | B80: ='RESUMEN TOTAL'!G103 -> VAR06 (fija 2) | C80: ='RESUMEN TOTAL'!I103 -> 511 E/ 544 Y 546 | D80: ='RESUMEN TOTAL'!J103 -> Fija | E80: ='RESUMEN TOTAL'!K103 -> Radio | F80: ='RESUMEN TOTAL'!S103 -> APAGADO | G80: ='RESUMEN TOTAL'!T103 -> 0 | H80: ='RESUMEN TOTAL'!U103 -> 0 | I80: ='RESUMEN TOTAL'!V103 -> 0 | J80: ='RESUMEN TOTAL'!W103 -> 0 | K80: ='RESUMEN TOTAL'!X103 -> 0 | L80: ='RESUMEN TOTAL'!Y103 -> 0 | M80: ='RESUMEN TOTAL'!Z103 -> 0 | ... AI80: ='RESUMEN TOTAL'!AV103 -> 0 | AJ80: ='RESUMEN TOTAL'!#REF! -> #REF!
A81: ='RESUMEN TOTAL'!F104 -> VILLA ARGENTINA | B81: ='RESUMEN TOTAL'!G104 -> VAR05 (fija 1) | C81: ='RESUMEN TOTAL'!I104 -> 511 E/ 544 Y 546 | D81: ='RESUMEN TOTAL'!J104 -> Fija | E81: ='RESUMEN TOTAL'!K104 -> Radio | F81: ='RESUMEN TOTAL'!S104 -> APAGADO | G81: ='RESUMEN TOTAL'!T104 -> 0 | H81: ='RESUMEN TOTAL'!U104 -> 0 | I81: ='RESUMEN TOTAL'!V104 -> 0 | J81: ='RESUMEN TOTAL'!W104 -> 0 | K81: ='RESUMEN TOTAL'!X104 -> 0 | L81: ='RESUMEN TOTAL'!Y104 -> 0 | M81: ='RESUMEN TOTAL'!Z104 -> 0 | ... AI81: ='RESUMEN TOTAL'!AV104 -> 0 | AJ81: ='RESUMEN TOTAL'!#REF! -> #REF!
A82: ='RESUMEN TOTAL'!F105 -> VILLA ARGENTINA | B82: ='RESUMEN TOTAL'!G105 -> VAR04 (fija 2) | C82: ='RESUMEN TOTAL'!I105 -> 509 y 546 | D82: ='RESUMEN TOTAL'!J105 -> Fija | E82: ='RESUMEN TOTAL'!K105 -> Radio | F82: ='RESUMEN TOTAL'!S105 -> APAGADO | G82: ='RESUMEN TOTAL'!T105 -> 0 | H82: ='RESUMEN TOTAL'!U105 -> 0 | I82: ='RESUMEN TOTAL'!V105 -> 0 | J82: ='RESUMEN TOTAL'!W105 -> 0 | K82: ='RESUMEN TOTAL'!X105 -> 0 | L82: ='RESUMEN TOTAL'!Y105 -> 0 | M82: ='RESUMEN TOTAL'!Z105 -> 0 | ... AI82: ='RESUMEN TOTAL'!AV105 -> 0 | AJ82: ='RESUMEN TOTAL'!#REF! -> #REF!
A83: ='RESUMEN TOTAL'!F106 -> VILLA ARGENTINA | B83: ='RESUMEN TOTAL'!G106 -> VAR03 (fija 1) | C83: ='RESUMEN TOTAL'!I106 -> 509 y 546 | D83: ='RESUMEN TOTAL'!J106 -> Fija | E83: ='RESUMEN TOTAL'!K106 -> Radio | F83: ='RESUMEN TOTAL'!S106 -> APAGADO | G83: ='RESUMEN TOTAL'!T106 -> 0 | H83: ='RESUMEN TOTAL'!U106 -> 0 | I83: ='RESUMEN TOTAL'!V106 -> 0 | J83: ='RESUMEN TOTAL'!W106 -> 0 | K83: ='RESUMEN TOTAL'!X106 -> 0 | L83: ='RESUMEN TOTAL'!Y106 -> 0 | M83: ='RESUMEN TOTAL'!Z106 -> 0 | ... AI83: ='RESUMEN TOTAL'!AV106 -> 0 | AJ83: ='RESUMEN TOTAL'!#REF! -> #REF!
A84: ='RESUMEN TOTAL'!F107 -> VILLA ARGENTINA | B84: ='RESUMEN TOTAL'!G107 -> VAR 09 (fija 2) | C84: ='RESUMEN TOTAL'!I107 -> 534 Y 523 | D84: ='RESUMEN TOTAL'!J107 -> Fija | E84: ='RESUMEN TOTAL'!K107 -> Fibra Optica | F84: ='RESUMEN TOTAL'!S107 -> 0 | G84: ='RESUMEN TOTAL'!T107 -> 0 | H84: ='RESUMEN TOTAL'!U107 -> 0 | I84: ='RESUMEN TOTAL'!V107 -> 0 | J84: ='RESUMEN TOTAL'!W107 -> 0 | K84: ='RESUMEN TOTAL'!X107 -> 0 | L84: ='RESUMEN TOTAL'!Y107 -> 0 | M84: ='RESUMEN TOTAL'!Z107 -> 0 | ... AI84: ='RESUMEN TOTAL'!AV107 -> 0 | AJ84: ='RESUMEN TOTAL'!#REF! -> #REF!
... A97: ='RESUMEN TOTAL'!F120 -> VILLA ANGELICA | B97: ='RESUMEN TOTAL'!G120 -> VANG11 | C97: ='RESUMEN TOTAL'!I120 -> Senzabello y Braile | D97: ='RESUMEN TOTAL'!J120 -> fija | E97: ='RESUMEN TOTAL'!K120 -> Fibra Optica | F97: ='RESUMEN TOTAL'!S120 -> 0 | G97: ='RESUMEN TOTAL'!T120 -> 0 | H97: ='RESUMEN TOTAL'!U120 -> 0 | I97: ='RESUMEN TOTAL'!V120 -> 0 | J97: ='RESUMEN TOTAL'!W120 -> 0 | K97: ='RESUMEN TOTAL'!X120 -> 0 | L97: ='RESUMEN TOTAL'!Y120 -> 0 | M97: ='RESUMEN TOTAL'!Z120 -> 0 | ... AI97: ='RESUMEN TOTAL'!AV120 -> 0 | AJ97: ='RESUMEN TOTAL'!#REF! -> #REF!
A98: ='RESUMEN TOTAL'!F121 -> VILLA ANGELICA | B98: ='RESUMEN TOTAL'!G121 -> VANG10 | C98: ='RESUMEN TOTAL'!I121 -> Senzabello y Braile | D98: ='RESUMEN TOTAL'!J121 -> fija | E98: ='RESUMEN TOTAL'!K121 -> GPON | F98: ='RESUMEN TOTAL'!S121 -> 0 | G98: ='RESUMEN TOTAL'!T121 -> 0 | H98: ='RESUMEN TOTAL'!U121 -> 0 | I98: ='RESUMEN TOTAL'!V121 -> 0 | J98: ='RESUMEN TOTAL'!W121 -> 0 | K98: ='RESUMEN TOTAL'!X121 -> 0 | L98: ='RESUMEN TOTAL'!Y121 -> 0 | M98: ='RESUMEN TOTAL'!Z121 -> 0 | N98: ='RESUMEN TOTAL'!AA121 -> 0 | O98: ='RESUMEN TOTAL'!AB122 -> 0 | P98: ='RESUMEN TOTAL'!AC121 -> 0 | Q98: ='RESUMEN TOTAL'!AD121 -> 0 | R98: ='RESUMEN TOTAL'!AE121 -> 0 | S98: ='RESUMEN TOTAL'!AF121 -> APAGADO | T98: ='RESUMEN TOTAL'!AG121 -> 0 | U98: ='RESUMEN TOTAL'!AH121 -> 0 | V98: ='RESUMEN TOTAL'!AI121 -> 0 | W98: ='RESUMEN TOTAL'!AJ121 -> 0 | ... AI98: ='RESUMEN TOTAL'!AV121 -> 0 | AJ98: ='RESUMEN TOTAL'!#REF! -> #REF!
A99: ='RESUMEN TOTAL'!F122 -> VILLA ANGELICA | B99: ='RESUMEN TOTAL'!G122 -> VANG08 | C99: ='RESUMEN TOTAL'!I122 -> Calle 158 al 2200 | D99: ='RESUMEN TOTAL'!J122 -> Domo | E99: ='RESUMEN TOTAL'!K122 -> PTO A FO | F99: ='RESUMEN TOTAL'!S122 -> APAGADO | G99: ='RESUMEN TOTAL'!T122 -> 0 | H99: ='RESUMEN TOTAL'!U122 -> 0 | I99: ='RESUMEN TOTAL'!V122 -> 0 | J99: ='RESUMEN TOTAL'!W122 -> 0 | K99: ='RESUMEN TOTAL'!X122 -> APAGADO | L99: ='RESUMEN TOTAL'!Y122 -> APAGADO | M99: ='RESUMEN TOTAL'!Z122 -> APAGADO | N99: ='RESUMEN TOTAL'!AA122 -> 0 | O99: ='RESUMEN TOTAL'!#REF! -> #REF! | P99: ='RESUMEN TOTAL'!AC122 -> 0 | Q99: ='RESUMEN TOTAL'!AD122 -> 0 | R99: ='RESUMEN TOTAL'!AE122 -> APAGADO | S99: ='RESUMEN TOTAL'!AF122 -> APAGADO | T99: ='RESUMEN TOTAL'!AG122 -> APAGADO | U99: ='RESUMEN TOTAL'!AH122 -> APAGADO | V99: ='RESUMEN TOTAL'!AI122 -> APAGADO | W99: ='RESUMEN TOTAL'!AJ122 -> 0 | ... AI99: ='RESUMEN TOTAL'!AV122 -> APAGADO | AJ99: ='RESUMEN TOTAL'!#REF! -> #REF!
A100: ='RESUMEN TOTAL'!F123 -> VILLA ANGELICA | B100: ='RESUMEN TOTAL'!G123 -> VANG07 | C100: ='RESUMEN TOTAL'!I123 -> Arenales y Thevenet | D100: ='RESUMEN TOTAL'!J123 -> Domo | E100: ='RESUMEN TOTAL'!K123 -> GPON | F100: ='RESUMEN TOTAL'!S123 -> 0 | G100: ='RESUMEN TOTAL'!T123 -> 0 | H100: ='RESUMEN TOTAL'!U123 -> 0 | I100: ='RESUMEN TOTAL'!V123 -> 0 | J100: ='RESUMEN TOTAL'!W123 -> 0 | K100: ='RESUMEN TOTAL'!X123 -> 0 | L100: ='RESUMEN TOTAL'!Y123 -> 0 | M100: ='RESUMEN TOTAL'!Z123 -> 0 | ... AI100: ='RESUMEN TOTAL'!AV123 -> 0 | AJ100: ='RESUMEN TOTAL'!#REF! -> #REF!
A101: ='RESUMEN TOTAL'!F124 -> VILLA ANGELICA | B101: ='RESUMEN TOTAL'!G124 -> VANG06 | C101: ='RESUMEN TOTAL'!I124 -> Arenales e/Thevenet y Calle 158 | D101: ='RESUMEN TOTAL'!J124 -> DOMO | E101: ='RESUMEN TOTAL'!K124 -> GPON | F101: ='RESUMEN TOTAL'!S124 -> 0 | G101: ='RESUMEN TOTAL'!T124 -> 0 | H101: ='RESUMEN TOTAL'!U124 -> 0 | I101: ='RESUMEN TOTAL'!V124 -> 0 | J101: ='RESUMEN TOTAL'!W124 -> 0 | K101: ='RESUMEN TOTAL'!X124 -> 0 | L101: ='RESUMEN TOTAL'!Y124 -> 0 | M101: ='RESUMEN TOTAL'!Z124 -> 0 | ... AI101: ='RESUMEN TOTAL'!AV124 -> 0 | AJ101: ='RESUMEN TOTAL'!#REF! -> #REF!
A102: ='RESUMEN TOTAL'!F125 -> VILLA ANGELICA | B102: ='RESUMEN TOTAL'!G125 -> VANG05 | C102: ='RESUMEN TOTAL'!I125 -> Storni y Thevenet | D102: ='RESUMEN TOTAL'!J125 -> Domo | E102: ='RESUMEN TOTAL'!K125 -> Fibra Optica | F102: ='RESUMEN TOTAL'!S125 -> 0 | G102: ='RESUMEN TOTAL'!T125 -> 0 | H102: ='RESUMEN TOTAL'!U125 -> 0 | I102: ='RESUMEN TOTAL'!V125 -> 0 | J102: ='RESUMEN TOTAL'!W125 -> 0 | K102: ='RESUMEN TOTAL'!X125 -> 0 | L102: ='RESUMEN TOTAL'!Y125 -> 0 | M102: ='RESUMEN TOTAL'!Z125 -> 0 | ... AI102: ='RESUMEN TOTAL'!AV125 -> 0 | AJ102: ='RESUMEN TOTAL'!#REF! -> #REF!
A103: ='RESUMEN TOTAL'!F126 -> VILLA ANGELICA | B103: ='RESUMEN TOTAL'!G126 -> VANG04 | C103: ='RESUMEN TOTAL'!I126 -> Storni e/Thevenet y Calle 158 | D103: ='RESUMEN TOTAL'!J126 -> DOMO | E103: ='RESUMEN TOTAL'!K126 -> Fibra Optica | F103: ='RESUMEN TOTAL'!S126 -> 0 | G103: ='RESUMEN TOTAL'!T126 -> 0 | H103: ='RESUMEN TOTAL'!U126 -> 0 | I103: ='RESUMEN TOTAL'!V126 -> 0 | J103: ='RESUMEN TOTAL'!W126 -> 0 | K103: ='RESUMEN TOTAL'!X126 -> 0 | L103: ='RESUMEN TOTAL'!Y126 -> 0 | M103: ='RESUMEN TOTAL'!Z126 -> 0 | ... AI103: ='RESUMEN TOTAL'!AV126 -> 0 | AJ103: ='RESUMEN TOTAL'!#REF! -> #REF!
A104: ='RESUMEN TOTAL'!F127 -> VILLA DEL PLATA | B104: ='RESUMEN TOTAL'!G127 -> VANG03 | C104: ='RESUMEN TOTAL'!I127 -> Thevenet 1950 | D104: ='RESUMEN TOTAL'!J127 -> Domo | E104: ='RESUMEN TOTAL'!K127 -> Fibra Optica | F104: ='RESUMEN TOTAL'!S127 -> 0 | G104: ='RESUMEN TOTAL'!T127 -> 0 | H104: ='RESUMEN TOTAL'!U127 -> 0 | I104: ='RESUMEN TOTAL'!V127 -> 0 | J104: ='RESUMEN TOTAL'!W127 -> 0 | K104: ='RESUMEN TOTAL'!X127 -> 0 | L104: ='RESUMEN TOTAL'!Y127 -> 0 | M104: ='RESUMEN TOTAL'!Z127 -> 0 | ... AI104: ='RESUMEN TOTAL'!AV127 -> 0 | AJ104: ='RESUMEN TOTAL'!#REF! -> #REF!
A105: ='RESUMEN TOTAL'!F128 -> VILLA ANGELICA | B105: ='RESUMEN TOTAL'!G128 -> VANG02 | C105: ='RESUMEN TOTAL'!I128 -> Thevenet y Ruta 36 | D105: ='RESUMEN TOTAL'!J128 -> Domo | E105: ='RESUMEN TOTAL'!K128 -> Fibra Optica | F105: ='RESUMEN TOTAL'!S128 -> 0 | G105: ='RESUMEN TOTAL'!T128 -> 0 | H105: ='RESUMEN TOTAL'!U128 -> 0 | I105: ='RESUMEN TOTAL'!V128 -> 0 | J105: ='RESUMEN TOTAL'!W128 -> 0 | K105: ='RESUMEN TOTAL'!X128 -> 0 | L105: ='RESUMEN TOTAL'!Y128 -> 0 | M105: ='RESUMEN TOTAL'!Z128 -> 0 | ... AI105: ='RESUMEN TOTAL'!AV128 -> 0 | AJ105: ='RESUMEN TOTAL'!#REF! -> #REF!
A106: ='RESUMEN TOTAL'!F129 -> VILLA ANGELICA | B106: ='RESUMEN TOTAL'!G129 -> VANG01 | C106: ='RESUMEN TOTAL'!I129 -> SENZABELLO Y REMDIOS DE ESCALADA | D106: ='RESUMEN TOTAL'!J129 -> Domo | E106: ='RESUMEN TOTAL'!K129 -> PTO A FO | F106: ='RESUMEN TOTAL'!S129 -> 0 | G106: ='RESUMEN TOTAL'!T129 -> 0 | H106: ='RESUMEN TOTAL'!U129 -> 0 | I106: ='RESUMEN TOTAL'!V129 -> 0 | J106: ='RESUMEN TOTAL'!W129 -> 0 | K106: ='RESUMEN TOTAL'!X129 -> 0 | L106: ='RESUMEN TOTAL'!Y129 -> 0 | M106: ='RESUMEN TOTAL'!Z129 -> 0 | ... AI106: ='RESUMEN TOTAL'!AV129 -> APAGADO | AJ106: ='RESUMEN TOTAL'!#REF! -> #REF!
A107: ='RESUMEN TOTAL'!F130 -> PRESIDENTE SARMIENTO | B107: ='RESUMEN TOTAL'!G130 -> VANG 09 | C107: ='RESUMEN TOTAL'!I130 -> Ruta 36 y Senzabello | D107: ='RESUMEN TOTAL'!J130 -> Domo | E107: ='RESUMEN TOTAL'!K130 -> PTO A FO | F107: ='RESUMEN TOTAL'!S130 -> 0 | G107: ='RESUMEN TOTAL'!T130 -> 0 | H107: ='RESUMEN TOTAL'!U130 -> 0 | I107: ='RESUMEN TOTAL'!V130 -> 0 | J107: ='RESUMEN TOTAL'!W130 -> 0 | K107: ='RESUMEN TOTAL'!X130 -> 0 | L107: ='RESUMEN TOTAL'!Y130 -> 0 | M107: ='RESUMEN TOTAL'!Z130 -> 0 | ... AI107: ='RESUMEN TOTAL'!AV130 -> APAGADO | AJ107: ='RESUMEN TOTAL'!#REF! -> #REF!
A108: ='RESUMEN TOTAL'!F131 -> 0 | B108: ='RESUMEN TOTAL'!G131 -> TDM01 | C108: ='RESUMEN TOTAL'!I131 -> El malambo y (417) La Tranquera | D108: ='RESUMEN TOTAL'!J131 -> Fija | E108: ='RESUMEN TOTAL'!K131 -> GPON | F108: ='RESUMEN TOTAL'!S131 -> APAGADO | G108: ='RESUMEN TOTAL'!T131 -> 0 | H108: ='RESUMEN TOTAL'!U131 -> 0 | I108: ='RESUMEN TOTAL'!V131 -> 0 | J108: ='RESUMEN TOTAL'!W131 -> 0 | K108: ='RESUMEN TOTAL'!X131 -> APAGADO | L108: ='RESUMEN TOTAL'!Y131 -> APAGADO | M108: ='RESUMEN TOTAL'!Z131 -> APAGADO | ... AI108: ='RESUMEN TOTAL'!AV131 -> APAGADO | AJ108: ='RESUMEN TOTAL'!#REF! -> #REF!
A109: ='RESUMEN TOTAL'!F132 -> SANTO TOMAS | B109: ='RESUMEN TOTAL'!G132 -> STO01 | C109: ='RESUMEN TOTAL'!I132 -> Tte. Gral Perón y La Paz | D109: ='RESUMEN TOTAL'!J132 -> DOMO | E109: ='RESUMEN TOTAL'!K132 -> GPON | F109: ='RESUMEN TOTAL'!S132 -> APAGADO | G109: ='RESUMEN TOTAL'!T132 -> 0 | H109: ='RESUMEN TOTAL'!U132 -> 0 | I109: ='RESUMEN TOTAL'!V132 -> 0 | J109: ='RESUMEN TOTAL'!W132 -> 0 | K109: ='RESUMEN TOTAL'!X132 -> APAGADO | L109: ='RESUMEN TOTAL'!Y132 -> APAGADO | M109: ='RESUMEN TOTAL'!Z132 -> APAGADO | ... AI109: ='RESUMEN TOTAL'!AV132 -> 0 | AJ109: ='RESUMEN TOTAL'!#REF! -> #REF!
A110: ='RESUMEN TOTAL'!F133 -> SAN RUDECINDO | B110: ='RESUMEN TOTAL'!G133 -> SRU03 | C110: ='RESUMEN TOTAL'!I133 -> SANTA SOFIA Y LUIS AGOTE | D110: ='RESUMEN TOTAL'!J133 -> DOMO | E110: ='RESUMEN TOTAL'!K133 -> GPON | F110: ='RESUMEN TOTAL'!S133 -> APAGADO | G110: ='RESUMEN TOTAL'!T133 -> 0 | H110: ='RESUMEN TOTAL'!U133 -> 0 | I110: ='RESUMEN TOTAL'!V133 -> 0 | J110: ='RESUMEN TOTAL'!W133 -> 0 | K110: ='RESUMEN TOTAL'!X133 -> APAGADO | L110: ='RESUMEN TOTAL'!Y133 -> APAGADO | M110: ='RESUMEN TOTAL'!Z133 -> APAGADO | ... AI110: ='RESUMEN TOTAL'!AV133 -> APAGADO | AJ110: ='RESUMEN TOTAL'!#REF! -> #REF!
A111: ='RESUMEN TOTAL'!F148 -> SANTA ROSA | B111: ='RESUMEN TOTAL'!G148 -> SRO10 | C111: ='RESUMEN TOTAL'!I148 -> DINAMARCA Y MILAN | D111: ='RESUMEN TOTAL'!J148 -> DOMO | E111: ='RESUMEN TOTAL'!K148 -> Radio | F111: ='RESUMEN TOTAL'!S148 -> APAGADO | G111: ='RESUMEN TOTAL'!T148 -> 0 | H111: ='RESUMEN TOTAL'!U148 -> 0 | I111: ='RESUMEN TOTAL'!V148 -> 0 | J111: ='RESUMEN TOTAL'!W148 -> 0 | K111: ='RESUMEN TOTAL'!X148 -> APAGADO | L111: ='RESUMEN TOTAL'!Y148 -> APAGADO | M111: ='RESUMEN TOTAL'!Z148 -> APAGADO | ... AI111: ='RESUMEN TOTAL'!AV148 -> APAGADO | AJ111: ='RESUMEN TOTAL'!#REF! -> #REF!
A112: ='RESUMEN TOTAL'!F149 -> SANTA ROSA | B112: ='RESUMEN TOTAL'!G149 -> SRO09 | C112: ='RESUMEN TOTAL'!I149 -> BUCAREST E/ ALEMANIA Y CAFFERATA | D112: ='RESUMEN TOTAL'!J149 -> DOMO | E112: ='RESUMEN TOTAL'!K149 -> Radio | F112: ='RESUMEN TOTAL'!S149 -> 0 | G112: ='RESUMEN TOTAL'!T149 -> 0 | H112: ='RESUMEN TOTAL'!U149 -> 0 | I112: ='RESUMEN TOTAL'!V149 -> 0 | J112: ='RESUMEN TOTAL'!W149 -> 0 | K112: ='RESUMEN TOTAL'!X149 -> 0 | L112: ='RESUMEN TOTAL'!Y149 -> 0 | M112: ='RESUMEN TOTAL'!Z149 -> 0 | ... AI112: ='RESUMEN TOTAL'!AV149 -> 0 | AJ112: ='RESUMEN TOTAL'!#REF! -> #REF!
A113: ='RESUMEN TOTAL'!F150 -> SANTA ROSA | B113: ='RESUMEN TOTAL'!G150 -> SRO07 | C113: ='RESUMEN TOTAL'!I150 -> NOVAK Y BELGICA | D113: ='RESUMEN TOTAL'!J150 -> Domo | E113: ='RESUMEN TOTAL'!K150 -> Fibra Optica | F113: ='RESUMEN TOTAL'!S150 -> 0 | G113: ='RESUMEN TOTAL'!T150 -> 0 | H113: ='RESUMEN TOTAL'!U150 -> 0 | I113: ='RESUMEN TOTAL'!V150 -> 0 | J113: ='RESUMEN TOTAL'!W150 -> 0 | K113: ='RESUMEN TOTAL'!X150 -> 0 | L113: ='RESUMEN TOTAL'!Y150 -> 0 | M113: ='RESUMEN TOTAL'!Z150 -> 0 | ... AI113: ='RESUMEN TOTAL'!AV150 -> 0 | AJ113: ='RESUMEN TOTAL'!#REF! -> #REF!
A114: ='RESUMEN TOTAL'!F151 -> SANTA ROSA | B114: ='RESUMEN TOTAL'!G151 -> SRO06 | C114: ='RESUMEN TOTAL'!I151 -> Novak y Bonn | D114: ='RESUMEN TOTAL'!J151 -> Domo | E114: ='RESUMEN TOTAL'!K151 -> Fibra Optica | F114: ='RESUMEN TOTAL'!S151 -> 0 | G114: ='RESUMEN TOTAL'!T151 -> 0 | H114: ='RESUMEN TOTAL'!U151 -> 0 | I114: ='RESUMEN TOTAL'!V151 -> 0 | J114: ='RESUMEN TOTAL'!W151 -> 0 | K114: ='RESUMEN TOTAL'!X151 -> 0 | L114: ='RESUMEN TOTAL'!Y151 -> 0 | M114: ='RESUMEN TOTAL'!Z151 -> 0 | ... AI114: ='RESUMEN TOTAL'!AV151 -> 0 | AJ114: ='RESUMEN TOTAL'!#REF! -> #REF!
A115: ='RESUMEN TOTAL'!F152 -> SANTA ROSA | B115: ='RESUMEN TOTAL'!G152 -> SRO05 | C115: ='RESUMEN TOTAL'!I152 -> CAFFERATA Y BONN | D115: ='RESUMEN TOTAL'!J152 -> DOMO | E115: ='RESUMEN TOTAL'!K152 -> Radio | F115: ='RESUMEN TOTAL'!S152 -> 0 | G115: ='RESUMEN TOTAL'!T152 -> 0 | H115: ='RESUMEN TOTAL'!U152 -> 0 | I115: ='RESUMEN TOTAL'!V152 -> 0 | J115: ='RESUMEN TOTAL'!W152 -> 0 | K115: ='RESUMEN TOTAL'!X152 -> 0 | L115: ='RESUMEN TOTAL'!Y152 -> 0 | M115: ='RESUMEN TOTAL'!Z152 -> 0 | ... AI115: ='RESUMEN TOTAL'!AV152 -> 0 | AJ115: ='RESUMEN TOTAL'!#REF! -> #REF!
A116: ='RESUMEN TOTAL'!F153 -> SANTA ROSA | B116: ='RESUMEN TOTAL'!G153 -> SRO03 | C116: ='RESUMEN TOTAL'!I153 -> Eva Peron y Paysandu | D116: ='RESUMEN TOTAL'!J153 -> Domo | E116: ='RESUMEN TOTAL'!K153 -> GPON | F116: ='RESUMEN TOTAL'!S153 -> 0 | G116: ='RESUMEN TOTAL'!T153 -> 0 | H116: ='RESUMEN TOTAL'!U153 -> 0 | I116: ='RESUMEN TOTAL'!V153 -> 0 | J116: ='RESUMEN TOTAL'!W153 -> 0 | K116: ='RESUMEN TOTAL'!X153 -> 0 | L116: ='RESUMEN TOTAL'!Y153 -> 0 | M116: ='RESUMEN TOTAL'!Z153 -> APAGADO | ... AI116: ='RESUMEN TOTAL'!AV153 -> 0 | AJ116: ='RESUMEN TOTAL'!#REF! -> #REF!
A117: ='RESUMEN TOTAL'!F154 -> ZONA RURAL SANTA ROSA | B117: ='RESUMEN TOTAL'!G154 -> SRO02 | C117: ='RESUMEN TOTAL'!I154 -> Bruselas y Calle 647 | D117: ='RESUMEN TOTAL'!J154 -> Domo | E117: ='RESUMEN TOTAL'!K154 -> PTO A FO | F117: ='RESUMEN TOTAL'!S154 -> APAGADO | G117: ='RESUMEN TOTAL'!T154 -> 0 | H117: ='RESUMEN TOTAL'!U154 -> 0 | I117: ='RESUMEN TOTAL'!V154 -> 0 | J117: ='RESUMEN TOTAL'!W154 -> 0 | K117: ='RESUMEN TOTAL'!X154 -> APAGADO | L117: ='RESUMEN TOTAL'!Y154 -> APAGADO | M117: ='RESUMEN TOTAL'!Z154 -> APAGADO | ... AI117: ='RESUMEN TOTAL'!AV154 -> 0 | AJ117: ='RESUMEN TOTAL'!#REF! -> #REF!
A118: ='RESUMEN TOTAL'!F155 -> SANTA ROSA | B118: ='RESUMEN TOTAL'!G155 -> SRO01 | C118: ='RESUMEN TOTAL'!I155 -> Yugoslavia y MilÃ¡n | D118: ='RESUMEN TOTAL'!J155 -> Domo | E118: ='RESUMEN TOTAL'!K155 -> PTO A FO | F118: ='RESUMEN TOTAL'!S155 -> APAGADO | G118: ='RESUMEN TOTAL'!T155 -> 0 | H118: ='RESUMEN TOTAL'!U155 -> 0 | I118: ='RESUMEN TOTAL'!V155 -> 0 | J118: ='RESUMEN TOTAL'!W155 -> 0 | K118: ='RESUMEN TOTAL'!X155 -> APAGADO | L118: ='RESUMEN TOTAL'!Y155 -> APAGADO | M118: ='RESUMEN TOTAL'!Z155 -> APAGADO | ... AI118: ='RESUMEN TOTAL'!AV155 -> 0 | AJ118: ='RESUMEN TOTAL'!#REF! -> #REF!
A119: ='RESUMEN TOTAL'!F157 -> SANTA ROSA | B119: ='RESUMEN TOTAL'!G157 -> SRO 18 (fija 1) | C119: ='RESUMEN TOTAL'!I157 -> GRAN CANARIA Y BUDAPEST | D119: ='RESUMEN TOTAL'!J157 -> Fija | E119: ='RESUMEN TOTAL'!K157 -> Fibra Optica | F119: ='RESUMEN TOTAL'!S157 -> 0 | G119: ='RESUMEN TOTAL'!T157 -> 0 | H119: ='RESUMEN TOTAL'!U157 -> 0 | I119: ='RESUMEN TOTAL'!V157 -> 0 | J119: ='RESUMEN TOTAL'!W157 -> 0 | K119: ='RESUMEN TOTAL'!X157 -> 0 | L119: ='RESUMEN TOTAL'!Y157 -> 0 | M119: ='RESUMEN TOTAL'!Z157 -> 0 | ... AI119: ='RESUMEN TOTAL'!AV157 -> 0 | AJ119: ='RESUMEN TOTAL'!#REF! -> #REF!
A120: ='RESUMEN TOTAL'!F158 -> ZONA RURAL SANTA ROSA | B120: ='RESUMEN TOTAL'!G158 -> SRO 14 (fija 2) | C120: ='RESUMEN TOTAL'!I158 -> BRUSELAS E/ GRECIA Y CHECOSLOVAQUIA | D120: ='RESUMEN TOTAL'!J158 -> Fija | E120: ='RESUMEN TOTAL'!K158 -> PTO A FO | F120: ='RESUMEN TOTAL'!S158 -> APAGADO | G120: ='RESUMEN TOTAL'!T158 -> 0 | H120: ='RESUMEN TOTAL'!U158 -> 0 | I120: ='RESUMEN TOTAL'!V158 -> 0 | J120: ='RESUMEN TOTAL'!W158 -> 0 | K120: ='RESUMEN TOTAL'!X158 -> APAGADO | L120: ='RESUMEN TOTAL'!Y158 -> APAGADO | M120: ='RESUMEN TOTAL'!Z158 -> APAGADO | ... AI120: ='RESUMEN TOTAL'!AV158 -> 0 | AJ120: ='RESUMEN TOTAL'!#REF! -> #REF!
A121: ='RESUMEN TOTAL'!F159 -> ZONA RURAL SANTA ROSA | B121: ='RESUMEN TOTAL'!G159 -> SRO 13 (fija 1) | C121: ='RESUMEN TOTAL'!I159 -> BRUSELAS E/ GRECIA Y CHECOSLOVAQUIA | D121: ='RESUMEN TOTAL'!J159 -> Fija | E121: ='RESUMEN TOTAL'!K159 -> PTO A FO | F121: ='RESUMEN TOTAL'!S159 -> APAGADO | G121: ='RESUMEN TOTAL'!T159 -> 0 | H121: ='RESUMEN TOTAL'!U159 -> 0 | I121: ='RESUMEN TOTAL'!V159 -> 0 | J121: ='RESUMEN TOTAL'!W159 -> 0 | K121: ='RESUMEN TOTAL'!X159 -> APAGADO | L121: ='RESUMEN TOTAL'!Y159 -> APAGADO | M121: ='RESUMEN TOTAL'!Z159 -> APAGADO | ... AI121: ='RESUMEN TOTAL'!AV159 -> 0 | AJ121: ='RESUMEN TOTAL'!#REF! -> #REF!
A122: ='RESUMEN TOTAL'!F160 -> SANTA ROSA | B122: ='RESUMEN TOTAL'!G160 -> SRO 11 | C122: ='RESUMEN TOTAL'!I160 -> MILAN Y MALLORCA | D122: ='RESUMEN TOTAL'!J160 -> DOMO | E122: ='RESUMEN TOTAL'!K160 -> Radio | F122: ='RESUMEN TOTAL'!S160 -> APAGADO | G122: ='RESUMEN TOTAL'!T160 -> 0 | H122: ='RESUMEN TOTAL'!U160 -> 0 | I122: ='RESUMEN TOTAL'!V160 -> 0 | J122: ='RESUMEN TOTAL'!W160 -> 0 | K122: ='RESUMEN TOTAL'!X160 -> APAGADO | L122: ='RESUMEN TOTAL'!Y160 -> APAGADO | M122: ='RESUMEN TOTAL'!Z160 -> APAGADO | ... AI122: ='RESUMEN TOTAL'!AV160 -> APAGADO | AJ122: ='RESUMEN TOTAL'!#REF! -> #REF!
A123: ='RESUMEN TOTAL'!F161 -> SANTA ROSA | B123: ='RESUMEN TOTAL'!G161 -> SRO 08 | C123: ='RESUMEN TOTAL'!I161 -> NOVAK E/ DESSY Y BELGICA (POLIDEPORTIVO LA PATRIADA) | D123: ='RESUMEN TOTAL'!J161 -> Domo | E123: ='RESUMEN TOTAL'!K161 -> Fibra Optica | F123: ='RESUMEN TOTAL'!S161 -> 0 | G123: ='RESUMEN TOTAL'!T161 -> 0 | H123: ='RESUMEN TOTAL'!U161 -> 0 | I123: ='RESUMEN TOTAL'!V161 -> 0 | J123: ='RESUMEN TOTAL'!W161 -> 0 | K123: ='RESUMEN TOTAL'!X161 -> 0 | L123: ='RESUMEN TOTAL'!Y161 -> 0 | M123: ='RESUMEN TOTAL'!Z161 -> 0 | ... AI123: ='RESUMEN TOTAL'!AV161 -> 0 | AJ123: ='RESUMEN TOTAL'!#REF! -> #REF!
A124: ='RESUMEN TOTAL'!F162 -> SANTA ROSA | B124: ='RESUMEN TOTAL'!G162 -> SRO 04 | C124: ='RESUMEN TOTAL'!I162 -> Belgica y Andorra | D124: ='RESUMEN TOTAL'!J162 -> Domo | E124: ='RESUMEN TOTAL'!K162 -> GPON | F124: ='RESUMEN TOTAL'!S162 -> APAGADO | G124: ='RESUMEN TOTAL'!T162 -> 0 | H124: ='RESUMEN TOTAL'!U162 -> 0 | I124: ='RESUMEN TOTAL'!V162 -> 0 | J124: ='RESUMEN TOTAL'!W162 -> 0 | K124: ='RESUMEN TOTAL'!X162 -> APAGADO | L124: ='RESUMEN TOTAL'!Y162 -> APAGADO | M124: ='RESUMEN TOTAL'!Z162 -> APAGADO | ... AI124: ='RESUMEN TOTAL'!AV162 -> APAGADO | AJ124: ='RESUMEN TOTAL'!#REF! -> #REF!
A125: ='RESUMEN TOTAL'!F163 -> SAN NICOLAS | B125: ='RESUMEN TOTAL'!G163 -> SNI02 (fija 2) | C125: ='RESUMEN TOTAL'!I163 -> SARRATEA E/ EEUU DE A. Y AGRELO | D125: ='RESUMEN TOTAL'!J163 -> Fija | E125: ='RESUMEN TOTAL'!K163 -> Fibra Optica | F125: ='RESUMEN TOTAL'!S163 -> 0 | G125: ='RESUMEN TOTAL'!T163 -> 0 | H125: ='RESUMEN TOTAL'!U163 -> 0 | I125: ='RESUMEN TOTAL'!V163 -> 0 | J125: ='RESUMEN TOTAL'!W163 -> 0 | K125: ='RESUMEN TOTAL'!X163 -> 0 | L125: ='RESUMEN TOTAL'!Y163 -> 0 | M125: ='RESUMEN TOTAL'!Z163 -> APAGADO | ... AI125: ='RESUMEN TOTAL'!AV163 -> 0 | AJ125: ='RESUMEN TOTAL'!#REF! -> #REF!
A126: ='RESUMEN TOTAL'!F169 -> SAN MARTIN | B126: ='RESUMEN TOTAL'!G169 -> SNA03 | C126: ='RESUMEN TOTAL'!I169 -> Combate de los Pozos y Cantu | D126: ='RESUMEN TOTAL'!J169 -> fija | E126: ='RESUMEN TOTAL'!K169 -> GPON | F126: ='RESUMEN TOTAL'!S169 -> 0 | G126: ='RESUMEN TOTAL'!T169 -> 0 | H126: ='RESUMEN TOTAL'!U169 -> 0 | I126: ='RESUMEN TOTAL'!V169 -> 0 | J126: ='RESUMEN TOTAL'!W169 -> 0 | K126: ='RESUMEN TOTAL'!X169 -> 0 | L126: ='RESUMEN TOTAL'!Y169 -> 0 | M126: ='RESUMEN TOTAL'!Z169 -> 0 | ... AI126: ='RESUMEN TOTAL'!AV169 -> 0 | AJ126: ='RESUMEN TOTAL'!#REF! -> #REF!
A127: ='RESUMEN TOTAL'!F170 -> SAN EMILIO | B127: ='RESUMEN TOTAL'!G170 -> SMAT01 | C127: ='RESUMEN TOTAL'!I170 -> AV BOSQUES Y CANTU | D127: ='RESUMEN TOTAL'!J170 -> DOMO | E127: ='RESUMEN TOTAL'!K170 -> GPON | F127: ='RESUMEN TOTAL'!S170 -> 0 | G127: ='RESUMEN TOTAL'!T170 -> 0 | H127: ='RESUMEN TOTAL'!U170 -> 0 | I127: ='RESUMEN TOTAL'!V170 -> 0 | J127: ='RESUMEN TOTAL'!W170 -> 0 | K127: ='RESUMEN TOTAL'!X170 -> 0 | L127: ='RESUMEN TOTAL'!Y170 -> 0 | M127: ='RESUMEN TOTAL'!Z170 -> APAGADO | ... AI127: ='RESUMEN TOTAL'!AV170 -> 0 | AJ127: ='RESUMEN TOTAL'!#REF! -> #REF!
A128: ='RESUMEN TOTAL'!F171 -> VILLA GENERAL SAN MARTIN | B128: ='RESUMEN TOTAL'!G171 -> SMA05 | C128: ='RESUMEN TOTAL'!I171 -> MONTEVIDEO Y VILLEGAS | D128: ='RESUMEN TOTAL'!J171 -> DOMO | E128: ='RESUMEN TOTAL'!K171 -> PTO A FO | F128: ='RESUMEN TOTAL'!S171 -> 0 | G128: ='RESUMEN TOTAL'!T171 -> 0 | H128: ='RESUMEN TOTAL'!U171 -> 0 | I128: ='RESUMEN TOTAL'!V171 -> 0 | J128: ='RESUMEN TOTAL'!W171 -> 0 | K128: ='RESUMEN TOTAL'!X171 -> 0 | L128: ='RESUMEN TOTAL'!Y171 -> 0 | M128: ='RESUMEN TOTAL'!Z171 -> 0 | ... AI128: ='RESUMEN TOTAL'!AV171 -> 0 | AJ128: ='RESUMEN TOTAL'!#REF! -> #REF!
A129: ='RESUMEN TOTAL'!F172 -> VILLA GENERAL SAN MARTIN | B129: ='RESUMEN TOTAL'!G172 -> SMA02 | C129: ='RESUMEN TOTAL'!I172 -> Hudson y San Nicolas | D129: ='RESUMEN TOTAL'!J172 -> Domo | E129: ='RESUMEN TOTAL'!K172 -> GPON | F129: ='RESUMEN TOTAL'!S172 -> APAGADO | G129: ='RESUMEN TOTAL'!T172 -> 0 | H129: ='RESUMEN TOTAL'!U172 -> 0 | I129: ='RESUMEN TOTAL'!V172 -> 0 | J129: ='RESUMEN TOTAL'!W172 -> 0 | K129: ='RESUMEN TOTAL'!X172 -> APAGADO | L129: ='RESUMEN TOTAL'!Y172 -> APAGADO | M129: ='RESUMEN TOTAL'!Z172 -> APAGADO | ... AI129: ='RESUMEN TOTAL'!AV172 -> APAGADO | AJ129: ='RESUMEN TOTAL'!#REF! -> #REF!
A130: ='RESUMEN TOTAL'!F175 -> SAN MARTIN | B130: ='RESUMEN TOTAL'!G175 -> SMA 08 | C130: ='RESUMEN TOTAL'!I175 -> 12 De Octubre y H. Lagos | D130: ='RESUMEN TOTAL'!J175 -> fija | E130: ='RESUMEN TOTAL'!K175 -> Fibra Optica | F130: ='RESUMEN TOTAL'!S175 -> 0 | G130: ='RESUMEN TOTAL'!T175 -> 0 | H130: ='RESUMEN TOTAL'!U175 -> 0 | I130: ='RESUMEN TOTAL'!V175 -> 0 | J130: ='RESUMEN TOTAL'!W175 -> 0 | K130: ='RESUMEN TOTAL'!X175 -> 0 | L130: ='RESUMEN TOTAL'!Y175 -> 0 | M130: ='RESUMEN TOTAL'!Z175 -> 0 | ... AI130: ='RESUMEN TOTAL'!AV175 -> 0 | AJ130: ='RESUMEN TOTAL'!#REF! -> #REF!
A131: ='RESUMEN TOTAL'!F176 -> VILLA GENERAL SAN MARTIN | B131: ='RESUMEN TOTAL'!G176 -> SMA 07 | C131: ='RESUMEN TOTAL'!I176 -> AV. HUDSON Y RIO TURBIO | D131: ='RESUMEN TOTAL'!J176 -> DOMO | E131: ='RESUMEN TOTAL'!K176 -> GPON | F131: ='RESUMEN TOTAL'!S176 -> 0 | G131: ='RESUMEN TOTAL'!T176 -> 0 | H131: ='RESUMEN TOTAL'!U176 -> 0 | I131: ='RESUMEN TOTAL'!V176 -> 0 | J131: ='RESUMEN TOTAL'!W176 -> 0 | K131: ='RESUMEN TOTAL'!X176 -> APAGADO | L131: ='RESUMEN TOTAL'!Y176 -> APAGADO | M131: ='RESUMEN TOTAL'!Z176 -> APAGADO | ... AI131: ='RESUMEN TOTAL'!AV176 -> APAGADO | AJ131: ='RESUMEN TOTAL'!#REF! -> #REF!
A132: ='RESUMEN TOTAL'!F177 -> VILLA GENERAL SAN MARTIN | B132: ='RESUMEN TOTAL'!G177 -> SMA 06 | C132: ='RESUMEN TOTAL'!I177 -> AV. HUDSON Y RIO IGUAZU | D132: ='RESUMEN TOTAL'!J177 -> DOMO | E132: ='RESUMEN TOTAL'!K177 -> Fibra Optica | F132: ='RESUMEN TOTAL'!S177 -> 0 | G132: ='RESUMEN TOTAL'!T177 -> 0 | H132: ='RESUMEN TOTAL'!U177 -> 0 | I132: ='RESUMEN TOTAL'!V177 -> 0 | J132: ='RESUMEN TOTAL'!W177 -> 0 | K132: ='RESUMEN TOTAL'!X177 -> 0 | L132: ='RESUMEN TOTAL'!Y177 -> 0 | M132: ='RESUMEN TOTAL'!Z177 -> 0 | ... AI132: ='RESUMEN TOTAL'!AV177 -> 0 | AJ132: ='RESUMEN TOTAL'!#REF! -> #REF!
A133: ='RESUMEN TOTAL'!F178 -> VILLA GENERAL SAN MARTIN | B133: ='RESUMEN TOTAL'!G178 -> SMA 04 | C133: ='RESUMEN TOTAL'!I178 -> HUDSON Y MONTEVIDEO | D133: ='RESUMEN TOTAL'!J178 -> FIJA | E133: ='RESUMEN TOTAL'!K178 -> GPON | F133: ='RESUMEN TOTAL'!S178 -> 0 | G133: ='RESUMEN TOTAL'!T178 -> 0 | H133: ='RESUMEN TOTAL'!U178 -> 0 | I133: ='RESUMEN TOTAL'!V178 -> 0 | J133: ='RESUMEN TOTAL'!W178 -> 0 | K133: ='RESUMEN TOTAL'!X178 -> 0 | L133: ='RESUMEN TOTAL'!Y178 -> 0 | M133: ='RESUMEN TOTAL'!Z178 -> 0 | ... AI133: ='RESUMEN TOTAL'!AV178 -> 0 | AJ133: ='RESUMEN TOTAL'!#REF! -> #REF!
A134: ='RESUMEN TOTAL'!F179 -> VILLA GENERAL SAN MARTIN | B134: ='RESUMEN TOTAL'!G179 -> SMA 03 | C134: ='RESUMEN TOTAL'!I179 -> ROSARIO Y SAN NICOLAS | D134: ='RESUMEN TOTAL'!J179 -> Domo | E134: ='RESUMEN TOTAL'!K179 -> Radio | F134: ='RESUMEN TOTAL'!S179 -> APAGADO | G134: ='RESUMEN TOTAL'!T179 -> 0 | H134: ='RESUMEN TOTAL'!U179 -> 0 | I134: ='RESUMEN TOTAL'!V179 -> 0 | J134: ='RESUMEN TOTAL'!W179 -> 0 | K134: ='RESUMEN TOTAL'!X179 -> APAGADO | L134: ='RESUMEN TOTAL'!Y179 -> APAGADO | M134: ='RESUMEN TOTAL'!Z179 -> APAGADO | ... AI134: ='RESUMEN TOTAL'!AV179 -> APAGADO | AJ134: ='RESUMEN TOTAL'!#REF! -> #REF!
A135: ='RESUMEN TOTAL'!F180 -> SAN JUAN | B135: ='RESUMEN TOTAL'!G180 -> SJU04 | C135: ='RESUMEN TOTAL'!I180 -> Ruta 36 y San Jose | D135: ='RESUMEN TOTAL'!J180 -> Domo | E135: ='RESUMEN TOTAL'!K180 -> GPON | F135: ='RESUMEN TOTAL'!S180 -> 0 | G135: ='RESUMEN TOTAL'!T180 -> 0 | H135: ='RESUMEN TOTAL'!U180 -> 0 | I135: ='RESUMEN TOTAL'!V180 -> 0 | J135: ='RESUMEN TOTAL'!W180 -> 0 | K135: ='RESUMEN TOTAL'!X180 -> 0 | L135: ='RESUMEN TOTAL'!Y180 -> 0 | M135: ='RESUMEN TOTAL'!Z180 -> 0 | ... AI135: ='RESUMEN TOTAL'!AV180 -> 0 | AJ135: ='RESUMEN TOTAL'!#REF! -> #REF!
A136: ='RESUMEN TOTAL'!F181 -> SAN JUAN | B136: ='RESUMEN TOTAL'!G181 -> SJU03 | C136: ='RESUMEN TOTAL'!I181 -> Ruta 36 y Av.Bosques | D136: ='RESUMEN TOTAL'!J181 -> Domo | E136: ='RESUMEN TOTAL'!K181 -> GPON | F136: ='RESUMEN TOTAL'!S181 -> 0 | G136: ='RESUMEN TOTAL'!T181 -> 0 | H136: ='RESUMEN TOTAL'!U181 -> 0 | I136: ='RESUMEN TOTAL'!V181 -> 0 | J136: ='RESUMEN TOTAL'!W181 -> 0 | K136: ='RESUMEN TOTAL'!X181 -> 0 | L136: ='RESUMEN TOTAL'!Y181 -> 0 | M136: ='RESUMEN TOTAL'!Z181 -> 0 | ... AI136: ='RESUMEN TOTAL'!AV181 -> 0 | AJ136: ='RESUMEN TOTAL'!#REF! -> #REF!
A137: ='RESUMEN TOTAL'!F182 -> SAN JUAN | B137: ='RESUMEN TOTAL'!G182 -> SJU02 | C137: ='RESUMEN TOTAL'!I182 -> Av Bosques y Touring Club | D137: ='RESUMEN TOTAL'!J182 -> Domo | E137: ='RESUMEN TOTAL'!K182 -> GPON | F137: ='RESUMEN TOTAL'!S182 -> 0 | G137: ='RESUMEN TOTAL'!T182 -> 0 | H137: ='RESUMEN TOTAL'!U182 -> 0 | I137: ='RESUMEN TOTAL'!V182 -> 0 | J137: ='RESUMEN TOTAL'!W182 -> 0 | K137: ='RESUMEN TOTAL'!X182 -> 0 | L137: ='RESUMEN TOTAL'!Y182 -> 0 | M137: ='RESUMEN TOTAL'!Z182 -> 0 | ... AI137: ='RESUMEN TOTAL'!AV182 -> 0 | AJ137: ='RESUMEN TOTAL'!#REF! -> #REF!
A138: ='RESUMEN TOTAL'!F183 -> SAN JUAN | B138: ='RESUMEN TOTAL'!G183 -> SJU01 | C138: ='RESUMEN TOTAL'!I183 -> Ruta 36 y Pte.Peron | D138: ='RESUMEN TOTAL'!J183 -> Domo | E138: ='RESUMEN TOTAL'!K183 -> GPON | F138: ='RESUMEN TOTAL'!S183 -> 0 | G138: ='RESUMEN TOTAL'!T183 -> 0 | H138: ='RESUMEN TOTAL'!U183 -> 0 | I138: ='RESUMEN TOTAL'!V183 -> 0 | J138: ='RESUMEN TOTAL'!W183 -> 0 | K138: ='RESUMEN TOTAL'!X183 -> 0 | L138: ='RESUMEN TOTAL'!Y183 -> 0 | M138: ='RESUMEN TOTAL'!Z183 -> 0 | ... AI138: ='RESUMEN TOTAL'!AV183 -> 0 | AJ138: ='RESUMEN TOTAL'!#REF! -> #REF!
A139: ='RESUMEN TOTAL'!F184 -> SAN JORGE | B139: ='RESUMEN TOTAL'!G184 -> SJO14 | C139: ='RESUMEN TOTAL'!I184 -> 556 y 527 | D139: ='RESUMEN TOTAL'!J184 -> Domo | E139: ='RESUMEN TOTAL'!K184 -> GPON | F139: ='RESUMEN TOTAL'!S184 -> 0 | G139: ='RESUMEN TOTAL'!T184 -> 0 | H139: ='RESUMEN TOTAL'!U184 -> 0 | I139: ='RESUMEN TOTAL'!V184 -> 0 | J139: ='RESUMEN TOTAL'!W184 -> 0 | K139: ='RESUMEN TOTAL'!X184 -> 0 | L139: ='RESUMEN TOTAL'!Y184 -> 0 | M139: ='RESUMEN TOTAL'!Z184 -> 0 | ... AI139: ='RESUMEN TOTAL'!AV184 -> 0 | AJ139: ='RESUMEN TOTAL'!#REF! -> #REF!
A140: ='RESUMEN TOTAL'!F185 -> SAN JORGE | B140: ='RESUMEN TOTAL'!G185 -> SJO13 | C140: ='RESUMEN TOTAL'!I185 -> 554 Y 525 | D140: ='RESUMEN TOTAL'!J185 -> Fija | E140: ='RESUMEN TOTAL'!K185 -> GPON | F140: ='RESUMEN TOTAL'!S185 -> 0 | G140: ='RESUMEN TOTAL'!T185 -> 0 | H140: ='RESUMEN TOTAL'!U185 -> 0 | I140: ='RESUMEN TOTAL'!V185 -> 0 | J140: ='RESUMEN TOTAL'!W185 -> 0 | K140: ='RESUMEN TOTAL'!X185 -> 0 | L140: ='RESUMEN TOTAL'!Y185 -> 0 | M140: ='RESUMEN TOTAL'!Z185 -> 0 | ... AI140: ='RESUMEN TOTAL'!AV185 -> 0 | AJ140: ='RESUMEN TOTAL'!#REF! -> #REF!
A141: ='RESUMEN TOTAL'!F186 -> SAN JORGE | B141: ='RESUMEN TOTAL'!G186 -> SJO12 (fija 1) | C141: ='RESUMEN TOTAL'!I186 -> 554 Y 531 | D141: ='RESUMEN TOTAL'!J186 -> Fija | E141: ='RESUMEN TOTAL'!K186 -> GPON | F141: ='RESUMEN TOTAL'!S186 -> 0 | G141: ='RESUMEN TOTAL'!T186 -> 0 | H141: ='RESUMEN TOTAL'!U186 -> 0 | I141: ='RESUMEN TOTAL'!V186 -> 0 | J141: ='RESUMEN TOTAL'!W186 -> 0 | K141: ='RESUMEN TOTAL'!X186 -> 0 | L141: ='RESUMEN TOTAL'!Y186 -> 0 | M141: ='RESUMEN TOTAL'!Z186 -> 0 | ... AI141: ='RESUMEN TOTAL'!AV186 -> 0 | AJ141: ='RESUMEN TOTAL'!#REF! -> #REF!
... A145: ='RESUMEN TOTAL'!F190 -> SAN JORGE | B145: ='RESUMEN TOTAL'!G190 -> SJO06 (fija 2) | C145: ='RESUMEN TOTAL'!I190 -> 511 Y 560 | D145: ='RESUMEN TOTAL'!J190 -> Fija | E145: ='RESUMEN TOTAL'!K190 -> Fibra Optica | F145: ='RESUMEN TOTAL'!S190 -> APAGADO | G145: ='RESUMEN TOTAL'!T190 -> 0 | H145: ='RESUMEN TOTAL'!U190 -> 0 | I145: ='RESUMEN TOTAL'!V190 -> 0 | J145: ='RESUMEN TOTAL'!W190 -> 0 | K145: ='RESUMEN TOTAL'!X190 -> APAGADO | L145: ='RESUMEN TOTAL'!Y190 -> APAGADO | M145: ='RESUMEN TOTAL'!Z190 -> APAGADO | ... AI145: ='RESUMEN TOTAL'!AV190 -> APAGADO | AJ145: ='RESUMEN TOTAL'!#REF! -> #REF!
A146: ='RESUMEN TOTAL'!F197 -> SAN JORGE | B146: ='RESUMEN TOTAL'!G197 -> SJO 03 | C146: ='RESUMEN TOTAL'!I197 -> 517 Y 580 | D146: ='RESUMEN TOTAL'!J197 -> DOMO | E146: ='RESUMEN TOTAL'!K197 -> Radio | F146: ='RESUMEN TOTAL'!S197 -> APAGADO | G146: ='RESUMEN TOTAL'!T197 -> 0 | H146: ='RESUMEN TOTAL'!U197 -> 0 | I146: ='RESUMEN TOTAL'!V197 -> 0 | J146: ='RESUMEN TOTAL'!W197 -> 0 | K146: ='RESUMEN TOTAL'!X197 -> APAGADO | L146: ='RESUMEN TOTAL'!Y197 -> APAGADO | M146: ='RESUMEN TOTAL'!Z197 -> APAGADO | ... AI146: ='RESUMEN TOTAL'!AV197 -> APAGADO | AJ146: ='RESUMEN TOTAL'!#REF! -> #REF!
A147: ='RESUMEN TOTAL'!F198 -> LA SIRENA | B147: ='RESUMEN TOTAL'!G198 -> SIR12 (fija 2) | C147: ='RESUMEN TOTAL'!I198 -> LARREA Y GUARDIA NACIONAL | D147: ='RESUMEN TOTAL'!J198 -> Fija | E147: ='RESUMEN TOTAL'!K198 -> Fibra Optica | F147: ='RESUMEN TOTAL'!S198 -> APAGADO | G147: ='RESUMEN TOTAL'!T198 -> 0 | H147: ='RESUMEN TOTAL'!U198 -> 0 | I147: ='RESUMEN TOTAL'!V198 -> 0 | J147: ='RESUMEN TOTAL'!W198 -> 0 | K147: ='RESUMEN TOTAL'!X198 -> APAGADO | L147: ='RESUMEN TOTAL'!Y198 -> APAGADO | M147: ='RESUMEN TOTAL'!Z198 -> APAGADO | ... AI147: ='RESUMEN TOTAL'!AV198 -> 0 | AJ147: ='RESUMEN TOTAL'!#REF! -> #REF!
A148: ='RESUMEN TOTAL'!F199 -> LA SIRENA | B148: ='RESUMEN TOTAL'!G199 -> SIR11 (fija 1) | C148: ='RESUMEN TOTAL'!I199 -> LARREA Y GUARDIA NACIONAL | D148: ='RESUMEN TOTAL'!J199 -> Fija | E148: ='RESUMEN TOTAL'!K199 -> Fibra Optica | F148: ='RESUMEN TOTAL'!S199 -> APAGADO | G148: ='RESUMEN TOTAL'!T199 -> 0 | H148: ='RESUMEN TOTAL'!U199 -> 0 | I148: ='RESUMEN TOTAL'!V199 -> 0 | J148: ='RESUMEN TOTAL'!W199 -> 0 | K148: ='RESUMEN TOTAL'!X199 -> APAGADO | L148: ='RESUMEN TOTAL'!Y199 -> APAGADO | M148: ='RESUMEN TOTAL'!Z199 -> APAGADO | ... AI148: ='RESUMEN TOTAL'!AV199 -> 0 | AJ148: ='RESUMEN TOTAL'!#REF! -> #REF!
A149: ='RESUMEN TOTAL'!F200 -> LA SIRENA | B149: ='RESUMEN TOTAL'!G200 -> SIR10 (fija 2) | C149: ='RESUMEN TOTAL'!I200 -> GUIDO SPANO Y MORAN | D149: ='RESUMEN TOTAL'!J200 -> Fija | E149: ='RESUMEN TOTAL'!K200 -> Fibra Optica | F149: ='RESUMEN TOTAL'!S200 -> APAGADO | G149: ='RESUMEN TOTAL'!T200 -> 0 | H149: ='RESUMEN TOTAL'!U200 -> 0 | I149: ='RESUMEN TOTAL'!V200 -> 0 | J149: ='RESUMEN TOTAL'!W200 -> 0 | K149: ='RESUMEN TOTAL'!X200 -> APAGADO | L149: ='RESUMEN TOTAL'!Y200 -> APAGADO | M149: ='RESUMEN TOTAL'!Z200 -> APAGADO | ... AI149: ='RESUMEN TOTAL'!AV200 -> 0 | AJ149: ='RESUMEN TOTAL'!#REF! -> #REF!
...

Sheet Hoja1
B1: CAMARAS | C1: 45992
A2: BONOMO | B2: =COUNTIFS('RESUMEN TOTAL'!H8:H627,"=BONOMO") -> 308 | C2: 0 | F2: 46113 | G2: 46114 | H2: 46115 | I2: 46116 | J2: 46117 | K2: 46118 | L2: 46119 | M2: 46120 | N2: 46121 | O2: 46122 | P2: 46123 | Q2: 46124 | R2: 46125 | S2: 46126 | T2: 46127 | U2: 46128 | V2: 46129 | W2: 46130 | X2: 46131 | Y2: 46132 | Z2: 46133 | AA2: 46134 | AB2: 46135 | AC2: 46136 | AD2: 46137 | AE2: 46138 | AF2: 46139 | AG2: 46140 | AH2: 46141 | AI2: 46142 | AJ2: 46143
C3: 0 | D3: BONOMO | E3: APAGADAS BONOMO | F3: 0 | G3: 27 | H3: 31 | I3: 29 | J3: 29 | K3: =COUNTIFS('RESUMEN TOTAL'!X8:X704,"=APAGADO",'RESUMEN TOTAL'!H8:H704,"=BONOMO") -> 42 | L3: =COUNTIFS('RESUMEN TOTAL'!Y8:Y704,"=APAGADO",'RESUMEN TOTAL'!I8:I704,"=BONOMO") -> 0 | M3: 0 | N3: =COUNTIFS('RESUMEN TOTAL'!AA8:AA704,"=APAGADO",'RESUMEN TOTAL'!H8:H704,"=BONOMO") -> 0 | O3: =COUNTIFS('RESUMEN TOTAL'!AB8:AB704,"=APAGADO",'RESUMEN TOTAL'!H8:H704,"=BONOMO") -> 0 | P3: =COUNTIFS('RESUMEN TOTAL'!AC8:AC704,"=APAGADO",'RESUMEN TOTAL'!H8:H704,"=BONOMO") -> 0 | Q3: =COUNTIFS('RESUMEN TOTAL'!AD8:AD704,"=APAGADO",'RESUMEN TOTAL'!H8:H704,"=BONOMO") -> 0 | R3: =COUNTIFS('RESUMEN TOTAL'!AE8:AE704,"=APAGADO",'RESUMEN TOTAL'!H8:H704,"=BONOMO") -> 59 | S3: =COUNTIFS('RESUMEN TOTAL'!AF8:AF704,"=APAGADO",'RESUMEN TOTAL'!H8:H704,"=BONOMO") -> 84 | T3: =COUNTIFS('RESUMEN TOTAL'!AG8:AG704,"=APAGADO",'RESUMEN TOTAL'!H8:H704,"=BONOMO") -> 73 | U3: =COUNTIFS('RESUMEN TOTAL'!AH8:AH704,"=APAGADO",'RESUMEN TOTAL'!H8:H704,"=BONOMO") -> 59 | V3: =COUNTIFS('RESUMEN TOTAL'!AI8:AI704,"=APAGADO",'RESUMEN TOTAL'!H8:H704,"=BONOMO") -> 60 | W3: =COUNTIFS('RESUMEN TOTAL'!AJ8:AJ704,"=APAGADO",'RESUMEN TOTAL'!H8:H704,"=BONOMO") -> 0 | X3: =COUNTIFS('RESUMEN TOTAL'!AK8:AK704,"=APAGADO",'RESUMEN TOTAL'!H8:H704,"=BONOMO") -> 0 | Y3: =COUNTIFS('RESUMEN TOTAL'!AL8:AL704,"=APAGADO",'RESUMEN TOTAL'!H8:H704,"=BONOMO") -> 66 | Z3: =COUNTIFS('RESUMEN TOTAL'!AM8:AM704,"=APAGADO",'RESUMEN TOTAL'!H8:H704,"=BONOMO") -> 58 | AA3: =COUNTIFS('RESUMEN TOTAL'!AN8:AN704,"=APAGADO",'RESUMEN TOTAL'!H8:H704,"=BONOMO") -> 58 | AB3: =COUNTIFS('RESUMEN TOTAL'!AO8:AO704,"=APAGADO",'RESUMEN TOTAL'!H8:H704,"=BONOMO") -> 66 | AC3: =COUNTIFS('RESUMEN TOTAL'!AP8:AP704,"=APAGADO",'RESUMEN TOTAL'!H8:H704,"=BONOMO") -> 60 | AD3: =COUNTIFS('RESUMEN TOTAL'!AQ8:AQ704,"=APAGADO",'RESUMEN TOTAL'!H8:H704,"=BONOMO") -> 0 | AE3: 29 | AF3: =COUNTIFS('RESUMEN TOTAL'!AS8:AS704,"=APAGADO",'RESUMEN TOTAL'!H8:H704,"=BONOMO") -> 48 | AG3: =COUNTIFS('RESUMEN TOTAL'!AT8:AT704,"=APAGADO",'RESUMEN TOTAL'!H8:H704,"=BONOMO") -> 53 | AH3: =COUNTIFS('RESUMEN TOTAL'!AU8:AU704,"=APAGADO",'RESUMEN TOTAL'!I8:I704,"=BONOMO") -> 0 | AI3: 48 | AJ3: =COUNTIFS('RESUMEN TOTAL'!#REF!,"=APAGADO",'RESUMEN TOTAL'!K8:K704,"=BONOMO") -> #REF!
A4: COSEIDI | B4: =COUNTIFS('RESUMEN TOTAL'!H8:H627,"=COSEIDI") -> 281 | C4: 0 | E4: % BONOMO | F4: 0 | G4: =G3/BONOMOcam -> 0.087662338 | H4: =H3/BONOMOcam -> 0.10064935 | I4: 0 | J4: 0.09 | K4: =K3/BONOMOcam -> 0.13636364 | L4: =L3/BONOMOcam -> 0 | M4: 0 | N4: =N3/BONOMOcam -> 0 | O4: =O3/BONOMOcam -> 0 | P4: =P3/BONOMOcam -> 0 | Q4: =Q3/BONOMOcam -> 0 | R4: =R3/BONOMOcam -> 0.19155844 | S4: =S3/BONOMOcam -> 0.27272727 | T4: =T3/BONOMOcam -> 0.23701299 | U4: =U3/BONOMOcam -> 0.19155844 | V4: =V3/BONOMOcam -> 0.19480519 | W4: 0 | X4: =X3/BONOMOcam -> 0 | Y4: =Y3/BONOMOcam -> 0.21428571 | Z4: =Z3/BONOMOcam -> 0.18831169 | AA4: =AA3/BONOMOcam -> 0.18831169 | AB4: =AB3/BONOMOcam -> 0.21428571 | AC4: 0 | AD4: =AD3/BONOMOcam -> 0 | AE4: =AE3/BONOMOcam -> 0.094155844 | AF4: =AF3/BONOMOcam -> 0.15584416 | AG4: =AG3/BONOMOcam -> 0.17207792 | AH4: =AH3/BONOMOcam -> 0 | AI4: =AI3/BONOMOcam -> 0.15584416 | AJ4: =AJ3/BONOMOcam -> #REF!
C5: 0 | D5: COSEIDI | E5: APAGADAS COSEIDI | F5: 0 | G5: 41 | H5: 52 | I5: 56 | J5: =COUNTIFS('RESUMEN TOTAL'!W10:W706,"=APAGADO",'RESUMEN TOTAL'!H10:H706,"=COSEIDI") -> 0 | K5: =COUNTIFS('RESUMEN TOTAL'!X10:X706,"=APAGADO",'RESUMEN TOTAL'!H10:H706,"=COSEIDI") -> 65 | L5: =COUNTIFS('RESUMEN TOTAL'!Y10:Y706,"=APAGADO",'RESUMEN TOTAL'!H10:H706,"=COSEIDI") -> 52 | M5: 0 | N5: =COUNTIFS('RESUMEN TOTAL'!AA10:AA706,"=APAGADO",'RESUMEN TOTAL'!H10:H706,"=COSEIDI") -> 0 | O5: =COUNTIFS('RESUMEN TOTAL'!AB10:AB706,"=APAGADO",'RESUMEN TOTAL'!H10:H706,"=COSEIDI") -> 0 | P5: =COUNTIFS('RESUMEN TOTAL'!AC10:AC706,"=APAGADO",'RESUMEN TOTAL'!H10:H706,"=COSEIDI") -> 0 | Q5: =COUNTIFS('RESUMEN TOTAL'!AD10:AD706,"=APAGADO",'RESUMEN TOTAL'!H10:H706,"=COSEIDI") -> 0 | R5: =COUNTIFS('RESUMEN TOTAL'!AE10:AE706,"=APAGADO",'RESUMEN TOTAL'!H10:H706,"=COSEIDI") -> 47 | S5: =COUNTIFS('RESUMEN TOTAL'!AF10:AF706,"=APAGADO",'RESUMEN TOTAL'!H10:H706,"=COSEIDI") -> 47 | T5: 0 | U5: =COUNTIFS('RESUMEN TOTAL'!AE10:AE706,"=APAGADO",'RESUMEN TOTAL'!H10:H706,"=COSEIDI") -> 47 | V5: =COUNTIFS('RESUMEN TOTAL'!AI10:AI706,"=APAGADO",'RESUMEN TOTAL'!H10:H706,"=COSEIDI") -> 65 | W5: =COUNTIFS('RESUMEN TOTAL'!AJ10:AJ706,"=APAGADO",'RESUMEN TOTAL'!H10:H706,"=COSEIDI") -> 0 | X5: =COUNTIFS('RESUMEN TOTAL'!AK10:AK706,"=APAGADO",'RESUMEN TOTAL'!H10:H706,"=COSEIDI") -> 0 | Y5: =COUNTIFS('RESUMEN TOTAL'!AL10:AL706,"=APAGADO",'RESUMEN TOTAL'!H10:H706,"=COSEIDI") -> 46 | Z5: =COUNTIFS('RESUMEN TOTAL'!AM10:AM706,"=APAGADO",'RESUMEN TOTAL'!H10:H706,"=COSEIDI") -> 41 | AA5: =COUNTIFS('RESUMEN TOTAL'!AN10:AN706,"=APAGADO",'RESUMEN TOTAL'!H10:H706,"=COSEIDI") -> 40 | AB5: =COUNTIFS('RESUMEN TOTAL'!AO10:AO706,"=APAGADO",'RESUMEN TOTAL'!H10:H706,"=COSEIDI") -> 68 | AC5: =COUNTIFS('RESUMEN TOTAL'!AP10:AP706,"=APAGADO",'RESUMEN TOTAL'!H10:H706,"=COSEIDI") -> 64 | AD5: =COUNTIFS('RESUMEN TOTAL'!AQ10:AQ706,"=APAGADO",'RESUMEN TOTAL'!H10:H706,"=COSEIDI") -> 0 | AE5: =COUNTIFS('RESUMEN TOTAL'!AR10:AR706,"=APAGADO",'RESUMEN TOTAL'!H10:H706,"=COSEIDI") -> 0 | AF5: =COUNTIFS('RESUMEN TOTAL'!AS10:AS706,"=APAGADO",'RESUMEN TOTAL'!H10:H706,"=COSEIDI") -> 74 | AG5: 0 | AH5: 0 | AI5: 66 | AJ5: 0
E6: % COSEIDI | F6: 0 | G6: =G5/COSEIDIcam -> 0.14590747 | H6: 0.18 | I6: 0 | J6: 0.14 | K6: =K5/COSEIDIcam -> 0.23131673 | L6: =L5/COSEIDIcam -> 0.18505338 | M6: 0 | N6: =N5/COSEIDIcam -> 0 | O6: =O5/COSEIDIcam -> 0 | P6: 0 | Q6: =Q5/COSEIDIcam -> 0 | R6: =R5/COSEIDIcam -> 0.16725979 | S6: =S5/COSEIDIcam -> 0.16725979 | T6: 0 | U6: 0 | V6: 0 | W6: =W5/COSEIDIcam -> 0 | X6: =X5/COSEIDIcam -> 0 | Y6: =Y5/COSEIDIcam -> 0.16370107 | Z6: =Z5/COSEIDIcam -> 0.14590747 | AA6: =AA5/COSEIDIcam -> 0.14234875 | AB6: =AB5/COSEIDIcam -> 0.24199288 | AC6: 0 | AD6: =AD5/COSEIDIcam -> 0 | AE6: =AE5/COSEIDIcam -> 0 | AF6: =AF5/COSEIDIcam -> 0.2633452 | AG6: 0 | AH6: 0 | AI6: 0 | AJ6: 0

Sheet informe
C1: CANTIDAD | D1: APAGADAS | E1: %
B2: TOTAL | C2: =CANTIDAD_DE_CAMARAS -> 589 | F2: 46113
A3: L | B3: CAIDAS | C3: ='RESUMEN TOTAL'!S3 -> 107 | E3: =C3/C2 -> 0.18166384
B4: LLEGAMOS NOSOTROS | C4: 17 | D4: =C3-C4 -> 90 | E4: =D4/C2 -> 0.15280136
B5: NO ESTA LA CAMARA | C5: 11 | D5: =D4-C5 -> 79 | E5: =D5/C2 -> 0.13412564
A6: L | B6: RADIO | C6: 16 | D6: =D5-C6 -> 63 | E6: =D6/C2 -> 0.10696095
C7: 0 | D7: 0 | E7: =D7/C2 -> 0
C8: CANTIDAD | D8: APAGADAS | E8: %
A9: F | B9: BONOMO | C9: 307 | D9: 39 | E9: =D9/C9 -> 0.12703583
A10: F | B10: COSEIDI | C10: =COSEIDIcam -> 281 | D10: 68 | E10: =D10/C10 -> 0.24199288
C12: CANTIDAD | D12: APAGADAS | E12: %
B13: TOTAL | C13: =CANTIDAD_DE_CAMARAS -> 589 | F13: 46114
A14: M | B14: CAIDAS | C14: 87 | E14: =C14/C13 -> 0.14770798
B15: LLEGAMOS NOSOTROS | C15: 3 | D15: 84 | E15: =D15/C13 -> 0.1426146
B16: NO ESTA LA CAMARA | C16: 7 | D16: 77 | E16: =D16/C13 -> 0.13073005
A17: M | B17: RADIO | C17: 5 | D17: 72 | E17: =D17/C13 -> 0.12224109
D18: 0 | E18: =D18/C13 -> 0
C19: CANTIDAD | D19: APAGADAS | E19: %
A20: G | B20: BONOMO | C20: 307 | D20: 32 | E20: =D20/C20 -> 0.10423453
A21: G | B21: COSEIDI | C21: =COSEIDIcam -> 281 | D21: 55 | E21: =D21/C21 -> 0.19572954
C23: CANTIDAD | D23: APAGADAS | E23: %
B24: TOTAL | C24: =CANTIDAD_DE_CAMARAS -> 589
A25: N | B25: CAIDAS | C25: ='RESUMEN TOTAL'!U3 -> 0 | E25: =C25/C24 -> 0
B26: LLEGAMOS NOSOTROS | C26: 6 | D26: =C25-C26 -> -6 | E26: =D26/C24 -> -0.010186757
B27: NO ESTA LA CAMARA | C27: 7 | D27: =D26-C27 -> -13 | E27: =D27/C24 -> -0.022071307
A28: N | B28: RADIO | C28: ='RESUMEN TOTAL'!U5 -> 0 | D28: =D27-C28 -> -13 | E28: =D28/C24 -> -0.022071307
C29: 0 | D29: 0 | E29: =D29/C24 -> 0
C30: CANTIDAD | D30: APAGADAS | E30: %
B31: BONOMO | C31: 307 | D31: 31 | E31: =D31/C31 -> 0.1009772
B32: COSEIDI | C32: =COSEIDIcam -> 281 | D32: 52 | E32: =D32/C32 -> 0.18505338
C34: CANTIDAD | D34: APAGADAS | E34: %
B35: TOTAL | C35: =CANTIDAD_DE_CAMARAS -> 589
A36: O | B36: CAIDAS | C36: ='RESUMEN TOTAL'!V3 -> 0 | E36: =C36/C35 -> 0
B37: LLEGAMOS NOSOTROS | C37: 7 | D37: =C36-C37 -> -7 | E37: =D37/C35 -> -0.01188455
B38: NO ESTA LA CAMARA | C38: 7 | D38: =D37-C38 -> -14 | E38: =D38/C35 -> -0.0237691
A39: O | B39: RADIO | C39: 6 | D39: =D38-C39 -> -20 | E39: =D39/C35 -> -0.033955857
C40: 0 | D40: 0 | E40: =D40/C35 -> 0
C41: CANTIDAD | D41: APAGADAS | E41: %
B42: BONOMO | C42: 307 | D42: =Hoja1!I3 -> 29 | E42: =D42/C42 -> 0.094462541
B43: COSEIDI | C43: =COSEIDIcam -> 281 | D43: =Hoja1!I5 -> 56 | E43: =D43/C43 -> 0.19928826
C45: CANTIDAD | D45: APAGADAS | E45: %
B46: TOTAL | C46: =CANTIDAD_DE_CAMARAS -> 589
A47: P | B47: CAIDAS | C47: ='RESUMEN TOTAL'!W3 -> 0 | E47: =C47/C46 -> 0
B48: LLEGAMOS NOSOTROS | C48: 4 | D48: =C47-C48 -> -4 | E48: =D48/C46 -> -0.0067911715
B49: NO ESTA LA CAMARA | C49: 8 | D49: =D48-C49 -> -12 | E49: =D49/C46 -> -0.020373514
A50: P | B50: RADIO | C50: ='RESUMEN TOTAL'!W5 -> 0 | D50: =D49-C50 -> -12 | E50: =D50/C46 -> -0.020373514
D51: 0 | E51: =D51/C46 -> 0
C52: CANTIDAD | D52: APAGADAS | E52: %
B53: BONOMO | C53: 307 | D53: =Hoja1!J3 -> 29 | E53: =D53/C53 -> 0.094462541
B54: COSEIDI | C54: =COSEIDIcam -> 281 | D54: =Hoja1!J5 -> 0 | E54: =D54/C54 -> 0
C56: CANTIDAD | D56: APAGADAS | E56: %
B57: TOTAL | C57: =CANTIDAD_DE_CAMARAS -> 589 | F57: 46118
A58: Q | B58: CAIDAS | C58: ='RESUMEN TOTAL'!X3 -> 107 | E58: =C58/C57 -> 0.18166384
B59: LLEGAMOS NOSOTROS | C59: 4 | D59: =C58-C59 -> 103 | E59: =D59/C57 -> 0.17487267
B60: NO ESTA LA CAMARA | C60: 11 | D60: =D59-C60 -> 92 | E60: =D60/C57 -> 0.15619694
A61: Q | B61: RADIO | C61: 6 | D61: =D60-C61 -> 86 | E61: =D61/C57 -> 0.14601019
E62: =D62/C57 -> 0
C63: CANTIDAD | D63: APAGADAS | E63: %
B64: BONOMO | C64: 307 | D64: =Hoja1!K3 -> 42 | E64: =D64/C64 -> 0.13680782
B65: COSEIDI | C65: =COSEIDIcam -> 281 | D65: =Hoja1!K5 -> 65 | E65: =D65/C65 -> 0.23131673
C67: CANTIDAD | D67: APAGADAS | E67: %
B68: TOTAL | C68: =CANTIDAD_DE_CAMARAS -> 589 | F68: 46119
A69: R | B69: CAIDAS | C69: ='RESUMEN TOTAL'!Y3 -> 101 | E69: =C69/C68 -> 0.17147708
B70: LLEGAMOS NOSOTROS | C70: 3 | D70: =C69-C70 -> 98 | E70: =D70/C68 -> 0.1663837
B71: NO ESTA LA CAMARA | C71: 11 | D71: =D70-C71 -> 87 | E71: =D71/C68 -> 0.14770798
A72: R | B72: RADIO | C72: ='RESUMEN TOTAL'!Y5 -> 6 | D72: =D71-C72 -> 81 | E72: =D72/C68 -> 0.13752122
C73: 0 | D73: 0 | E73: =D73/C68 -> 0
C74: CANTIDAD | D74: APAGADAS | E74: %
B75: BONOMO | C75: 307 | D75: 49 | E75: =D75/C75 -> 0.15960912
B76: COSEIDI | C76: =COSEIDIcam -> 281 | D76: =Hoja1!L5 -> 52 | E76: =D76/C76 -> 0.18505338
C78: CANTIDAD | D78: APAGADAS | E78: %
B79: TOTAL | C79: =CANTIDAD_DE_CAMARAS -> 589 | F79: 46120
A80: S | B80: CAIDAS | C80: ='RESUMEN TOTAL'!Z3 -> 104 | E80: =C80/C79 -> 0.17657046
B81: LLEGAMOS NOSOTROS | C81: 7 | D81: =C80-C81 -> 97 | E81: =D81/C79 -> 0.16468591
B82: NO ESTA LA CAMARA | C82: 10 | D82: =D81-C82 -> 87 | E82: =D82/C79 -> 0.14770798
A83: S | B83: RADIO | C83: 5 | D83: =D82-C83 -> 82 | E83: =D83/C79 -> 0.13921902
D84: 0 | E84: =D84/C79 -> 0
C85: CANTIDAD | D85: APAGADAS | E85: %
B86: BONOMO | C86: 307 | D86: 53 | E86: =D86/C86 -> 0.17263844
B87: COSEIDI | C87: =COSEIDIcam -> 281 | D87: 51 | E87: =D87/C87 -> 0.18149466
C89: CANTIDAD | D89: APAGADAS | E89: %
B90: TOTAL | C90: =CANTIDAD_DE_CAMARAS -> 589 | F90: 46090
A91: T | B91: CAIDAS | C91: ='RESUMEN TOTAL'!AA3 -> 0 | E91: =C91/C90 -> 0
B92: LLEGAMOS NOSOTROS | C92: 5 | D92: =C91-C92 -> -5 | E92: =D92/C90 -> -0.0084889643
B93: NO ESTA LA CAMARA | C93: 6 | D93: =D92-C93 -> -11 | E93: =D93/C90 -> -0.018675722
A94: T | B94: RADIO | C94: 5 | D94: =D93-C94 -> -16 | E94: =D94/C90 -> -0.027164686
E95: =D95/C90 -> 0
C96: CANTIDAD | D96: APAGADAS | E96: %
B97: BONOMO | C97: 307 | D97: =Hoja1!N3 -> 0 | E97: =D97/C97 -> 0
B98: COSEIDI | C98: =COSEIDIcam -> 281 | D98: =Hoja1!N5 -> 0 | E98: =D98/C98 -> 0
C100: CANTIDAD | D100: APAGADAS | E100: %
B101: TOTAL | C101: =CANTIDAD_DE_CAMARAS -> 589 | F101: 46122
A102: U | B102: CAIDAS | C102: 141 | E102: =C102/C101 -> 0.23938879
B103: LLEGAMOS NOSOTROS | C103: 0 | D103: =C102-C103 -> 141 | E103: =D103/C101 -> 0.23938879
B104: NO ESTA LA CAMARA | C104: 11 | D104: =D103-C104 -> 130 | E104: =D104/C101 -> 0.22071307
A105: U | B105: RADIO | C105: 29 | D105: =D104-C105 -> 101 | E105: =D105/C101 -> 0.17147708
C106: 0 | D106: 0 | E106: =D106/C101 -> 0
C107: CANTIDAD | D107: APAGADAS | E107: %
B108: BONOMO | C108: 307 | D108: 69 | E108: =D108/C108 -> 0.2247557
B109: COSEIDI | C109: =COSEIDIcam -> 281 | D109: 72 | E109: =D109/C109 -> 0.25622776
...
